time since start in seconds,Sensor on channel 0 Pressure (mbar),Sensor on channel 1 Pressure (mbar),Sensor on channel 2 Pressure (mbar),Sensor on channel 3 Pressure (mbar),Sensor on channel 4 Pressure (mbar),Sensor on channel 5 Pressure (mbar),Sensor on channel 6 Pressure (mbar),Sensor on channel 7 Pressure (mbar),Sensor on channel 0 Temperature (C),Sensor on channel 1 Temperature (C),Sensor on channel 2 Temperature (C),Sensor on channel 3 Temperature (C),Sensor on channel 4 Temperature (C),Sensor on channel 5 Temperature (C),Sensor on channel 6 Temperature (C),Sensor on channel 7 Temperature (C)
0,991.05,1004.82,1035.58,1020.38,1021.27,1027.68,1022.47,1010.70,20.63,20.92,20.71,20.72,20.82,20.63,20.72,20.94
120,991.48,1004.92,1035.74,1020.46,1021.12,1027.44,1019.88,1010.72,20.63,20.89,20.66,20.69,20.78,20.58,20.68,20.87
240,991.52,1004.80,1035.84,1020.46,1020.94,1026.96,1019.82,1010.56,20.61,20.85,20.61,20.65,20.73,20.51,20.65,20.82
360,991.56,1004.64,1035.76,1020.54,1020.82,1026.70,1019.82,1010.50,20.56,20.81,20.56,20.60,20.67,20.45,20.60,20.76
480,991.40,1004.66,1035.82,1020.56,1020.82,1026.82,1020.30,1010.56,20.61,20.84,20.62,20.62,20.69,20.48,20.64,20.85
600,988.96,1003.58,1035.96,1020.70,1021.14,1026.82,1021.00,1010.74,20.67,20.88,20.65,20.66,20.75,20.53,20.73,20.94
720,989.06,1005.18,1036.22,1020.80,1021.12,1026.84,1021.16,1010.82,20.65,20.85,20.62,20.66,20.73,20.55,20.71,20.86
840,989.00,1005.56,1036.32,1020.88,1021.26,1026.52,1021.30,1010.66,20.60,20.81,20.59,20.62,20.69,20.49,20.66,20.80
960,988.96,1004.06,1036.36,1020.80,1021.22,1026.56,1021.18,1010.54,20.54,20.78,20.55,20.58,20.65,20.45,20.61,20.72
1080,988.94,1005.46,1036.30,1020.70,1020.94,1026.14,1021.58,1010.44,20.50,20.71,20.51,20.54,20.60,20.40,20.55,20.65
1200,988.98,1005.24,1036.26,1020.66,1020.84,1026.14,1021.56,1010.42,20.44,20.66,20.47,20.50,20.55,20.35,20.50,20.59
1320,988.70,1005.10,1036.24,1020.70,1020.74,1025.90,1021.80,1010.34,20.38,20.61,20.41,20.46,20.51,20.30,20.45,20.52
1440,988.66,1006.58,1036.30,1020.60,1020.60,1025.88,1021.84,1010.30,20.35,20.58,20.38,20.42,20.47,20.27,20.42,20.48
1560,988.60,1008.50,1036.22,1020.68,1020.72,1025.88,1021.98,1010.28,20.32,20.55,20.35,20.39,20.45,20.24,20.39,20.44
1680,988.68,1008.96,1036.26,1020.66,1020.60,1026.18,1021.98,1010.26,20.30,20.53,20.34,20.38,20.44,20.22,20.36,20.42
1800,988.60,1009.10,1036.20,1020.68,1020.32,1026.16,1022.16,1010.22,20.28,20.51,20.31,20.36,20.42,20.21,20.35,20.40
1920,988.56,1009.44,1036.20,1020.78,1020.24,1026.22,1021.90,1010.16,20.26,20.48,20.29,20.36,20.41,20.19,20.32,20.37
2040,988.56,1009.60,1036.12,1020.58,1020.18,1026.34,1021.46,1010.32,20.23,20.46,20.28,20.34,20.38,20.17,20.30,20.34
2160,988.40,1010.02,1036.06,1020.58,1020.18,1026.40,1021.30,1010.22,20.22,20.45,20.27,20.33,20.38,20.16,20.28,20.33
2280,988.42,1010.50,1035.88,1020.48,1020.30,1026.24,1020.80,1010.26,20.20,20.43,20.25,20.31,20.35,20.15,20.26,20.31
2400,988.42,1010.52,1035.84,1020.64,1020.12,1026.18,1020.58,1010.24,20.19,20.42,20.24,20.30,20.35,20.13,20.25,20.30
2520,988.30,1010.84,1035.86,1020.64,1020.04,1026.10,1020.46,1010.36,20.18,20.40,20.23,20.29,20.34,20.12,20.24,20.28
2640,988.30,1011.10,1035.78,1020.68,1019.80,1026.18,1020.10,1010.34,20.17,20.39,20.21,20.28,20.33,20.10,20.22,20.26
2760,988.20,1011.28,1035.78,1020.80,1019.54,1026.08,1019.88,1010.26,20.15,20.38,20.21,20.27,20.32,20.09,20.21,20.24
2880,988.16,1011.56,1035.86,1020.56,1019.48,1026.18,1020.02,1010.24,20.14,20.36,20.20,20.26,20.30,20.09,20.20,20.23
3000,988.24,1011.76,1035.66,1020.54,1019.38,1025.90,1019.72,1010.24,20.11,20.34,20.17,20.24,20.28,20.07,20.18,20.21
3120,988.18,1011.98,1035.74,1020.46,1019.30,1025.82,1019.58,1010.26,20.10,20.33,20.16,20.22,20.27,20.06,20.17,20.19
3240,988.26,1012.24,1035.68,1020.28,1019.24,1025.82,1019.54,1010.28,20.09,20.31,20.16,20.22,20.26,20.04,20.15,20.18
3360,988.18,1012.68,1035.72,1020.32,1018.98,1025.76,1019.20,1010.28,20.07,20.29,20.15,20.20,20.24,20.02,20.14,20.16
3480,988.18,1013.04,1035.66,1020.44,1019.00,1025.86,1019.16,1010.36,20.07,20.29,20.14,20.19,20.22,20.02,20.13,20.17
3600,988.06,1013.18,1035.68,1020.34,1018.84,1025.68,1019.26,1010.30,20.07,20.28,20.13,20.19,20.22,20.01,20.13,20.16
3720,988.02,1013.52,1035.76,1020.38,1018.80,1025.62,1018.98,1010.22,20.06,20.26,20.12,20.19,20.21,20.00,20.11,20.14
3840,988.10,1014.26,1035.60,1020.46,1018.70,1025.52,1018.94,1010.16,20.05,20.25,20.12,20.18,20.21,20.00,20.10,20.13
3960,988.14,1014.42,1035.48,1020.50,1018.58,1025.34,1018.98,1010.16,20.04,20.25,20.11,20.16,20.19,19.99,20.09,20.13
4080,988.12,1014.74,1035.44,1020.40,1018.48,1025.42,1018.84,1010.10,20.03,20.23,20.09,20.14,20.18,19.97,20.08,20.11
4200,987.92,1015.06,1035.68,1020.26,1018.52,1025.42,1018.82,1010.12,20.02,20.23,20.09,20.14,20.17,19.96,20.08,20.10
4320,988.00,1015.66,1035.50,1020.16,1018.32,1025.26,1018.70,1010.28,20.00,20.21,20.07,20.13,20.17,19.95,20.06,20.09
4440,987.98,1016.14,1035.34,1020.20,1018.18,1025.18,1018.60,1010.24,20.00,20.20,20.06,20.10,20.13,19.93,20.04,20.08
4560,987.90,1016.22,1035.18,1020.22,1018.16,1024.94,1018.62,1010.02,19.99,20.19,20.05,20.09,20.11,19.91,20.02,20.07
4680,987.88,1016.56,1035.36,1020.10,1018.18,1025.00,1018.44,1009.82,19.98,20.18,20.04,20.08,20.11,19.90,20.02,20.06
4800,987.92,1016.98,1035.20,1020.06,1018.32,1025.00,1018.40,1009.76,19.97,20.16,20.03,20.07,20.10,19.90,20.01,20.04
4920,987.96,1017.40,1035.24,1020.10,1018.38,1025.18,1018.38,1009.90,19.97,20.15,20.03,20.07,20.11,19.90,20.01,20.04
5040,987.92,1017.72,1035.18,1020.06,1018.28,1025.10,1018.32,1009.84,19.97,20.15,20.02,20.07,20.11,19.89,20.00,20.04
5160,987.94,1017.96,1035.14,1020.04,1018.22,1025.28,1018.38,1009.84,19.99,20.17,20.03,20.07,20.12,19.91,20.02,20.07
5280,987.88,1018.24,1035.26,1020.04,1018.28,1025.38,1018.52,1009.84,20.00,20.17,20.03,20.07,20.12,19.90,20.03,20.08
5400,988.00,1018.56,1035.34,1019.94,1018.16,1025.38,1018.26,1009.78,19.99,20.16,20.03,20.07,20.11,19.91,20.03,20.07
5520,987.96,1018.76,1035.28,1019.94,1017.86,1025.20,1018.22,1009.60,19.98,20.15,20.02,20.07,20.10,19.89,20.01,20.04
5640,987.72,1019.10,1034.96,1019.94,1017.90,1025.16,1018.12,1009.54,19.97,20.14,20.01,20.07,20.09,19.88,20.00,20.02
5760,987.76,1019.02,1035.08,1019.92,1017.92,1025.20,1018.06,1009.66,19.96,20.13,20.00,20.06,20.08,19.86,19.99,20.02
5880,987.80,1019.36,1035.06,1019.86,1017.94,1025.18,1017.96,1009.62,19.96,20.13,20.00,20.06,20.08,19.86,19.99,20.02
6000,987.88,1019.38,1034.90,1020.02,1017.90,1025.06,1018.12,1009.58,19.96,20.12,20.00,20.05,20.08,19.86,19.99,20.02
6120,987.78,1019.60,1034.94,1019.84,1017.96,1025.22,1018.06,1009.60,19.97,20.13,20.01,20.05,20.09,19.88,20.00,20.03
6240,987.80,1019.58,1034.88,1019.96,1017.74,1025.36,1017.90,1009.50,19.97,20.13,20.00,20.05,20.08,19.87,20.00,20.03
6360,987.92,1019.74,1034.88,1019.92,1017.80,1025.32,1017.94,1009.54,19.97,20.13,20.01,20.05,20.08,19.87,20.00,20.04
6480,987.78,1019.66,1034.88,1020.02,1017.74,1025.40,1017.88,1009.74,19.97,20.13,20.00,20.05,20.07,19.87,19.99,20.03
6600,987.78,1019.58,1034.92,1019.70,1017.94,1025.36,1017.74,1009.48,19.96,20.12,20.00,20.04,20.08,19.86,19.99,20.02
6720,987.76,1019.58,1034.86,1019.66,1017.82,1025.48,1017.88,1009.56,19.95,20.11,20.00,20.04,20.08,19.86,19.98,20.01
6840,987.80,1019.76,1034.70,1019.74,1017.90,1025.32,1017.68,1009.38,19.95,20.11,20.00,20.04,20.06,19.85,19.98,20.00
6960,987.84,1019.86,1034.72,1019.82,1017.74,1025.28,1017.76,1009.34,19.94,20.11,20.00,20.03,20.06,19.85,19.98,20.00
7080,987.84,1019.84,1034.76,1019.68,1017.46,1025.32,1017.72,1009.24,19.92,20.08,19.98,20.02,20.04,19.84,19.96,19.98
7200,987.82,1019.76,1034.68,1019.66,1017.44,1025.40,1017.46,1009.44,19.92,20.08,19.97,20.02,20.04,19.83,19.95,19.98
7320,987.86,1019.70,1034.62,1019.72,1017.46,1025.46,1017.52,1009.50,19.94,20.10,19.99,20.03,20.06,19.84,19.96,20.00
7440,987.82,1019.56,1034.52,1019.70,1017.50,1025.46,1017.52,1009.48,19.96,20.12,20.00,20.04,20.07,19.85,19.98,20.01
7560,987.86,1019.90,1034.54,1019.70,1017.50,1025.48,1017.66,1009.40,19.98,20.13,20.00,20.06,20.09,19.87,20.00,20.03
7680,987.90,1019.72,1034.50,1019.80,1017.32,1025.46,1017.62,1009.46,19.99,20.14,20.02,20.07,20.10,19.88,20.00,20.04
7800,988.06,1019.40,1034.52,1019.80,1017.44,1025.86,1017.58,1009.44,20.01,20.17,20.04,20.08,20.12,19.90,20.02,20.07
7920,987.86,1019.42,1034.58,1019.90,1017.32,1026.02,1017.96,1009.42,20.03,20.19,20.06,20.10,20.14,19.92,20.04,20.09
8040,988.14,1019.60,1034.52,1019.94,1017.34,1025.94,1017.88,1009.32,20.04,20.19,20.07,20.11,20.15,19.93,20.06,20.10
8160,988.12,1019.28,1034.68,1020.08,1017.26,1025.88,1017.86,1009.36,20.05,20.21,20.07,20.13,20.15,19.94,20.07,20.12
8280,987.98,1019.22,1034.74,1019.84,1017.16,1025.92,1017.86,1009.32,20.08,20.23,20.09,20.13,20.16,19.95,20.08,20.14
8400,988.26,1019.16,1034.50,1020.18,1017.16,1025.98,1017.88,1009.30,20.08,20.24,20.11,20.15,20.18,19.96,20.10,20.15
8520,988.30,1019.26,1034.68,1020.10,1017.26,1026.02,1017.92,1009.42,20.10,20.25,20.12,20.16,20.19,19.97,20.11,20.16
8640,988.22,1019.16,1034.52,1020.12,1017.18,1026.06,1017.88,1009.60,20.11,20.26,20.13,20.16,20.19,19.98,20.12,20.16
8760,988.42,1019.06,1034.64,1020.20,1017.16,1026.06,1017.94,1009.46,20.13,20.27,20.14,20.18,20.21,20.00,20.13,20.18
8880,988.42,1019.06,1034.74,1020.14,1017.20,1025.92,1017.92,1009.54,20.14,20.28,20.16,20.20,20.22,20.00,20.14,20.19
9000,988.36,1018.98,1034.72,1020.16,1017.10,1026.12,1017.92,1009.60,20.15,20.29,20.17,20.21,20.23,20.00,20.14,20.19
9120,988.50,1018.94,1034.82,1020.24,1016.94,1026.10,1017.92,1009.44,20.17,20.31,20.18,20.23,20.24,20.02,20.16,20.21
9240,988.48,1018.76,1034.86,1020.32,1016.90,1026.02,1018.04,1009.56,20.19,20.33,20.19,20.24,20.26,20.03,20.18,20.23
9360,988.48,1018.76,1034.90,1020.58,1017.02,1026.06,1017.98,1009.68,20.19,20.33,20.20,20.24,20.26,20.03,20.18,20.23
9480,988.54,1018.72,1034.76,1020.24,1016.90,1025.90,1017.98,1009.66,20.20,20.33,20.21,20.25,20.27,20.04,20.20,20.24
9600,988.52,1018.82,1034.86,1020.20,1016.94,1025.90,1017.84,1009.72,20.19,20.32,20.20,20.25,20.27,20.04,20.19,20.22
9720,988.56,1018.60,1034.80,1020.32,1016.88,1025.96,1017.84,1009.88,20.19,20.32,20.20,20.25,20.26,20.04,20.19,20.23
9840,988.74,1018.62,1034.80,1020.32,1016.72,1025.80,1017.88,1009.68,20.18,20.32,20.20,20.25,20.27,20.04,20.19,20.22
9960,988.58,1018.80,1034.78,1020.50,1016.70,1025.80,1018.00,1009.72,20.19,20.32,20.20,20.25,20.28,20.04,20.20,20.23
10080,988.74,1018.72,1034.76,1020.40,1016.50,1025.72,1017.94,1009.72,20.19,20.32,20.20,20.25,20.27,20.03,20.19,20.22
10200,988.82,1018.74,1034.74,1020.36,1016.58,1025.66,1017.96,1009.70,20.20,20.32,20.20,20.25,20.27,20.03,20.19,20.23
10320,988.82,1018.48,1034.82,1020.34,1016.44,1025.52,1017.96,1009.70,20.20,20.33,20.21,20.26,20.27,20.03,20.20,20.24
10440,988.88,1018.50,1034.86,1020.32,1016.28,1025.52,1017.96,1009.78,20.21,20.32,20.21,20.25,20.26,20.04,20.20,20.23
10560,988.80,1018.44,1034.84,1020.28,1016.28,1025.46,1017.90,1009.50,20.17,20.29,20.19,20.23,20.24,20.01,20.18,20.20
10680,988.92,1018.48,1034.80,1020.26,1016.38,1025.20,1017.80,1009.56,20.17,20.30,20.19,20.23,20.24,20.01,20.17,20.19
10800,988.96,1018.46,1034.80,1020.26,1016.36,1025.16,1017.82,1009.70,20.18,20.30,20.20,20.24,20.26,20.02,20.18,20.21
10920,989.08,1018.44,1034.90,1020.42,1016.22,1025.24,1017.94,1009.74,20.20,20.32,20.21,20.26,20.27,20.04,20.20,20.22
11040,988.68,1018.46,1034.88,1020.46,1016.24,1024.92,1017.70,1009.48,20.18,20.30,20.20,20.24,20.25,20.02,20.18,20.20
11160,988.76,1018.34,1034.80,1020.50,1016.16,1024.74,1017.94,1009.66,20.16,20.28,20.18,20.23,20.24,20.01,20.17,20.18
11280,988.78,1018.20,1034.76,1020.38,1016.14,1024.58,1017.88,1009.50,20.15,20.27,20.17,20.22,20.23,20.00,20.15,20.17
11400,988.82,1018.08,1034.74,1020.40,1016.20,1024.64,1017.62,1009.48,20.15,20.27,20.17,20.22,20.23,20.00,20.15,20.17
11520,988.86,1018.04,1034.72,1020.48,1016.08,1024.54,1017.58,1009.54,20.13,20.25,20.16,20.21,20.21,19.98,20.13,20.14
11640,988.68,1018.04,1034.68,1020.48,1016.14,1024.28,1017.36,1009.20,20.10,20.21,20.13,20.19,20.19,19.96,20.11,20.11
11760,988.70,1018.20,1034.76,1020.32,1015.98,1024.06,1017.28,1009.34,20.07,20.19,20.11,20.17,20.16,19.94,20.08,20.07
11880,988.76,1017.96,1034.58,1020.40,1015.94,1024.04,1017.10,1009.26,20.06,20.18,20.10,20.15,20.15,19.93,20.07,20.06
12000,988.74,1017.76,1034.68,1020.24,1016.00,1023.86,1017.32,1009.38,20.07,20.18,20.10,20.15,20.15,19.92,20.08,20.07
12120,988.62,1017.90,1034.66,1020.32,1016.00,1023.68,1017.10,1009.30,20.08,20.18,20.10,20.15,20.16,19.93,20.08,20.08
12240,988.68,1017.88,1034.40,1020.26,1015.92,1023.54,1017.12,1009.30,20.06,20.17,20.09,20.14,20.15,19.92,20.06,20.05
12360,988.60,1017.92,1034.78,1020.20,1015.92,1023.50,1017.38,1009.34,20.06,20.16,20.09,20.14,20.15,19.91,20.06,20.05
12480,988.70,1017.90,1034.54,1020.28,1015.96,1023.36,1017.30,1009.26,20.06,20.16,20.09,20.14,20.14,19.91,20.05,20.05
12600,988.74,1017.84,1034.62,1020.34,1015.98,1023.42,1017.08,1009.26,20.06,20.15,20.09,20.15,20.14,19.91,20.05,20.04
12720,988.70,1017.80,1034.50,1020.06,1016.06,1023.24,1016.92,1009.28,20.02,20.12,20.05,20.12,20.11,19.88,20.03,20.00
12840,988.72,1017.78,1034.38,1020.12,1016.16,1023.18,1016.98,1009.14,20.01,20.12,20.06,20.11,20.11,19.88,20.02,20.00
12960,988.66,1017.74,1034.22,1020.12,1016.12,1023.18,1016.86,1009.08,20.02,20.12,20.06,20.11,20.11,19.87,20.02,20.00
13080,988.74,1017.74,1034.32,1020.24,1016.16,1022.94,1016.94,1009.20,20.02,20.12,20.05,20.10,20.10,19.86,20.01,20.00
13200,988.62,1017.70,1034.30,1020.40,1016.26,1022.76,1016.96,1009.18,20.01,20.11,20.05,20.10,20.09,19.86,20.01,19.99
13320,988.66,1017.74,1034.52,1020.44,1016.32,1022.92,1017.08,1009.06,20.03,20.12,20.05,20.11,20.11,19.87,20.02,20.00
13440,988.70,1017.72,1034.46,1020.38,1016.24,1022.60,1017.04,1009.06,20.02,20.12,20.05,20.11,20.10,19.87,20.02,20.00
13560,988.72,1017.72,1034.28,1020.36,1016.34,1022.50,1016.98,1008.96,20.01,20.10,20.04,20.11,20.10,19.86,20.01,19.99
13680,988.68,1017.80,1034.32,1020.26,1016.46,1022.34,1016.64,1008.98,20.00,20.09,20.03,20.09,20.08,19.85,20.00,19.98
13800,988.72,1017.74,1034.22,1020.34,1016.48,1022.58,1016.78,1008.96,20.00,20.09,20.04,20.09,20.08,19.85,20.01,19.98
13920,988.72,1017.66,1034.24,1020.32,1016.60,1022.46,1016.84,1009.04,20.01,20.10,20.04,20.10,20.09,19.85,20.01,19.99
14040,988.96,1017.62,1034.24,1020.22,1016.76,1022.32,1016.88,1009.02,20.00,20.08,20.03,20.08,20.07,19.84,20.00,19.96
14160,988.72,1017.56,1034.34,1020.16,1016.66,1022.14,1016.78,1009.04,19.99,20.06,20.01,20.07,20.05,19.82,19.99,19.95
14280,988.80,1017.34,1034.32,1020.32,1016.74,1022.20,1016.76,1009.08,20.00,20.08,20.03,20.08,20.06,19.82,20.00,19.96
14400,988.88,1017.36,1034.38,1020.26,1016.76,1022.20,1016.76,1009.04,20.00,20.08,20.03,20.08,20.07,19.83,20.00,19.96
14520,988.86,1017.36,1034.02,1020.26,1016.50,1021.88,1016.74,1009.00,20.00,20.07,20.02,20.08,20.06,19.83,20.00,19.96
14640,988.94,1017.40,1034.02,1020.18,1016.68,1021.86,1016.70,1008.90,19.98,20.05,20.00,20.06,20.05,19.81,19.98,19.93
14760,988.88,1017.40,1034.04,1020.20,1016.86,1021.76,1016.74,1008.88,19.98,20.04,20.01,20.05,20.05,19.81,19.98,19.93
14880,988.86,1017.38,1034.20,1020.40,1016.92,1021.54,1016.74,1008.72,19.96,20.03,20.00,20.05,20.03,19.79,19.97,19.92
15000,988.76,1017.36,1034.36,1020.42,1016.90,1021.54,1016.52,1008.80,19.94,20.01,19.98,20.03,20.02,19.77,19.95,19.90
15120,988.78,1017.28,1033.98,1020.12,1016.82,1021.42,1016.48,1008.68,19.93,20.00,19.98,20.02,20.01,19.77,19.94,19.89
15240,988.80,1017.26,1034.14,1020.20,1016.94,1021.60,1016.56,1008.74,19.95,20.01,19.99,20.03,20.01,19.77,19.95,19.90
15360,988.66,1017.22,1034.16,1020.16,1016.82,1021.34,1016.64,1008.62,19.95,20.01,19.99,20.03,20.01,19.76,19.95,19.90
15480,988.74,1017.22,1034.16,1020.16,1016.64,1021.16,1016.52,1008.72,19.94,20.00,19.98,20.02,20.00,19.76,19.94,19.88
15600,988.74,1017.18,1034.04,1020.20,1016.56,1021.14,1016.40,1008.60,19.94,20.00,19.98,20.02,20.00,19.76,19.95,19.90
15720,988.84,1017.06,1034.14,1020.32,1016.44,1021.16,1016.52,1008.62,19.97,20.01,20.00,20.03,20.02,19.78,19.96,19.92
15840,988.90,1017.16,1033.98,1020.28,1016.10,1021.10,1016.60,1008.66,19.98,20.03,20.00,20.04,20.03,19.78,19.98,19.94
15960,988.88,1017.12,1033.92,1020.42,1015.98,1020.84,1016.50,1008.74,19.97,20.01,20.00,20.03,20.02,19.78,19.97,19.92
16080,988.92,1017.02,1033.92,1020.50,1015.62,1020.78,1016.36,1008.72,19.97,20.02,20.00,20.03,20.02,19.78,19.97,19.92
16200,989.00,1017.00,1033.86,1020.40,1015.42,1020.86,1016.50,1008.70,19.99,20.04,20.01,20.05,20.04,19.79,19.99,19.94
16320,988.98,1017.02,1034.00,1020.46,1015.30,1020.74,1016.52,1008.76,19.98,20.02,20.00,20.05,20.03,19.78,19.98,19.93
16440,988.88,1017.02,1034.06,1020.36,1014.86,1020.70,1016.44,1008.76,19.97,20.01,20.00,20.04,20.02,19.77,19.96,19.91
16560,988.82,1017.10,1034.00,1020.28,1014.80,1020.72,1016.46,1008.90,19.98,20.02,20.00,20.05,20.03,19.78,19.97,19.92
16680,988.88,1017.24,1033.82,1020.22,1014.68,1020.66,1016.42,1008.70,20.00,20.03,20.01,20.06,20.04,19.79,19.99,19.94
16800,989.10,1017.10,1033.92,1020.28,1014.58,1020.64,1016.46,1008.76,19.99,20.03,20.01,20.06,20.05,19.79,19.98,19.93
16920,988.96,1016.96,1033.76,1020.24,1014.24,1020.50,1016.44,1008.74,19.98,20.02,20.00,20.05,20.04,19.78,19.98,19.92
17040,988.98,1016.96,1033.80,1020.18,1014.12,1020.56,1016.24,1008.64,19.96,20.00,20.00,20.04,20.02,19.77,19.97,19.90
17160,988.98,1016.98,1033.82,1020.40,1013.84,1020.46,1016.34,1008.56,19.95,20.00,19.99,20.03,20.02,19.75,19.96,19.89
17280,989.10,1016.94,1033.82,1020.28,1013.56,1020.42,1016.26,1008.58,19.95,19.99,19.98,20.02,20.00,19.74,19.94,19.88
17400,989.14,1016.86,1033.76,1020.30,1013.50,1020.16,1016.12,1008.48,19.94,19.99,19.98,20.02,20.00,19.73,19.94,19.87
17520,988.92,1016.88,1033.82,1020.34,1013.40,1020.00,1016.34,1008.48,19.95,19.99,19.98,20.02,20.00,19.74,19.95,19.88
17640,988.98,1016.92,1033.90,1020.34,1013.08,1020.04,1016.24,1008.74,19.94,19.98,19.98,20.02,20.00,19.74,19.95,19.87
17760,988.96,1016.86,1033.80,1020.28,1012.80,1020.00,1016.22,1008.60,19.95,19.99,19.98,20.02,20.01,19.74,19.96,19.88
17880,988.92,1016.78,1033.92,1020.22,1012.92,1019.92,1016.36,1008.50,19.97,20.00,19.99,20.03,20.02,19.75,19.97,19.90
18000,989.08,1016.90,1033.92,1020.18,1012.88,1019.94,1016.30,1008.62,19.99,20.01,20.00,20.05,20.04,19.77,19.98,19.92
18120,989.02,1016.92,1033.96,1020.22,1012.76,1019.88,1016.50,1008.44,20.00,20.02,20.02,20.07,20.05,19.78,20.00,19.94
18240,989.06,1016.68,1033.98,1020.18,1012.50,1020.12,1016.44,1008.76,20.02,20.04,20.03,20.08,20.07,19.79,20.01,19.95
18360,989.12,1016.70,1033.76,1020.24,1012.28,1020.04,1016.54,1008.72,20.02,20.04,20.03,20.08,20.06,19.79,20.01,19.95
18480,989.14,1016.78,1034.04,1020.34,1012.32,1020.04,1016.60,1008.62,20.02,20.04,20.03,20.08,20.07,19.80,20.01,19.96
18600,989.24,1016.76,1033.90,1020.34,1012.24,1019.86,1016.58,1008.74,20.02,20.04,20.04,20.08,20.07,19.80,20.02,19.95
18720,989.38,1016.84,1033.96,1020.44,1012.12,1019.96,1016.58,1008.58,20.04,20.05,20.05,20.09,20.08,19.81,20.03,19.96
18840,989.28,1016.82,1033.98,1020.34,1012.12,1019.96,1016.66,1008.52,20.04,20.05,20.05,20.09,20.08,19.81,20.03,19.96
18960,989.38,1016.90,1034.02,1020.42,1011.88,1019.96,1016.72,1008.54,20.04,20.05,20.05,20.10,20.08,19.81,20.03,19.96
19080,989.30,1016.92,1034.06,1020.58,1011.70,1019.74,1016.74,1008.48,20.04,20.05,20.05,20.09,20.08,19.80,20.03,19.97
19200,989.24,1017.02,1034.04,1020.58,1011.64,1019.64,1016.70,1008.62,20.05,20.06,20.06,20.10,20.09,19.81,20.04,19.98
19320,989.28,1017.10,1033.80,1020.56,1011.38,1019.66,1016.76,1008.60,20.05,20.05,20.06,20.10,20.09,19.81,20.04,19.97
19440,989.40,1017.16,1034.12,1020.42,1011.40,1019.84,1016.96,1008.54,20.06,20.07,20.07,20.11,20.10,19.82,20.05,19.98
19560,989.40,1016.86,1034.00,1020.66,1011.26,1019.68,1016.96,1008.58,20.06,20.06,20.07,20.11,20.10,19.82,20.05,19.99
19680,989.46,1016.96,1033.92,1020.78,1011.26,1019.88,1016.86,1008.82,20.06,20.06,20.07,20.11,20.10,19.83,20.06,19.98
19800,989.44,1016.94,1034.04,1020.58,1011.10,1019.58,1016.88,1008.88,20.06,20.06,20.07,20.12,20.10,19.82,20.06,19.98
19920,989.48,1016.96,1033.96,1020.56,1014.52,1019.48,1016.84,1008.70,20.05,20.05,20.06,20.11,20.09,19.81,20.05,19.97
20040,989.58,1016.96,1033.96,1020.64,1014.42,1019.54,1016.86,1008.76,20.05,20.05,20.07,20.10,20.09,19.80,20.04,19.97
20160,989.58,1017.00,1034.04,1020.66,1014.12,1019.38,1016.80,1008.54,20.06,20.05,20.07,20.11,20.09,19.81,20.05,19.97
20280,989.68,1016.96,1034.02,1020.72,1014.00,1019.44,1016.78,1008.60,20.05,20.05,20.07,20.11,20.09,19.81,20.05,19.97
20400,989.66,1016.74,1034.12,1020.70,1013.80,1019.50,1016.84,1008.66,20.06,20.05,20.08,20.12,20.10,19.81,20.05,19.97
20520,989.66,1016.84,1034.04,1020.74,1013.76,1019.44,1016.82,1008.84,20.06,20.05,20.08,20.12,20.10,19.81,20.05,19.97
20640,989.60,1016.80,1034.02,1020.76,1013.60,1019.38,1016.74,1008.90,20.06,20.05,20.08,20.12,20.10,19.81,20.06,19.97
20760,989.60,1016.70,1034.06,1020.76,1013.50,1019.22,1016.76,1008.78,20.06,20.05,20.07,20.12,20.09,19.81,20.05,19.97
20880,989.80,1016.82,1034.14,1020.86,1013.38,1019.22,1016.84,1008.86,20.06,20.05,20.08,20.12,20.10,19.81,20.06,19.98
21000,989.90,1016.82,1033.94,1020.88,1013.44,1018.98,1016.72,1008.92,20.07,20.05,20.08,20.12,20.11,19.81,20.07,19.98
21120,989.98,1016.82,1034.02,1020.74,1013.24,1018.96,1016.92,1008.82,20.08,20.06,20.09,20.13,20.11,19.82,20.07,19.98
21240,989.98,1016.88,1033.98,1020.80,1013.20,1018.90,1016.88,1008.86,20.08,20.06,20.09,20.13,20.11,19.82,20.07,19.98
21360,989.90,1016.88,1034.02,1020.90,1013.16,1018.88,1016.88,1009.04,20.08,20.06,20.09,20.13,20.11,19.82,20.07,19.98
21480,989.84,1017.02,1034.06,1020.88,1013.04,1018.78,1016.86,1008.80,20.09,20.06,20.10,20.14,20.12,19.82,20.08,19.99
21600,989.90,1016.96,1034.10,1020.90,1012.82,1018.78,1016.78,1008.94,20.08,20.07,20.10,20.14,20.11,19.81,20.07,19.99
21720,989.96,1016.98,1033.96,1020.72,1012.78,1018.80,1016.76,1008.74,20.07,20.05,20.09,20.14,20.10,19.80,20.06,19.97
21840,990.04,1017.04,1034.04,1020.88,1013.20,1018.50,1016.88,1008.86,20.05,20.03,20.08,20.12,20.09,19.79,20.04,19.94
21960,989.70,1016.82,1033.90,1020.86,1013.04,1018.34,1016.78,1008.76,20.02,20.00,20.05,20.09,20.06,19.76,20.02,19.91
22080,989.76,1016.90,1033.76,1020.86,1012.82,1018.02,1016.72,1008.70,20.01,20.00,20.04,20.09,20.06,19.76,20.02,19.91
22200,989.80,1016.74,1033.86,1020.74,1012.82,1018.08,1016.66,1008.68,20.01,19.99,20.04,20.08,20.05,19.75,20.01,19.90
22320,989.70,1016.70,1033.86,1020.88,1012.54,1018.28,1016.52,1008.62,20.01,19.98,20.03,20.07,20.04,19.74,20.00,19.89
22440,989.64,1016.66,1033.80,1020.84,1012.46,1018.30,1016.54,1008.64,19.99,19.96,20.01,20.05,20.02,19.72,19.98,19.87
22560,989.56,1016.76,1033.86,1020.78,1012.16,1018.02,1016.30,1008.62,19.97,19.94,20.00,20.04,20.01,19.70,19.97,19.84
22680,989.64,1016.74,1033.96,1020.90,1012.00,1017.80,1016.34,1008.76,19.95,19.92,19.99,20.03,20.00,19.68,19.95,19.82
22800,989.44,1016.64,1033.88,1020.78,1011.74,1017.62,1016.34,1008.74,19.95,19.91,19.99,20.03,19.99,19.67,19.94,19.81
22920,989.38,1016.54,1033.82,1020.78,1011.66,1017.54,1016.40,1008.68,19.93,19.89,19.97,20.01,19.98,19.66,19.93,19.80
23040,989.44,1016.42,1033.86,1020.50,1011.44,1017.60,1016.40,1008.46,19.91,19.88,19.96,20.00,19.97,19.65,19.92,19.78
23160,989.38,1016.68,1033.86,1020.52,1011.32,1017.40,1016.16,1008.56,19.90,19.87,19.95,20.00,19.96,19.64,19.91,19.77
23280,989.66,1016.64,1033.70,1020.48,1011.34,1017.24,1016.14,1008.42,19.89,19.86,19.93,19.98,19.95,19.63,19.90,19.76
23400,989.62,1016.68,1033.60,1020.42,1011.24,1017.14,1016.18,1008.34,19.89,19.85,19.93,19.98,19.95,19.62,19.89,19.75
23520,989.56,1016.52,1033.66,1020.48,1010.98,1016.88,1016.22,1008.32,19.88,19.84,19.92,19.97,19.94,19.61,19.88,19.74
23640,989.46,1016.44,1033.68,1020.54,1010.86,1016.86,1016.08,1008.32,19.87,19.83,19.91,19.97,19.93,19.60,19.88,19.73
23760,989.54,1016.56,1033.70,1020.48,1010.86,1016.68,1016.10,1008.06,19.87,19.83,19.91,19.97,19.92,19.60,19.87,19.72
23880,989.58,1016.56,1033.54,1020.42,1010.58,1016.80,1016.16,1008.24,19.86,19.82,19.90,19.96,19.91,19.58,19.86,19.71
24000,989.62,1016.28,1033.52,1020.50,1010.60,1016.74,1016.02,1008.36,19.85,19.80,19.88,19.94,19.90,19.57,19.85,19.69
24120,989.54,1016.38,1033.42,1020.52,1010.64,1016.70,1016.02,1008.24,19.84,19.79,19.88,19.93,19.90,19.57,19.84,19.70
24240,989.64,1016.22,1033.54,1020.50,1010.84,1016.52,1016.18,1008.26,19.86,19.81,19.89,19.95,19.91,19.58,19.87,19.72
24360,989.64,1016.16,1033.60,1020.56,1010.88,1016.50,1016.10,1008.42,19.87,19.82,19.91,19.96,19.92,19.58,19.87,19.73
24480,989.68,1016.12,1033.54,1020.46,1010.84,1016.60,1016.28,1008.30,19.89,19.84,19.92,19.97,19.93,19.59,19.88,19.75
24600,989.52,1016.26,1033.46,1020.48,1010.82,1016.52,1016.24,1008.30,19.88,19.82,19.91,19.97,19.93,19.59,19.88,19.73
24720,989.42,1016.28,1033.48,1020.40,1010.76,1016.48,1016.08,1008.26,19.86,19.80,19.90,19.96,19.92,19.58,19.87,19.71
24840,989.46,1016.26,1033.58,1020.28,1010.70,1016.50,1016.14,1008.20,19.85,19.80,19.90,19.95,19.91,19.57,19.86,19.70
24960,989.70,1015.98,1033.56,1020.48,1010.74,1016.28,1016.10,1008.16,19.84,19.78,19.89,19.94,19.90,19.56,19.85,19.69
25080,989.64,1016.00,1033.66,1020.36,1010.66,1016.00,1016.08,1008.28,19.84,19.77,19.88,19.93,19.88,19.55,19.84,19.68
25200,989.72,1016.08,1033.62,1020.44,1010.56,1016.10,1015.88,1008.16,19.83,19.76,19.87,19.92,19.88,19.54,19.83,19.68
25320,989.78,1016.14,1033.52,1020.46,1010.60,1015.74,1016.00,1008.10,19.83,19.76,19.86,19.92,19.87,19.54,19.83,19.67
25440,989.72,1016.14,1033.60,1020.48,1010.56,1015.72,1016.06,1008.22,19.84,19.76,19.87,19.93,19.88,19.54,19.84,19.69
25560,989.80,1016.06,1033.60,1020.48,1010.56,1015.98,1016.14,1008.30,19.85,19.78,19.88,19.93,19.89,19.55,19.85,19.70
25680,989.82,1016.00,1033.38,1020.40,1010.54,1016.02,1016.16,1008.42,19.86,19.78,19.89,19.93,19.90,19.55,19.86,19.71
25800,989.72,1016.08,1033.34,1020.56,1010.58,1015.96,1016.20,1008.36,19.87,19.80,19.90,19.94,19.90,19.56,19.86,19.72
25920,989.66,1016.24,1033.34,1020.50,1010.52,1016.10,1016.24,1008.48,19.87,19.80,19.90,19.95,19.91,19.57,19.87,19.72
26040,989.58,1016.12,1033.26,1020.46,1010.62,1016.38,1016.20,1008.26,19.87,19.80,19.90,19.95,19.92,19.57,19.87,19.72
26160,989.68,1016.02,1033.42,1020.42,1010.52,1016.50,1016.26,1008.28,19.89,19.80,19.91,19.96,19.92,19.58,19.88,19.73
26280,989.84,1016.16,1033.62,1020.50,1010.56,1016.52,1016.58,1008.28,19.91,19.83,19.93,19.97,19.93,19.58,19.90,19.76
26400,989.84,1016.12,1033.48,1020.68,1010.76,1016.88,1016.48,1008.40,19.94,19.85,19.95,19.99,19.96,19.61,19.93,19.79
26520,990.00,1016.04,1033.48,1020.54,1010.90,1017.00,1016.56,1008.38,19.96,19.87,19.97,20.00,19.98,19.63,19.95,19.81
26640,989.98,1016.00,1033.46,1020.68,1010.94,1017.04,1016.74,1008.32,19.99,19.89,19.98,20.02,20.00,19.65,19.97,19.83
26760,989.84,1016.02,1033.58,1020.68,1011.06,1017.12,1016.70,1008.26,20.00,19.90,20.00,20.03,20.01,19.66,19.98,19.85
26880,989.96,1016.10,1033.62,1020.68,1010.98,1017.30,1016.80,1008.38,20.00,19.91,20.00,20.04,20.01,19.67,20.00,19.86
27000,990.12,1016.16,1033.64,1020.68,1011.02,1017.40,1016.76,1008.34,20.02,19.93,20.02,20.06,20.03,19.68,20.01,19.88
27120,990.12,1016.32,1033.76,1020.86,1011.04,1017.24,1016.72,1008.52,20.04,19.94,20.03,20.08,20.04,19.69,20.02,19.90
27240,990.18,1016.20,1033.64,1020.92,1011.06,1017.40,1016.84,1008.54,20.06,19.96,20.05,20.09,20.06,19.71,20.04,19.92
27360,990.16,1016.14,1033.60,1020.84,1011.12,1017.38,1016.90,1008.48,20.07,19.97,20.07,20.10,20.07,19.72,20.05,19.92
27480,990.28,1016.22,1033.62,1020.76,1011.10,1017.40,1017.08,1008.56,20.08,19.98,20.07,20.11,20.07,19.73,20.06,19.93
27600,990.44,1016.20,1033.68,1020.96,1011.00,1017.14,1017.08,1008.40,20.08,19.98,20.08,20.12,20.08,19.73,20.07,19.94
27720,990.40,1016.24,1033.90,1020.98,1011.14,1017.24,1017.16,1008.38,20.08,19.98,20.08,20.12,20.08,19.73,20.07,19.93
27840,990.48,1016.30,1033.78,1020.92,1011.04,1017.10,1017.20,1008.44,20.07,19.97,20.07,20.11,20.07,19.73,20.05,19.91
27960,990.54,1016.20,1033.76,1020.98,1011.04,1016.92,1017.18,1008.54,20.07,19.97,20.07,20.11,20.07,19.72,20.05,19.91
28080,990.38,1016.26,1033.76,1020.98,1010.98,1016.88,1017.14,1008.48,20.07,19.96,20.07,20.11,20.07,19.72,20.06,19.91
28200,990.48,1016.26,1033.92,1020.84,1010.92,1017.00,1016.98,1008.52,20.07,19.96,20.07,20.11,20.08,19.72,20.06,19.92
28320,990.48,1016.34,1033.98,1020.98,1010.92,1016.98,1017.00,1008.64,20.06,19.95,20.07,20.11,20.07,19.72,20.05,19.91
28440,990.40,1016.22,1034.04,1021.04,1010.92,1016.94,1016.84,1008.54,20.06,19.95,20.07,20.11,20.07,19.72,20.05,19.90
28560,990.54,1016.24,1033.88,1021.20,1010.96,1016.78,1016.96,1008.80,20.05,19.95,20.06,20.11,20.07,19.71,20.05,19.90
28680,990.58,1016.24,1033.88,1021.20,1010.98,1016.72,1017.06,1008.64,20.06,19.95,20.06,20.10,20.07,19.71,20.05,19.91
28800,990.48,1016.08,1033.86,1021.32,1011.04,1016.74,1017.08,1008.56,20.05,19.94,20.06,20.10,20.06,19.70,20.05,19.91
28920,990.50,1016.24,1033.76,1021.24,1011.04,1016.70,1017.04,1008.52,20.06,19.95,20.07,20.11,20.07,19.71,20.06,19.91
29040,990.58,1016.36,1033.82,1021.18,1010.86,1016.78,1017.18,1008.72,20.06,19.95,20.07,20.11,20.07,19.72,20.06,19.91
29160,990.48,1016.32,1033.92,1021.18,1010.86,1016.70,1017.12,1008.58,20.07,19.95,20.07,20.11,20.08,19.72,20.06,19.92
29280,990.70,1016.28,1033.92,1021.12,1010.82,1016.64,1017.04,1008.60,20.07,19.95,20.07,20.11,20.08,19.72,20.07,19.92
29400,990.64,1016.32,1033.96,1021.42,1010.88,1016.58,1017.04,1008.58,20.06,19.95,20.08,20.12,20.09,19.73,20.07,19.92
29520,990.70,1016.44,1034.02,1021.38,1010.66,1016.66,1017.14,1008.60,20.06,19.95,20.08,20.11,20.08,19.72,20.07,19.92
29640,990.76,1016.26,1033.86,1021.38,1010.72,1016.80,1017.14,1008.56,20.08,19.95,20.08,20.12,20.09,19.72,20.07,19.92
29760,990.72,1016.20,1033.92,1021.40,1010.84,1016.58,1017.12,1008.62,20.08,19.96,20.08,20.12,20.08,19.72,20.07,19.92
29880,990.62,1016.16,1033.88,1021.40,1010.84,1016.54,1017.08,1008.62,20.07,19.95,20.08,20.12,20.08,19.72,20.07,19.92
30000,990.62,1016.40,1033.84,1021.38,1010.94,1016.56,1017.18,1008.76,20.07,19.95,20.08,20.12,20.08,19.72,20.07,19.92
30120,990.74,1016.30,1033.92,1021.36,1010.70,1016.50,1017.14,1008.74,20.07,19.94,20.08,20.12,20.08,19.72,20.07,19.91
30240,990.56,1016.28,1033.88,1021.42,1010.60,1016.48,1017.06,1008.68,20.05,19.92,20.06,20.10,20.06,19.70,20.04,19.89
30360,990.58,1016.32,1033.86,1021.30,1010.58,1016.22,1017.02,1008.62,20.03,19.90,20.04,20.09,20.04,19.69,20.03,19.86
30480,990.58,1016.38,1033.86,1021.40,1010.32,1016.18,1016.96,1008.68,20.01,19.89,20.04,20.08,20.04,19.67,20.01,19.85
30600,990.64,1016.18,1033.94,1021.40,1010.50,1016.34,1016.86,1008.54,20.02,19.90,20.04,20.08,20.04,19.67,20.02,19.86
30720,990.54,1016.22,1033.86,1021.28,1010.28,1016.28,1016.96,1008.40,20.02,19.89,20.04,20.08,20.04,19.67,20.02,19.86
30840,990.62,1016.14,1033.88,1021.28,1010.42,1016.30,1017.02,1008.68,20.02,19.90,20.04,20.08,20.04,19.68,20.02,19.86
30960,990.76,1016.12,1033.86,1021.32,1010.58,1016.44,1017.04,1008.62,20.04,19.91,20.06,20.09,20.05,19.68,20.03,19.88
31080,990.58,1016.08,1033.98,1021.24,1010.30,1016.46,1016.92,1008.50,20.02,19.90,20.05,20.09,20.05,19.67,20.03,19.87
31200,990.48,1016.24,1033.74,1021.26,1010.26,1016.18,1016.48,1008.26,19.99,19.86,20.02,20.05,20.01,19.64,19.99,19.81
31320,990.46,1016.32,1033.66,1021.28,1010.12,1016.26,1016.60,1008.40,19.96,19.83,20.00,20.03,19.99,19.61,19.97,19.78
31440,990.52,1016.20,1033.82,1021.30,1009.94,1016.48,1016.64,1008.42,19.98,19.83,20.00,20.03,20.00,19.62,19.97,19.80
31560,990.62,1016.18,1033.80,1021.24,1009.90,1016.38,1016.72,1008.44,19.98,19.83,20.00,20.04,20.00,19.63,19.99,19.81
31680,990.50,1016.10,1033.68,1021.14,1010.00,1016.40,1016.66,1008.28,19.97,19.83,20.00,20.02,19.99,19.62,19.98,19.79
31800,990.48,1016.16,1033.78,1021.32,1009.80,1016.42,1016.66,1008.24,19.95,19.81,19.98,20.01,19.98,19.60,19.96,19.77
31920,990.42,1016.10,1033.62,1021.26,1009.80,1016.44,1016.70,1008.30,19.93,19.79,19.97,20.00,19.97,19.59,19.95,19.76
32040,990.50,1016.06,1033.44,1021.16,1009.70,1016.42,1016.42,1008.30,19.91,19.77,19.95,20.00,19.95,19.58,19.93,19.74
32160,990.64,1016.04,1033.48,1021.16,1009.44,1016.38,1016.30,1008.34,19.90,19.75,19.93,19.99,19.94,19.56,19.91,19.71
32280,990.42,1015.84,1033.52,1021.04,1009.44,1016.50,1016.26,1008.34,19.89,19.75,19.92,19.98,19.93,19.55,19.90,19.71
32400,990.36,1015.96,1033.62,1021.00,1009.46,1016.58,1016.40,1008.34,19.88,19.74,19.92,19.97,19.92,19.54,19.89,19.71
32520,990.50,1015.94,1033.62,1020.98,1009.54,1016.58,1016.44,1008.24,19.86,19.72,19.91,19.96,19.91,19.53,19.89,19.69
32640,990.30,1015.84,1033.80,1021.10,1009.36,1016.64,1016.48,1008.12,19.87,19.72,19.91,19.95,19.91,19.53,19.89,19.70
32760,990.40,1015.88,1033.54,1021.24,1009.50,1016.66,1016.70,1008.20,19.90,19.75,19.93,19.98,19.93,19.55,19.91,19.73
32880,990.56,1015.76,1033.48,1021.26,1009.68,1016.90,1016.80,1008.26,19.93,19.78,19.95,20.00,19.96,19.57,19.94,19.75
33000,990.50,1016.00,1033.52,1021.18,1009.80,1017.02,1016.70,1008.42,19.95,19.79,19.96,20.00,19.97,19.58,19.95,19.77
33120,990.46,1015.88,1033.58,1021.02,1009.70,1016.98,1016.86,1008.32,19.95,19.79,19.97,20.00,19.97,19.59,19.95,19.77
33240,990.46,1015.94,1033.68,1021.12,1009.60,1017.02,1016.86,1008.26,19.95,19.79,19.97,20.00,19.97,19.59,19.95,19.77
33360,990.76,1015.94,1033.66,1021.14,1009.58,1017.00,1016.82,1008.24,19.94,19.79,19.97,20.00,19.97,19.59,19.95,19.76
33480,990.60,1015.92,1033.62,1021.08,1009.46,1016.70,1016.84,1008.18,19.94,19.78,19.96,20.00,19.96,19.57,19.94,19.76
33600,990.58,1016.06,1033.66,1021.06,1009.52,1016.76,1016.76,1008.38,19.93,19.78,19.96,20.00,19.96,19.58,19.94,19.76
33720,990.56,1016.02,1033.66,1021.08,1009.60,1016.88,1016.74,1008.38,19.93,19.78,19.95,20.00,19.96,19.57,19.94,19.75
33840,990.58,1016.16,1033.94,1021.20,1009.64,1016.88,1016.60,1008.28,19.94,19.78,19.96,20.00,19.96,19.58,19.95,19.76
33960,990.52,1016.12,1033.86,1021.16,1009.38,1016.72,1016.86,1008.28,19.93,19.77,19.96,20.00,19.96,19.57,19.94,19.75
34080,990.40,1016.04,1033.70,1021.20,1009.42,1016.98,1016.70,1008.38,19.93,19.77,19.95,19.99,19.95,19.56,19.92,19.74
34200,990.60,1016.06,1033.78,1021.02,1009.28,1016.78,1016.70,1008.30,19.91,19.76,19.94,19.99,19.94,19.55,19.92,19.73
34320,990.38,1015.94,1033.68,1021.04,1017.02,1016.82,1016.52,1008.32,19.90,19.74,19.93,19.97,19.93,19.54,19.91,19.72
34440,990.64,1015.84,1033.54,1021.08,1016.98,1016.90,1016.46,1008.22,19.90,19.74,19.92,19.97,19.92,19.53,19.91,19.72
34560,990.64,1015.92,1033.50,1021.06,1016.90,1016.90,1016.42,1008.20,19.88,19.73,19.92,19.96,19.90,19.52,19.89,19.70
34680,990.58,1015.76,1033.54,1021.00,1016.92,1016.84,1016.40,1008.16,19.88,19.72,19.91,19.96,19.90,19.51,19.88,19.70
34800,990.72,1015.62,1033.60,1021.04,1016.86,1017.26,1016.56,1008.14,19.87,19.71,19.91,19.95,19.90,19.51,19.88,19.69
34920,990.80,1015.64,1033.64,1021.10,1016.58,1017.36,1016.58,1008.22,19.88,19.71,19.91,19.95,19.91,19.52,19.89,19.70
35040,990.72,1015.56,1033.52,1021.16,1016.48,1017.28,1016.52,1008.26,19.87,19.71,19.90,19.95,19.90,19.52,19.88,19.69
35160,990.68,1015.96,1033.48,1021.08,1016.50,1017.14,1016.48,1008.26,19.87,19.70,19.90,19.95,19.90,19.51,19.88,19.68
35280,990.66,1015.88,1033.58,1020.94,1016.76,1017.64,1016.48,1008.22,19.87,19.71,19.90,19.95,19.90,19.51,19.88,19.69
35400,990.72,1015.68,1033.50,1020.92,1016.60,1017.96,1016.40,1008.28,19.87,19.70,19.90,19.94,19.90,19.51,19.88,19.69
35520,990.88,1015.76,1033.60,1020.96,1016.52,1018.00,1016.52,1008.22,19.88,19.71,19.90,19.95,19.90,19.51,19.88,19.69
35640,990.76,1015.86,1033.62,1021.16,1016.54,1018.12,1016.44,1008.22,19.87,19.70,19.90,19.94,19.90,19.51,19.88,19.68
35760,990.88,1015.72,1033.58,1021.16,1016.56,1018.42,1016.36,1008.06,19.86,19.70,19.89,19.94,19.89,19.50,19.87,19.68
35880,990.66,1015.78,1033.54,1021.02,1016.40,1019.88,1016.46,1007.90,19.83,19.67,19.87,19.91,19.87,19.49,19.85,19.64
36000,990.56,1015.82,1033.46,1021.02,1016.42,1020.32,1016.54,1007.84,19.83,19.66,19.86,19.91,19.87,19.48,19.84,19.64
36120,990.56,1015.68,1033.48,1021.08,1016.32,1020.82,1016.40,1007.92,19.83,19.67,19.86,19.91,19.86,19.48,19.84,19.65
36240,990.62,1015.44,1033.40,1021.06,1016.36,1021.42,1016.34,1008.02,19.82,19.66,19.86,19.90,19.86,19.47,19.84,19.64
36360,990.56,1015.44,1033.36,1020.90,1016.24,1021.54,1016.26,1007.94,19.78,19.62,19.83,19.88,19.84,19.45,19.81,19.60
36480,990.50,1015.40,1033.20,1020.72,1016.38,1022.80,1016.18,1008.12,19.76,19.61,19.82,19.86,19.83,19.43,19.79,19.58
36600,990.56,1015.46,1033.18,1020.90,1016.18,1023.32,1016.16,1008.10,19.77,19.61,19.81,19.86,19.82,19.43,19.79,19.59
36720,990.58,1015.54,1033.04,1020.80,1016.20,1023.30,1016.18,1007.88,19.77,19.61,19.81,19.86,19.82,19.43,19.79,19.59
36840,990.62,1015.46,1033.24,1020.82,1015.92,1023.64,1016.34,1007.80,19.75,19.59,19.80,19.85,19.80,19.41,19.77,19.57
36960,990.66,1015.60,1033.34,1020.82,1016.00,1023.74,1016.22,1007.90,19.77,19.60,19.81,19.85,19.80,19.42,19.78,19.58
37080,990.58,1015.90,1033.30,1020.84,1016.04,1023.88,1016.14,1007.88,19.79,19.62,19.82,19.86,19.82,19.43,19.80,19.61
37200,990.70,1015.90,1033.32,1020.88,1015.90,1023.88,1016.26,1008.08,19.79,19.62,19.82,19.87,19.82,19.44,19.81,19.61
37320,990.40,1015.50,1033.16,1020.82,1015.92,1023.74,1016.26,1008.04,19.78,19.61,19.82,19.86,19.81,19.44,19.80,19.60
37440,990.44,1015.50,1033.14,1020.88,1015.98,1023.78,1016.36,1007.98,19.80,19.62,19.82,19.87,19.82,19.44,19.81,19.62
37560,990.48,1015.66,1033.10,1020.80,1015.88,1023.68,1016.32,1007.94,19.81,19.64,19.84,19.88,19.83,19.45,19.82,19.63
37680,990.52,1015.56,1033.02,1020.88,1016.08,1023.68,1016.24,1007.86,19.80,19.62,19.83,19.87,19.82,19.44,19.81,19.62
37800,990.66,1015.68,1033.10,1020.96,1016.06,1023.74,1016.26,1007.82,19.80,19.63,19.83,19.87,19.83,19.44,19.81,19.63
37920,990.70,1015.62,1033.20,1020.84,1015.98,1023.82,1016.34,1007.76,19.82,19.64,19.84,19.88,19.84,19.45,19.83,19.65
38040,990.64,1015.62,1033.16,1020.92,1015.98,1023.84,1016.42,1007.86,19.81,19.64,19.84,19.88,19.84,19.45,19.82,19.64
38160,990.68,1015.54,1033.16,1020.86,1015.90,1023.72,1016.38,1007.84,19.81,19.63,19.83,19.88,19.83,19.45,19.82,19.63
38280,990.76,1015.50,1033.10,1020.94,1015.96,1023.68,1016.44,1007.84,19.81,19.63,19.84,19.88,19.85,19.46,19.83,19.64
38400,990.70,1015.42,1033.14,1020.90,1015.94,1023.64,1016.38,1007.70,19.83,19.65,19.85,19.89,19.86,19.47,19.84,19.66
38520,990.80,1015.50,1033.06,1020.98,1016.00,1023.74,1016.34,1007.64,19.81,19.63,19.84,19.88,19.84,19.45,19.82,19.63
38640,990.82,1015.60,1033.04,1020.88,1015.84,1023.68,1016.40,1007.72,19.80,19.63,19.84,19.88,19.84,19.45,19.82,19.63
38760,990.72,1015.76,1033.04,1020.76,1015.92,1023.76,1016.48,1007.78,19.82,19.64,19.85,19.88,19.84,19.46,19.83,19.65
38880,990.80,1015.60,1032.96,1020.84,1016.00,1023.68,1016.42,1007.84,19.84,19.66,19.86,19.90,19.86,19.47,19.85,19.67
39000,990.88,1015.68,1033.12,1020.76,1015.82,1023.66,1016.42,1007.88,19.84,19.65,19.85,19.89,19.85,19.47,19.84,19.66
39120,990.78,1015.62,1033.14,1021.06,1015.74,1023.68,1016.26,1007.82,19.81,19.64,19.84,19.88,19.83,19.45,19.82,19.64
39240,990.84,1015.56,1033.14,1020.80,1015.70,1023.68,1016.40,1007.68,19.80,19.62,19.83,19.87,19.82,19.43,19.81,19.62
39360,990.88,1015.60,1033.12,1020.82,1015.88,1023.46,1016.36,1007.84,19.82,19.63,19.84,19.88,19.83,19.45,19.82,19.64
39480,990.98,1015.32,1033.06,1020.82,1015.92,1023.66,1016.56,1008.20,19.85,19.66,19.86,19.90,19.86,19.47,19.85,19.68
39600,990.86,1015.48,1033.04,1021.08,1015.96,1023.80,1016.50,1008.10,19.88,19.69,19.88,19.92,19.88,19.50,19.88,19.71
39720,990.92,1015.36,1032.96,1021.02,1015.82,1023.66,1016.70,1007.86,19.86,19.68,19.88,19.92,19.88,19.50,19.87,19.69
39840,990.90,1015.66,1032.94,1021.00,1015.82,1023.74,1016.90,1007.90,19.85,19.67,19.88,19.91,19.87,19.50,19.87,19.68
39960,990.96,1015.68,1032.90,1021.14,1015.96,1023.64,1016.86,1007.96,19.87,19.68,19.88,19.92,19.88,19.51,19.88,19.70
40080,990.90,1015.54,1033.12,1021.08,1015.90,1023.68,1016.84,1007.88,19.89,19.70,19.90,19.94,19.90,19.52,19.90,19.72
40200,991.06,1015.50,1033.08,1021.12,1015.96,1023.66,1016.94,1008.16,19.90,19.71,19.91,19.95,19.91,19.53,19.91,19.73
40320,991.04,1015.58,1033.02,1021.20,1015.96,1023.72,1016.90,1008.14,19.90,19.71,19.91,19.95,19.91,19.53,19.91,19.73
40440,991.08,1015.64,1032.92,1021.14,1015.80,1023.68,1016.82,1008.12,19.87,19.69,19.90,19.94,19.89,19.51,19.89,19.71
40560,990.90,1015.60,1033.04,1021.24,1015.70,1023.72,1016.92,1008.14,19.88,19.70,19.90,19.94,19.90,19.52,19.89,19.71
40680,991.00,1015.58,1033.18,1021.22,1015.74,1023.78,1017.02,1008.06,19.89,19.71,19.92,19.95,19.91,19.54,19.91,19.73
40800,990.98,1015.40,1033.26,1021.10,1015.86,1023.78,1016.90,1008.08,19.91,19.72,19.93,19.96,19.92,19.54,19.92,19.74
40920,990.98,1015.56,1033.08,1021.24,1015.78,1023.66,1017.00,1008.16,19.90,19.72,19.92,19.95,19.91,19.54,19.91,19.73
41040,991.00,1015.52,1033.06,1021.16,1015.66,1023.62,1016.94,1007.88,19.88,19.70,19.90,19.94,19.90,19.53,19.89,19.71
41160,991.08,1015.64,1032.94,1021.10,1015.68,1023.66,1016.94,1007.94,19.87,19.69,19.90,19.94,19.90,19.53,19.89,19.71
41280,991.30,1015.56,1033.10,1021.16,1015.80,1023.82,1016.84,1008.14,19.89,19.71,19.91,19.95,19.91,19.54,19.91,19.72
41400,991.20,1015.70,1033.00,1021.20,1015.80,1023.84,1016.96,1008.16,19.90,19.72,19.93,19.96,19.93,19.55,19.92,19.75
41520,991.32,1015.68,1032.92,1021.22,1015.78,1023.80,1016.96,1008.16,19.92,19.73,19.93,19.97,19.93,19.56,19.93,19.76
41640,991.28,1015.74,1033.00,1021.22,1015.94,1023.80,1017.08,1008.08,19.91,19.72,19.93,19.96,19.93,19.56,19.93,19.75
41760,991.28,1015.68,1033.00,1021.34,1015.86,1023.70,1016.94,1008.12,19.88,19.70,19.90,19.94,19.91,19.54,19.90,19.71
41880,991.24,1015.54,1033.10,1021.38,1015.76,1023.62,1016.76,1008.08,19.87,19.68,19.89,19.93,19.89,19.52,19.88,19.70
42000,991.28,1015.58,1033.10,1021.08,1015.82,1023.66,1016.92,1008.06,19.87,19.68,19.89,19.93,19.89,19.52,19.89,19.70
42120,991.28,1015.54,1033.14,1021.24,1015.50,1023.72,1017.00,1008.10,19.87,19.69,19.90,19.93,19.90,19.53,19.90,19.71
42240,991.38,1015.58,1033.06,1021.10,1015.80,1023.58,1017.00,1008.24,19.87,19.68,19.89,19.93,19.90,19.52,19.89,19.71
42360,991.42,1015.60,1032.92,1020.94,1015.68,1023.68,1017.04,1008.26,19.87,19.68,19.89,19.93,19.90,19.52,19.89,19.71
42480,991.34,1015.50,1032.90,1021.14,1015.72,1023.58,1016.98,1008.26,19.86,19.68,19.89,19.93,19.89,19.52,19.89,19.70
42600,991.40,1015.52,1033.02,1021.28,1015.46,1023.50,1016.82,1008.26,19.86,19.67,19.88,19.92,19.89,19.51,19.88,19.70
42720,991.38,1015.58,1033.06,1021.24,1015.42,1023.52,1016.80,1008.22,19.85,19.67,19.88,19.92,19.88,19.50,19.87,19.69
42840,991.32,1015.62,1033.22,1021.20,1015.42,1023.44,1016.82,1008.30,19.85,19.67,19.88,19.92,19.88,19.50,19.87,19.69
42960,991.40,1015.46,1033.02,1021.16,1015.46,1023.54,1016.84,1008.04,19.84,19.66,19.87,19.91,19.87,19.50,19.87,19.68
43080,991.30,1015.38,1033.12,1021.28,1015.42,1023.48,1016.88,1008.08,19.85,19.66,19.87,19.91,19.87,19.50,19.86,19.68
43200,991.22,1015.36,1033.04,1021.16,1015.54,1023.42,1016.76,1007.98,19.83,19.66,19.87,19.90,19.86,19.49,19.86,19.68
43320,991.42,1015.48,1033.12,1021.24,1015.32,1023.64,1016.84,1008.02,19.83,19.65,19.86,19.89,19.86,19.49,19.85,19.67
43440,991.40,1015.40,1033.16,1021.30,1015.38,1023.42,1016.76,1008.12,19.83,19.65,19.85,19.89,19.85,19.49,19.84,19.67
43560,991.42,1015.44,1033.22,1021.18,1015.52,1023.44,1016.74,1008.10,19.85,19.66,19.86,19.90,19.86,19.50,19.86,19.68
43680,991.30,1015.38,1033.00,1021.16,1015.30,1023.44,1016.68,1008.06,19.84,19.66,19.86,19.90,19.87,19.50,19.86,19.68
43800,991.30,1015.50,1033.02,1021.10,1015.38,1023.38,1016.88,1008.04,19.83,19.64,19.85,19.89,19.85,19.49,19.85,19.66
43920,991.26,1015.58,1032.82,1021.14,1015.38,1023.34,1016.84,1007.94,19.82,19.64,19.85,19.89,19.85,19.48,19.84,19.66
44040,991.26,1015.64,1032.88,1021.32,1015.34,1023.30,1016.86,1008.04,19.84,19.65,19.85,19.90,19.86,19.50,19.85,19.67
44160,991.38,1015.56,1032.92,1021.06,1015.34,1023.20,1016.74,1007.92,19.84,19.65,19.85,19.89,19.85,19.49,19.85,19.66
44280,991.42,1015.56,1032.92,1021.12,1015.26,1023.40,1016.64,1007.86,19.81,19.63,19.84,19.88,19.84,19.47,19.83,19.65
44400,991.26,1015.58,1032.86,1021.38,1015.38,1023.20,1016.74,1007.94,19.80,19.62,19.83,19.87,19.83,19.47,19.82,19.64
44520,991.22,1015.62,1032.70,1021.28,1015.38,1023.24,1016.66,1007.94,19.82,19.63,19.84,19.87,19.84,19.48,19.84,19.65
44640,991.32,1015.60,1032.94,1021.22,1015.48,1023.24,1016.78,1007.82,19.82,19.64,19.85,19.88,19.85,19.48,19.84,19.66
44760,991.34,1015.58,1032.98,1021.04,1015.34,1023.20,1016.80,1007.70,19.83,19.65,19.85,19.89,19.85,19.48,19.84,19.67
44880,991.44,1015.58,1033.02,1021.24,1015.30,1023.22,1016.70,1007.72,19.82,19.64,19.84,19.88,19.84,19.48,19.84,19.66
45000,991.36,1015.68,1032.88,1021.12,1015.12,1023.26,1016.74,1007.94,19.80,19.62,19.83,19.87,19.83,19.47,19.82,19.64
45120,991.34,1015.62,1032.90,1021.06,1015.14,1023.20,1016.64,1007.84,19.78,19.61,19.82,19.87,19.82,19.46,19.81,19.62
45240,991.36,1015.56,1032.96,1021.18,1015.08,1023.20,1016.58,1007.84,19.78,19.60,19.82,19.86,19.82,19.46,19.80,19.61
45360,991.34,1015.54,1032.94,1021.18,1015.12,1023.28,1016.62,1007.64,19.78,19.60,19.82,19.86,19.82,19.46,19.80,19.62
45480,991.30,1015.54,1033.00,1021.08,1015.00,1023.20,1016.56,1007.74,19.77,19.60,19.81,19.85,19.81,19.45,19.79,19.61
45600,991.36,1015.40,1032.98,1021.18,1015.08,1023.28,1016.56,1007.86,19.77,19.59,19.80,19.85,19.81,19.44,19.79,19.61
45720,991.40,1015.40,1033.00,1021.08,1014.92,1023.36,1016.62,1007.88,19.77,19.60,19.80,19.84,19.80,19.44,19.79,19.61
45840,991.20,1015.34,1033.06,1021.20,1014.98,1023.28,1016.66,1007.74,19.77,19.59,19.79,19.84,19.79,19.43,19.78,19.61
45960,991.18,1015.34,1033.00,1021.18,1015.08,1023.34,1016.52,1007.70,19.77,19.59,19.79,19.84,19.79,19.43,19.79,19.61
46080,991.22,1015.26,1032.94,1021.24,1015.04,1023.22,1016.52,1007.62,19.77,19.59,19.79,19.84,19.79,19.43,19.79,19.61
46200,991.30,1015.22,1032.98,1021.12,1015.02,1023.22,1016.54,1007.60,19.76,19.59,19.79,19.84,19.79,19.43,19.78,19.60
46320,991.24,1015.36,1032.92,1021.14,1014.96,1023.26,1016.62,1007.78,19.76,19.58,19.79,19.83,19.78,19.42,19.78,19.60
46440,991.24,1015.48,1032.90,1021.12,1014.84,1023.16,1016.60,1007.80,19.76,19.58,19.78,19.83,19.78,19.42,19.77,19.60
46560,991.30,1015.40,1033.06,1021.08,1014.84,1023.06,1016.66,1007.72,19.74,19.57,19.78,19.82,19.77,19.42,19.76,19.58
46680,991.26,1015.28,1032.92,1021.00,1014.74,1023.08,1016.64,1007.64,19.74,19.56,19.77,19.81,19.76,19.41,19.76,19.58
46800,991.34,1015.46,1032.88,1021.08,1014.82,1023.00,1016.46,1007.72,19.73,19.56,19.77,19.81,19.76,19.41,19.76,19.58
46920,991.30,1015.44,1032.92,1020.84,1014.92,1023.04,1016.48,1007.54,19.74,19.56,19.77,19.81,19.77,19.41,19.76,19.58
47040,991.16,1015.42,1032.90,1021.04,1014.84,1023.24,1016.54,1007.56,19.74,19.57,19.77,19.81,19.77,19.40,19.76,19.58
47160,991.38,1015.42,1032.86,1021.04,1014.82,1023.06,1016.44,1007.68,19.76,19.59,19.78,19.82,19.78,19.42,19.78,19.61
47280,991.34,1015.42,1032.92,1021.10,1014.94,1023.18,1016.58,1007.76,19.77,19.59,19.79,19.83,19.79,19.44,19.78,19.62
47400,991.22,1015.46,1032.90,1020.98,1014.92,1023.14,1016.54,1007.76,19.76,19.59,19.79,19.83,19.79,19.43,19.78,19.62
47520,991.30,1015.50,1032.82,1021.16,1014.86,1023.14,1016.58,1007.78,19.77,19.59,19.79,19.83,19.79,19.44,19.78,19.61
47640,991.26,1015.42,1032.84,1021.14,1014.92,1023.10,1016.60,1007.88,19.77,19.59,19.79,19.83,19.79,19.44,19.79,19.62
47760,991.36,1015.56,1032.78,1021.16,1014.68,1023.02,1016.64,1007.70,19.79,19.60,19.80,19.84,19.80,19.45,19.80,19.64
47880,991.32,1015.48,1032.66,1021.34,1015.04,1023.12,1016.84,1007.78,19.82,19.64,19.83,19.87,19.83,19.48,19.83,19.67
48000,991.42,1015.36,1032.96,1021.50,1015.14,1023.16,1017.02,1007.84,19.85,19.66,19.85,19.89,19.85,19.50,19.86,19.71
48120,991.44,1015.42,1033.06,1021.38,1015.06,1023.24,1017.14,1007.82,19.88,19.70,19.88,19.92,19.88,19.53,19.88,19.73
48240,991.56,1015.58,1033.12,1021.32,1015.10,1023.28,1017.16,1008.02,19.90,19.72,19.90,19.93,19.90,19.55,19.91,19.76
48360,991.58,1015.54,1033.06,1021.38,1015.24,1023.44,1017.10,1007.94,19.92,19.73,19.92,19.95,19.91,19.56,19.92,19.77
48480,991.74,1015.62,1033.18,1021.46,1015.16,1023.42,1017.22,1007.84,19.94,19.74,19.93,19.96,19.92,19.58,19.94,19.79
48600,991.76,1015.56,1033.10,1021.56,1015.34,1023.34,1017.28,1007.82,19.96,19.77,19.95,19.98,19.94,19.59,19.95,19.81
48720,991.78,1015.60,1033.18,1021.62,1015.36,1023.54,1017.40,1008.02,19.97,19.77,19.96,19.99,19.95,19.60,19.96,19.82
48840,991.80,1015.62,1033.22,1021.60,1015.44,1023.56,1017.22,1007.90,19.98,19.79,19.97,20.00,19.96,19.61,19.98,19.83
48960,991.88,1015.82,1033.34,1021.50,1015.48,1023.62,1017.46,1008.02,19.99,19.80,19.98,20.00,19.97,19.63,19.99,19.85
49080,991.80,1015.74,1033.14,1021.54,1015.40,1023.62,1017.54,1007.98,19.99,19.80,19.98,20.01,19.98,19.64,19.99,19.85
49200,992.00,1015.82,1033.06,1021.98,1015.40,1023.74,1017.50,1008.08,19.99,19.81,19.99,20.01,19.99,19.65,20.00,19.85
49320,992.04,1016.04,1033.16,1021.90,1015.48,1023.64,1017.48,1008.16,19.99,19.81,19.99,20.02,19.99,19.64,20.00,19.86
49440,992.00,1015.98,1033.04,1021.76,1015.34,1023.60,1017.58,1008.06,19.99,19.80,19.99,20.01,19.99,19.64,20.00,19.85
49560,992.08,1015.96,1033.10,1021.76,1015.24,1023.26,1017.50,1008.04,19.94,19.77,19.96,20.00,19.96,19.62,19.96,19.80
49680,992.00,1015.86,1033.16,1021.70,1015.36,1023.36,1017.32,1008.10,19.92,19.75,19.94,19.98,19.94,19.60,19.94,19.78
49800,991.98,1015.84,1033.12,1021.76,1015.14,1023.26,1017.28,1008.06,19.92,19.75,19.94,19.97,19.93,19.59,19.93,19.78
49920,992.00,1015.86,1033.14,1021.66,1015.12,1023.24,1017.34,1008.12,19.93,19.76,19.94,19.97,19.93,19.59,19.94,19.79
50040,992.06,1015.84,1033.10,1021.92,1015.28,1023.34,1017.28,1008.10,19.93,19.76,19.95,19.98,19.94,19.59,19.94,19.80
50160,992.04,1015.88,1033.24,1021.84,1015.08,1023.38,1017.34,1008.22,19.93,19.76,19.95,19.98,19.94,19.60,19.95,19.80
50280,992.00,1015.94,1033.36,1021.86,1015.22,1023.34,1017.34,1008.04,19.93,19.76,19.94,19.97,19.93,19.60,19.94,19.79
50400,992.04,1015.76,1033.16,1021.76,1015.20,1023.30,1017.24,1007.98,19.93,19.75,19.94,19.97,19.93,19.59,19.94,19.79
50520,992.04,1015.78,1033.20,1021.72,1015.02,1023.32,1017.24,1008.06,19.91,19.74,19.92,19.96,19.92,19.59,19.93,19.77
50640,992.14,1015.60,1032.98,1021.56,1014.98,1023.26,1017.40,1008.02,19.90,19.74,19.92,19.96,19.91,19.57,19.92,19.77
50760,992.14,1015.58,1033.06,1021.68,1015.04,1023.26,1017.40,1008.00,19.89,19.72,19.91,19.95,19.91,19.57,19.91,19.76
50880,992.06,1015.64,1033.04,1021.82,1014.60,1023.28,1017.36,1008.06,19.89,19.73,19.91,19.95,19.91,19.57,19.91,19.76
51000,992.10,1015.56,1033.14,1021.74,1014.74,1023.18,1017.20,1008.16,19.89,19.73,19.91,19.95,19.91,19.56,19.91,19.76
51120,991.98,1015.74,1032.92,1021.56,1014.84,1023.34,1017.16,1008.16,19.89,19.73,19.91,19.94,19.90,19.57,19.91,19.76
51240,992.14,1015.72,1033.08,1021.62,1014.74,1023.28,1017.18,1008.18,19.88,19.71,19.90,19.93,19.89,19.56,19.91,19.76
51360,992.14,1015.78,1033.10,1021.56,1014.74,1023.24,1017.16,1008.28,19.88,19.72,19.90,19.93,19.90,19.56,19.91,19.75
51480,992.06,1015.82,1033.08,1021.60,1014.74,1023.34,1017.34,1008.08,19.88,19.71,19.90,19.93,19.89,19.56,19.89,19.75
51600,992.14,1015.66,1033.02,1021.62,1014.66,1023.12,1017.28,1008.06,19.88,19.72,19.90,19.93,19.89,19.56,19.90,19.75
51720,992.12,1015.64,1033.02,1021.72,1014.74,1023.30,1017.34,1008.10,19.88,19.72,19.90,19.93,19.89,19.56,19.90,19.75
51840,992.08,1015.64,1033.16,1021.62,1014.74,1023.20,1017.22,1008.06,19.88,19.73,19.90,19.93,19.90,19.56,19.91,19.76
51960,992.10,1015.64,1033.08,1021.62,1014.84,1023.26,1017.26,1008.08,19.89,19.73,19.91,19.94,19.90,19.57,19.91,19.76
52080,992.16,1015.88,1033.10,1021.56,1014.52,1023.34,1017.24,1008.16,19.88,19.73,19.91,19.94,19.90,19.57,19.91,19.76
52200,992.12,1015.86,1033.12,1021.60,1014.60,1023.14,1017.40,1008.06,19.88,19.72,19.90,19.93,19.90,19.57,19.91,19.76
52320,992.02,1015.74,1033.16,1021.62,1014.64,1023.04,1017.38,1007.96,19.88,19.72,19.90,19.94,19.89,19.57,19.91,19.76
52440,992.12,1015.82,1033.32,1021.52,1014.68,1023.14,1017.42,1007.96,19.87,19.72,19.90,19.93,19.89,19.56,19.90,19.75
52560,992.14,1015.86,1033.28,1021.60,1014.62,1023.40,1017.32,1007.86,19.87,19.72,19.89,19.93,19.89,19.56,19.89,19.74
52680,992.08,1015.78,1033.12,1021.66,1014.90,1023.46,1017.34,1007.98,19.87,19.72,19.89,19.93,19.89,19.56,19.90,19.75
52800,992.36,1015.74,1033.24,1021.68,1015.04,1023.56,1017.38,1008.02,19.90,19.75,19.92,19.95,19.92,19.59,19.92,19.78
52920,992.32,1015.88,1033.24,1021.88,1015.16,1023.48,1017.40,1008.14,19.94,19.79,19.96,19.99,19.96,19.63,19.97,19.83
53040,992.44,1015.90,1033.16,1021.84,1015.32,1023.38,1017.76,1008.14,20.00,19.84,20.00,20.03,20.00,19.68,20.01,19.88
53160,992.50,1015.96,1033.34,1021.78,1015.48,1023.58,1017.96,1008.26,20.04,19.88,20.04,20.07,20.03,19.72,20.04,19.94
53280,992.48,1016.00,1033.22,1022.24,1015.78,1023.74,1018.32,1008.18,20.09,19.92,20.08,20.11,20.08,19.76,20.09,19.99
53400,992.74,1016.14,1033.22,1022.26,1015.82,1023.76,1018.30,1008.44,20.13,19.96,20.11,20.15,20.11,19.80,20.13,20.01
53520,992.80,1016.24,1033.50,1022.18,1015.82,1023.86,1018.34,1008.34,20.16,19.99,20.14,20.17,20.14,19.83,20.16,20.05
53640,992.94,1016.32,1033.66,1022.24,1015.98,1023.94,1018.42,1008.46,20.20,20.01,20.17,20.20,20.17,19.86,20.18,20.07
53760,992.92,1016.42,1033.80,1022.32,1016.12,1023.98,1018.56,1008.56,20.21,20.04,20.19,20.23,20.19,19.88,20.20,20.09
53880,992.94,1016.42,1033.88,1022.42,1016.24,1023.92,1018.72,1008.66,20.23,20.06,20.21,20.24,20.21,19.90,20.22,20.12
54000,993.06,1016.34,1033.88,1022.48,1016.28,1023.86,1018.78,1008.76,20.25,20.07,20.23,20.26,20.23,19.92,20.23,20.13
54120,993.52,1016.56,1033.94,1022.60,1016.38,1024.00,1018.80,1008.72,20.26,20.09,20.24,20.27,20.24,19.93,20.24,20.14
54240,993.56,1016.46,1034.04,1022.58,1016.40,1024.02,1019.04,1009.00,20.28,20.11,20.26,20.29,20.26,19.95,20.26,20.16
54360,993.52,1016.46,1033.98,1022.56,1016.52,1023.94,1019.00,1008.96,20.30,20.13,20.28,20.30,20.27,19.97,20.28,20.18
54480,993.60,1016.46,1034.08,1022.74,1016.66,1024.14,1019.06,1009.00,20.32,20.15,20.30,20.32,20.29,19.99,20.30,20.21
54600,993.68,1016.52,1034.08,1022.86,1016.78,1024.14,1018.98,1009.00,20.34,20.17,20.32,20.34,20.31,20.00,20.31,20.23
54720,993.78,1016.68,1034.26,1022.90,1016.92,1024.10,1019.30,1009.00,20.36,20.19,20.33,20.35,20.33,20.01,20.33,20.24
54840,993.68,1016.74,1034.38,1023.06,1016.90,1024.36,1019.24,1009.02,20.38,20.22,20.35,20.38,20.35,20.03,20.35,20.27
54960,993.72,1016.90,1034.22,1023.10,1017.12,1024.40,1019.34,1009.18,20.39,20.23,20.37,20.40,20.36,20.05,20.37,20.28
55080,993.82,1016.88,1034.44,1023.22,1017.02,1024.56,1019.50,1009.18,20.42,20.25,20.38,20.42,20.39,20.08,20.39,20.31
55200,994.00,1016.82,1034.52,1023.28,1017.12,1024.76,1019.68,1009.32,20.44,20.27,20.41,20.44,20.41,20.09,20.41,20.33
55320,994.06,1016.90,1034.64,1023.40,1017.14,1024.72,1019.68,1009.28,20.47,20.30,20.43,20.45,20.43,20.11,20.43,20.36
55440,994.10,1017.02,1034.52,1023.48,1017.16,1024.76,1019.80,1009.38,20.50,20.32,20.45,20.48,20.45,20.14,20.45,20.39
55560,994.28,1017.12,1034.64,1023.54,1017.30,1024.74,1019.86,1009.52,20.54,20.35,20.48,20.52,20.49,20.18,20.49,20.43
55680,994.42,1017.20,1034.60,1023.78,1017.54,1024.88,1020.22,1009.64,20.57,20.39,20.52,20.55,20.53,20.21,20.53,20.46
55800,994.52,1017.38,1034.76,1023.58,1017.70,1024.92,1020.36,1009.62,20.60,20.43,20.55,20.58,20.57,20.24,20.56,20.50
55920,994.64,1017.38,1035.00,1023.92,1017.82,1024.94,1020.56,1009.98,20.63,20.45,20.58,20.61,20.60,20.27,20.59,20.53
56040,994.74,1017.38,1035.08,1023.80,1018.12,1024.92,1020.64,1009.88,20.67,20.48,20.61,20.64,20.63,20.31,20.63,20.57
56160,994.82,1017.54,1035.14,1023.88,1018.08,1025.02,1020.74,1009.90,20.70,20.51,20.64,20.67,20.66,20.35,20.66,20.60
56280,995.02,1017.58,1035.08,1024.00,1018.30,1025.14,1020.98,1009.94,20.72,20.54,20.67,20.70,20.70,20.38,20.70,20.63
56400,995.12,1017.64,1035.22,1024.22,1018.60,1025.26,1020.96,1010.10,20.75,20.57,20.70,20.73,20.74,20.42,20.73,20.66
56520,995.08,1017.74,1035.30,1024.28,1018.64,1025.56,1021.16,1010.36,20.78,20.60,20.73,20.77,20.78,20.47,20.77,20.69
56640,995.32,1017.76,1035.32,1024.38,1018.82,1025.60,1021.44,1010.46,20.81,20.63,20.76,20.80,20.81,20.49,20.80,20.73
56760,995.44,1017.94,1035.44,1024.48,1019.02,1025.68,1021.44,1010.60,20.84,20.66,20.80,20.84,20.85,20.53,20.83,20.77
56880,995.44,1018.12,1035.68,1024.62,1019.38,1025.80,1021.72,1010.56,20.88,20.70,20.84,20.88,20.89,20.57,20.88,20.80
57000,995.72,1018.24,1035.66,1024.64,1019.50,1025.82,1021.86,1010.92,20.93,20.75,20.88,20.92,20.94,20.61,20.92,20.85
57120,995.94,1018.30,1035.80,1024.80,1019.58,1025.90,1021.90,1010.98,20.96,20.78,20.91,20.94,20.95,20.63,20.95,20.89
57240,995.76,1018.38,1035.84,1024.86,1019.54,1025.88,1022.00,1010.90,20.97,20.80,20.92,20.95,20.96,20.64,20.96,20.90
57360,996.08,1018.52,1036.08,1024.98,1019.48,1025.94,1022.00,1010.92,20.99,20.82,20.94,20.97,20.97,20.65,20.97,20.91
57480,996.16,1018.48,1036.08,1025.04,1019.58,1026.06,1022.32,1011.14,21.02,20.86,20.98,21.00,21.01,20.68,21.00,20.94
57600,996.30,1018.52,1036.24,1025.26,1019.98,1026.42,1022.54,1011.28,21.07,20.91,21.02,21.05,21.06,20.72,21.05,21.00
57720,996.20,1018.70,1036.56,1025.34,1020.36,1026.54,1022.68,1011.54,21.12,20.95,21.07,21.10,21.11,20.78,21.10,21.06
57840,996.86,1018.66,1036.52,1025.62,1020.58,1026.78,1022.94,1011.48,21.17,21.00,21.13,21.14,21.16,20.83,21.15,21.10
57960,996.90,1018.84,1036.66,1025.68,1020.64,1026.92,1022.88,1011.76,21.21,21.05,21.16,21.18,21.20,20.87,21.19,21.15
58080,996.98,1019.10,1036.74,1025.66,1020.78,1026.96,1023.10,1011.94,21.21,21.06,21.18,21.20,21.21,20.88,21.20,21.15
58200,997.00,1018.90,1036.76,1025.80,1020.44,1026.90,1023.16,1011.98,21.19,21.04,21.16,21.18,21.18,20.85,21.17,21.12
58320,997.00,1018.94,1036.76,1025.80,1020.34,1026.66,1022.92,1011.98,21.13,21.00,21.11,21.13,21.12,20.80,21.12,21.05
58440,997.14,1018.94,1036.86,1025.76,1020.06,1026.60,1022.60,1012.00,21.06,20.94,21.06,21.07,21.07,20.74,21.06,20.99
58560,996.94,1018.86,1036.76,1025.84,1019.68,1026.60,1022.44,1011.76,20.99,20.87,20.99,21.01,21.00,20.68,21.00,20.91
58680,996.92,1018.80,1036.78,1025.94,1019.30,1026.48,1022.04,1011.68,20.91,20.80,20.95,20.96,20.93,20.61,20.94,20.85
58800,996.76,1018.64,1036.80,1025.76,1018.90,1026.48,1021.62,1011.62,20.85,20.75,20.89,20.90,20.87,20.56,20.88,20.78
58920,996.58,1018.76,1036.90,1025.66,1018.88,1026.48,1021.40,1011.54,20.79,20.69,20.83,20.84,20.81,20.50,20.82,20.71
59040,996.54,1018.62,1036.60,1025.70,1018.72,1026.20,1021.32,1011.48,20.74,20.65,20.78,20.81,20.77,20.45,20.78,20.67
59160,996.28,1018.42,1036.54,1025.42,1018.64,1026.18,1021.18,1011.58,20.70,20.61,20.74,20.76,20.72,20.40,20.73,20.63
59280,996.40,1018.32,1036.38,1025.42,1018.52,1026.10,1021.04,1011.52,20.67,20.58,20.71,20.72,20.69,20.37,20.70,20.60
59400,996.38,1018.24,1036.38,1025.44,1018.14,1026.26,1020.78,1011.46,20.63,20.54,20.67,20.69,20.65,20.33,20.66,20.55
59520,996.24,1018.14,1036.34,1025.48,1018.10,1026.08,1020.70,1011.34,20.60,20.51,20.64,20.66,20.63,20.31,20.63,20.52
59640,996.20,1017.82,1036.24,1025.54,1017.76,1025.84,1020.30,1011.24,20.56,20.48,20.61,20.63,20.58,20.27,20.59,20.47
59760,996.20,1017.88,1036.10,1025.38,1017.66,1026.00,1020.12,1011.22,20.52,20.45,20.58,20.61,20.56,20.25,20.56,20.45
59880,996.22,1017.90,1036.10,1025.16,1017.56,1025.90,1020.20,1011.08,20.49,20.41,20.56,20.58,20.53,20.22,20.53,20.41
60000,996.06,1017.72,1036.02,1025.30,1017.58,1025.88,1020.26,1011.10,20.48,20.41,20.54,20.57,20.54,20.22,20.53,20.41
60120,996.00,1017.78,1036.06,1025.12,1017.46,1025.74,1020.18,1010.96,20.46,20.39,20.53,20.55,20.54,20.21,20.53,20.41
60240,996.08,1017.64,1036.06,1025.00,1017.44,1025.82,1020.26,1011.00,20.45,20.38,20.52,20.54,20.53,20.20,20.52,20.40
60360,996.14,1017.50,1036.08,1024.86,1017.64,1025.88,1020.12,1011.14,20.44,20.37,20.51,20.53,20.51,20.18,20.51,20.41
60480,996.12,1017.44,1035.98,1025.00,1017.26,1025.82,1020.26,1010.86,20.43,20.36,20.50,20.52,20.49,20.17,20.50,20.41
60600,996.18,1017.38,1035.96,1025.06,1017.42,1025.88,1020.22,1011.00,20.43,20.36,20.50,20.52,20.48,20.16,20.51,20.42
60720,996.24,1017.36,1036.00,1025.02,1017.38,1025.80,1020.36,1011.04,20.47,20.39,20.52,20.53,20.50,20.19,20.53,20.45
60840,996.32,1017.26,1035.84,1025.04,1017.48,1025.72,1020.14,1011.12,20.50,20.41,20.53,20.55,20.51,20.20,20.52,20.46
60960,996.32,1017.28,1035.94,1025.16,1017.48,1025.96,1020.32,1011.14,20.52,20.43,20.55,20.57,20.53,20.22,20.54,20.46
61080,996.26,1017.48,1036.06,1025.18,1017.54,1026.26,1020.22,1011.14,20.53,20.44,20.57,20.59,20.55,20.24,20.56,20.46
61200,996.26,1017.40,1036.08,1025.18,1017.70,1026.34,1020.48,1011.24,20.54,20.48,20.59,20.61,20.57,20.26,20.58,20.48
61320,996.54,1017.30,1036.08,1025.22,1017.74,1026.36,1020.60,1011.30,20.55,20.50,20.61,20.63,20.59,20.28,20.60,20.50
61440,996.56,1017.38,1036.04,1025.24,1018.04,1026.22,1020.88,1011.24,20.58,20.53,20.64,20.65,20.62,20.31,20.63,20.52
61560,996.78,1017.50,1036.20,1025.28,1017.94,1026.24,1020.76,1011.40,20.59,20.53,20.65,20.66,20.63,20.32,20.64,20.53
61680,996.80,1017.56,1036.18,1025.28,1017.94,1026.40,1021.06,1011.42,20.61,20.55,20.67,20.69,20.65,20.35,20.66,20.55
61800,996.80,1017.40,1036.54,1025.36,1018.16,1026.42,1021.06,1011.52,20.63,20.57,20.69,20.71,20.67,20.37,20.68,20.57
61920,996.94,1017.30,1036.42,1025.32,1018.18,1026.56,1021.04,1011.48,20.63,20.58,20.70,20.72,20.69,20.38,20.69,20.57
62040,996.94,1017.28,1036.40,1025.54,1018.24,1026.56,1021.02,1011.48,20.63,20.58,20.70,20.72,20.69,20.39,20.69,20.57
62160,996.94,1017.30,1036.56,1025.58,1018.28,1026.48,1021.06,1011.52,20.64,20.60,20.72,20.74,20.71,20.41,20.71,20.58
62280,996.88,1017.36,1036.66,1025.56,1018.38,1026.56,1021.08,1011.50,20.64,20.60,20.72,20.74,20.72,20.41,20.71,20.57
62400,997.00,1017.58,1036.56,1025.50,1018.50,1026.42,1021.04,1011.56,20.65,20.62,20.74,20.76,20.74,20.43,20.72,20.58
62520,996.92,1017.48,1036.70,1025.70,1018.36,1026.70,1021.28,1011.64,20.66,20.63,20.75,20.77,20.75,20.44,20.73,20.60
62640,997.22,1017.46,1036.76,1025.78,1018.38,1026.56,1021.40,1011.60,20.68,20.65,20.77,20.79,20.77,20.46,20.75,20.62
62760,997.16,1017.58,1036.72,1025.82,1018.60,1026.64,1021.46,1011.70,20.70,20.67,20.78,20.80,20.79,20.48,20.77,20.63
62880,997.22,1017.28,1036.80,1025.88,1018.60,1026.94,1021.34,1011.84,20.72,20.70,20.81,20.83,20.81,20.50,20.79,20.67
63000,997.42,1017.48,1036.84,1025.80,1018.68,1026.86,1021.32,1011.84,20.74,20.71,20.83,20.85,20.82,20.52,20.81,20.68
63120,997.50,1017.46,1036.98,1026.04,1018.86,1026.90,1021.42,1011.92,20.76,20.73,20.84,20.86,20.84,20.53,20.82,20.70
63240,997.40,1017.48,1036.90,1025.88,1018.88,1026.94,1021.54,1011.98,20.76,20.74,20.85,20.87,20.85,20.53,20.82,20.70
63360,997.56,1017.52,1036.96,1025.98,1018.92,1027.04,1021.58,1011.98,20.78,20.75,20.86,20.88,20.87,20.56,20.84,20.72
63480,997.62,1017.56,1037.12,1025.94,1019.14,1027.08,1021.88,1012.22,20.80,20.77,20.88,20.91,20.89,20.58,20.86,20.75
63600,997.74,1017.44,1037.06,1026.00,1019.20,1027.02,1021.90,1012.24,20.82,20.79,20.90,20.92,20.91,20.60,20.89,20.78
63720,997.72,1017.34,1037.10,1026.18,1019.26,1027.22,1021.94,1012.16,20.84,20.81,20.92,20.94,20.94,20.62,20.91,20.80
63840,997.78,1017.44,1037.18,1026.34,1019.28,1027.38,1022.24,1012.36,20.87,20.84,20.94,20.96,20.96,20.65,20.94,20.83
63960,997.74,1017.50,1037.32,1026.34,1019.62,1027.38,1022.44,1012.38,20.92,20.89,20.99,21.02,21.01,20.71,20.99,20.88
64080,998.10,1017.48,1037.30,1026.56,1019.74,1027.54,1022.64,1012.70,20.98,20.95,21.04,21.06,21.06,20.75,21.04,20.94
64200,998.22,1017.58,1037.52,1026.54,1019.80,1027.60,1022.72,1012.76,21.00,20.97,21.06,21.08,21.07,20.77,21.05,20.95
64320,998.24,1017.72,1037.48,1026.54,1019.96,1027.52,1022.62,1012.60,20.98,20.95,21.06,21.08,21.06,20.76,21.05,20.94
64440,998.06,1017.74,1037.62,1026.68,1019.76,1027.48,1022.50,1012.66,20.97,20.94,21.04,21.06,21.04,20.74,21.03,20.92
64560,997.98,1017.80,1037.64,1026.76,1019.56,1027.58,1022.38,1012.64,20.95,20.93,21.03,21.05,21.02,20.73,21.01,20.90
64680,998.22,1017.60,1037.72,1026.74,1019.60,1027.52,1022.46,1012.66,20.95,20.94,21.04,21.06,21.03,20.73,21.02,20.91
64800,998.12,1017.78,1037.68,1027.02,1019.56,1027.72,1022.66,1012.66,20.96,20.95,21.05,21.07,21.05,20.75,21.03,20.91
64920,998.22,1017.98,1037.70,1027.08,1019.76,1027.70,1022.68,1012.64,20.97,20.97,21.07,21.09,21.06,20.76,21.04,20.92
65040,998.40,1017.72,1037.52,1026.96,1019.86,1027.80,1022.58,1012.74,20.96,20.96,21.07,21.09,21.07,20.76,21.04,20.91
65160,998.46,1017.70,1037.82,1027.08,1019.70,1027.66,1022.60,1012.58,20.97,20.97,21.07,21.10,21.08,20.78,21.05,20.93
65280,998.50,1017.72,1037.88,1027.06,1019.80,1027.78,1022.58,1012.66,20.97,20.97,21.07,21.09,21.08,20.78,21.06,20.92
65400,998.38,1017.60,1038.02,1027.12,1019.80,1027.96,1022.78,1012.50,20.97,20.97,21.07,21.09,21.07,20.77,21.05,20.92
65520,998.52,1017.64,1037.94,1027.20,1019.80,1027.76,1022.84,1012.46,20.97,20.98,21.07,21.09,21.06,20.77,21.05,20.93
65640,998.60,1017.64,1037.88,1027.30,1019.74,1028.02,1022.82,1012.58,20.99,21.00,21.09,21.10,21.07,20.78,21.06,20.95
65760,998.60,1017.70,1037.80,1027.02,1019.70,1027.94,1022.72,1012.78,20.98,20.99,21.08,21.09,21.06,20.78,21.06,20.94
65880,998.66,1017.68,1037.82,1027.12,1019.68,1027.98,1022.66,1012.76,20.97,20.97,21.07,21.09,21.05,20.77,21.04,20.92
66000,998.64,1017.80,1037.92,1027.14,1019.68,1027.92,1022.60,1012.60,20.95,20.95,21.05,21.08,21.04,20.75,21.03,20.90
66120,998.62,1017.74,1038.16,1027.08,1019.78,1027.92,1022.78,1012.72,20.95,20.96,21.05,21.08,21.05,20.76,21.03,20.90
66240,998.64,1017.74,1038.10,1027.22,1019.74,1027.94,1022.80,1012.62,20.96,20.97,21.05,21.09,21.06,20.77,21.05,20.91
66360,998.68,1017.68,1038.10,1027.24,1019.66,1027.86,1022.64,1012.46,20.95,20.96,21.06,21.09,21.06,20.78,21.04,20.90
66480,998.64,1017.52,1037.94,1027.32,1019.58,1027.78,1022.62,1012.48,20.95,20.95,21.04,21.07,21.05,20.77,21.03,20.90
66600,998.70,1017.54,1038.02,1027.20,1019.62,1027.88,1022.78,1012.70,20.95,20.96,21.05,21.08,21.05,20.77,21.04,20.91
66720,998.66,1017.58,1037.88,1027.16,1019.64,1027.96,1022.66,1012.78,20.95,20.95,21.04,21.07,21.04,20.76,21.03,20.91
66840,998.64,1017.52,1037.94,1027.26,1019.54,1028.00,1022.52,1012.68,20.96,20.96,21.05,21.08,21.04,20.77,21.04,20.92
66960,998.60,1017.54,1038.02,1027.26,1019.64,1028.02,1022.64,1012.68,20.96,20.96,21.04,21.07,21.05,20.77,21.04,20.91
67080,998.70,1017.74,1038.12,1027.24,1019.70,1028.08,1022.72,1012.64,20.97,20.97,21.05,21.08,21.06,20.78,21.05,20.92
67200,998.60,1017.70,1038.02,1027.24,1019.60,1027.84,1022.62,1012.66,20.96,20.95,21.03,21.06,21.05,20.77,21.04,20.91
67320,998.62,1017.64,1038.20,1027.32,1019.32,1027.78,1022.70,1012.52,20.93,20.93,21.01,21.04,21.02,20.76,21.02,20.88
67440,998.64,1017.72,1038.18,1027.32,1019.30,1027.76,1022.68,1012.38,20.92,20.93,21.01,21.04,21.01,20.74,21.01,20.88
67560,998.62,1017.74,1038.34,1027.40,1019.24,1027.98,1022.60,1012.44,20.94,20.94,21.01,21.04,21.02,20.75,21.02,20.89
67680,998.56,1017.58,1038.30,1027.36,1019.16,1028.12,1022.62,1012.46,20.94,20.95,21.03,21.07,21.03,20.76,21.02,20.89
67800,998.60,1017.70,1038.30,1027.28,1019.28,1028.16,1022.80,1012.40,20.94,20.95,21.03,21.06,21.03,20.76,21.02,20.89
67920,998.66,1017.58,1038.26,1027.26,1019.24,1027.92,1022.72,1012.52,20.93,20.94,21.02,21.05,21.01,20.74,21.00,20.88
68040,998.74,1017.52,1038.42,1027.38,1019.42,1027.88,1022.74,1012.44,20.93,20.94,21.02,21.05,21.01,20.74,21.00,20.88
68160,998.70,1017.48,1038.42,1027.52,1019.50,1027.90,1022.70,1012.26,20.94,20.95,21.03,21.05,21.02,20.75,21.00,20.89
68280,998.76,1017.52,1038.32,1027.46,1019.34,1028.02,1022.76,1012.26,20.94,20.96,21.03,21.05,21.02,20.75,21.01,20.90
68400,998.68,1017.50,1038.34,1027.50,1019.32,1028.04,1022.76,1012.52,20.94,20.95,21.03,21.06,21.03,20.76,21.02,20.88
68520,998.94,1017.46,1038.38,1027.50,1019.30,1027.86,1022.72,1012.20,20.93,20.94,21.03,21.06,21.02,20.75,21.01,20.88
68640,998.88,1017.50,1038.30,1027.50,1019.26,1027.88,1022.52,1012.24,20.91,20.93,21.02,21.05,21.00,20.74,20.99,20.86
68760,998.58,1017.40,1038.38,1027.58,1019.34,1027.76,1022.60,1012.34,20.89,20.91,21.00,21.04,21.00,20.73,20.98,20.84
68880,998.78,1017.38,1038.40,1027.46,1019.48,1027.60,1022.48,1012.28,20.89,20.91,20.99,21.04,21.00,20.74,20.99,20.84
69000,998.80,1017.24,1038.42,1027.42,1019.44,1027.72,1022.44,1012.26,20.89,20.91,20.99,21.05,21.01,20.74,20.98,20.84
69120,998.88,1017.34,1038.34,1027.56,1019.14,1027.62,1022.50,1012.28,20.87,20.90,20.98,21.03,20.98,20.72,20.96,20.82
69240,998.76,1017.36,1038.32,1027.32,1019.06,1027.82,1022.46,1012.20,20.86,20.89,20.97,21.01,20.98,20.70,20.95,20.81
69360,998.78,1017.42,1038.36,1027.36,1018.74,1027.48,1022.32,1012.10,20.85,20.88,20.96,21.00,20.96,20.70,20.93,20.80
69480,998.74,1017.48,1038.42,1027.46,1018.78,1027.36,1022.36,1012.04,20.82,20.85,20.92,20.97,20.93,20.67,20.90,20.76
69600,998.54,1017.38,1038.50,1027.44,1018.80,1027.42,1022.34,1012.04,20.82,20.84,20.91,20.96,20.91,20.66,20.89,20.76
69720,998.60,1017.22,1038.34,1027.38,1019.06,1027.38,1022.26,1012.04,20.83,20.85,20.92,20.96,20.92,20.66,20.90,20.78
69840,998.68,1017.28,1038.32,1027.46,1019.00,1027.32,1022.24,1012.02,20.83,20.86,20.93,20.97,20.94,20.67,20.90,20.77
69960,998.66,1017.36,1038.16,1027.26,1019.04,1027.06,1022.24,1012.08,20.83,20.85,20.93,20.98,20.94,20.67,20.90,20.78
70080,998.28,1017.40,1038.14,1027.16,1018.86,1027.08,1022.08,1011.92,20.80,20.84,20.91,20.96,20.91,20.65,20.87,20.74
70200,998.28,1017.40,1038.04,1027.32,1018.88,1027.06,1021.88,1011.82,20.78,20.82,20.89,20.93,20.89,20.62,20.86,20.72
70320,998.14,1017.20,1038.16,1027.28,1018.82,1026.92,1021.78,1011.72,20.74,20.78,20.86,20.90,20.87,20.60,20.83,20.69
70440,998.18,1017.30,1038.22,1027.32,1018.56,1026.70,1021.80,1011.74,20.72,20.76,20.84,20.88,20.85,20.57,20.80,20.67
70560,998.18,1017.20,1038.32,1027.26,1018.52,1026.58,1021.50,1011.62,20.69,20.74,20.82,20.87,20.83,20.56,20.78,20.65
70680,998.14,1017.12,1038.18,1027.42,1018.64,1026.60,1021.52,1011.58,20.70,20.74,20.82,20.87,20.84,20.56,20.79,20.66
70800,998.28,1017.16,1038.16,1027.08,1018.46,1026.60,1021.62,1011.74,20.70,20.74,20.81,20.86,20.84,20.57,20.79,20.66
70920,998.12,1016.88,1038.16,1027.14,1018.46,1026.80,1021.76,1011.68,20.71,20.75,20.81,20.86,20.84,20.58,20.80,20.66
71040,998.18,1016.86,1038.24,1027.06,1018.38,1026.64,1021.50,1011.66,20.70,20.73,20.80,20.84,20.81,20.55,20.77,20.64
71160,998.20,1016.98,1038.20,1026.94,1018.20,1026.40,1021.60,1011.54,20.68,20.72,20.78,20.84,20.80,20.54,20.76,20.63
71280,998.16,1017.10,1038.12,1027.04,1018.28,1026.48,1021.58,1011.48,20.65,20.70,20.77,20.82,20.79,20.51,20.74,20.59
71400,998.02,1016.86,1038.00,1027.00,1018.06,1026.40,1021.42,1011.46,20.64,20.67,20.74,20.79,20.76,20.50,20.71,20.58
71520,998.10,1016.84,1037.88,1026.78,1017.98,1026.16,1021.30,1011.44,20.61,20.65,20.70,20.76,20.72,20.47,20.69,20.56
71640,998.00,1016.86,1037.68,1026.86,1017.90,1026.04,1021.32,1011.34,20.58,20.62,20.69,20.73,20.70,20.45,20.67,20.54
71760,998.00,1016.70,1037.72,1026.92,1017.80,1026.08,1021.26,1011.28,20.55,20.60,20.67,20.71,20.69,20.42,20.65,20.52
71880,997.96,1016.62,1037.70,1026.74,1017.72,1026.10,1021.22,1011.16,20.54,20.59,20.66,20.70,20.68,20.42,20.64,20.50
72000,997.70,1016.88,1037.74,1026.74,1017.74,1025.96,1021.18,1011.22,20.53,20.58,20.64,20.68,20.68,20.41,20.63,20.49
72120,997.78,1016.52,1037.62,1026.66,1017.68,1026.02,1020.98,1011.12,20.52,20.57,20.63,20.65,20.67,20.39,20.61,20.48
72240,997.64,1016.56,1037.54,1026.62,1017.52,1025.82,1020.86,1011.10,20.50,20.54,20.60,20.63,20.64,20.37,20.58,20.45
72360,997.62,1016.32,1037.56,1026.56,1017.48,1025.48,1020.56,1010.88,20.48,20.52,20.57,20.61,20.62,20.34,20.56,20.43
72480,997.50,1016.38,1037.56,1026.50,1023.26,1025.46,1020.58,1010.92,20.45,20.49,20.54,20.58,20.57,20.31,20.53,20.39
72600,997.46,1016.34,1037.26,1026.52,1023.30,1025.56,1020.56,1010.90,20.45,20.48,20.53,20.57,20.57,20.30,20.52,20.40
72720,997.50,1016.32,1037.32,1026.46,1023.18,1025.20,1020.60,1010.92,20.43,20.47,20.51,20.56,20.56,20.29,20.52,20.39
72840,997.34,1016.36,1037.36,1026.42,1023.16,1025.22,1020.54,1010.90,20.41,20.45,20.49,20.55,20.55,20.28,20.51,20.37
72960,997.44,1016.16,1037.34,1026.30,1023.12,1025.24,1020.38,1010.62,20.40,20.44,20.48,20.54,20.53,20.26,20.49,20.35
73080,997.20,1016.08,1037.26,1026.18,1022.96,1025.30,1020.44,1010.62,20.39,20.43,20.48,20.53,20.52,20.26,20.48,20.35
73200,997.24,1015.98,1037.06,1026.28,1023.04,1024.92,1020.34,1010.60,20.37,20.42,20.46,20.50,20.49,20.23,20.46,20.34
73320,997.14,1015.98,1037.10,1026.20,1022.94,1024.96,1020.20,1010.64,20.37,20.41,20.45,20.48,20.47,20.22,20.45,20.32
73440,997.12,1016.14,1037.04,1026.22,1022.76,1024.66,1020.24,1010.40,20.35,20.39,20.43,20.47,20.45,20.19,20.42,20.31
73560,997.16,1015.98,1036.96,1026.14,1022.64,1024.90,1020.28,1010.44,20.34,20.39,20.43,20.47,20.45,20.19,20.42,20.30
73680,997.06,1015.94,1036.88,1026.04,1022.80,1024.84,1020.14,1010.34,20.33,20.38,20.42,20.45,20.44,20.19,20.41,20.30
73800,996.92,1015.86,1036.90,1026.00,1022.70,1024.84,1020.12,1010.32,20.32,20.38,20.41,20.44,20.44,20.18,20.40,20.28
73920,997.02,1015.78,1036.90,1026.08,1022.68,1024.78,1020.14,1010.08,20.32,20.37,20.42,20.45,20.45,20.19,20.41,20.29
74040,996.90,1015.78,1036.92,1026.12,1022.70,1024.88,1020.34,1010.10,20.37,20.42,20.46,20.49,20.48,20.22,20.45,20.33
74160,996.94,1015.70,1037.08,1025.98,1022.56,1025.04,1020.34,1010.24,20.39,20.45,20.48,20.51,20.49,20.23,20.47,20.36
74280,997.00,1015.60,1037.10,1025.92,1022.70,1025.10,1020.38,1010.28,20.40,20.46,20.49,20.51,20.50,20.25,20.48,20.37
74400,996.88,1015.80,1036.82,1026.00,1022.72,1025.04,1020.42,1010.20,20.41,20.46,20.49,20.51,20.50,20.25,20.48,20.37
74520,997.02,1015.74,1036.82,1025.90,1022.76,1025.04,1020.44,1010.20,20.42,20.47,20.50,20.52,20.51,20.26,20.49,20.38
74640,997.04,1015.94,1036.92,1026.06,1022.54,1025.12,1020.54,1010.24,20.43,20.49,20.52,20.54,20.52,20.28,20.51,20.40
74760,997.12,1015.94,1037.02,1025.88,1022.74,1025.04,1020.50,1010.04,20.42,20.48,20.51,20.53,20.52,20.27,20.50,20.40
74880,996.98,1015.78,1036.88,1025.92,1022.68,1024.98,1020.52,1010.04,20.41,20.47,20.50,20.52,20.51,20.26,20.49,20.38
75000,996.98,1015.94,1036.94,1025.86,1022.56,1025.02,1020.44,1009.90,20.41,20.47,20.51,20.53,20.51,20.26,20.49,20.38
75120,997.00,1015.84,1036.86,1026.06,1022.64,1025.14,1020.60,1010.00,20.40,20.46,20.49,20.52,20.51,20.26,20.49,20.38
75240,996.88,1015.64,1036.76,1026.10,1022.62,1024.98,1020.50,1009.94,20.39,20.44,20.48,20.52,20.51,20.26,20.49,20.36
75360,996.82,1015.74,1036.94,1026.10,1022.60,1024.98,1020.50,1009.88,20.39,20.44,20.48,20.52,20.51,20.27,20.50,20.36
75480,996.86,1015.84,1036.88,1026.06,1022.80,1025.00,1020.62,1009.80,20.39,20.44,20.47,20.53,20.51,20.27,20.50,20.36
75600,996.80,1016.00,1036.88,1025.86,1022.76,1025.16,1020.48,1009.90,20.40,20.44,20.48,20.52,20.51,20.27,20.50,20.36
75720,996.84,1015.74,1036.86,1025.68,1022.70,1024.94,1020.48,1009.98,20.39,20.45,20.48,20.53,20.52,20.28,20.49,20.36
75840,996.80,1015.74,1036.94,1025.84,1022.62,1025.04,1020.42,1009.94,20.40,20.44,20.47,20.53,20.52,20.27,20.49,20.36
75960,996.96,1015.80,1036.80,1025.74,1022.50,1025.08,1020.56,1009.96,20.41,20.45,20.48,20.53,20.53,20.28,20.50,20.38
76080,996.72,1015.68,1036.84,1025.80,1022.48,1025.22,1020.50,1009.76,20.43,20.47,20.48,20.53,20.54,20.29,20.51,20.41
76200,996.84,1015.74,1036.76,1025.88,1022.50,1025.16,1020.50,1009.86,20.43,20.48,20.49,20.54,20.54,20.29,20.52,20.41
76320,996.82,1016.00,1036.88,1025.82,1022.56,1025.22,1020.56,1009.80,20.42,20.48,20.49,20.54,20.54,20.29,20.52,20.40
76440,996.78,1015.88,1036.84,1025.88,1022.40,1025.12,1020.58,1009.92,20.43,20.47,20.49,20.53,20.53,20.29,20.52,20.41
76560,996.86,1015.70,1036.74,1025.86,1022.32,1025.14,1020.66,1009.84,20.43,20.48,20.50,20.54,20.54,20.30,20.53,20.41
76680,996.92,1015.74,1037.10,1025.82,1022.44,1025.24,1020.62,1009.76,20.42,20.48,20.50,20.54,20.53,20.31,20.53,20.41
76800,996.92,1015.68,1036.86,1025.84,1022.48,1025.28,1020.78,1009.64,20.42,20.48,20.50,20.55,20.55,20.31,20.53,20.41
76920,996.86,1015.82,1036.84,1025.84,1022.48,1025.34,1020.68,1009.90,20.42,20.48,20.50,20.55,20.54,20.31,20.52,20.40
77040,996.84,1015.88,1036.82,1025.78,1022.50,1025.30,1020.66,1009.66,20.42,20.48,20.50,20.55,20.55,20.30,20.51,20.39
77160,996.98,1015.80,1036.90,1025.82,1022.38,1025.40,1020.70,1009.68,20.43,20.49,20.51,20.56,20.56,20.32,20.52,20.40
77280,996.98,1015.80,1036.88,1025.90,1022.46,1025.46,1020.64,1009.70,20.45,20.50,20.52,20.57,20.58,20.34,20.54,20.42
77400,997.10,1015.74,1036.80,1025.84,1022.52,1025.46,1020.62,1009.76,20.47,20.52,20.55,20.59,20.59,20.35,20.56,20.45
77520,996.96,1015.84,1036.84,1025.80,1022.48,1025.40,1020.92,1009.74,20.49,20.55,20.57,20.60,20.61,20.36,20.57,20.46
77640,996.94,1015.90,1036.96,1025.74,1022.56,1025.40,1020.98,1009.80,20.51,20.56,20.59,20.63,20.62,20.39,20.59,20.48
77760,997.06,1015.80,1036.96,1025.82,1022.40,1025.46,1020.86,1009.86,20.50,20.56,20.58,20.61,20.59,20.36,20.57,20.48
77880,997.14,1016.04,1036.92,1025.84,1022.30,1025.44,1020.88,1009.80,20.51,20.57,20.59,20.62,20.59,20.36,20.59,20.49
78000,997.10,1015.82,1036.94,1025.78,1022.40,1025.34,1020.88,1009.64,20.52,20.57,20.59,20.63,20.60,20.37,20.59,20.49
78120,996.90,1015.86,1036.88,1025.82,1022.46,1025.28,1020.80,1009.66,20.50,20.56,20.58,20.62,20.60,20.37,20.58,20.48
78240,997.26,1015.76,1036.84,1025.76,1022.34,1025.46,1020.86,1009.72,20.50,20.56,20.58,20.62,20.60,20.37,20.59,20.48
78360,997.28,1015.82,1036.78,1025.78,1022.28,1025.46,1021.00,1009.72,20.50,20.57,20.58,20.63,20.60,20.38,20.60,20.49
78480,997.18,1015.88,1036.84,1025.76,1022.30,1025.42,1020.94,1009.62,20.50,20.57,20.58,20.63,20.60,20.38,20.60,20.49
78600,997.20,1015.92,1036.82,1025.82,1022.24,1025.44,1020.90,1009.74,20.50,20.56,20.57,20.61,20.59,20.37,20.59,20.49
78720,997.22,1015.90,1036.88,1025.80,1022.26,1025.50,1021.00,1009.62,20.49,20.55,20.56,20.60,20.58,20.36,20.58,20.48
78840,997.24,1015.88,1036.88,1025.96,1022.38,1025.48,1021.16,1009.62,20.51,20.58,20.58,20.62,20.60,20.37,20.60,20.50
78960,997.18,1016.06,1036.90,1025.94,1022.16,1025.70,1021.14,1009.70,20.54,20.60,20.60,20.64,20.63,20.40,20.62,20.52
79080,997.34,1016.02,1036.96,1026.16,1022.64,1026.20,1021.32,1009.76,20.60,20.66,20.65,20.68,20.70,20.46,20.68,20.58
79200,997.66,1015.96,1037.16,1026.18,1022.78,1026.38,1021.76,1010.20,20.68,20.72,20.71,20.75,20.78,20.55,20.76,20.68
79320,997.68,1016.14,1037.30,1026.32,1022.84,1026.34,1021.86,1010.12,20.69,20.75,20.73,20.77,20.79,20.56,20.77,20.70
79440,997.72,1016.08,1037.00,1026.28,1022.70,1026.28,1021.82,1010.00,20.66,20.72,20.72,20.76,20.77,20.54,20.76,20.66
79560,997.58,1016.12,1037.18,1026.16,1022.56,1025.98,1021.40,1009.92,20.62,20.67,20.67,20.70,20.70,20.47,20.69,20.60
79680,997.52,1016.16,1037.02,1026.14,1022.62,1025.94,1021.42,1009.92,20.59,20.65,20.64,20.68,20.67,20.44,20.65,20.55
79800,997.52,1015.96,1037.00,1026.06,1022.66,1025.92,1021.30,1009.68,20.57,20.64,20.63,20.67,20.66,20.44,20.65,20.54
79920,997.46,1016.06,1037.06,1026.00,1022.64,1026.00,1021.38,1009.74,20.61,20.66,20.65,20.69,20.69,20.47,20.67,20.58
80040,997.60,1016.04,1037.02,1026.10,1022.78,1026.22,1021.60,1009.80,20.63,20.69,20.69,20.73,20.72,20.51,20.70,20.62
80160,997.62,1016.04,1037.04,1026.16,1022.78,1026.22,1021.60,1009.76,20.64,20.70,20.70,20.73,20.73,20.52,20.72,20.63
80280,997.60,1016.32,1037.00,1026.30,1022.88,1026.14,1021.70,1009.74,20.65,20.70,20.69,20.74,20.73,20.53,20.73,20.63
80400,997.38,1016.22,1036.96,1026.24,1022.82,1026.42,1021.64,1009.74,20.65,20.70,20.70,20.75,20.74,20.54,20.73,20.63
80520,997.48,1016.16,1037.00,1026.24,1022.74,1026.52,1021.64,1009.84,20.64,20.70,20.69,20.74,20.73,20.53,20.72,20.62
80640,997.48,1016.16,1037.08,1026.14,1022.70,1026.12,1021.52,1009.80,20.63,20.70,20.69,20.74,20.72,20.51,20.71,20.61
80760,997.68,1016.08,1037.10,1026.22,1022.70,1026.26,1021.44,1009.60,20.61,20.68,20.67,20.71,20.68,20.47,20.68,20.58
80880,997.68,1016.24,1036.94,1026.34,1022.72,1026.00,1021.52,1009.68,20.57,20.65,20.64,20.70,20.66,20.45,20.66,20.55
81000,997.40,1016.16,1036.90,1026.16,1022.54,1025.62,1021.28,1009.64,20.55,20.63,20.63,20.68,20.63,20.43,20.65,20.52
81120,997.52,1016.26,1037.02,1026.12,1022.56,1025.84,1021.24,1009.50,20.54,20.63,20.63,20.67,20.63,20.43,20.63,20.52
81240,997.48,1016.04,1037.04,1026.12,1022.44,1025.88,1021.32,1009.48,20.55,20.64,20.63,20.67,20.64,20.43,20.63,20.53
81360,997.44,1016.12,1037.08,1026.10,1022.32,1025.74,1021.44,1009.44,20.56,20.65,20.64,20.68,20.65,20.43,20.65,20.55
81480,997.54,1016.30,1037.04,1026.06,1022.32,1025.76,1021.52,1009.46,20.56,20.65,20.64,20.68,20.65,20.44,20.66,20.56
81600,997.52,1016.30,1037.22,1026.00,1022.36,1025.82,1021.44,1009.48,20.59,20.68,20.66,20.69,20.65,20.44,20.67,20.59
81720,997.58,1016.28,1037.20,1026.12,1022.34,1025.92,1021.40,1009.48,20.60,20.68,20.67,20.70,20.65,20.45,20.68,20.59
81840,997.58,1016.32,1037.00,1026.18,1022.30,1025.74,1021.36,1009.56,20.59,20.68,20.67,20.69,20.65,20.44,20.67,20.58
81960,997.68,1016.42,1036.84,1026.28,1022.48,1025.76,1021.32,1009.56,20.59,20.67,20.65,20.69,20.65,20.44,20.67,20.58
82080,997.54,1016.40,1037.04,1026.22,1022.28,1025.82,1021.42,1009.58,20.58,20.66,20.65,20.68,20.64,20.43,20.66,20.57
82200,997.40,1016.36,1037.08,1026.16,1022.22,1025.68,1021.44,1009.44,20.57,20.65,20.64,20.69,20.65,20.44,20.66,20.56
82320,997.46,1016.52,1037.00,1026.12,1022.36,1025.66,1021.34,1009.30,20.57,20.66,20.65,20.70,20.66,20.44,20.67,20.56
82440,997.44,1016.40,1037.02,1026.18,1022.42,1025.76,1021.50,1009.32,20.58,20.67,20.66,20.71,20.66,20.45,20.67,20.58
82560,997.52,1016.42,1037.00,1026.14,1022.34,1025.78,1021.44,1009.28,20.58,20.66,20.64,20.69,20.65,20.44,20.67,20.57
82680,997.54,1016.56,1037.00,1026.18,1022.36,1025.82,1021.34,1009.26,20.59,20.68,20.65,20.70,20.67,20.45,20.68,20.58
82800,997.60,1016.46,1036.96,1026.18,1022.24,1025.82,1021.26,1009.28,20.58,20.68,20.65,20.70,20.67,20.45,20.68,20.59
82920,997.66,1016.52,1037.08,1026.26,1022.32,1025.72,1021.32,1009.44,20.57,20.68,20.66,20.69,20.65,20.44,20.67,20.59
83040,997.62,1016.62,1037.06,1026.22,1022.38,1025.48,1021.16,1009.26,20.57,20.67,20.64,20.66,20.61,20.39,20.63,20.57
83160,997.64,1016.68,1037.06,1026.18,1022.36,1025.64,1021.04,1009.32,20.57,20.66,20.63,20.66,20.60,20.39,20.62,20.56
83280,997.52,1016.62,1037.10,1026.22,1022.40,1025.62,1021.18,1009.44,20.56,20.66,20.63,20.66,20.62,20.41,20.64,20.56
83400,997.60,1016.74,1037.08,1026.14,1022.42,1025.62,1021.34,1009.34,20.58,20.67,20.64,20.68,20.64,20.43,20.66,20.58
83520,997.66,1016.74,1037.32,1026.10,1022.48,1025.76,1021.24,1009.22,20.58,20.67,20.65,20.69,20.65,20.45,20.67,20.58
83640,997.64,1016.54,1037.12,1026.02,1022.30,1025.48,1020.94,1009.26,20.57,20.66,20.63,20.67,20.63,20.42,20.64,20.55
83760,997.64,1016.68,1037.12,1026.28,1022.30,1025.34,1021.06,1009.20,20.56,20.66,20.62,20.65,20.60,20.39,20.62,20.55
83880,997.68,1016.62,1037.08,1026.18,1022.40,1025.38,1020.96,1009.14,20.57,20.66,20.62,20.64,20.59,20.38,20.62,20.57
84000,997.70,1016.70,1037.18,1026.16,1022.30,1025.54,1020.96,1009.18,20.58,20.67,20.63,20.65,20.60,20.40,20.63,20.58
84120,997.60,1016.50,1036.94,1026.26,1022.10,1025.70,1021.16,1009.24,20.58,20.67,20.63,20.66,20.62,20.42,20.64,20.59
84240,997.58,1016.56,1037.00,1026.32,1022.24,1025.76,1021.18,1009.26,20.58,20.66,20.63,20.66,20.63,20.42,20.64,20.57
84360,997.64,1016.56,1037.14,1026.26,1022.30,1025.98,1021.30,1009.20,20.58,20.67,20.64,20.69,20.68,20.45,20.66,20.58
84480,997.62,1016.62,1037.14,1026.24,1022.74,1026.22,1021.40,1009.44,20.60,20.69,20.66,20.71,20.74,20.52,20.70,20.62
84600,997.56,1016.80,1037.12,1026.46,1022.98,1026.48,1021.66,1009.46,20.63,20.71,20.68,20.75,20.80,20.57,20.73,20.64
84720,997.66,1016.80,1037.20,1026.48,1023.02,1026.60,1021.70,1009.60,20.65,20.74,20.70,20.76,20.85,20.61,20.76,20.67
84840,997.70,1016.68,1037.26,1026.54,1022.94,1026.58,1021.52,1009.34,20.64,20.73,20.69,20.76,20.82,20.57,20.74,20.66
84960,997.64,1016.74,1037.28,1026.52,1022.72,1026.32,1021.56,1009.40,20.60,20.69,20.66,20.73,20.78,20.53,20.70,20.62
85080,997.72,1016.72,1037.18,1026.48,1022.72,1026.32,1021.36,1009.60,20.60,20.68,20.65,20.72,20.76,20.51,20.69,20.61
85200,998.00,1016.80,1037.22,1026.52,1022.80,1026.36,1021.48,1009.40,20.61,20.70,20.66,20.73,20.76,20.51,20.71,20.63
85320,997.94,1016.88,1037.40,1026.64,1022.84,1026.58,1021.72,1009.38,20.68,20.75,20.72,20.78,20.80,20.55,20.75,20.69
85440,998.06,1016.96,1037.34,1026.86,1022.86,1026.64,1021.72,1009.44,20.73,20.79,20.75,20.82,20.82,20.58,20.78,20.72
85560,998.12,1016.94,1037.40,1027.04,1022.94,1026.60,1022.00,1009.48,20.78,20.82,20.78,20.85,20.86,20.60,20.81,20.77
85680,998.56,1017.20,1037.30,1026.92,1022.98,1026.86,1022.00,1009.36,20.80,20.86,20.82,20.89,20.89,20.65,20.85,20.80
85800,998.42,1017.30,1037.40,1027.20,1023.06,1027.00,1021.96,1009.66,20.83,20.88,20.83,20.91,20.91,20.67,20.88,20.82
85920,998.68,1017.26,1037.52,1027.16,1023.04,1027.04,1022.24,1009.64,20.85,20.89,20.85,20.93,20.93,20.69,20.90,20.85
86040,998.68,1017.32,1037.38,1027.32,1023.14,1027.28,1022.40,1009.78,20.87,20.91,20.86,20.93,20.93,20.70,20.91,20.86
86160,998.62,1017.22,1037.70,1027.34,1023.08,1027.22,1022.30,1009.74,20.88,20.92,20.87,20.95,20.95,20.71,20.93,20.87
86280,998.74,1017.36,1037.58,1027.34,1023.26,1027.32,1022.36,1009.66,20.87,20.91,20.86,20.94,20.94,20.71,20.93,20.86
86400,998.76,1017.38,1037.64,1027.32,1023.24,1027.28,1022.38,1009.56,20.87,20.92,20.87,20.95,20.95,20.72,20.93,20.86
86520,998.80,1017.46,1037.66,1027.42,1023.26,1027.40,1022.66,1009.68,20.89,20.94,20.88,20.96,20.96,20.73,20.94,20.88
86640,998.80,1017.48,1037.78,1027.62,1023.30,1027.46,1022.42,1009.74,20.88,20.93,20.88,20.97,20.97,20.74,20.95,20.87
86760,998.82,1017.50,1037.78,1027.82,1023.28,1027.46,1022.42,1009.62,20.87,20.93,20.88,20.97,20.97,20.74,20.94,20.87
86880,998.88,1017.52,1037.66,1027.74,1023.32,1027.38,1022.38,1009.56,20.88,20.93,20.88,20.97,20.96,20.73,20.94,20.87
87000,999.02,1017.50,1037.82,1027.74,1023.14,1027.54,1022.50,1009.66,20.87,20.93,20.88,20.97,20.96,20.72,20.93,20.86
87120,998.92,1017.50,1037.64,1027.64,1023.16,1027.30,1022.66,1009.60,20.86,20.92,20.87,20.95,20.95,20.72,20.92,20.85
87240,998.78,1017.62,1037.80,1027.42,1023.18,1027.18,1022.24,1009.58,20.82,20.89,20.84,20.91,20.90,20.67,20.89,20.82
87360,998.86,1017.56,1037.68,1027.44,1023.08,1026.98,1022.12,1009.32,20.76,20.84,20.79,20.86,20.84,20.64,20.85,20.75
87480,998.58,1017.52,1037.70,1027.38,1023.06,1026.94,1022.06,1009.30,20.71,20.80,20.76,20.85,20.83,20.62,20.81,20.71
87600,998.54,1017.46,1037.50,1027.22,1022.86,1026.82,1021.90,1009.32,20.70,20.78,20.73,20.82,20.80,20.60,20.80,20.69
87720,998.50,1017.42,1037.52,1027.16,1022.80,1026.78,1021.88,1009.20,20.69,20.77,20.73,20.80,20.79,20.59,20.78,20.68
87840,998.38,1017.62,1037.58,1027.12,1022.88,1026.66,1021.82,1009.16,20.67,20.77,20.73,20.80,20.78,20.58,20.77,20.67
87960,998.38,1017.40,1037.62,1027.18,1022.84,1026.62,1021.86,1009.18,20.64,20.75,20.71,20.79,20.77,20.57,20.74,20.64
88080,998.34,1017.56,1037.44,1027.00,1022.84,1026.66,1021.84,1009.12,20.64,20.74,20.70,20.77,20.76,20.56,20.74,20.64
88200,998.20,1017.48,1037.44,1027.06,1022.82,1026.52,1021.70,1009.04,20.62,20.73,20.68,20.75,20.73,20.54,20.72,20.62
88320,998.20,1017.38,1037.42,1027.08,1022.90,1026.34,1021.58,1009.02,20.61,20.71,20.67,20.73,20.70,20.51,20.70,20.61
88440,998.10,1017.40,1037.48,1026.94,1022.96,1026.20,1021.50,1008.98,20.59,20.71,20.66,20.73,20.70,20.51,20.69,20.59
88560,998.12,1017.34,1037.42,1027.00,1022.88,1026.18,1021.52,1008.88,20.58,20.69,20.65,20.73,20.70,20.50,20.69,20.59
88680,998.10,1017.48,1037.48,1026.96,1022.82,1026.32,1021.38,1008.92,20.58,20.68,20.63,20.71,20.68,20.49,20.67,20.58
88800,998.08,1017.58,1037.34,1026.92,1022.86,1026.32,1021.42,1008.84,20.58,20.68,20.64,20.71,20.69,20.49,20.67,20.59
88920,998.24,1017.52,1037.52,1026.84,1022.92,1026.38,1021.36,1008.78,20.57,20.68,20.63,20.70,20.69,20.49,20.68,20.59
89040,998.16,1017.48,1037.26,1026.76,1022.74,1026.50,1021.38,1008.82,20.57,20.67,20.63,20.70,20.68,20.49,20.67,20.58
89160,998.06,1017.54,1037.36,1026.78,1022.72,1026.28,1021.44,1008.82,20.56,20.67,20.62,20.69,20.68,20.48,20.66,20.57
89280,998.10,1017.50,1037.28,1026.78,1022.72,1026.30,1021.36,1008.70,20.55,20.66,20.62,20.68,20.67,20.47,20.66,20.57
89400,998.16,1017.46,1037.38,1026.68,1022.72,1026.32,1021.30,1008.76,20.55,20.67,20.62,20.68,20.65,20.47,20.66,20.57
89520,998.00,1017.32,1037.16,1026.74,1022.74,1026.38,1021.22,1008.68,20.54,20.64,20.59,20.66,20.64,20.46,20.64,20.54
89640,998.06,1017.10,1037.28,1026.74,1022.60,1026.18,1021.14,1008.48,20.50,20.61,20.56,20.63,20.62,20.42,20.61,20.50
89760,997.84,1017.14,1037.28,1026.68,1022.48,1025.92,1020.96,1008.36,20.47,20.57,20.52,20.60,20.59,20.40,20.57,20.47
89880,997.86,1017.20,1037.22,1026.76,1022.38,1025.90,1020.94,1008.36,20.45,20.55,20.50,20.57,20.55,20.36,20.55,20.46
90000,997.92,1017.28,1037.24,1026.54,1022.50,1025.80,1020.78,1008.42,20.44,20.55,20.49,20.56,20.53,20.35,20.53,20.44
90120,997.56,1017.22,1037.10,1026.32,1022.42,1025.76,1020.78,1008.42,20.43,20.53,20.48,20.56,20.52,20.33,20.52,20.43
90240,997.68,1017.16,1036.96,1026.66,1022.32,1025.68,1020.72,1008.16,20.41,20.52,20.47,20.54,20.50,20.32,20.50,20.40
90360,997.42,1017.14,1037.00,1026.52,1022.30,1025.76,1020.70,1007.98,20.40,20.51,20.46,20.53,20.50,20.31,20.49,20.40
90480,997.38,1017.42,1036.92,1026.50,1022.02,1025.78,1020.54,1008.16,20.40,20.52,20.46,20.54,20.49,20.30,20.48,20.40
90600,997.50,1017.34,1036.78,1026.44,1022.06,1025.64,1020.54,1007.90,20.41,20.52,20.45,20.53,20.49,20.29,20.48,20.41
90720,997.30,1017.30,1036.76,1026.56,1022.10,1025.60,1020.54,1007.88,20.40,20.51,20.45,20.52,20.48,20.29,20.48,20.41
90840,997.28,1017.06,1036.70,1026.42,1021.98,1025.50,1020.48,1007.82,20.40,20.51,20.45,20.51,20.48,20.29,20.47,20.41
90960,997.28,1016.92,1036.86,1026.44,1022.08,1025.62,1020.52,1007.76,20.39,20.50,20.44,20.51,20.48,20.28,20.47,20.40
91080,997.36,1016.98,1036.72,1026.26,1022.14,1025.68,1020.48,1007.80,20.38,20.49,20.44,20.51,20.46,20.28,20.46,20.38
91200,997.32,1017.06,1036.76,1026.40,1022.08,1025.66,1020.46,1007.70,20.37,20.48,20.42,20.50,20.45,20.27,20.45,20.37
91320,997.34,1017.02,1036.84,1026.16,1021.80,1025.44,1020.30,1007.58,20.36,20.47,20.42,20.49,20.45,20.26,20.45,20.36
91440,997.24,1017.04,1036.70,1026.16,1021.76,1025.28,1020.12,1007.46,20.35,20.46,20.41,20.48,20.44,20.25,20.44,20.36
91560,997.26,1017.12,1036.74,1026.20,1021.86,1025.46,1020.20,1007.48,20.34,20.46,20.41,20.47,20.45,20.26,20.44,20.36
91680,997.28,1017.00,1036.82,1026.12,1021.70,1025.18,1020.06,1007.52,20.32,20.44,20.37,20.45,20.42,20.23,20.42,20.33
91800,997.26,1016.86,1036.64,1026.06,1021.82,1025.28,1020.08,1007.62,20.31,20.43,20.37,20.43,20.40,20.21,20.39,20.32
91920,997.06,1016.80,1036.60,1026.18,1021.68,1025.30,1020.00,1007.50,20.29,20.41,20.35,20.42,20.41,20.21,20.39,20.30
92040,997.06,1016.94,1036.56,1026.04,1021.62,1025.22,1020.00,1007.32,20.29,20.41,20.35,20.42,20.40,20.21,20.38,20.30
92160,997.10,1016.80,1036.64,1026.06,1021.52,1025.36,1019.92,1007.24,20.29,20.40,20.34,20.42,20.38,20.20,20.38,20.30
92280,996.98,1016.84,1036.50,1025.92,1021.60,1025.26,1019.94,1007.20,20.28,20.38,20.32,20.41,20.37,20.19,20.37,20.29
92400,996.96,1016.72,1036.46,1025.86,1021.58,1025.30,1019.86,1007.08,20.27,20.38,20.32,20.40,20.38,20.18,20.36,20.28
92520,996.98,1016.62,1036.30,1026.02,1021.56,1025.06,1019.78,1007.20,20.27,20.39,20.32,20.40,20.37,20.18,20.35,20.29
92640,996.94,1016.68,1036.32,1025.78,1021.40,1024.94,1019.74,1007.18,20.26,20.38,20.31,20.37,20.34,20.13,20.33,20.27
92760,996.90,1016.80,1036.36,1025.90,1021.38,1024.88,1019.70,1007.30,20.26,20.38,20.31,20.36,20.33,20.12,20.32,20.27
92880,996.96,1016.78,1036.24,1025.80,1021.34,1024.70,1019.72,1007.12,20.24,20.36,20.29,20.36,20.32,20.12,20.31,20.25
93000,996.96,1016.84,1036.22,1025.78,1021.30,1024.72,1019.82,1007.00,20.24,20.36,20.29,20.35,20.32,20.12,20.31,20.25
93120,996.82,1016.68,1036.24,1025.72,1021.26,1024.74,1019.60,1007.06,20.23,20.35,20.28,20.36,20.32,20.12,20.31,20.24
93240,996.80,1016.64,1036.38,1025.72,1021.14,1024.88,1019.64,1006.96,20.23,20.34,20.28,20.35,20.31,20.11,20.31,20.24
93360,996.82,1016.52,1036.06,1025.76,1021.26,1024.90,1019.62,1006.76,20.20,20.32,20.26,20.34,20.29,20.10,20.29,20.22
93480,996.74,1016.52,1036.10,1025.68,1021.30,1024.82,1019.64,1006.72,20.21,20.33,20.26,20.34,20.30,20.11,20.30,20.22
93600,996.64,1016.52,1036.20,1025.70,1021.42,1024.94,1019.78,1006.74,20.21,20.33,20.26,20.34,20.30,20.10,20.29,20.22
93720,996.56,1016.46,1036.08,1025.66,1021.30,1024.82,1019.56,1006.74,20.22,20.33,20.26,20.33,20.30,20.11,20.30,20.23
93840,996.62,1016.54,1036.10,1025.74,1021.24,1024.82,1019.60,1006.64,20.20,20.32,20.25,20.31,20.27,20.08,20.27,20.21
93960,996.62,1016.50,1035.96,1025.56,1020.80,1024.68,1019.56,1006.52,20.19,20.31,20.24,20.29,20.25,20.05,20.25,20.20
94080,997.02,1016.76,1035.96,1025.36,1021.06,1025.04,1019.66,1006.68,20.24,20.38,20.29,20.33,20.30,20.09,20.28,20.27
94200,997.04,1016.70,1036.00,1025.44,1021.26,1025.10,1019.76,1006.90,20.32,20.44,20.35,20.39,20.36,20.15,20.35,20.34
94320,997.02,1016.70,1036.02,1025.52,1021.00,1025.06,1019.74,1006.86,20.31,20.41,20.33,20.36,20.34,20.14,20.34,20.32
94440,996.72,1016.52,1036.00,1025.54,1021.02,1025.06,1019.72,1006.82,20.26,20.38,20.29,20.34,20.32,20.11,20.31,20.28
94560,996.64,1016.48,1035.82,1025.30,1020.90,1025.00,1019.56,1006.60,20.22,20.34,20.25,20.31,20.28,20.10,20.28,20.24
94680,996.48,1016.38,1035.72,1025.22,1020.90,1024.94,1019.56,1006.42,20.18,20.31,20.23,20.28,20.26,20.07,20.26,20.20
94800,996.52,1016.34,1035.76,1025.26,1020.78,1024.80,1019.34,1006.38,20.15,20.28,20.20,20.27,20.24,20.04,20.22,20.16
94920,996.30,1016.26,1035.72,1025.16,1020.80,1024.72,1019.40,1006.36,20.14,20.27,20.19,20.26,20.24,20.04,20.22,20.15
95040,996.30,1016.18,1035.60,1025.24,1020.60,1024.80,1019.28,1006.32,20.13,20.26,20.18,20.25,20.22,20.03,20.20,20.14
95160,996.36,1016.26,1035.46,1025.14,1020.66,1024.94,1019.30,1006.16,20.13,20.27,20.19,20.25,20.23,20.03,20.20,20.14
95280,996.32,1016.32,1035.50,1025.14,1020.70,1024.84,1019.18,1006.18,20.12,20.25,20.18,20.25,20.22,20.02,20.19,20.13
95400,996.30,1016.12,1035.48,1025.06,1020.60,1024.62,1019.06,1006.04,20.10,20.24,20.16,20.22,20.20,20.00,20.17,20.10
95520,996.24,1016.08,1035.44,1025.12,1020.48,1024.76,1019.04,1006.06,20.09,20.23,20.15,20.21,20.19,20.00,20.16,20.10
95640,996.04,1015.94,1035.38,1024.94,1020.48,1024.74,1019.04,1006.04,20.08,20.22,20.14,20.20,20.19,20.00,20.16,20.09
95760,996.00,1016.04,1035.44,1025.00,1020.46,1024.52,1019.08,1005.90,20.05,20.19,20.11,20.18,20.16,19.98,20.14,20.07
95880,995.96,1015.96,1035.38,1025.02,1020.36,1024.62,1018.88,1005.98,20.05,20.18,20.10,20.17,20.15,19.97,20.13,20.06
96000,996.02,1016.02,1035.10,1025.04,1020.40,1024.60,1018.92,1005.86,20.04,20.18,20.10,20.17,20.14,19.96,20.12,20.07
96120,995.98,1016.02,1035.06,1024.96,1020.40,1024.66,1018.86,1005.82,20.04,20.17,20.10,20.17,20.14,19.97,20.13,20.06
96240,996.02,1015.88,1035.18,1025.02,1020.20,1024.60,1018.90,1005.78,20.04,20.17,20.10,20.17,20.15,19.97,20.12,20.06
96360,995.90,1015.88,1035.14,1025.00,1020.22,1024.46,1018.88,1005.76,20.04,20.16,20.09,20.17,20.14,19.96,20.12,20.05
96480,995.90,1015.86,1035.14,1024.78,1020.20,1024.52,1019.14,1005.74,20.03,20.17,20.09,20.16,20.14,19.96,20.12,20.05
96600,995.96,1015.82,1035.06,1024.74,1020.08,1024.50,1018.98,1005.76,20.02,20.15,20.08,20.15,20.13,19.96,20.10,20.04
96720,995.86,1015.76,1034.82,1024.80,1020.00,1024.38,1018.76,1005.42,20.01,20.14,20.07,20.14,20.11,19.94,20.09,20.03
96840,995.82,1015.76,1034.86,1024.62,1020.00,1024.24,1018.66,1005.34,20.00,20.13,20.05,20.13,20.10,19.92,20.07,20.01
96960,995.92,1015.72,1034.80,1024.62,1020.00,1024.34,1018.54,1005.30,20.00,20.14,20.06,20.13,20.10,19.92,20.08,20.01
97080,995.70,1015.74,1034.84,1024.60,1020.04,1024.54,1018.52,1005.34,20.02,20.15,20.07,20.14,20.11,19.94,20.09,20.03
97200,995.72,1015.62,1034.90,1024.52,1019.96,1024.58,1018.70,1005.34,20.02,20.15,20.08,20.15,20.12,19.94,20.09,20.03
97320,995.86,1015.72,1034.82,1024.54,1019.88,1024.50,1018.76,1005.26,20.03,20.17,20.09,20.16,20.13,19.96,20.11,20.04
97440,995.90,1015.66,1034.84,1024.44,1019.96,1024.72,1018.66,1005.28,20.03,20.17,20.09,20.16,20.14,19.96,20.11,20.05
97560,995.78,1015.74,1034.72,1024.56,1019.94,1024.30,1018.74,1005.24,20.02,20.15,20.08,20.15,20.13,19.95,20.10,20.03
97680,995.64,1015.76,1034.78,1024.64,1019.96,1024.32,1018.58,1005.24,20.00,20.14,20.07,20.13,20.12,19.94,20.09,20.02
97800,995.66,1015.72,1034.66,1024.20,1019.96,1024.26,1018.48,1005.26,20.00,20.14,20.06,20.12,20.12,19.93,20.09,20.02
97920,995.70,1015.68,1034.66,1024.22,1019.82,1024.26,1018.62,1005.38,20.01,20.14,20.06,20.12,20.11,19.93,20.09,20.03
98040,995.48,1015.78,1034.70,1024.36,1019.92,1024.32,1018.68,1005.22,20.00,20.13,20.05,20.11,20.10,19.92,20.08,20.02
98160,995.60,1015.78,1034.66,1024.40,1019.76,1024.50,1018.68,1005.22,19.99,20.12,20.04,20.10,20.09,19.92,20.07,20.01
98280,995.48,1015.76,1034.70,1024.10,1019.66,1024.34,1018.66,1005.24,19.98,20.11,20.02,20.09,20.07,19.90,20.06,20.00
98400,995.54,1015.52,1034.68,1024.12,1019.70,1024.20,1018.64,1005.14,19.96,20.10,20.01,20.07,20.05,19.89,20.05,20.00
98520,995.50,1015.68,1034.66,1024.10,1019.64,1024.36,1018.46,1005.02,19.96,20.09,20.01,20.06,20.03,19.87,20.04,20.00
98640,995.32,1015.70,1034.42,1024.18,1019.44,1024.08,1018.44,1004.84,19.95,20.07,20.00,20.05,20.02,19.86,20.02,19.98
98760,995.60,1015.64,1034.48,1024.06,1019.32,1024.14,1018.32,1005.00,19.94,20.07,19.99,20.04,20.01,19.85,20.02,19.98
98880,995.60,1015.46,1034.52,1024.00,1019.34,1024.16,1018.32,1005.00,19.95,20.07,19.99,20.03,20.01,19.84,20.01,19.98
99000,995.62,1015.44,1034.52,1024.06,1019.40,1024.24,1018.34,1004.92,19.95,20.08,20.00,20.04,20.02,19.85,20.02,19.98
99120,995.38,1015.30,1034.40,1023.94,1019.18,1024.14,1018.36,1004.68,19.95,20.08,20.00,20.03,20.02,19.85,20.02,19.98
99240,995.40,1015.36,1034.40,1023.80,1019.16,1024.18,1018.40,1004.84,19.95,20.08,19.99,20.02,20.01,19.84,20.02,19.98
99360,995.44,1015.32,1034.28,1023.70,1019.24,1024.10,1018.36,1004.80,19.93,20.07,19.98,20.01,20.00,19.83,20.00,19.96
99480,995.34,1015.40,1034.30,1023.64,1019.28,1024.16,1018.32,1004.54,19.92,20.06,19.97,20.01,20.00,19.83,20.00,19.95
99600,995.36,1015.48,1034.50,1023.76,1019.12,1024.12,1018.42,1004.62,19.92,20.05,19.97,20.01,20.00,19.82,20.00,19.96
99720,995.30,1015.16,1034.36,1023.70,1019.00,1024.14,1018.48,1004.76,19.92,20.06,19.97,20.01,20.00,19.83,20.00,19.96
99840,995.24,1015.16,1034.32,1023.70,1019.02,1024.22,1018.24,1004.58,19.92,20.06,19.97,20.01,20.00,19.83,20.00,19.95
99960,995.32,1015.26,1034.32,1023.72,1019.02,1024.28,1018.06,1004.60,19.91,20.04,19.96,20.00,19.99,19.82,19.99,19.94
100080,995.26,1015.12,1034.14,1023.68,1018.98,1024.24,1018.06,1004.48,19.89,20.03,19.94,19.98,19.97,19.80,19.97,19.93
100200,995.16,1015.12,1034.12,1023.66,1019.02,1024.14,1018.06,1004.54,19.88,20.02,19.94,19.97,19.96,19.79,19.97,19.93
100320,995.02,1015.04,1034.00,1023.64,1019.04,1023.94,1018.00,1004.44,19.87,20.00,19.92,19.96,19.95,19.78,19.96,19.92
100440,995.06,1015.06,1034.04,1023.50,1018.82,1023.94,1018.04,1004.32,19.86,20.00,19.91,19.96,19.94,19.77,19.95,19.91
100560,994.98,1015.04,1034.04,1023.46,1018.84,1023.90,1017.94,1004.42,19.84,19.99,19.90,19.94,19.92,19.75,19.93,19.89
100680,994.92,1015.00,1034.04,1023.42,1018.80,1023.90,1017.94,1004.16,19.85,20.00,19.90,19.95,19.93,19.76,19.94,19.90
100800,995.04,1014.98,1033.96,1023.34,1018.76,1023.96,1018.10,1004.22,19.85,20.00,19.90,19.95,19.93,19.76,19.94,19.90
100920,994.98,1014.94,1033.98,1023.40,1018.68,1023.88,1018.02,1004.22,19.86,20.00,19.91,19.95,19.93,19.76,19.94,19.90
101040,994.94,1014.78,1034.00,1023.34,1018.74,1023.76,1017.90,1004.24,19.85,20.00,19.91,19.95,19.93,19.77,19.94,19.90
101160,994.84,1014.74,1034.02,1023.44,1018.64,1023.82,1017.88,1004.22,19.84,19.99,19.89,19.94,19.92,19.76,19.94,19.89
101280,994.74,1014.96,1033.84,1023.50,1018.40,1023.76,1017.80,1004.10,19.82,19.98,19.88,19.93,19.91,19.74,19.92,19.86
101400,994.72,1014.84,1033.84,1023.32,1018.48,1023.76,1018.02,1004.00,19.82,19.97,19.86,19.92,19.90,19.73,19.90,19.85
101520,994.82,1014.70,1033.68,1023.22,1018.40,1023.80,1017.72,1004.06,19.80,19.96,19.86,19.91,19.88,19.72,19.88,19.83
101640,994.72,1014.88,1033.80,1023.26,1018.34,1023.68,1017.68,1004.02,19.80,19.95,19.84,19.90,19.87,19.71,19.88,19.83
101760,994.66,1014.74,1033.80,1023.22,1018.26,1023.68,1017.78,1004.08,19.80,19.95,19.84,19.90,19.88,19.71,19.88,19.83
101880,994.54,1014.76,1033.60,1023.14,1018.32,1023.60,1017.66,1004.10,19.80,19.96,19.85,19.89,19.88,19.71,19.89,19.84
102000,994.50,1014.88,1033.62,1023.16,1018.32,1023.62,1017.78,1004.04,19.81,19.96,19.86,19.90,19.88,19.71,19.89,19.85
102120,994.34,1014.74,1033.64,1023.08,1018.30,1023.48,1017.68,1003.86,19.79,19.95,19.84,19.88,19.86,19.70,19.88,19.84
102240,994.52,1014.62,1033.40,1023.06,1018.28,1023.54,1017.50,1003.78,19.78,19.93,19.81,19.87,19.84,19.68,19.85,19.82
102360,994.58,1014.62,1033.66,1023.10,1018.28,1023.50,1017.62,1003.70,19.77,19.92,19.82,19.87,19.85,19.68,19.85,19.82
102480,994.44,1014.46,1033.54,1023.10,1018.12,1023.50,1017.50,1003.74,19.76,19.92,19.81,19.87,19.85,19.68,19.85,19.81
102600,994.38,1014.62,1033.54,1022.80,1018.10,1023.36,1017.62,1003.76,19.77,19.92,19.82,19.87,19.85,19.69,19.85,19.82
102720,994.52,1014.78,1033.56,1022.80,1017.96,1023.52,1017.72,1003.74,19.77,19.93,19.82,19.88,19.86,19.69,19.85,19.82
102840,994.58,1014.68,1033.40,1022.84,1017.88,1023.34,1017.54,1003.68,19.77,19.92,19.82,19.87,19.86,19.69,19.85,19.81
102960,994.28,1014.64,1033.30,1022.86,1017.94,1023.50,1017.46,1003.72,19.75,19.91,19.81,19.86,19.84,19.67,19.83,19.79
103080,994.32,1014.50,1033.20,1022.92,1017.98,1023.34,1017.38,1003.76,19.74,19.89,19.79,19.84,19.83,19.66,19.82,19.78
103200,994.38,1014.68,1033.20,1022.86,1017.92,1023.40,1017.26,1003.74,19.73,19.89,19.78,19.83,19.82,19.65,19.81,19.77
103320,994.16,1014.72,1033.34,1022.92,1018.06,1023.44,1017.22,1003.50,19.72,19.88,19.77,19.83,19.82,19.65,19.81,19.76
103440,994.14,1014.64,1033.14,1022.82,1017.84,1023.24,1017.24,1003.42,19.70,19.86,19.76,19.82,19.80,19.63,19.79,19.75
103560,993.94,1014.42,1033.04,1022.64,1017.76,1023.24,1017.22,1003.44,19.70,19.85,19.74,19.80,19.79,19.63,19.79,19.74
103680,993.94,1014.44,1032.98,1022.74,1017.80,1023.12,1017.18,1003.40,19.70,19.86,19.74,19.80,19.79,19.63,19.79,19.75
103800,994.16,1014.36,1033.02,1022.72,1017.84,1023.04,1017.14,1003.54,19.68,19.85,19.74,19.79,19.77,19.61,19.78,19.73
103920,993.96,1014.42,1032.92,1022.70,1017.66,1023.36,1016.98,1003.48,19.68,19.83,19.73,19.78,19.77,19.60,19.76,19.72
104040,994.12,1014.26,1032.88,1022.72,1017.78,1023.16,1016.94,1003.42,19.68,19.84,19.73,19.78,19.77,19.60,19.76,19.73
104160,994.08,1014.38,1032.84,1022.72,1017.64,1023.46,1017.08,1003.26,19.71,19.85,19.74,19.80,19.79,19.61,19.78,19.74
104280,994.08,1014.26,1032.94,1022.62,1017.64,1023.34,1017.10,1003.28,19.72,19.87,19.75,19.81,19.80,19.62,19.79,19.76
104400,994.10,1014.16,1032.90,1022.62,1017.62,1023.34,1017.08,1003.40,19.74,19.89,19.77,19.82,19.82,19.65,19.81,19.79
104520,994.28,1014.20,1032.94,1022.70,1017.72,1023.36,1017.26,1003.56,19.78,19.92,19.80,19.86,19.86,19.67,19.84,19.83
104640,994.28,1014.26,1032.84,1022.84,1017.78,1023.50,1017.52,1003.48,19.82,19.97,19.83,19.88,19.88,19.70,19.88,19.87
104760,994.26,1014.44,1032.90,1022.82,1017.86,1023.58,1017.62,1003.72,19.87,20.00,19.87,19.91,19.90,19.73,19.91,19.91
104880,994.26,1014.42,1032.98,1022.86,1017.88,1023.80,1017.84,1003.70,19.90,20.03,19.90,19.93,19.93,19.76,19.94,19.94
105000,994.52,1014.48,1032.94,1023.00,1017.86,1023.90,1017.94,1003.86,19.93,20.05,19.93,19.97,19.96,19.78,19.97,19.98
105120,994.58,1014.52,1033.00,1022.98,1017.84,1024.14,1017.96,1003.72,19.97,20.09,19.96,20.00,19.98,19.82,20.00,20.01
105240,994.74,1014.60,1033.08,1023.06,1017.72,1023.92,1018.06,1003.96,19.99,20.10,19.97,20.01,20.00,19.83,20.01,20.02
105360,994.72,1014.62,1033.08,1023.16,1017.76,1024.32,1018.02,1003.98,20.00,20.12,19.99,20.02,20.00,19.84,20.03,20.03
105480,994.72,1014.70,1033.18,1023.08,1017.78,1024.48,1018.14,1003.94,20.02,20.15,20.00,20.04,20.02,19.87,20.05,20.06
105600,994.66,1014.64,1033.14,1023.28,1017.76,1024.18,1018.16,1003.92,20.03,20.16,20.02,20.05,20.03,19.88,20.06,20.08
105720,994.76,1014.66,1033.06,1023.26,1017.72,1024.42,1018.24,1003.86,20.04,20.17,20.02,20.06,20.03,19.88,20.06,20.08
105840,994.84,1014.78,1033.12,1023.34,1017.80,1024.46,1018.30,1003.94,20.04,20.17,20.02,20.06,20.04,19.89,20.07,20.08
105960,994.94,1014.50,1033.32,1023.08,1017.76,1024.58,1018.22,1003.88,20.04,20.17,20.02,20.06,20.04,19.89,20.07,20.08
106080,994.94,1014.64,1033.14,1023.02,1017.74,1024.52,1018.40,1003.92,20.04,20.17,20.02,20.06,20.05,19.90,20.08,20.08
106200,994.84,1014.78,1033.04,1023.26,1017.76,1024.50,1018.26,1004.02,20.03,20.17,20.02,20.06,20.05,19.90,20.08,20.07
106320,994.84,1014.82,1033.14,1023.24,1017.72,1024.60,1018.34,1004.26,20.04,20.18,20.03,20.07,20.05,19.90,20.08,20.08
106440,994.88,1014.92,1033.20,1023.24,1017.66,1024.42,1018.42,1004.20,20.06,20.19,20.05,20.08,20.06,19.92,20.10,20.10
106560,995.26,1014.86,1033.14,1023.32,1017.78,1024.48,1018.62,1004.26,20.09,20.22,20.07,20.11,20.09,19.94,20.12,20.12
106680,995.24,1014.88,1033.16,1023.30,1017.64,1024.84,1018.70,1004.24,20.10,20.23,20.08,20.12,20.10,19.95,20.13,20.15
106800,995.30,1014.98,1033.18,1023.46,1017.64,1024.86,1018.58,1004.26,20.11,20.25,20.09,20.13,20.11,19.96,20.15,20.15
106920,995.26,1015.10,1033.26,1023.42,1017.74,1024.82,1018.62,1004.22,20.12,20.25,20.10,20.14,20.12,19.97,20.15,20.16
107040,995.32,1015.06,1033.38,1023.52,1017.60,1024.88,1018.64,1004.34,20.13,20.27,20.11,20.15,20.13,19.98,20.16,20.18
107160,995.40,1014.98,1033.38,1023.56,1017.84,1024.84,1019.04,1004.22,20.14,20.27,20.12,20.16,20.14,19.99,20.17,20.18
107280,995.32,1015.10,1033.30,1023.44,1017.78,1024.88,1018.90,1004.46,20.14,20.27,20.12,20.16,20.14,19.99,20.17,20.19
107400,995.36,1015.06,1033.28,1023.52,1017.92,1024.82,1018.94,1004.52,20.14,20.28,20.13,20.17,20.15,20.00,20.18,20.19
107520,995.38,1015.08,1033.22,1023.40,1017.96,1024.90,1018.86,1004.50,20.14,20.28,20.13,20.17,20.15,20.00,20.18,20.19
107640,995.44,1015.16,1033.26,1023.50,1018.02,1024.90,1018.92,1004.26,20.13,20.27,20.12,20.15,20.14,20.00,20.17,20.18
107760,995.46,1015.16,1033.36,1023.68,1017.94,1024.76,1018.82,1004.50,20.10,20.24,20.09,20.13,20.12,19.98,20.14,20.14
107880,995.22,1015.18,1033.42,1023.58,1017.92,1024.68,1018.72,1004.36,20.07,20.21,20.06,20.11,20.10,19.95,20.12,20.11
108000,995.24,1015.26,1033.26,1023.50,1017.94,1024.70,1018.62,1004.32,20.06,20.20,20.06,20.10,20.09,19.94,20.11,20.11
108120,995.16,1015.20,1033.48,1023.44,1017.96,1024.58,1018.66,1004.28,20.07,20.22,20.07,20.11,20.10,19.95,20.12,20.12
108240,995.28,1015.16,1033.58,1023.52,1017.98,1024.68,1018.82,1004.20,20.10,20.24,20.08,20.13,20.11,19.97,20.14,20.15
108360,995.16,1015.28,1033.16,1023.48,1017.94,1024.86,1018.74,1004.26,20.13,20.27,20.12,20.15,20.14,19.99,20.17,20.19
108480,995.22,1015.30,1033.40,1023.54,1017.96,1024.82,1018.76,1004.22,20.14,20.28,20.13,20.16,20.15,20.00,20.17,20.19
108600,995.28,1015.28,1033.54,1023.48,1018.06,1024.88,1018.80,1004.36,20.11,20.26,20.11,20.14,20.13,19.98,20.16,20.17
108720,995.32,1015.16,1033.52,1023.52,1017.94,1024.88,1018.70,1004.52,20.11,20.25,20.10,20.14,20.12,19.98,20.15,20.16
108840,995.38,1015.00,1033.52,1023.56,1017.94,1024.98,1018.90,1004.46,20.12,20.26,20.11,20.15,20.14,19.99,20.16,20.17
108960,995.40,1015.14,1033.48,1023.48,1017.86,1024.78,1018.76,1004.52,20.11,20.25,20.10,20.14,20.13,19.99,20.16,20.15
109080,995.32,1015.26,1033.36,1023.44,1017.98,1024.84,1018.64,1004.48,20.07,20.22,20.07,20.12,20.11,19.96,20.12,20.12
109200,995.28,1015.10,1033.34,1023.48,1017.90,1024.68,1018.76,1004.52,20.07,20.22,20.08,20.12,20.10,19.96,20.13,20.12
109320,995.34,1015.20,1033.46,1023.50,1017.78,1024.74,1018.58,1004.58,20.08,20.22,20.07,20.12,20.10,19.96,20.13,20.13
109440,995.32,1015.24,1033.42,1023.58,1017.82,1024.48,1018.64,1004.36,20.05,20.20,20.06,20.10,20.09,19.94,20.11,20.10
109560,995.30,1015.10,1033.46,1023.44,1017.86,1024.62,1018.72,1004.32,20.03,20.18,20.04,20.08,20.06,19.92,20.08,20.08
109680,995.14,1015.00,1033.44,1023.46,1017.72,1024.54,1018.60,1004.36,20.01,20.16,20.01,20.06,20.04,19.90,20.07,20.06
109800,995.12,1015.00,1033.44,1023.44,1017.68,1024.38,1018.54,1004.26,20.00,20.16,20.02,20.06,20.04,19.90,20.07,20.06
109920,995.04,1014.98,1033.26,1023.32,1017.72,1024.28,1018.46,1004.32,20.01,20.16,20.02,20.06,20.05,19.91,20.07,20.07
110040,995.20,1014.94,1033.18,1023.28,1017.72,1024.42,1018.56,1004.34,20.01,20.17,20.02,20.07,20.05,19.91,20.07,20.07
110160,995.16,1015.20,1033.38,1023.40,1017.90,1024.50,1018.48,1004.44,20.02,20.17,20.02,20.07,20.05,19.91,20.08,20.08
110280,995.24,1015.26,1033.38,1023.42,1017.86,1024.38,1018.40,1004.26,20.02,20.18,20.03,20.07,20.06,19.92,20.09,20.08
110400,995.12,1015.12,1033.50,1023.40,1017.94,1024.40,1018.42,1004.28,20.03,20.19,20.04,20.08,20.06,19.92,20.09,20.09
110520,995.20,1015.20,1033.54,1023.38,1017.84,1024.56,1018.68,1004.22,20.04,20.20,20.05,20.09,20.08,19.93,20.10,20.10
110640,995.30,1015.16,1033.46,1023.36,1018.02,1024.36,1018.68,1004.30,20.05,20.21,20.05,20.09,20.08,19.94,20.11,20.11
110760,995.32,1015.18,1033.26,1023.46,1017.90,1024.46,1018.62,1004.20,20.05,20.20,20.05,20.09,20.08,19.94,20.10,20.11
110880,995.30,1015.08,1033.32,1023.42,1017.74,1024.48,1018.46,1004.24,20.02,20.18,20.03,20.07,20.06,19.92,20.08,20.07
111000,995.22,1015.10,1033.28,1023.38,1017.72,1024.42,1018.40,1004.30,20.01,20.18,20.02,20.07,20.06,19.92,20.07,20.07
111120,995.12,1015.14,1033.36,1023.50,1017.64,1024.50,1018.48,1004.18,20.02,20.18,20.03,20.07,20.07,19.92,20.08,20.08
111240,995.40,1015.14,1033.46,1023.42,1017.78,1024.48,1018.52,1004.20,20.06,20.21,20.06,20.10,20.08,19.95,20.11,20.11
111360,995.38,1015.14,1033.44,1023.48,1017.92,1024.58,1018.54,1004.34,20.06,20.21,20.05,20.10,20.09,19.94,20.11,20.11
111480,995.30,1015.12,1033.42,1023.44,1017.58,1024.34,1018.34,1004.32,20.04,20.20,20.04,20.09,20.07,19.93,20.09,20.09
111600,995.08,1015.14,1033.48,1023.46,1017.40,1024.16,1018.30,1004.28,20.01,20.17,20.02,20.07,20.05,19.91,20.07,20.06
111720,995.16,1015.08,1033.52,1023.50,1017.46,1024.24,1018.28,1004.40,20.00,20.16,20.01,20.06,20.05,19.90,20.06,20.05
111840,995.28,1015.14,1033.34,1023.50,1017.68,1024.22,1018.16,1004.30,20.00,20.16,20.01,20.06,20.05,19.90,20.07,20.06
111960,995.26,1015.08,1033.44,1023.54,1017.64,1024.24,1018.18,1004.32,20.01,20.17,20.02,20.07,20.06,19.91,20.07,20.07
112080,995.34,1015.08,1033.40,1023.60,1017.66,1024.12,1018.18,1004.28,20.02,20.18,20.02,20.07,20.06,19.92,20.08,20.08
112200,995.30,1015.16,1033.48,1023.56,1017.64,1024.14,1018.50,1004.18,20.03,20.18,20.02,20.07,20.05,19.91,20.08,20.08
112320,995.26,1015.16,1033.40,1023.52,1017.64,1024.14,1018.38,1004.22,20.01,20.17,20.01,20.06,20.05,19.91,20.07,20.07
112440,995.18,1015.14,1033.28,1023.48,1017.60,1024.28,1018.46,1004.28,20.00,20.16,20.01,20.06,20.05,19.91,20.07,20.07
112560,995.34,1015.14,1033.44,1023.38,1017.52,1024.16,1018.42,1004.40,20.02,20.18,20.03,20.08,20.06,19.92,20.09,20.09
112680,995.24,1015.08,1033.62,1023.48,1017.46,1024.28,1018.34,1004.40,20.04,20.20,20.04,20.08,20.08,19.93,20.10,20.10
112800,995.22,1015.18,1033.50,1023.54,1017.50,1024.22,1018.34,1004.40,20.02,20.18,20.03,20.07,20.07,19.92,20.08,20.09
112920,995.18,1015.20,1033.48,1023.24,1017.54,1024.20,1018.30,1004.34,20.01,20.17,20.02,20.06,20.05,19.90,20.06,20.08
113040,995.22,1015.24,1033.50,1023.30,1017.76,1024.10,1018.26,1004.16,20.02,20.17,20.02,20.06,20.05,19.91,20.07,20.08
113160,995.34,1015.16,1033.50,1023.42,1017.66,1024.04,1018.30,1004.36,20.03,20.18,20.03,20.07,20.06,19.91,20.08,20.09
113280,995.28,1015.06,1033.56,1023.34,1017.60,1024.26,1018.48,1004.30,20.04,20.20,20.03,20.08,20.06,19.92,20.09,20.11
113400,995.28,1015.32,1033.50,1023.42,1017.52,1024.04,1018.48,1004.40,20.04,20.19,20.03,20.08,20.07,19.92,20.09,20.10
113520,995.28,1015.32,1033.42,1023.34,1017.58,1023.86,1018.24,1004.40,20.00,20.16,20.00,20.06,20.03,19.90,20.06,20.06
113640,995.12,1015.18,1033.38,1023.46,1017.42,1023.94,1018.04,1004.40,19.98,20.14,19.99,20.03,20.01,19.87,20.04,20.03
113760,995.14,1015.24,1033.38,1023.40,1017.46,1024.08,1018.04,1004.36,19.98,20.14,20.00,20.03,20.01,19.87,20.04,20.04
113880,995.16,1015.16,1033.30,1023.26,1017.48,1024.06,1018.08,1004.34,19.99,20.15,19.99,20.03,20.01,19.88,20.04,20.04
114000,995.12,1015.28,1033.28,1023.30,1017.62,1023.66,1018.04,1004.32,19.96,20.11,19.97,20.01,20.00,19.86,20.01,20.01
114120,995.00,1015.24,1033.24,1023.34,1017.42,1023.88,1017.96,1004.36,19.95,20.11,19.96,20.01,20.00,19.85,20.00,20.01
114240,995.00,1015.24,1033.28,1023.24,1017.56,1023.88,1018.20,1004.28,19.97,20.13,19.98,20.02,20.01,19.87,20.02,20.03
114360,995.18,1015.16,1033.20,1023.44,1017.52,1023.90,1018.24,1004.42,20.00,20.16,20.00,20.03,20.02,19.88,20.04,20.06
114480,995.12,1015.46,1033.34,1023.46,1017.54,1023.80,1018.22,1004.44,20.00,20.15,20.00,20.04,20.03,19.89,20.04,20.05
114600,995.12,1015.32,1033.20,1023.46,1017.46,1023.74,1017.94,1004.18,19.96,20.12,19.97,20.01,20.00,19.86,20.01,20.01
114720,995.04,1015.20,1033.20,1023.22,1017.42,1023.74,1017.88,1004.18,19.93,20.09,19.95,20.00,19.99,19.83,19.99,19.98
114840,995.14,1015.02,1033.16,1023.28,1017.54,1023.70,1017.92,1004.16,19.95,20.10,19.95,20.00,20.00,19.84,20.00,20.00
114960,995.00,1015.10,1033.18,1023.26,1017.54,1023.80,1017.94,1004.10,19.96,20.12,19.97,20.01,20.00,19.86,20.00,20.01
115080,994.78,1015.00,1033.20,1023.28,1017.60,1023.58,1017.98,1004.16,19.93,20.10,19.94,20.00,19.99,19.84,19.99,19.99
115200,995.08,1014.98,1033.22,1023.20,1017.56,1023.44,1017.76,1004.14,19.90,20.06,19.92,19.97,19.97,19.81,19.96,19.96
115320,994.98,1015.02,1033.08,1023.24,1017.56,1023.60,1017.84,1003.98,19.90,20.07,19.92,19.98,19.97,19.81,19.96,19.96
115440,994.94,1015.24,1033.14,1023.26,1017.56,1023.68,1017.82,1004.08,19.91,20.08,19.92,19.98,19.98,19.82,19.98,19.97
115560,994.96,1015.28,1033.08,1023.24,1017.50,1023.56,1017.88,1004.14,19.91,20.06,19.91,19.97,19.96,19.82,19.97,19.96
115680,994.74,1014.96,1033.16,1023.14,1017.30,1023.60,1017.72,1004.00,19.88,20.04,19.89,19.96,19.93,19.79,19.94,19.93
115800,994.82,1015.08,1033.26,1023.10,1017.28,1023.58,1017.68,1004.10,19.89,20.05,19.90,19.96,19.94,19.79,19.94,19.94
115920,994.74,1015.00,1033.16,1023.16,1017.50,1023.48,1017.66,1003.92,19.89,20.05,19.90,19.96,19.94,19.80,19.95,19.94
116040,994.70,1015.08,1033.08,1023.22,1017.48,1023.52,1017.70,1004.00,19.85,20.02,19.87,19.94,19.92,19.78,19.92,19.91
116160,994.70,1015.06,1033.12,1023.10,1017.26,1023.44,1017.44,1004.14,19.84,20.01,19.86,19.93,19.92,19.76,19.91,19.90
116280,994.62,1015.02,1033.14,1023.04,1017.30,1023.42,1017.60,1003.96,19.86,20.02,19.88,19.93,19.92,19.77,19.92,19.92
116400,994.54,1015.06,1033.06,1023.14,1017.30,1023.52,1017.60,1003.92,19.87,20.04,19.89,19.94,19.93,19.78,19.93,19.94
116520,994.62,1014.90,1033.08,1023.22,1017.22,1023.16,1017.56,1004.18,19.87,20.03,19.88,19.94,19.92,19.77,19.92,19.92
116640,994.72,1014.86,1032.98,1023.08,1017.24,1023.20,1017.42,1003.98,19.84,20.00,19.86,19.92,19.91,19.75,19.90,19.90
116760,994.66,1014.88,1032.96,1023.04,1017.30,1023.08,1017.34,1004.00,19.81,19.99,19.83,19.90,19.89,19.73,19.88,19.87
116880,994.50,1014.80,1033.08,1022.86,1017.22,1023.16,1017.34,1003.80,19.80,19.98,19.82,19.89,19.88,19.72,19.86,19.85
117000,994.44,1014.80,1032.80,1022.98,1017.32,1022.96,1017.30,1003.74,19.80,19.98,19.81,19.88,19.88,19.72,19.87,19.86
117120,994.70,1014.70,1032.90,1023.04,1017.32,1023.00,1017.40,1003.92,19.82,20.00,19.83,19.89,19.88,19.73,19.88,19.87
117240,994.62,1014.62,1032.94,1022.96,1017.32,1023.26,1017.40,1003.94,19.82,20.00,19.84,19.89,19.89,19.74,19.88,19.89
117360,994.64,1014.72,1032.76,1023.02,1017.12,1023.04,1017.30,1003.74,19.82,20.00,19.83,19.90,19.88,19.73,19.88,19.88
117480,994.48,1014.74,1032.74,1022.90,1017.04,1023.08,1017.26,1003.78,19.81,19.99,19.82,19.88,19.87,19.72,19.86,19.87
117600,994.56,1014.68,1032.76,1022.98,1017.08,1023.08,1017.26,1003.78,19.80,19.97,19.81,19.87,19.87,19.71,19.85,19.86
117720,994.58,1014.74,1032.78,1022.88,1017.12,1022.92,1017.14,1003.88,19.77,19.95,19.79,19.85,19.85,19.69,19.84,19.83
117840,994.46,1014.56,1032.62,1022.68,1017.06,1022.84,1017.08,1003.82,19.76,19.94,19.78,19.84,19.83,19.68,19.81,19.81
117960,994.48,1014.50,1032.70,1022.70,1017.06,1022.80,1017.00,1003.72,19.75,19.93,19.77,19.83,19.82,19.67,19.81,19.81
118080,994.50,1014.62,1032.56,1022.58,1017.04,1022.84,1017.32,1003.64,19.78,19.96,19.79,19.85,19.84,19.69,19.83,19.84
118200,994.50,1014.72,1032.66,1022.90,1016.86,1022.86,1017.34,1003.90,19.81,19.98,19.81,19.87,19.86,19.71,19.86,19.87
118320,994.52,1014.60,1032.76,1022.86,1017.00,1022.88,1017.28,1003.98,19.83,20.00,19.83,19.89,19.87,19.73,19.87,19.89
118440,994.62,1014.62,1032.62,1022.84,1016.90,1023.00,1017.20,1004.00,19.83,20.00,19.83,19.89,19.87,19.73,19.88,19.89
118560,994.64,1014.74,1032.64,1022.84,1016.94,1023.02,1017.30,1003.78,19.82,20.00,19.83,19.88,19.87,19.73,19.87,19.89
118680,994.66,1014.64,1032.46,1022.70,1017.00,1023.06,1017.14,1003.76,19.80,19.99,19.82,19.87,19.86,19.72,19.87,19.88
118800,994.56,1014.68,1032.46,1022.80,1017.04,1023.10,1017.16,1003.80,19.80,19.99,19.82,19.87,19.86,19.72,19.86,19.88
118920,994.62,1014.66,1032.40,1022.72,1017.00,1022.98,1017.24,1003.80,19.80,19.98,19.81,19.86,19.86,19.71,19.85,19.87
119040,994.72,1014.70,1032.60,1022.78,1016.82,1023.04,1017.10,1003.80,19.79,19.98,19.81,19.86,19.85,19.71,19.85,19.87
119160,994.56,1014.62,1032.54,1022.86,1016.86,1022.82,1017.10,1003.82,19.78,19.96,19.80,19.85,19.84,19.70,19.84,19.86
119280,994.54,1014.50,1032.52,1022.74,1016.92,1023.00,1017.08,1003.92,19.78,19.96,19.80,19.85,19.84,19.70,19.84,19.86
119400,994.62,1014.60,1032.52,1022.64,1016.90,1022.98,1017.30,1003.96,19.79,19.97,19.81,19.86,19.85,19.71,19.86,19.87
119520,994.66,1014.38,1032.44,1022.64,1016.72,1023.18,1017.30,1003.98,19.81,19.99,19.83,19.87,19.87,19.72,19.87,19.89
119640,994.74,1014.46,1032.58,1022.84,1016.78,1023.28,1017.22,1003.90,19.82,20.00,19.84,19.89,19.88,19.74,19.89,19.90
119760,994.72,1014.50,1032.68,1022.72,1016.84,1023.24,1017.50,1003.86,19.82,20.00,19.84,19.89,19.88,19.74,19.88,19.90
119880,994.62,1014.56,1032.64,1022.64,1016.84,1022.84,1017.40,1003.86,19.80,19.99,19.82,19.87,19.87,19.72,19.87,19.88
120000,994.58,1014.54,1032.66,1022.72,1016.84,1022.84,1017.26,1003.78,19.80,19.98,19.82,19.86,19.86,19.71,19.86,19.88
120120,994.54,1014.46,1032.48,1022.68,1016.84,1022.88,1017.28,1003.80,19.81,19.99,19.82,19.87,19.86,19.72,19.87,19.89
120240,994.56,1014.66,1032.42,1022.56,1016.76,1023.02,1017.50,1003.76,19.82,20.00,19.83,19.88,19.87,19.73,19.88,19.91
120360,994.54,1014.68,1032.58,1022.44,1016.72,1023.12,1017.40,1003.70,19.84,20.01,19.85,19.89,19.89,19.75,19.90,19.93
120480,994.68,1014.68,1032.64,1022.58,1016.74,1023.10,1017.28,1003.66,19.86,20.03,19.86,19.90,19.89,19.75,19.91,19.93
120600,994.74,1014.54,1032.52,1022.56,1017.00,1023.12,1017.38,1003.60,19.85,20.02,19.85,19.90,19.89,19.75,19.90,19.92
120720,994.78,1014.52,1032.64,1022.56,1016.78,1023.18,1017.46,1003.66,19.83,20.01,19.84,19.89,19.88,19.74,19.89,19.91
120840,994.60,1014.46,1032.64,1022.58,1016.82,1023.12,1017.30,1003.56,19.83,20.00,19.84,19.89,19.88,19.74,19.88,19.91
120960,994.66,1014.52,1032.74,1022.68,1016.66,1023.12,1017.46,1003.74,19.84,20.01,19.84,19.90,19.89,19.74,19.89,19.92
121080,994.64,1014.48,1032.66,1022.90,1016.74,1023.04,1017.40,1003.62,19.84,20.01,19.85,19.90,19.89,19.75,19.90,19.92
121200,994.64,1014.54,1032.54,1022.68,1016.84,1022.98,1017.34,1003.90,19.84,20.01,19.84,19.90,19.89,19.75,19.90,19.92
121320,994.66,1014.66,1032.46,1022.68,1016.86,1023.18,1017.28,1003.70,19.83,20.01,19.84,19.89,19.89,19.74,19.89,19.92
121440,994.66,1014.54,1032.44,1022.50,1016.66,1023.04,1017.44,1003.64,19.82,20.00,19.83,19.88,19.88,19.74,19.88,19.90
121560,994.70,1014.46,1032.24,1022.46,1016.64,1023.30,1017.44,1003.72,19.83,20.00,19.83,19.88,19.88,19.74,19.88,19.91
121680,994.74,1014.36,1032.30,1022.52,1016.80,1023.18,1017.48,1003.68,19.84,20.01,19.84,19.88,19.89,19.74,19.89,19.93
121800,994.62,1014.48,1032.30,1022.62,1016.70,1023.18,1017.34,1003.80,19.85,20.02,19.85,19.90,19.90,19.75,19.90,19.93
121920,994.62,1014.34,1032.26,1022.56,1016.70,1023.16,1017.44,1003.84,19.85,20.03,19.86,19.90,19.90,19.76,19.91,19.93
122040,994.66,1014.26,1032.40,1022.66,1016.60,1023.14,1017.44,1003.70,19.86,20.03,19.86,19.91,19.90,19.76,19.91,19.94
122160,994.64,1014.26,1032.48,1022.76,1016.70,1023.20,1017.46,1003.84,19.86,20.03,19.86,19.91,19.91,19.77,19.92,19.94
122280,994.52,1014.36,1032.46,1022.68,1016.52,1023.12,1017.50,1003.88,19.85,20.02,19.86,19.91,19.91,19.77,19.91,19.93
122400,994.72,1014.36,1032.40,1022.52,1016.64,1023.18,1017.44,1003.66,19.85,20.02,19.85,19.90,19.90,19.76,19.90,19.92
122520,994.68,1014.26,1032.40,1022.56,1016.72,1023.16,1016.76,1003.74,19.83,20.01,19.84,19.89,19.88,19.74,19.88,19.91
122640,994.62,1014.42,1032.22,1022.56,1016.46,1023.14,1014.34,1003.80,19.83,20.00,19.83,19.88,19.87,19.73,19.87,19.90
122760,994.68,1014.32,1032.38,1022.62,1016.48,1023.00,1014.34,1003.70,19.83,20.00,19.83,19.88,19.88,19.74,19.88,19.91
122880,994.64,1014.36,1032.38,1022.64,1016.50,1023.02,1014.36,1003.74,19.84,20.02,19.85,19.90,19.89,19.76,19.90,19.93
123000,994.70,1014.30,1032.40,1022.48,1016.48,1023.36,1014.42,1003.66,19.86,20.04,19.87,19.91,19.91,19.77,19.91,19.94
123120,994.84,1014.36,1032.36,1022.44,1016.50,1023.18,1014.58,1003.70,19.87,20.04,19.87,19.92,19.91,19.77,19.92,19.95
123240,994.58,1014.46,1032.34,1022.42,1016.54,1023.34,1014.60,1003.56,19.86,20.04,19.86,19.91,19.91,19.77,19.92,19.95
123360,994.54,1014.18,1032.32,1022.48,1016.62,1023.24,1014.56,1003.66,19.85,20.02,19.85,19.90,19.89,19.75,19.90,19.93
123480,994.54,1014.14,1032.32,1022.38,1016.46,1023.12,1014.30,1003.56,19.82,20.00,19.83,19.88,19.87,19.74,19.88,19.91
123600,994.48,1014.16,1032.28,1022.32,1016.38,1023.08,1014.36,1003.56,19.81,20.00,19.82,19.87,19.87,19.73,19.87,19.90
123720,994.46,1014.18,1032.38,1022.46,1016.38,1023.04,1014.32,1003.24,19.80,19.99,19.81,19.86,19.86,19.72,19.85,19.88
123840,994.26,1014.22,1032.16,1022.56,1016.48,1022.98,1014.36,1003.54,19.80,20.00,19.81,19.87,19.86,19.72,19.86,19.89
123960,994.34,1014.32,1032.16,1022.62,1016.32,1022.86,1014.26,1003.42,19.82,20.00,19.82,19.87,19.86,19.72,19.86,19.90
124080,994.42,1014.12,1032.20,1022.52,1016.50,1022.94,1014.24,1003.40,19.82,20.00,19.83,19.87,19.87,19.72,19.87,19.91
124200,994.32,1014.00,1032.10,1022.44,1016.38,1022.92,1014.42,1003.48,19.80,19.99,19.81,19.86,19.85,19.71,19.85,19.88
124320,994.36,1013.98,1032.04,1022.34,1016.36,1022.92,1014.22,1003.44,19.78,19.97,19.79,19.84,19.84,19.70,19.83,19.86
124440,994.40,1014.16,1032.16,1022.36,1016.16,1023.02,1014.28,1003.36,19.78,19.97,19.79,19.84,19.83,19.70,19.84,19.86
124560,994.38,1014.20,1032.30,1022.30,1016.22,1022.82,1014.26,1003.50,19.77,19.97,19.78,19.84,19.83,19.70,19.83,19.85
124680,994.32,1014.14,1032.28,1022.40,1016.18,1022.66,1014.10,1003.44,19.75,19.94,19.76,19.82,19.81,19.67,19.80,19.83
124800,994.26,1013.94,1032.14,1022.22,1016.14,1022.50,1013.82,1003.26,19.72,19.92,19.74,19.80,19.79,19.65,19.78,19.80
124920,994.22,1013.96,1032.30,1022.16,1016.20,1022.52,1013.98,1003.30,19.72,19.92,19.74,19.79,19.79,19.65,19.79,19.81
125040,994.30,1013.96,1032.06,1022.18,1016.22,1022.64,1013.96,1003.18,19.74,19.93,19.75,19.81,19.81,19.66,19.79,19.82
125160,994.34,1013.94,1031.98,1021.94,1016.12,1022.64,1013.98,1003.18,19.73,19.93,19.74,19.80,19.80,19.65,19.79,19.81
125280,994.24,1014.26,1032.06,1022.06,1016.00,1022.58,1014.02,1003.24,19.72,19.91,19.73,19.79,19.78,19.64,19.78,19.80
125400,994.28,1014.04,1032.08,1022.16,1015.98,1022.64,1013.90,1003.38,19.70,19.91,19.72,19.78,19.78,19.64,19.77,19.79
125520,994.22,1013.92,1032.08,1022.24,1016.14,1022.76,1013.90,1003.34,19.71,19.90,19.72,19.78,19.78,19.64,19.77,19.79
125640,994.24,1013.84,1032.12,1022.18,1015.94,1022.62,1013.86,1003.30,19.71,19.90,19.72,19.78,19.78,19.64,19.76,19.79
125760,994.28,1013.88,1032.02,1022.14,1015.90,1022.70,1013.82,1003.28,19.69,19.89,19.70,19.76,19.76,19.62,19.75,19.76
125880,994.20,1013.96,1032.04,1022.20,1015.96,1022.52,1013.60,1003.22,19.66,19.86,19.68,19.73,19.73,19.59,19.72,19.74
126000,994.14,1013.90,1031.98,1022.14,1015.88,1022.64,1013.60,1003.14,19.66,19.87,19.68,19.73,19.73,19.59,19.72,19.75
126120,994.12,1013.82,1031.94,1022.10,1016.02,1022.60,1013.54,1003.34,19.68,19.88,19.70,19.75,19.75,19.61,19.74,19.76
126240,994.24,1013.82,1031.88,1021.98,1016.00,1022.52,1013.56,1003.24,19.70,19.90,19.71,19.77,19.76,19.62,19.75,19.78
126360,994.22,1013.78,1032.02,1021.88,1016.10,1022.54,1013.76,1003.30,19.69,19.89,19.70,19.76,19.76,19.61,19.74,19.76
126480,994.20,1013.82,1031.78,1022.02,1015.94,1022.44,1013.66,1003.38,19.67,19.87,19.69,19.75,19.74,19.60,19.72,19.75
126600,994.08,1013.88,1031.66,1021.96,1016.00,1022.46,1013.62,1003.36,19.66,19.86,19.69,19.74,19.74,19.60,19.71,19.74
126720,994.06,1013.78,1031.68,1022.02,1015.92,1022.24,1013.48,1003.30,19.64,19.85,19.67,19.73,19.72,19.58,19.71,19.72
126840,994.12,1013.72,1031.70,1021.92,1015.72,1022.26,1013.40,1003.10,19.64,19.84,19.66,19.72,19.71,19.58,19.70,19.71
126960,994.22,1013.68,1031.64,1021.84,1015.72,1022.18,1013.38,1003.04,19.62,19.83,19.65,19.71,19.70,19.56,19.68,19.70
127080,993.96,1013.68,1031.60,1021.80,1015.84,1022.16,1013.24,1003.00,19.61,19.81,19.63,19.69,19.69,19.55,19.67,19.69
127200,993.96,1013.68,1031.50,1021.80,1015.74,1022.08,1013.24,1002.88,19.61,19.81,19.63,19.69,19.68,19.54,19.66,19.69
127320,993.94,1013.54,1031.46,1021.80,1015.66,1021.98,1013.26,1002.78,19.61,19.81,19.63,19.68,19.67,19.54,19.66,19.68
127440,993.80,1013.52,1031.50,1021.88,1015.70,1021.96,1013.40,1002.80,19.59,19.80,19.61,19.68,19.67,19.53,19.65,19.67
127560,993.90,1013.58,1031.48,1021.64,1015.56,1022.02,1013.28,1002.90,19.59,19.79,19.61,19.68,19.67,19.53,19.65,19.67
127680,993.94,1013.48,1031.34,1021.70,1015.68,1021.88,1013.36,1002.94,19.60,19.80,19.61,19.68,19.67,19.53,19.65,19.68
127800,993.92,1013.54,1031.38,1021.72,1015.64,1021.88,1013.40,1002.84,19.59,19.79,19.61,19.68,19.67,19.53,19.65,19.67
127920,993.90,1013.34,1031.30,1021.72,1015.52,1021.84,1013.54,1002.84,19.58,19.79,19.60,19.67,19.66,19.52,19.64,19.66
128040,993.88,1013.34,1031.32,1021.76,1015.48,1022.02,1013.22,1002.98,19.57,19.78,19.59,19.67,19.65,19.51,19.63,19.65
128160,993.88,1013.18,1031.32,1021.72,1015.22,1022.00,1013.06,1002.84,19.57,19.77,19.59,19.65,19.63,19.50,19.62,19.63
128280,993.98,1013.22,1031.26,1021.60,1015.34,1021.84,1012.94,1002.80,19.56,19.77,19.58,19.64,19.62,19.48,19.60,19.63
128400,993.82,1013.28,1031.08,1021.56,1015.30,1021.72,1013.14,1002.84,19.56,19.76,19.57,19.64,19.62,19.48,19.60,19.63
128520,993.72,1013.26,1031.18,1021.58,1015.36,1021.60,1013.04,1002.64,19.55,19.75,19.56,19.63,19.62,19.47,19.59,19.62
128640,993.76,1013.30,1031.14,1021.44,1015.32,1021.74,1013.10,1002.66,19.54,19.75,19.55,19.63,19.62,19.47,19.59,19.61
128760,993.70,1013.40,1031.18,1021.40,1015.28,1021.70,1013.10,1002.50,19.54,19.74,19.55,19.62,19.62,19.47,19.58,19.61
128880,993.70,1013.12,1031.12,1021.46,1015.22,1021.60,1013.06,1002.68,19.54,19.74,19.55,19.62,19.61,19.47,19.59,19.62
129000,993.62,1013.22,1031.10,1021.62,1015.10,1021.78,1013.24,1002.76,19.55,19.75,19.56,19.63,19.62,19.48,19.59,19.63
129120,993.60,1013.14,1031.10,1021.46,1015.08,1021.74,1013.06,1002.82,19.54,19.74,19.55,19.62,19.62,19.47,19.59,19.62
129240,993.50,1013.06,1031.14,1021.40,1015.16,1021.58,1013.10,1002.86,19.53,19.74,19.55,19.61,19.61,19.47,19.58,19.62
129360,993.52,1013.20,1031.06,1021.48,1015.22,1021.62,1012.76,1002.74,19.53,19.74,19.55,19.61,19.59,19.46,19.58,19.61
129480,993.58,1013.30,1030.90,1021.50,1015.14,1021.74,1013.06,1002.68,19.53,19.74,19.55,19.61,19.60,19.47,19.59,19.62
129600,993.50,1013.30,1030.94,1021.48,1015.14,1021.76,1013.00,1002.68,19.53,19.74,19.55,19.62,19.61,19.47,19.59,19.62
129720,993.56,1013.24,1031.06,1021.38,1015.08,1021.66,1013.12,1002.76,19.55,19.75,19.57,19.63,19.62,19.48,19.60,19.63
129840,993.50,1013.16,1031.04,1021.40,1015.00,1021.58,1013.14,1002.66,19.55,19.76,19.57,19.63,19.62,19.48,19.60,19.63
129960,993.58,1013.38,1031.06,1021.54,1014.98,1021.72,1013.10,1002.74,19.56,19.76,19.57,19.63,19.63,19.49,19.61,19.64
130080,993.58,1013.38,1031.10,1021.44,1015.08,1021.56,1013.04,1002.78,19.55,19.76,19.57,19.62,19.63,19.49,19.60,19.64
130200,993.58,1013.50,1030.98,1021.28,1015.14,1021.54,1013.08,1002.70,19.56,19.76,19.57,19.62,19.63,19.49,19.60,19.64
130320,993.50,1013.22,1031.00,1021.26,1015.10,1021.52,1013.04,1002.74,19.55,19.76,19.57,19.63,19.62,19.48,19.60,19.64
130440,993.48,1013.32,1031.02,1021.18,1015.04,1021.64,1013.04,1002.96,19.56,19.77,19.57,19.63,19.63,19.49,19.61,19.65
130560,993.66,1013.20,1031.04,1021.08,1014.64,1021.74,1013.18,1002.72,19.57,19.77,19.58,19.63,19.63,19.50,19.62,19.66
130680,993.58,1013.20,1030.92,1021.26,1014.66,1021.92,1013.14,1002.76,19.57,19.78,19.58,19.64,19.64,19.51,19.62,19.67
130800,993.36,1013.10,1031.00,1021.38,1014.74,1021.86,1013.20,1002.88,19.58,19.78,19.59,19.64,19.65,19.51,19.63,19.67
130920,993.50,1013.28,1030.92,1021.32,1014.68,1021.90,1013.08,1002.76,19.58,19.79,19.59,19.65,19.65,19.52,19.63,19.68
131040,993.44,1013.12,1030.84,1021.28,1014.84,1021.82,1013.14,1002.88,19.59,19.79,19.59,19.65,19.65,19.52,19.64,19.68
131160,993.46,1013.06,1030.98,1021.26,1014.80,1021.74,1013.04,1002.82,19.57,19.78,19.58,19.64,19.64,19.51,19.63,19.67
131280,993.38,1012.98,1031.00,1021.22,1014.82,1021.78,1012.92,1002.86,19.56,19.77,19.57,19.63,19.63,19.50,19.62,19.65
131400,993.42,1013.06,1030.96,1021.24,1014.80,1021.94,1013.22,1002.98,19.56,19.77,19.58,19.63,19.63,19.50,19.62,19.66
131520,993.18,1013.00,1030.78,1021.18,1014.94,1022.00,1013.12,1002.76,19.56,19.77,19.57,19.63,19.63,19.50,19.62,19.65
131640,993.48,1013.06,1030.80,1021.08,1014.96,1021.74,1013.14,1002.96,19.57,19.77,19.58,19.63,19.63,19.50,19.62,19.66
131760,993.36,1012.92,1030.88,1021.10,1014.80,1021.76,1013.24,1002.82,19.57,19.78,19.58,19.63,19.64,19.50,19.63,19.67
131880,993.34,1012.88,1030.72,1021.12,1014.74,1021.76,1013.14,1002.88,19.58,19.79,19.59,19.65,19.64,19.51,19.64,19.68
132000,993.24,1012.90,1030.78,1021.20,1014.68,1021.80,1013.16,1002.96,19.58,19.79,19.59,19.64,19.64,19.51,19.63,19.67
132120,993.32,1012.84,1030.84,1021.12,1014.74,1021.72,1013.34,1002.96,19.57,19.78,19.59,19.64,19.64,19.52,19.63,19.67
132240,993.52,1012.86,1030.84,1021.04,1014.76,1021.78,1013.34,1002.82,19.58,19.79,19.59,19.64,19.64,19.51,19.64,19.67
132360,993.48,1013.00,1030.80,1021.16,1014.74,1021.76,1013.28,1002.78,19.59,19.80,19.60,19.65,19.65,19.51,19.64,19.69
132480,993.58,1012.98,1030.74,1021.12,1014.80,1021.76,1013.36,1002.78,19.59,19.80,19.59,19.65,19.64,19.51,19.64,19.68
132600,993.56,1012.88,1030.62,1021.04,1014.76,1021.48,1013.16,1002.78,19.58,19.79,19.59,19.65,19.64,19.51,19.63,19.67
132720,993.56,1012.76,1030.68,1021.08,1014.64,1021.66,1013.12,1002.78,19.56,19.78,19.57,19.63,19.63,19.50,19.62,19.66
132840,993.54,1012.74,1030.80,1020.94,1014.58,1021.78,1013.22,1002.68,19.56,19.77,19.57,19.63,19.62,19.50,19.62,19.66
132960,993.52,1012.68,1030.56,1020.94,1014.50,1021.86,1013.20,1002.54,19.56,19.77,19.57,19.63,19.62,19.50,19.62,19.66
133080,993.48,1012.70,1030.66,1021.14,1014.64,1021.66,1013.18,1002.68,19.55,19.77,19.57,19.63,19.63,19.50,19.62,19.66
133200,993.46,1012.66,1030.50,1020.94,1014.56,1021.58,1013.14,1002.44,19.56,19.77,19.57,19.63,19.63,19.50,19.62,19.66
133320,993.54,1012.64,1030.58,1020.80,1014.34,1021.54,1013.00,1002.70,19.56,19.77,19.57,19.63,19.63,19.49,19.62,19.66
133440,993.38,1012.60,1030.60,1020.84,1014.34,1021.62,1013.04,1002.76,19.55,19.76,19.56,19.62,19.63,19.49,19.61,19.65
133560,993.10,1012.68,1030.70,1020.94,1014.58,1021.56,1013.16,1002.74,19.55,19.77,19.57,19.62,19.63,19.49,19.61,19.65
133680,993.30,1012.68,1030.72,1020.96,1014.52,1021.50,1013.44,1002.86,19.56,19.77,19.57,19.63,19.63,19.49,19.62,19.66
133800,993.38,1012.46,1030.58,1020.94,1014.52,1021.66,1013.32,1002.92,19.56,19.78,19.58,19.64,19.64,19.50,19.62,19.67
133920,993.58,1012.56,1030.64,1020.90,1014.46,1021.58,1012.94,1002.98,19.56,19.77,19.57,19.63,19.63,19.50,19.62,19.66
134040,993.46,1012.46,1030.64,1020.96,1014.34,1021.64,1013.02,1002.82,19.56,19.77,19.57,19.62,19.63,19.50,19.62,19.67
134160,993.60,1012.64,1030.70,1021.00,1014.38,1021.48,1013.16,1002.90,19.56,19.77,19.56,19.62,19.62,19.50,19.62,19.67
134280,993.48,1012.44,1030.72,1020.90,1014.40,1021.56,1013.34,1002.70,19.56,19.77,19.57,19.62,19.62,19.50,19.62,19.67
134400,993.36,1012.64,1030.60,1020.78,1014.22,1021.62,1013.18,1002.80,19.56,19.77,19.57,19.63,19.63,19.50,19.63,19.66
134520,993.52,1012.62,1030.64,1020.74,1014.38,1021.76,1013.04,1002.82,19.57,19.78,19.57,19.63,19.63,19.50,19.63,19.67
134640,993.50,1012.66,1030.66,1020.84,1014.30,1021.52,1013.18,1002.90,19.57,19.78,19.57,19.62,19.63,19.50,19.62,19.67
134760,993.56,1012.50,1030.36,1020.84,1014.36,1021.56,1013.22,1002.90,19.57,19.78,19.58,19.63,19.63,19.51,19.63,19.68
134880,993.60,1012.56,1030.52,1020.76,1014.36,1021.60,1013.24,1002.90,19.57,19.79,19.58,19.63,19.63,19.51,19.63,19.68
135000,993.52,1012.64,1030.46,1020.76,1014.44,1021.54,1013.22,1002.72,19.56,19.78,19.58,19.63,19.63,19.50,19.62,19.67
135120,993.50,1012.60,1030.64,1020.78,1014.30,1021.52,1013.18,1002.76,19.55,19.77,19.57,19.62,19.62,19.50,19.62,19.66
135240,993.46,1012.48,1030.50,1020.80,1014.18,1021.52,1013.06,1002.82,19.56,19.78,19.57,19.62,19.62,19.49,19.61,19.66
135360,993.46,1012.40,1030.32,1020.74,1014.08,1021.46,1013.12,1002.84,19.55,19.78,19.57,19.62,19.61,19.49,19.61,19.66
135480,993.40,1012.64,1030.22,1020.70,1013.98,1021.38,1013.14,1002.80,19.53,19.76,19.56,19.60,19.60,19.48,19.60,19.64
135600,993.52,1012.56,1030.14,1020.76,1014.12,1021.34,1012.96,1002.76,19.52,19.75,19.54,19.60,19.60,19.47,19.59,19.63
135720,993.40,1012.60,1030.42,1020.78,1014.16,1021.42,1012.90,1002.58,19.52,19.75,19.54,19.59,19.60,19.46,19.58,19.63
135840,993.34,1012.52,1030.50,1020.82,1014.16,1021.24,1012.90,1002.68,19.50,19.73,19.52,19.59,19.59,19.45,19.57,19.61
135960,993.40,1012.48,1030.52,1020.72,1014.00,1021.06,1012.88,1002.62,19.50,19.73,19.52,19.58,19.59,19.46,19.57,19.61
136080,993.42,1012.56,1030.52,1020.70,1013.94,1020.94,1012.96,1002.62,19.50,19.72,19.52,19.57,19.58,19.45,19.56,19.60
136200,993.26,1012.62,1030.32,1020.64,1013.86,1020.98,1012.76,1002.60,19.49,19.72,19.51,19.56,19.56,19.43,19.55,19.60
136320,993.30,1012.58,1030.36,1020.46,1013.94,1020.78,1012.54,1002.62,19.48,19.71,19.50,19.56,19.55,19.43,19.54,19.59
136440,993.32,1012.56,1030.14,1020.50,1013.82,1020.80,1012.70,1002.62,19.48,19.70,19.49,19.55,19.55,19.43,19.54,19.59
136560,993.28,1012.68,1030.32,1020.52,1013.84,1020.90,1012.68,1002.72,19.47,19.69,19.49,19.54,19.55,19.42,19.53,19.58
136680,993.32,1012.50,1030.30,1020.42,1013.78,1020.88,1012.58,1002.72,19.48,19.70,19.48,19.54,19.55,19.42,19.53,19.58
136800,993.32,1012.38,1030.18,1020.46,1013.72,1020.86,1012.56,1002.66,19.47,19.69,19.48,19.54,19.55,19.42,19.53,19.57
136920,993.34,1012.30,1030.22,1020.44,1013.62,1020.56,1012.64,1002.56,19.47,19.68,19.48,19.54,19.54,19.41,19.52,19.56
137040,993.24,1012.18,1030.22,1020.38,1013.64,1020.46,1012.60,1002.58,19.46,19.68,19.47,19.54,19.53,19.40,19.51,19.55
137160,993.26,1012.08,1030.24,1020.42,1013.70,1020.66,1012.60,1002.46,19.46,19.68,19.47,19.53,19.53,19.40,19.51,19.56
137280,993.08,1012.20,1030.08,1020.28,1013.60,1020.66,1012.50,1002.46,19.46,19.68,19.47,19.53,19.53,19.39,19.51,19.56
137400,993.12,1012.30,1029.98,1020.26,1013.54,1020.70,1012.54,1002.66,19.45,19.68,19.47,19.53,19.53,19.39,19.50,19.56
137520,993.14,1012.18,1029.96,1020.40,1013.58,1020.66,1012.48,1002.48,19.45,19.67,19.46,19.52,19.52,19.38,19.49,19.55
137640,993.08,1012.22,1030.00,1020.30,1013.80,1020.70,1012.38,1002.32,19.45,19.68,19.47,19.53,19.52,19.38,19.49,19.55
137760,993.22,1012.08,1030.04,1020.22,1013.62,1020.66,1012.42,1002.40,19.45,19.67,19.46,19.52,19.52,19.39,19.50,19.55
137880,993.26,1012.08,1030.10,1020.26,1013.54,1020.76,1012.46,1002.40,19.47,19.70,19.48,19.54,19.55,19.41,19.53,19.59
138000,993.20,1012.04,1029.98,1020.22,1013.72,1020.84,1012.70,1002.46,19.51,19.73,19.50,19.56,19.57,19.43,19.55,19.62
138120,993.26,1012.20,1030.16,1020.22,1013.58,1020.76,1012.72,1002.60,19.53,19.75,19.52,19.58,19.58,19.45,19.57,19.63
138240,993.20,1012.22,1030.22,1020.32,1013.58,1020.72,1012.74,1002.52,19.51,19.73,19.51,19.57,19.57,19.44,19.56,19.62
138360,993.18,1012.26,1030.14,1020.30,1013.46,1020.80,1012.80,1002.64,19.51,19.73,19.51,19.57,19.57,19.44,19.56,19.62
138480,993.18,1012.22,1030.18,1020.34,1013.64,1020.78,1012.84,1002.80,19.53,19.75,19.53,19.59,19.59,19.46,19.58,19.64
138600,993.20,1012.20,1030.24,1020.46,1013.68,1020.90,1012.82,1002.60,19.56,19.77,19.55,19.61,19.61,19.48,19.60,19.67
138720,993.38,1012.24,1030.24,1020.34,1013.64,1020.92,1012.70,1002.62,19.57,19.78,19.56,19.62,19.62,19.49,19.61,19.69
138840,993.28,1012.32,1030.34,1020.20,1013.92,1021.02,1013.10,1002.74,19.59,19.80,19.58,19.63,19.64,19.50,19.62,19.70
138960,993.32,1012.40,1030.10,1020.24,1013.78,1021.02,1013.08,1002.82,19.60,19.81,19.59,19.63,19.64,19.51,19.63,19.71
139080,993.24,1012.18,1030.34,1020.30,1013.74,1020.96,1013.02,1002.82,19.59,19.81,19.58,19.63,19.64,19.51,19.63,19.69
139200,993.26,1012.18,1030.16,1020.30,1013.66,1021.28,1013.02,1002.78,19.58,19.80,19.58,19.63,19.64,19.51,19.63,19.69
139320,993.44,1012.30,1030.24,1020.42,1013.70,1021.14,1013.00,1002.78,19.60,19.81,19.58,19.64,19.65,19.52,19.64,19.71
139440,993.46,1012.26,1030.30,1020.38,1013.66,1021.18,1013.20,1002.84,19.60,19.82,19.60,19.66,19.66,19.53,19.65,19.72
139560,993.52,1012.26,1030.26,1020.40,1013.66,1021.52,1013.22,1002.84,19.61,19.84,19.61,19.67,19.67,19.53,19.65,19.72
139680,993.46,1012.44,1030.26,1020.52,1013.76,1021.16,1013.28,1002.94,19.63,19.85,19.62,19.67,19.68,19.54,19.67,19.74
139800,993.70,1012.22,1030.46,1020.34,1013.70,1021.08,1013.36,1002.96,19.64,19.86,19.63,19.68,19.69,19.56,19.68,19.76
139920,993.62,1012.44,1030.26,1020.46,1013.64,1021.08,1013.28,1002.96,19.65,19.86,19.64,19.69,19.70,19.56,19.69,19.76
140040,993.54,1012.40,1030.36,1020.44,1013.52,1021.04,1013.38,1002.82,19.64,19.86,19.63,19.68,19.69,19.56,19.68,19.76
140160,993.54,1012.30,1030.36,1020.46,1013.54,1021.14,1013.32,1003.06,19.64,19.85,19.62,19.68,19.68,19.55,19.67,19.74
140280,993.62,1012.30,1030.26,1020.38,1013.64,1021.08,1013.26,1003.00,19.64,19.85,19.63,19.68,19.68,19.55,19.67,19.75
140400,993.72,1012.22,1030.34,1020.48,1013.74,1020.98,1013.28,1003.14,19.64,19.86,19.63,19.68,19.69,19.56,19.68,19.76
140520,993.62,1012.20,1030.44,1020.34,1013.62,1021.12,1013.40,1002.98,19.64,19.86,19.63,19.69,19.69,19.56,19.68,19.76
140640,993.74,1012.24,1030.38,1020.34,1013.56,1021.24,1013.36,1002.96,19.66,19.87,19.65,19.70,19.70,19.57,19.69,19.77
140760,993.54,1012.34,1030.32,1020.56,1013.74,1021.12,1013.44,1003.06,19.66,19.88,19.65,19.70,19.70,19.57,19.70,19.78
140880,993.46,1012.40,1030.36,1020.60,1013.74,1021.30,1013.46,1003.02,19.68,19.89,19.66,19.71,19.72,19.59,19.71,19.80
141000,993.66,1012.36,1030.42,1020.62,1013.76,1021.32,1013.64,1003.28,19.69,19.91,19.68,19.73,19.73,19.60,19.73,19.82
141120,993.84,1012.50,1030.46,1020.72,1013.78,1021.28,1013.70,1003.20,19.73,19.95,19.71,19.75,19.76,19.63,19.76,19.86
141240,993.82,1012.58,1030.46,1020.52,1013.74,1021.44,1013.90,1003.36,19.75,19.97,19.73,19.77,19.78,19.65,19.78,19.88
141360,993.90,1012.58,1030.50,1020.70,1013.74,1021.48,1013.92,1003.42,19.77,19.99,19.75,19.79,19.80,19.67,19.80,19.90
141480,994.00,1012.64,1030.56,1020.56,1013.68,1021.52,1013.74,1003.36,19.79,20.00,19.78,19.81,19.83,19.69,19.82,19.92
141600,994.10,1012.70,1030.56,1020.70,1013.78,1021.70,1013.86,1003.36,19.81,20.01,19.80,19.83,19.84,19.71,19.84,19.94
141720,994.14,1012.80,1030.56,1020.72,1013.92,1021.68,1013.90,1003.52,19.83,20.03,19.81,19.85,19.85,19.72,19.86,19.96
141840,994.32,1012.84,1030.70,1020.86,1014.02,1021.66,1014.00,1003.66,19.84,20.05,19.82,19.86,19.87,19.73,19.87,19.97
141960,994.40,1012.84,1030.70,1021.10,1014.06,1021.76,1014.18,1003.72,19.86,20.07,19.84,19.88,19.89,19.75,19.89,20.00
142080,994.52,1013.00,1030.78,1020.94,1014.08,1021.96,1013.70,1003.76,19.88,20.09,19.87,19.90,19.91,19.76,19.90,20.01
142200,994.48,1012.74,1030.84,1021.06,1014.10,1021.96,1011.66,1003.76,19.90,20.11,19.89,19.91,19.92,19.78,19.92,20.03
142320,994.66,1013.00,1030.86,1021.06,1014.14,1022.00,1011.48,1003.72,19.92,20.13,19.90,19.93,19.94,19.79,19.94,20.05
142440,994.64,1013.02,1030.84,1021.16,1014.16,1022.04,1011.58,1003.68,19.94,20.15,19.92,19.95,19.95,19.81,19.96,20.06
142560,994.74,1013.00,1030.72,1021.32,1014.18,1022.00,1011.70,1003.90,19.94,20.15,19.92,19.95,19.96,19.82,19.97,20.07
142680,994.80,1013.12,1030.70,1021.08,1014.24,1022.04,1011.94,1004.00,19.96,20.16,19.94,19.96,19.97,19.83,19.98,20.08
142800,994.94,1013.14,1030.84,1021.40,1014.22,1021.96,1011.94,1004.06,19.96,20.16,19.94,19.97,19.98,19.84,19.98,20.09
142920,994.88,1013.18,1030.94,1021.42,1014.22,1022.36,1011.98,1004.10,19.97,20.18,19.95,19.98,20.00,19.86,20.00,20.10
143040,995.00,1013.18,1030.98,1021.42,1014.24,1022.30,1011.86,1004.14,19.99,20.19,19.97,20.00,20.01,19.87,20.01,20.12
143160,994.96,1013.32,1030.98,1021.36,1014.38,1022.26,1012.00,1004.34,20.00,20.22,19.99,20.01,20.03,19.89,20.03,20.14
143280,995.00,1013.40,1030.96,1021.32,1014.36,1022.34,1012.10,1004.42,20.02,20.23,20.00,20.03,20.05,19.91,20.04,20.16
143400,995.10,1013.44,1030.96,1021.40,1014.32,1022.44,1012.18,1004.48,20.04,20.26,20.02,20.06,20.07,19.93,20.07,20.19
143520,995.10,1013.56,1031.12,1021.56,1014.52,1022.40,1012.20,1004.48,20.04,20.27,20.03,20.06,20.08,19.94,20.07,20.19
143640,995.20,1013.62,1031.20,1021.56,1014.48,1022.46,1012.16,1004.44,20.04,20.27,20.04,20.07,20.09,19.95,20.08,20.19
143760,995.22,1013.44,1031.12,1021.60,1014.48,1022.46,1012.22,1004.68,20.03,20.25,20.03,20.06,20.07,19.93,20.07,20.17
143880,995.30,1013.44,1031.18,1021.62,1014.52,1022.32,1012.06,1004.64,20.02,20.25,20.02,20.05,20.07,19.93,20.06,20.17
144000,995.44,1013.44,1031.08,1021.60,1014.44,1022.24,1012.00,1004.56,20.01,20.25,20.01,20.04,20.06,19.92,20.05,20.16
144120,995.38,1013.52,1031.12,1021.58,1014.68,1022.46,1012.10,1004.52,20.03,20.26,20.04,20.06,20.08,19.94,20.07,20.18
144240,995.58,1013.50,1031.22,1021.72,1014.58,1022.44,1012.36,1004.60,20.05,20.29,20.06,20.09,20.10,19.96,20.09,20.20
144360,995.50,1013.52,1031.18,1021.62,1014.72,1022.48,1012.52,1004.68,20.07,20.30,20.08,20.10,20.12,19.98,20.12,20.22
144480,995.68,1013.68,1031.42,1021.56,1014.76,1022.50,1012.76,1004.64,20.08,20.32,20.09,20.12,20.14,20.00,20.14,20.24
144600,995.68,1013.64,1031.44,1021.68,1014.62,1022.52,1012.74,1004.70,20.12,20.35,20.13,20.15,20.18,20.03,20.18,20.28
144720,995.78,1013.84,1031.60,1021.84,1014.64,1022.46,1012.66,1004.78,20.13,20.36,20.14,20.17,20.20,20.05,20.19,20.30
144840,995.82,1013.88,1031.62,1021.82,1014.78,1022.64,1012.84,1005.12,20.15,20.38,20.16,20.20,20.22,20.07,20.21,20.31
144960,995.80,1013.94,1031.58,1021.98,1014.78,1022.58,1012.86,1005.22,20.16,20.39,20.17,20.21,20.23,20.08,20.21,20.32
145080,995.92,1014.00,1031.54,1022.02,1014.84,1022.66,1012.98,1005.20,20.17,20.40,20.19,20.22,20.24,20.09,20.23,20.33
145200,996.08,1014.00,1031.60,1022.00,1014.86,1022.78,1013.08,1005.26,20.18,20.41,20.20,20.23,20.25,20.10,20.24,20.35
145320,996.18,1014.26,1031.60,1021.90,1014.98,1022.76,1013.28,1005.32,20.22,20.45,20.22,20.25,20.28,20.12,20.27,20.38
145440,996.26,1014.24,1031.76,1022.00,1015.06,1022.90,1013.20,1005.46,20.24,20.47,20.24,20.27,20.30,20.14,20.29,20.40
145560,996.40,1014.22,1031.90,1022.14,1015.06,1022.90,1013.26,1005.68,20.25,20.49,20.26,20.29,20.31,20.16,20.31,20.42
145680,996.48,1014.26,1031.90,1022.28,1015.32,1022.86,1013.26,1005.68,20.26,20.50,20.28,20.29,20.32,20.16,20.32,20.43
145800,996.42,1014.36,1031.76,1022.38,1015.30,1022.98,1013.46,1005.68,20.27,20.51,20.29,20.30,20.33,20.17,20.32,20.44
145920,996.42,1014.38,1032.00,1022.38,1015.26,1022.96,1013.52,1005.74,20.28,20.51,20.29,20.31,20.34,20.18,20.34,20.45
146040,996.52,1014.46,1031.94,1022.40,1015.32,1023.00,1013.46,1005.62,20.28,20.52,20.30,20.32,20.35,20.19,20.34,20.45
146160,996.60,1014.48,1031.94,1022.26,1015.28,1023.02,1013.58,1005.86,20.28,20.52,20.30,20.32,20.36,20.19,20.34,20.45
146280,996.64,1014.54,1032.12,1022.34,1015.40,1023.10,1013.46,1006.00,20.30,20.54,20.32,20.33,20.38,20.21,20.36,20.47
146400,996.66,1014.26,1031.98,1022.36,1015.50,1023.24,1013.64,1006.08,20.30,20.54,20.32,20.34,20.40,20.22,20.38,20.49
146520,996.68,1014.54,1032.12,1022.38,1015.62,1023.32,1013.68,1005.92,20.31,20.55,20.33,20.35,20.43,20.23,20.40,20.52
146640,996.76,1014.52,1032.28,1022.54,1015.62,1023.22,1013.74,1006.10,20.32,20.56,20.35,20.36,20.45,20.26,20.42,20.55
146760,996.68,1014.64,1032.24,1022.70,1015.68,1023.38,1013.82,1006.22,20.33,20.57,20.35,20.37,20.46,20.27,20.44,20.57
146880,996.74,1014.64,1032.28,1022.54,1015.64,1023.34,1013.84,1006.22,20.34,20.58,20.37,20.37,20.45,20.28,20.45,20.57
147000,996.82,1014.70,1032.36,1022.62,1015.76,1023.26,1013.70,1006.20,20.36,20.59,20.37,20.38,20.43,20.28,20.46,20.58
147120,996.86,1014.72,1032.40,1022.54,1015.76,1023.26,1013.68,1006.20,20.36,20.59,20.36,20.37,20.42,20.27,20.45,20.57
147240,997.08,1014.62,1032.36,1022.68,1015.78,1023.14,1013.68,1006.22,20.37,20.60,20.37,20.38,20.42,20.27,20.43,20.56
147360,997.08,1015.02,1032.60,1022.74,1015.88,1023.06,1013.78,1006.40,20.37,20.59,20.37,20.39,20.41,20.26,20.43,20.55
147480,997.18,1014.98,1032.56,1022.70,1016.08,1023.20,1013.78,1006.48,20.38,20.60,20.38,20.40,20.43,20.28,20.43,20.55
147600,997.18,1014.82,1032.50,1022.80,1016.12,1023.28,1013.78,1006.64,20.40,20.63,20.41,20.43,20.46,20.30,20.45,20.57
147720,997.28,1014.94,1032.46,1022.90,1016.12,1023.34,1013.86,1006.64,20.43,20.66,20.44,20.46,20.49,20.34,20.48,20.60
147840,997.50,1014.90,1032.62,1023.00,1016.18,1023.64,1014.00,1006.74,20.46,20.68,20.47,20.49,20.52,20.36,20.50,20.62
147960,997.40,1015.08,1032.66,1023.14,1016.24,1023.68,1014.20,1006.94,20.48,20.72,20.50,20.52,20.56,20.39,20.54,20.66
148080,997.48,1015.22,1033.02,1023.28,1016.22,1023.82,1014.38,1006.86,20.53,20.76,20.54,20.57,20.60,20.44,20.59,20.70
148200,997.66,1015.32,1033.06,1023.24,1016.22,1023.74,1014.46,1006.90,20.57,20.81,20.59,20.61,20.65,20.49,20.64,20.75
148320,997.90,1015.52,1033.04,1023.42,1016.52,1024.12,1014.78,1007.04,20.61,20.85,20.63,20.65,20.68,20.53,20.67,20.78
148440,998.00,1015.46,1033.14,1023.46,1016.56,1024.20,1014.94,1007.28,20.63,20.87,20.65,20.67,20.70,20.56,20.70,20.81
148560,998.00,1015.84,1033.12,1023.54,1016.48,1024.24,1015.04,1007.34,20.66,20.89,20.67,20.70,20.73,20.58,20.73,20.83
148680,998.12,1015.74,1033.32,1023.44,1016.92,1024.30,1015.02,1007.46,20.66,20.90,20.69,20.72,20.75,20.60,20.74,20.84
148800,998.42,1015.88,1033.26,1023.54,1016.92,1024.28,1015.18,1007.46,20.68,20.92,20.71,20.73,20.77,20.62,20.75,20.85
148920,998.24,1015.84,1033.40,1023.72,1016.86,1024.18,1015.36,1007.54,20.69,20.93,20.72,20.75,20.79,20.63,20.77,20.86
149040,998.56,1015.94,1033.56,1023.76,1016.78,1024.20,1015.44,1007.74,20.70,20.94,20.73,20.75,20.79,20.64,20.79,20.88
149160,998.58,1015.94,1033.56,1023.84,1016.88,1024.46,1015.48,1007.58,20.72,20.96,20.76,20.78,20.80,20.65,20.79,20.90
149280,998.68,1016.26,1033.54,1023.86,1017.02,1024.52,1015.46,1007.70,20.74,20.99,20.78,20.80,20.83,20.68,20.82,20.92
149400,998.74,1016.34,1033.72,1023.94,1016.98,1024.56,1015.62,1007.90,20.76,21.01,20.80,20.82,20.85,20.70,20.84,20.93
149520,998.84,1016.40,1033.78,1024.10,1016.94,1024.54,1015.84,1008.04,20.77,21.02,20.81,20.84,20.87,20.72,20.85,20.95
149640,999.00,1016.38,1033.90,1024.12,1017.20,1024.90,1015.80,1008.04,20.79,21.03,20.82,20.86,20.89,20.74,20.87,20.97
149760,999.06,1016.54,1034.08,1024.16,1017.34,1024.88,1016.06,1008.20,20.81,21.06,20.85,20.88,20.93,20.77,20.91,20.99
149880,999.04,1016.32,1033.94,1024.26,1017.42,1025.00,1016.02,1008.16,20.83,21.07,20.86,20.89,20.93,20.79,20.92,21.00
150000,999.12,1016.50,1034.06,1024.66,1017.56,1025.00,1015.98,1008.24,20.84,21.08,20.87,20.90,20.93,20.79,20.93,21.01
150120,999.12,1016.76,1034.16,1024.66,1017.56,1024.86,1016.04,1008.28,20.85,21.09,20.89,20.91,20.94,20.80,20.93,21.02
150240,999.16,1016.62,1034.30,1024.58,1017.66,1025.00,1016.10,1008.44,20.86,21.11,20.90,20.93,20.96,20.82,20.95,21.04
150360,999.28,1016.84,1034.24,1024.62,1017.72,1025.18,1015.48,1008.34,20.85,21.10,20.89,20.93,20.97,20.82,20.95,21.04
150480,999.24,1016.86,1034.30,1024.72,1017.70,1025.06,1014.74,1008.46,20.86,21.11,20.91,20.95,20.98,20.83,20.96,21.04
150600,999.32,1016.92,1034.32,1024.62,1017.92,1025.24,1014.82,1008.52,20.88,21.13,20.92,20.95,20.98,20.84,20.97,21.06
150720,999.52,1016.96,1034.28,1024.62,1017.74,1025.06,1014.88,1008.56,20.89,21.14,20.93,20.96,20.99,20.85,20.98,21.06
150840,999.56,1017.06,1034.34,1024.62,1017.84,1025.22,1014.62,1008.60,20.87,21.13,20.92,20.96,20.98,20.85,20.97,21.05
150960,999.58,1017.10,1034.56,1024.62,1018.10,1025.10,1014.62,1008.44,20.87,21.13,20.92,20.96,20.99,20.84,20.96,21.04
151080,999.50,1016.88,1034.56,1024.90,1018.00,1025.08,1014.86,1008.62,20.86,21.13,20.92,20.96,20.99,20.85,20.97,21.04
151200,999.60,1017.18,1034.62,1024.94,1018.00,1025.24,1014.84,1008.74,20.87,21.12,20.91,20.95,20.99,20.85,20.97,21.04
151320,999.58,1017.16,1034.56,1024.94,1017.96,1025.02,1014.90,1008.88,20.86,21.11,20.90,20.94,20.98,20.85,20.96,21.03
151440,999.64,1017.18,1034.62,1025.06,1018.06,1025.06,1015.04,1009.06,20.86,21.10,20.90,20.94,20.98,20.85,20.96,21.04
151560,999.80,1017.24,1034.56,1025.04,1018.08,1025.16,1015.02,1008.96,20.86,21.10,20.90,20.93,20.97,20.84,20.96,21.04
151680,999.74,1017.12,1034.68,1025.04,1018.26,1025.18,1015.00,1009.00,20.87,21.12,20.90,20.95,20.99,20.86,20.96,21.04
151800,999.66,1017.40,1034.56,1025.14,1018.26,1025.22,1014.98,1008.94,20.87,21.12,20.91,20.94,20.99,20.86,20.97,21.05
151920,999.68,1017.44,1034.78,1025.08,1018.14,1025.36,1015.26,1008.86,20.87,21.11,20.90,20.94,20.98,20.86,20.97,21.05
152040,999.68,1017.38,1034.68,1024.88,1018.18,1025.36,1015.26,1008.96,20.88,21.12,20.91,20.95,21.00,20.87,20.98,21.05
152160,999.74,1017.22,1034.82,1025.18,1018.18,1025.32,1015.26,1008.82,20.89,21.14,20.92,20.96,21.01,20.89,21.00,21.07
152280,999.72,1017.32,1034.86,1025.30,1018.38,1025.26,1015.40,1009.22,20.89,21.12,20.91,20.96,21.01,20.90,21.00,21.07
152400,999.84,1017.38,1034.78,1025.38,1018.18,1025.32,1015.38,1009.14,20.89,21.15,20.93,20.98,21.02,20.91,21.01,21.08
152520,999.88,1017.48,1035.04,1025.52,1018.16,1025.12,1015.46,1009.04,20.89,21.14,20.92,20.97,21.01,20.89,21.00,21.07
152640,999.78,1017.42,1035.12,1025.44,1018.30,1025.32,1015.36,1008.98,20.89,21.14,20.92,20.97,21.00,20.89,21.00,21.06
152760,999.86,1017.36,1035.16,1025.40,1018.40,1025.28,1015.36,1009.16,20.90,21.15,20.93,20.98,21.01,20.89,21.01,21.07
152880,1000.02,1017.56,1035.08,1025.62,1018.30,1025.24,1015.36,1009.18,20.89,21.14,20.93,20.98,21.01,20.88,21.00,21.07
153000,1000.04,1017.44,1035.00,1025.58,1018.32,1025.24,1015.46,1009.24,20.90,21.15,20.94,20.99,21.01,20.89,21.00,21.07
153120,1000.00,1017.44,1034.94,1025.76,1018.38,1025.24,1015.48,1009.18,20.90,21.15,20.94,20.98,21.01,20.89,21.00,21.07
153240,999.96,1017.46,1035.06,1025.60,1018.38,1025.32,1015.36,1009.28,20.89,21.15,20.93,20.97,20.99,20.88,20.99,21.07
153360,1000.08,1017.52,1035.22,1025.54,1018.36,1025.30,1015.40,1009.22,20.90,21.15,20.94,20.98,21.01,20.88,20.99,21.09
153480,1000.10,1017.58,1035.20,1025.52,1018.42,1025.26,1015.28,1009.16,20.91,21.17,20.95,20.99,21.02,20.89,21.01,21.10
153600,1000.12,1017.68,1035.08,1025.56,1018.42,1025.28,1015.44,1009.30,20.92,21.17,20.95,20.99,21.03,20.89,21.00,21.10
153720,1000.08,1017.74,1035.12,1025.60,1018.44,1025.26,1015.44,1009.30,20.92,21.17,20.95,20.99,21.02,20.88,21.01,21.10
153840,1000.20,1017.68,1035.16,1025.62,1018.62,1025.18,1015.42,1009.36,20.90,21.16,20.95,20.98,21.01,20.88,20.99,21.09
153960,1000.26,1017.72,1035.14,1025.58,1018.50,1025.30,1015.44,1009.38,20.90,21.16,20.95,20.98,21.02,20.88,21.00,21.09
154080,1000.02,1017.74,1035.48,1025.68,1018.54,1025.26,1015.42,1009.32,20.89,21.15,20.94,20.97,21.00,20.87,20.99,21.08
154200,1000.18,1017.76,1035.40,1025.76,1018.40,1025.22,1015.38,1009.38,20.88,21.14,20.93,20.96,20.99,20.86,20.99,21.08
154320,1000.12,1017.76,1035.36,1025.78,1018.38,1025.44,1015.40,1009.42,20.88,21.14,20.92,20.94,20.97,20.84,20.98,21.08
154440,1000.30,1017.80,1035.28,1025.68,1018.48,1025.02,1015.42,1009.30,20.88,21.14,20.92,20.94,20.97,20.84,20.97,21.08
154560,1000.42,1017.76,1035.56,1025.72,1018.52,1025.14,1015.46,1009.28,20.88,21.15,20.93,20.96,20.98,20.85,20.98,21.07
154680,1000.28,1017.86,1035.42,1025.72,1018.54,1025.38,1015.52,1009.32,20.88,21.14,20.93,20.96,20.98,20.85,20.98,21.08
154800,1000.20,1017.96,1035.54,1025.82,1018.50,1025.34,1015.52,1009.24,20.87,21.13,20.92,20.96,20.98,20.85,20.98,21.06
154920,1000.32,1017.86,1035.54,1025.78,1018.48,1025.28,1015.48,1009.36,20.87,21.13,20.91,20.95,20.97,20.84,20.96,21.05
155040,1000.30,1018.10,1035.36,1025.78,1018.36,1025.18,1015.44,1009.20,20.86,21.12,20.90,20.94,20.97,20.83,20.95,21.05
155160,1000.34,1018.04,1035.56,1025.78,1018.42,1025.10,1015.46,1009.24,20.86,21.12,20.90,20.94,20.97,20.84,20.95,21.06
155280,1000.26,1018.02,1035.40,1025.78,1018.50,1025.14,1015.40,1009.32,20.87,21.13,20.91,20.94,20.98,20.84,20.96,21.07
155400,1000.16,1018.06,1035.48,1025.70,1018.42,1025.12,1015.48,1009.30,20.87,21.12,20.90,20.94,20.98,20.85,20.96,21.07
155520,1000.28,1017.96,1035.50,1025.82,1018.60,1025.38,1015.52,1009.44,20.88,21.14,20.91,20.95,20.98,20.85,20.97,21.07
155640,1000.40,1017.94,1035.48,1025.74,1018.66,1025.24,1015.50,1009.34,20.88,21.14,20.92,20.95,20.98,20.85,20.97,21.07
155760,1000.30,1017.98,1035.46,1025.72,1018.62,1025.34,1015.64,1009.42,20.87,21.13,20.92,20.95,20.98,20.85,20.97,21.06
155880,1000.26,1018.06,1035.50,1025.80,1018.56,1025.12,1015.54,1009.48,20.87,21.12,20.91,20.94,20.98,20.84,20.96,21.06
156000,1000.24,1017.76,1035.42,1025.90,1018.54,1025.14,1015.50,1009.46,20.86,21.13,20.90,20.94,20.97,20.84,20.95,21.05
156120,1000.22,1017.82,1035.36,1025.88,1018.62,1025.12,1015.42,1009.38,20.84,21.10,20.88,20.91,20.95,20.81,20.93,21.02
156240,1000.20,1017.80,1035.42,1025.84,1018.56,1025.14,1015.38,1009.28,20.82,21.09,20.88,20.91,20.95,20.81,20.92,21.02
156360,1000.10,1017.76,1035.36,1025.74,1018.42,1024.90,1015.42,1009.22,20.81,21.07,20.86,20.90,20.94,20.80,20.90,21.00
156480,1000.04,1017.92,1035.42,1025.82,1018.48,1024.86,1015.46,1009.40,20.81,21.06,20.84,20.90,20.92,20.79,20.90,21.00
156600,1000.06,1017.94,1035.42,1025.72,1018.56,1024.88,1015.52,1009.30,20.79,21.05,20.84,20.88,20.91,20.78,20.89,20.99
156720,1000.16,1017.76,1035.30,1025.72,1018.52,1024.88,1015.42,1009.26,20.79,21.04,20.83,20.88,20.91,20.79,20.89,20.98
156840,1000.24,1018.04,1035.24,1025.60,1018.52,1024.98,1015.46,1009.38,20.78,21.03,20.82,20.87,20.89,20.77,20.88,20.97
156960,1000.24,1017.96,1035.30,1025.52,1018.56,1025.30,1015.50,1009.38,20.77,21.03,20.82,20.87,20.90,20.77,20.88,20.96
157080,1000.26,1018.00,1035.36,1025.62,1018.32,1025.06,1015.56,1009.28,20.77,21.02,20.81,20.86,20.89,20.77,20.87,20.95
157200,1000.10,1018.00,1035.34,1025.74,1018.44,1024.98,1015.60,1009.36,20.76,21.02,20.81,20.86,20.88,20.76,20.87,20.95
157320,999.96,1018.02,1035.32,1025.68,1018.44,1024.92,1015.44,1009.10,20.75,21.01,20.79,20.84,20.87,20.75,20.86,20.94
157440,1000.04,1017.90,1035.22,1025.46,1018.54,1024.70,1015.46,1009.06,20.73,20.98,20.77,20.82,20.85,20.73,20.84,20.92
157560,1000.02,1017.80,1035.18,1025.38,1018.36,1024.76,1015.46,1009.28,20.71,20.97,20.76,20.80,20.83,20.71,20.83,20.91
157680,999.90,1017.96,1035.22,1025.54,1018.42,1024.78,1015.30,1009.02,20.71,20.97,20.76,20.80,20.83,20.71,20.83,20.91
157800,999.82,1017.86,1035.22,1025.50,1018.40,1024.80,1015.28,1008.98,20.68,20.95,20.73,20.77,20.79,20.68,20.79,20.89
157920,999.84,1017.96,1035.14,1025.44,1018.14,1024.46,1015.36,1008.90,20.67,20.94,20.72,20.76,20.78,20.67,20.79,20.88
158040,999.82,1017.88,1035.10,1025.70,1018.20,1024.40,1015.12,1008.86,20.65,20.92,20.70,20.75,20.76,20.65,20.76,20.85
158160,999.78,1017.82,1035.08,1025.54,1018.08,1024.46,1015.30,1008.84,20.63,20.89,20.68,20.73,20.74,20.62,20.72,20.82
158280,999.78,1017.80,1034.98,1025.42,1018.16,1024.48,1015.36,1008.96,20.61,20.88,20.67,20.71,20.72,20.61,20.71,20.81
158400,999.72,1017.68,1034.98,1025.26,1017.86,1024.44,1015.36,1008.52,20.61,20.87,20.66,20.70,20.72,20.61,20.70,20.80
158520,999.68,1017.72,1035.08,1025.32,1017.90,1024.22,1015.04,1008.60,20.60,20.86,20.64,20.69,20.72,20.60,20.70,20.79
158640,999.78,1017.52,1035.04,1025.28,1017.90,1024.24,1015.04,1008.60,20.58,20.86,20.63,20.68,20.71,20.58,20.69,20.79
158760,999.52,1017.58,1034.92,1025.32,1018.00,1024.02,1015.18,1008.56,20.58,20.85,20.63,20.67,20.70,20.57,20.68,20.78
158880,999.62,1017.40,1034.94,1025.24,1017.82,1024.12,1015.02,1008.52,20.59,20.85,20.63,20.67,20.69,20.56,20.68,20.80
159000,999.70,1017.38,1034.88,1025.32,1017.84,1023.84,1015.00,1008.50,20.59,20.84,20.62,20.66,20.69,20.55,20.67,20.79
159120,999.66,1017.30,1034.82,1025.28,1017.62,1023.76,1015.00,1008.48,20.59,20.84,20.62,20.66,20.68,20.55,20.66,20.79
159240,999.60,1017.34,1034.90,1025.18,1017.82,1023.80,1015.14,1008.44,20.59,20.85,20.62,20.66,20.68,20.55,20.66,20.79
159360,999.48,1017.26,1034.76,1025.28,1017.70,1023.78,1014.94,1008.42,20.57,20.83,20.60,20.64,20.66,20.53,20.64,20.78
159480,999.44,1017.34,1034.76,1025.20,1017.68,1023.74,1014.78,1008.36,20.56,20.82,20.60,20.64,20.67,20.54,20.65,20.77
159600,999.28,1017.22,1034.86,1025.18,1017.68,1023.90,1014.96,1008.36,20.57,20.83,20.61,20.66,20.68,20.56,20.66,20.77
159720,999.34,1017.16,1034.86,1025.12,1017.74,1023.88,1014.92,1008.26,20.57,20.84,20.61,20.66,20.69,20.57,20.66,20.78
159840,999.38,1017.26,1034.80,1025.24,1017.66,1023.96,1015.08,1008.22,20.58,20.85,20.63,20.67,20.70,20.58,20.68,20.79
159960,999.26,1017.28,1034.96,1025.08,1017.78,1024.04,1015.02,1008.38,20.59,20.86,20.65,20.69,20.72,20.60,20.69,20.80
160080,999.38,1017.22,1034.72,1025.14,1017.82,1024.02,1015.04,1008.44,20.61,20.88,20.66,20.70,20.73,20.61,20.71,20.82
160200,999.46,1017.14,1034.80,1025.26,1017.66,1023.88,1014.94,1008.42,20.59,20.87,20.64,20.68,20.70,20.57,20.67,20.79
160320,999.40,1017.10,1034.78,1025.08,1017.64,1024.00,1014.88,1008.42,20.58,20.84,20.61,20.65,20.68,20.55,20.65,20.77
160440,999.18,1017.12,1034.64,1025.10,1017.80,1023.80,1014.94,1008.42,20.57,20.84,20.61,20.65,20.69,20.56,20.65,20.76
160560,999.06,1017.16,1034.70,1025.12,1017.66,1023.90,1014.76,1008.18,20.56,20.83,20.60,20.65,20.69,20.57,20.65,20.75
160680,999.24,1017.12,1034.68,1025.02,1017.60,1023.92,1014.86,1008.06,20.56,20.83,20.61,20.65,20.69,20.58,20.66,20.75
160800,999.18,1017.10,1034.78,1024.88,1017.60,1023.86,1014.70,1008.12,20.56,20.82,20.60,20.64,20.68,20.57,20.64,20.74
160920,999.06,1017.14,1034.76,1024.98,1017.80,1023.82,1014.88,1008.28,20.57,20.83,20.60,20.65,20.69,20.58,20.67,20.76
161040,999.22,1017.12,1034.74,1025.10,1017.92,1024.46,1014.94,1008.50,20.62,20.87,20.64,20.70,20.78,20.67,20.73,20.83
161160,999.22,1017.04,1034.72,1025.32,1017.86,1024.34,1014.92,1008.52,20.63,20.89,20.66,20.72,20.81,20.69,20.76,20.85
161280,999.16,1017.16,1034.70,1025.22,1017.76,1024.16,1014.84,1008.46,20.60,20.88,20.65,20.70,20.76,20.64,20.73,20.82
161400,999.20,1017.08,1034.64,1025.26,1017.68,1023.98,1014.88,1008.40,20.59,20.85,20.62,20.67,20.72,20.58,20.68,20.79
161520,999.12,1017.08,1034.88,1025.32,1017.70,1023.92,1014.86,1008.40,20.58,20.85,20.62,20.65,20.70,20.56,20.67,20.78
161640,999.14,1017.06,1034.72,1025.30,1017.64,1023.62,1014.76,1008.34,20.58,20.84,20.60,20.65,20.68,20.54,20.65,20.77
161760,999.12,1017.28,1034.62,1025.18,1017.48,1023.88,1014.54,1008.38,20.57,20.83,20.60,20.65,20.67,20.54,20.65,20.76
161880,999.14,1017.24,1034.76,1025.14,1017.46,1023.54,1014.48,1008.32,20.56,20.82,20.59,20.64,20.65,20.52,20.63,20.75
162000,999.32,1017.10,1034.62,1025.18,1017.54,1023.50,1014.64,1008.24,20.55,20.82,20.59,20.63,20.65,20.52,20.63,20.76
162120,998.98,1017.08,1034.52,1024.98,1017.40,1023.24,1014.64,1008.26,20.54,20.80,20.57,20.62,20.64,20.50,20.60,20.74
162240,998.78,1017.12,1034.58,1024.98,1017.38,1023.20,1014.46,1008.02,20.51,20.78,20.54,20.59,20.61,20.47,20.58,20.72
162360,999.00,1017.02,1034.50,1025.04,1017.28,1023.06,1014.42,1008.02,20.51,20.77,20.52,20.56,20.57,20.43,20.54,20.69
162480,999.02,1017.06,1034.46,1025.02,1017.36,1023.10,1014.38,1007.90,20.53,20.78,20.53,20.56,20.57,20.43,20.55,20.70
162600,999.00,1016.92,1034.48,1024.92,1017.16,1023.08,1014.38,1008.00,20.53,20.78,20.53,20.57,20.57,20.44,20.55,20.70
162720,999.04,1016.78,1034.66,1024.92,1017.30,1023.04,1014.32,1007.90,20.51,20.77,20.52,20.56,20.57,20.43,20.55,20.70
162840,999.14,1016.72,1034.52,1024.84,1017.28,1023.20,1014.26,1007.92,20.53,20.78,20.54,20.59,20.60,20.46,20.57,20.71
162960,999.02,1016.96,1034.40,1024.94,1017.14,1023.18,1014.26,1007.88,20.53,20.79,20.55,20.59,20.59,20.46,20.58,20.72
163080,999.10,1016.90,1034.52,1024.92,1017.18,1023.24,1014.12,1007.84,20.52,20.77,20.53,20.58,20.59,20.45,20.57,20.69
163200,998.82,1016.90,1034.52,1024.76,1017.22,1023.32,1014.22,1007.78,20.49,20.76,20.52,20.57,20.59,20.45,20.56,20.67
163320,998.96,1016.88,1034.46,1024.76,1017.12,1023.14,1014.24,1007.76,20.49,20.76,20.53,20.57,20.58,20.45,20.56,20.69
163440,999.02,1016.90,1034.28,1024.62,1016.88,1022.94,1014.16,1007.80,20.48,20.76,20.51,20.54,20.56,20.42,20.54,20.68
163560,998.94,1016.82,1034.36,1024.72,1016.86,1022.86,1014.08,1007.86,20.48,20.76,20.50,20.52,20.53,20.39,20.52,20.67
163680,998.84,1016.74,1034.40,1024.72,1016.92,1022.52,1013.94,1007.76,20.47,20.74,20.48,20.51,20.51,20.36,20.49,20.65
163800,998.82,1016.78,1034.42,1024.66,1016.78,1022.46,1013.98,1007.78,20.46,20.73,20.47,20.50,20.49,20.34,20.48,20.64
163920,998.68,1016.72,1034.24,1024.58,1016.72,1022.26,1014.08,1007.72,20.44,20.72,20.46,20.49,20.47,20.32,20.45,20.61
164040,998.70,1016.76,1034.26,1024.64,1016.78,1022.52,1013.90,1007.56,20.44,20.72,20.46,20.48,20.47,20.33,20.45,20.62
164160,998.62,1016.72,1034.18,1024.32,1016.78,1022.58,1013.86,1007.64,20.44,20.71,20.45,20.47,20.46,20.33,20.45,20.62
164280,998.64,1016.72,1034.16,1024.52,1016.62,1022.44,1013.96,1007.64,20.43,20.69,20.44,20.47,20.47,20.33,20.45,20.61
164400,998.64,1016.62,1034.24,1024.48,1016.50,1022.30,1013.94,1007.70,20.43,20.69,20.44,20.47,20.47,20.33,20.46,20.61
164520,998.66,1016.58,1034.14,1024.42,1016.50,1022.36,1013.92,1007.60,20.42,20.69,20.43,20.46,20.45,20.32,20.44,20.60
164640,998.64,1016.64,1034.08,1024.52,1016.52,1022.18,1013.90,1007.48,20.43,20.70,20.44,20.46,20.45,20.31,20.45,20.62
164760,998.54,1016.66,1034.12,1024.44,1016.50,1021.90,1013.76,1007.46,20.41,20.68,20.42,20.44,20.43,20.30,20.42,20.59
164880,998.56,1016.52,1034.00,1024.42,1016.52,1022.20,1013.74,1007.34,20.39,20.66,20.40,20.43,20.42,20.28,20.41,20.57
165000,998.66,1016.60,1034.14,1024.34,1016.48,1022.16,1013.72,1007.32,20.41,20.67,20.42,20.44,20.43,20.30,20.42,20.59
165120,998.58,1016.64,1034.08,1024.40,1016.48,1022.14,1013.72,1007.32,20.41,20.68,20.42,20.44,20.42,20.28,20.41,20.58
165240,998.46,1016.68,1033.96,1024.12,1016.36,1021.98,1013.64,1007.38,20.42,20.69,20.44,20.45,20.43,20.29,20.42,20.59
165360,998.70,1016.80,1033.96,1024.20,1016.18,1021.94,1013.60,1007.38,20.43,20.71,20.44,20.46,20.43,20.29,20.42,20.60
165480,998.56,1016.62,1033.96,1024.16,1016.26,1022.18,1013.56,1007.48,20.43,20.70,20.45,20.47,20.45,20.32,20.44,20.61
165600,998.56,1016.60,1034.08,1024.36,1016.24,1022.00,1013.62,1007.40,20.43,20.69,20.44,20.46,20.44,20.31,20.44,20.60
165720,998.52,1016.60,1033.96,1024.10,1016.16,1022.00,1013.58,1007.36,20.42,20.69,20.42,20.45,20.43,20.30,20.43,20.60
165840,998.48,1016.42,1033.90,1024.14,1016.20,1021.76,1013.68,1007.24,20.40,20.66,20.41,20.44,20.42,20.29,20.42,20.58
165960,998.36,1016.38,1033.94,1024.18,1016.18,1021.86,1013.48,1007.14,20.38,20.66,20.40,20.42,20.41,20.27,20.40,20.57
166080,998.20,1016.30,1033.82,1024.20,1015.88,1021.80,1013.46,1007.24,20.36,20.63,20.36,20.39,20.38,20.24,20.37,20.54
166200,998.22,1016.30,1033.94,1024.08,1015.96,1021.96,1013.48,1007.14,20.35,20.62,20.36,20.39,20.38,20.24,20.37,20.52
166320,998.12,1016.30,1033.86,1024.32,1015.94,1022.00,1013.52,1007.02,20.34,20.62,20.36,20.39,20.39,20.25,20.37,20.52
166440,998.12,1016.52,1033.76,1024.10,1015.96,1021.84,1013.38,1007.12,20.36,20.63,20.37,20.40,20.40,20.27,20.39,20.55
166560,998.36,1016.36,1033.74,1024.06,1016.20,1021.92,1013.36,1007.02,20.38,20.65,20.40,20.43,20.43,20.30,20.41,20.57
166680,998.46,1016.42,1033.66,1024.02,1016.08,1021.94,1013.40,1007.14,20.41,20.67,20.41,20.45,20.45,20.32,20.43,20.59
166800,998.32,1016.40,1033.94,1024.02,1016.06,1022.18,1013.34,1007.12,20.42,20.68,20.42,20.46,20.46,20.32,20.44,20.61
166920,998.28,1016.44,1033.78,1024.32,1016.04,1022.32,1013.38,1007.02,20.44,20.70,20.44,20.47,20.48,20.35,20.47,20.62
167040,998.30,1016.70,1033.80,1024.20,1016.08,1022.28,1013.36,1007.16,20.43,20.70,20.45,20.49,20.49,20.36,20.48,20.63
167160,998.40,1016.58,1033.92,1024.16,1016.14,1022.14,1013.26,1007.04,20.44,20.71,20.46,20.49,20.49,20.37,20.48,20.63
167280,998.36,1016.68,1033.88,1024.10,1016.14,1022.08,1013.36,1007.16,20.44,20.72,20.46,20.50,20.50,20.38,20.49,20.63
167400,998.24,1016.52,1033.80,1024.10,1016.40,1022.10,1013.38,1006.92,20.42,20.70,20.45,20.49,20.49,20.37,20.48,20.61
167520,998.22,1016.36,1034.00,1024.02,1016.22,1022.06,1013.40,1006.94,20.40,20.67,20.42,20.47,20.48,20.37,20.46,20.59
167640,998.34,1016.38,1033.80,1024.02,1016.16,1022.08,1013.42,1007.02,20.39,20.66,20.42,20.47,20.48,20.37,20.46,20.58
167760,998.34,1016.32,1033.56,1024.12,1016.24,1022.10,1013.34,1007.00,20.38,20.65,20.42,20.47,20.48,20.38,20.46,20.58
167880,998.26,1016.30,1033.56,1023.98,1016.12,1022.12,1013.34,1007.02,20.38,20.65,20.41,20.46,20.48,20.37,20.46,20.58
168000,998.36,1016.30,1033.62,1024.06,1016.10,1021.94,1013.30,1007.12,20.36,20.64,20.41,20.44,20.47,20.35,20.44,20.56
168120,998.18,1016.46,1033.64,1023.84,1016.02,1021.84,1013.38,1007.14,20.37,20.65,20.41,20.45,20.47,20.36,20.45,20.57
168240,998.24,1016.56,1033.66,1023.84,1015.86,1021.94,1013.32,1007.00,20.35,20.63,20.40,20.45,20.46,20.36,20.44,20.55
168360,998.22,1016.30,1033.66,1023.86,1015.98,1021.98,1013.32,1006.92,20.34,20.62,20.38,20.43,20.45,20.35,20.42,20.54
168480,998.24,1016.30,1033.52,1023.80,1015.88,1021.96,1013.26,1006.74,20.32,20.59,20.36,20.41,20.43,20.32,20.40,20.51
168600,998.12,1016.22,1033.58,1023.78,1015.76,1021.90,1013.32,1006.88,20.30,20.58,20.34,20.38,20.40,20.30,20.38,20.48
168720,998.02,1016.12,1033.54,1023.58,1015.76,1021.58,1013.10,1006.80,20.27,20.56,20.31,20.36,20.37,20.28,20.35,20.46
168840,997.86,1016.00,1033.38,1023.64,1015.64,1021.42,1013.10,1006.68,20.25,20.53,20.29,20.33,20.34,20.23,20.32,20.43
168960,997.88,1015.90,1033.32,1023.68,1015.66,1021.34,1013.06,1006.60,20.25,20.52,20.27,20.32,20.33,20.22,20.31,20.44
169080,997.98,1015.86,1033.38,1023.68,1015.56,1021.40,1013.10,1006.50,20.24,20.51,20.26,20.31,20.31,20.21,20.31,20.43
169200,998.06,1015.94,1033.34,1023.46,1015.46,1021.54,1012.62,1006.60,20.24,20.51,20.25,20.30,20.31,20.20,20.30,20.43
169320,997.90,1015.98,1033.34,1023.44,1015.48,1021.42,1012.74,1006.66,20.23,20.50,20.24,20.29,20.29,20.19,20.30,20.43
169440,997.80,1016.00,1033.28,1023.38,1015.38,1021.38,1012.78,1006.78,20.22,20.49,20.23,20.28,20.29,20.19,20.29,20.42
169560,997.70,1016.02,1033.36,1023.42,1015.36,1021.40,1012.76,1006.50,20.20,20.47,20.22,20.28,20.30,20.19,20.28,20.40
169680,997.68,1015.74,1033.26,1023.44,1015.24,1021.58,1012.78,1006.50,20.20,20.47,20.22,20.28,20.29,20.19,20.28,20.40
169800,997.62,1015.78,1033.02,1023.44,1015.10,1021.32,1012.72,1006.34,20.19,20.45,20.21,20.27,20.27,20.17,20.26,20.38
169920,997.62,1015.70,1033.04,1023.42,1015.20,1021.22,1012.60,1006.28,20.17,20.44,20.20,20.25,20.27,20.16,20.24,20.36
170040,997.58,1015.62,1033.00,1023.32,1015.22,1021.16,1012.64,1006.18,20.15,20.42,20.17,20.23,20.23,20.13,20.21,20.34
170160,997.56,1015.56,1033.00,1023.30,1015.10,1021.20,1012.54,1006.36,20.14,20.41,20.17,20.22,20.23,20.12,20.20,20.33
170280,997.38,1015.54,1032.88,1023.26,1015.02,1020.88,1012.44,1006.06,20.11,20.39,20.14,20.19,20.21,20.09,20.17,20.30
170400,997.36,1015.60,1032.88,1023.30,1015.04,1020.90,1012.38,1005.94,20.11,20.38,20.14,20.19,20.20,20.09,20.17,20.30
170520,997.30,1015.60,1032.78,1023.04,1014.96,1020.88,1012.24,1006.02,20.09,20.37,20.12,20.17,20.19,20.08,20.15,20.29
170640,997.24,1015.32,1032.84,1023.02,1014.90,1020.80,1012.22,1006.06,20.09,20.37,20.12,20.16,20.18,20.07,20.15,20.29
170760,997.16,1015.46,1032.84,1023.08,1014.86,1020.74,1012.12,1006.10,20.08,20.35,20.10,20.15,20.16,20.06,20.13,20.27
170880,997.16,1015.50,1032.82,1023.06,1014.92,1020.46,1012.08,1006.00,20.07,20.34,20.09,20.14,20.16,20.05,20.13,20.26
171000,997.10,1015.44,1032.76,1023.04,1014.84,1020.66,1012.18,1005.92,20.06,20.33,20.08,20.13,20.15,20.05,20.12,20.25
171120,997.02,1015.30,1032.74,1022.96,1014.86,1020.68,1012.10,1005.82,20.07,20.35,20.09,20.14,20.16,20.05,20.13,20.27
171240,997.18,1015.20,1032.62,1022.92,1014.84,1020.72,1012.12,1005.82,20.12,20.38,20.12,20.17,20.19,20.08,20.17,20.31
171360,997.16,1015.52,1032.60,1022.92,1014.70,1020.80,1012.06,1005.90,20.15,20.42,20.17,20.20,20.21,20.10,20.20,20.34
171480,997.24,1015.56,1032.66,1023.16,1014.64,1020.76,1012.28,1005.94,20.18,20.45,20.20,20.24,20.24,20.14,20.23,20.37
171600,997.06,1015.48,1032.70,1023.00,1014.88,1020.84,1012.14,1005.76,20.19,20.46,20.20,20.26,20.26,20.15,20.24,20.38
171720,997.12,1015.52,1032.66,1023.24,1014.72,1020.90,1012.18,1005.84,20.22,20.48,20.23,20.29,20.29,20.18,20.27,20.40
171840,997.28,1015.40,1032.82,1023.24,1014.84,1021.08,1012.18,1006.20,20.24,20.51,20.26,20.32,20.33,20.22,20.30,20.43
171960,997.34,1015.30,1032.84,1023.20,1014.88,1021.02,1012.16,1006.22,20.27,20.54,20.30,20.36,20.36,20.25,20.32,20.46
172080,997.54,1015.22,1032.72,1023.30,1014.90,1020.98,1012.08,1006.12,20.29,20.56,20.31,20.36,20.37,20.25,20.33,20.47
172200,997.58,1015.22,1032.84,1023.30,1015.00,1021.40,1012.28,1006.16,20.32,20.59,20.34,20.40,20.40,20.28,20.38,20.51
172320,997.48,1015.40,1032.80,1023.34,1015.24,1021.30,1012.40,1006.22,20.36,20.62,20.38,20.43,20.46,20.34,20.42,20.55
172440,997.48,1015.46,1033.00,1023.44,1015.20,1021.38,1012.44,1006.08,20.37,20.64,20.39,20.45,20.47,20.36,20.43,20.57
172560,997.56,1015.50,1032.96,1023.48,1014.92,1021.18,1012.42,1006.06,20.35,20.62,20.38,20.42,20.46,20.35,20.42,20.55
172680,997.58,1015.44,1032.96,1023.40,1014.94,1021.22,1012.26,1006.10,20.34,20.61,20.36,20.42,20.45,20.34,20.42,20.54
172800,997.58,1015.58,1032.96,1023.42,1014.88,1021.16,1012.16,1006.04,20.34,20.62,20.36,20.41,20.44,20.32,20.41,20.54
172920,997.38,1015.64,1032.92,1023.36,1014.82,1020.96,1012.32,1006.02,20.33,20.62,20.35,20.39,20.41,20.29,20.38,20.53
173040,997.46,1015.62,1032.92,1023.40,1014.74,1020.68,1012.16,1006.12,20.33,20.61,20.35,20.38,20.39,20.27,20.36,20.52
173160,997.52,1015.66,1032.78,1023.28,1014.62,1020.64,1012.14,1006.12,20.33,20.61,20.35,20.37,20.38,20.25,20.36,20.52
173280,997.64,1015.82,1032.96,1023.36,1014.48,1020.56,1012.18,1006.04,20.33,20.61,20.35,20.37,20.37,20.26,20.36,20.52
173400,997.54,1015.82,1032.96,1023.40,1014.48,1020.68,1012.08,1006.06,20.31,20.59,20.33,20.36,20.37,20.26,20.36,20.51
173520,997.54,1015.82,1032.94,1023.32,1014.54,1020.66,1012.04,1006.18,20.30,20.58,20.33,20.37,20.38,20.27,20.37,20.51
173640,997.54,1015.88,1032.94,1023.22,1014.64,1020.64,1012.06,1006.08,20.30,20.58,20.33,20.37,20.38,20.28,20.37,20.51
173760,997.54,1015.62,1032.94,1023.30,1014.66,1020.90,1012.10,1006.02,20.30,20.59,20.33,20.37,20.39,20.29,20.38,20.52
173880,997.38,1015.62,1032.80,1023.16,1014.54,1020.94,1011.98,1006.14,20.31,20.59,20.34,20.38,20.39,20.29,20.40,20.53
174000,997.46,1015.72,1032.82,1023.14,1014.58,1020.80,1012.04,1006.10,20.32,20.60,20.34,20.38,20.39,20.30,20.41,20.54
174120,997.54,1015.76,1032.60,1023.36,1014.54,1020.80,1012.04,1006.10,20.33,20.60,20.35,20.38,20.41,20.30,20.41,20.55
174240,997.46,1015.74,1032.86,1023.28,1014.52,1020.84,1011.94,1006.06,20.33,20.60,20.34,20.39,20.41,20.31,20.40,20.55
174360,997.58,1015.66,1032.90,1023.38,1014.58,1020.76,1011.98,1006.08,20.33,20.61,20.35,20.40,20.41,20.31,20.41,20.54
174480,997.50,1015.66,1032.96,1023.38,1014.62,1020.72,1011.94,1006.20,20.33,20.61,20.36,20.40,20.42,20.32,20.41,20.55
174600,997.58,1015.72,1032.80,1023.36,1014.48,1020.72,1011.96,1006.12,20.33,20.61,20.37,20.42,20.43,20.33,20.41,20.55
174720,997.62,1015.60,1032.78,1023.44,1014.58,1020.74,1011.92,1006.10,20.32,20.60,20.36,20.42,20.43,20.34,20.42,20.54
174840,997.38,1015.58,1032.72,1023.38,1014.62,1020.76,1012.16,1006.04,20.32,20.60,20.35,20.41,20.43,20.33,20.41,20.53
174960,997.34,1015.52,1032.74,1023.28,1014.56,1020.62,1011.82,1006.04,20.30,20.58,20.34,20.39,20.41,20.30,20.39,20.52
175080,997.42,1015.40,1032.66,1023.28,1014.48,1020.48,1011.82,1006.02,20.27,20.56,20.30,20.34,20.36,20.25,20.33,20.48
175200,997.24,1015.54,1032.72,1023.38,1014.44,1020.34,1011.56,1005.98,20.27,20.56,20.30,20.35,20.36,20.24,20.33,20.47
175320,997.30,1015.42,1032.78,1023.22,1014.30,1020.32,1011.62,1006.02,20.26,20.56,20.30,20.33,20.33,20.22,20.31,20.47
175440,997.22,1015.38,1032.76,1023.26,1014.38,1020.14,1011.68,1005.98,20.26,20.56,20.29,20.32,20.32,20.20,20.29,20.46
175560,997.16,1015.30,1032.56,1023.02,1014.30,1020.16,1011.68,1005.96,20.26,20.55,20.28,20.32,20.31,20.18,20.28,20.45
175680,997.20,1015.32,1032.60,1022.98,1014.20,1020.18,1011.62,1005.90,20.26,20.54,20.27,20.31,20.31,20.18,20.28,20.45
175800,997.36,1015.18,1032.52,1023.06,1014.22,1020.22,1011.72,1005.70,20.25,20.54,20.27,20.30,20.31,20.19,20.28,20.45
175920,997.12,1015.24,1032.54,1022.90,1014.18,1020.14,1011.72,1005.80,20.24,20.54,20.27,20.30,20.30,20.18,20.29,20.45
176040,997.08,1015.20,1032.52,1022.92,1014.16,1020.18,1011.52,1005.68,20.22,20.51,20.24,20.28,20.28,20.16,20.27,20.43
176160,996.98,1015.22,1032.64,1022.96,1014.28,1020.06,1011.46,1005.80,20.20,20.49,20.23,20.26,20.28,20.16,20.27,20.42
176280,997.08,1015.22,1032.40,1022.90,1014.12,1020.10,1011.44,1005.80,20.20,20.48,20.22,20.26,20.28,20.17,20.27,20.42
176400,997.06,1015.16,1032.40,1022.86,1014.00,1019.90,1011.44,1005.82,20.17,20.46,20.21,20.25,20.26,20.14,20.24,20.39
176520,996.96,1015.20,1032.24,1022.82,1013.98,1019.96,1011.36,1005.82,20.17,20.46,20.20,20.24,20.25,20.12,20.23,20.38
176640,996.82,1015.08,1032.22,1022.96,1014.10,1019.90,1011.46,1005.58,20.15,20.44,20.18,20.23,20.23,20.12,20.22,20.37
176760,997.02,1015.06,1032.40,1022.68,1014.00,1019.98,1011.30,1005.52,20.15,20.44,20.18,20.22,20.23,20.12,20.22,20.36
176880,997.08,1014.96,1032.28,1022.68,1014.00,1019.78,1011.30,1005.56,20.14,20.43,20.17,20.21,20.22,20.12,20.21,20.35
177000,996.96,1015.04,1032.18,1022.52,1013.80,1019.74,1011.38,1005.52,20.11,20.40,20.15,20.19,20.21,20.11,20.19,20.33
177120,997.00,1014.86,1032.16,1022.58,1013.78,1019.66,1011.40,1005.58,20.10,20.39,20.14,20.18,20.19,20.10,20.19,20.32
177240,996.84,1014.72,1032.14,1022.64,1013.82,1019.60,1011.20,1005.50,20.10,20.40,20.14,20.18,20.20,20.10,20.18,20.32
177360,996.68,1014.66,1032.04,1022.66,1013.72,1019.50,1011.10,1005.36,20.08,20.38,20.12,20.15,20.18,20.07,20.16,20.30
177480,996.74,1014.58,1031.96,1022.74,1013.78,1019.42,1011.16,1005.34,20.09,20.39,20.13,20.17,20.19,20.09,20.17,20.31
177600,996.84,1014.60,1032.08,1022.62,1013.62,1019.60,1011.14,1005.24,20.09,20.39,20.13,20.17,20.18,20.07,20.17,20.31
177720,996.86,1014.72,1032.24,1022.44,1013.62,1019.58,1010.96,1005.28,20.10,20.39,20.13,20.16,20.17,20.07,20.15,20.31
177840,996.94,1014.62,1032.18,1022.36,1013.64,1019.72,1010.86,1005.28,20.11,20.40,20.14,20.18,20.19,20.08,20.17,20.33
177960,996.80,1014.64,1032.22,1022.28,1013.70,1019.66,1011.00,1005.40,20.13,20.42,20.16,20.20,20.22,20.11,20.19,20.34
178080,996.68,1014.72,1032.30,1022.40,1013.66,1019.82,1011.02,1005.14,20.14,20.43,20.17,20.21,20.24,20.14,20.22,20.36
178200,996.82,1014.74,1032.20,1022.42,1013.58,1019.60,1011.02,1005.44,20.14,20.42,20.18,20.22,20.25,20.15,20.22,20.36
178320,996.88,1014.70,1032.10,1022.30,1013.56,1019.72,1011.04,1005.32,20.13,20.42,20.17,20.22,20.26,20.16,20.23,20.35
178440,996.72,1014.82,1032.04,1022.48,1013.50,1019.62,1010.88,1005.40,20.13,20.42,20.18,20.23,20.26,20.16,20.23,20.36
178560,996.72,1014.66,1032.14,1022.46,1013.56,1019.64,1010.92,1005.50,20.15,20.44,20.19,20.24,20.27,20.17,20.24,20.37
178680,996.84,1014.50,1032.02,1022.50,1013.60,1019.56,1010.88,1005.48,20.15,20.43,20.18,20.24,20.27,20.16,20.24,20.37
178800,996.76,1014.78,1032.24,1022.40,1013.58,1019.50,1010.86,1005.50,20.14,20.43,20.18,20.24,20.27,20.16,20.23,20.37
178920,996.80,1014.52,1032.22,1022.48,1013.46,1019.44,1010.92,1005.48,20.14,20.43,20.18,20.23,20.27,20.16,20.23,20.36
179040,996.84,1014.62,1032.10,1022.38,1013.58,1019.54,1010.84,1005.48,20.15,20.44,20.19,20.24,20.27,20.17,20.24,20.37
179160,996.94,1014.66,1032.12,1022.46,1013.24,1019.56,1010.72,1005.38,20.16,20.44,20.19,20.25,20.28,20.17,20.24,20.37
179280,996.78,1014.68,1032.06,1022.40,1013.40,1019.48,1010.82,1005.38,20.18,20.47,20.21,20.26,20.29,20.17,20.25,20.40
179400,996.80,1014.70,1032.24,1022.48,1013.38,1019.32,1010.72,1005.34,20.18,20.46,20.20,20.25,20.27,20.16,20.24,20.39
179520,997.16,1014.78,1032.02,1022.66,1013.48,1019.34,1010.64,1005.30,20.21,20.49,20.22,20.28,20.29,20.18,20.27,20.41
179640,997.24,1014.72,1032.18,1022.74,1013.52,1019.50,1010.76,1005.44,20.27,20.54,20.28,20.34,20.34,20.24,20.33,20.49
179760,997.34,1014.80,1032.16,1022.90,1013.52,1019.66,1010.86,1005.68,20.33,20.61,20.34,20.38,20.39,20.29,20.39,20.56
179880,997.52,1014.90,1032.38,1023.22,1013.60,1019.86,1010.98,1005.78,20.40,20.66,20.38,20.44,20.45,20.34,20.46,20.61
180000,997.70,1014.96,1032.52,1023.30,1013.76,1020.04,1011.16,1005.82,20.45,20.70,20.43,20.50,20.51,20.40,20.51,20.67
180120,998.04,1015.04,1032.58,1023.38,1013.92,1020.00,1011.14,1005.86,20.49,20.74,20.47,20.53,20.55,20.44,20.55,20.70
180240,997.94,1015.24,1032.94,1023.62,1013.96,1020.14,1011.40,1005.94,20.54,20.79,20.52,20.59,20.59,20.49,20.59,20.75
180360,998.14,1015.38,1032.84,1023.54,1014.08,1020.30,1011.32,1006.06,20.58,20.83,20.56,20.63,20.64,20.53,20.64,20.79
180480,998.26,1015.58,1032.98,1023.64,1014.36,1020.18,1011.38,1006.22,20.61,20.86,20.59,20.65,20.67,20.55,20.66,20.83
180600,998.40,1015.58,1032.84,1023.90,1014.50,1020.24,1011.34,1006.38,20.63,20.88,20.61,20.66,20.69,20.57,20.68,20.85
180720,998.54,1015.62,1032.92,1023.86,1014.42,1020.18,1011.36,1006.38,20.65,20.89,20.63,20.68,20.71,20.59,20.70,20.86
180840,998.44,1015.68,1033.00,1023.98,1014.36,1020.40,1011.40,1006.42,20.65,20.90,20.63,20.69,20.71,20.60,20.72,20.87
180960,998.64,1015.80,1033.04,1023.88,1014.42,1020.48,1011.58,1006.34,20.67,20.92,20.64,20.70,20.74,20.62,20.74,20.89
181080,998.68,1015.74,1033.24,1024.00,1014.50,1020.64,1011.58,1006.44,20.68,20.94,20.66,20.71,20.75,20.63,20.75,20.91
181200,998.82,1016.08,1033.34,1024.36,1014.54,1020.78,1011.42,1006.48,20.71,20.96,20.68,20.75,20.77,20.65,20.77,20.92
181320,998.86,1015.98,1033.38,1024.28,1014.54,1020.72,1011.44,1006.56,20.72,20.98,20.70,20.76,20.78,20.67,20.79,20.94
181440,998.92,1016.02,1033.36,1024.38,1014.56,1020.70,1011.48,1006.64,20.74,20.98,20.71,20.77,20.78,20.68,20.80,20.95
181560,998.72,1016.06,1033.42,1024.52,1014.52,1020.56,1011.46,1006.74,20.73,20.98,20.71,20.76,20.77,20.67,20.79,20.94
181680,998.90,1016.02,1033.40,1024.58,1014.50,1020.30,1011.68,1006.74,20.73,20.98,20.72,20.77,20.77,20.68,20.80,20.94
181800,998.98,1016.04,1033.54,1024.40,1014.68,1020.36,1011.56,1006.66,20.74,20.99,20.72,20.79,20.79,20.69,20.81,20.95
181920,999.02,1016.34,1033.72,1024.52,1014.78,1020.60,1011.72,1006.70,20.75,21.01,20.74,20.80,20.81,20.71,20.83,20.96
182040,998.98,1016.28,1033.68,1024.68,1014.64,1020.76,1011.68,1006.76,20.76,21.01,20.75,20.81,20.82,20.73,20.84,20.97
182160,998.94,1016.28,1033.54,1024.56,1014.74,1020.54,1011.78,1006.72,20.75,21.01,20.75,20.81,20.81,20.72,20.82,20.96
182280,998.84,1016.16,1033.54,1024.34,1014.66,1020.44,1011.70,1006.70,20.70,20.97,20.70,20.77,20.77,20.69,20.79,20.91
182400,998.70,1016.12,1033.44,1024.28,1014.68,1020.40,1011.58,1006.58,20.64,20.92,20.66,20.72,20.73,20.64,20.74,20.85
182520,998.70,1015.96,1033.34,1024.28,1014.60,1020.06,1011.64,1006.56,20.58,20.87,20.63,20.68,20.69,20.60,20.68,20.81
182640,998.44,1016.00,1033.20,1024.10,1014.40,1020.04,1011.54,1006.50,20.53,20.83,20.58,20.64,20.65,20.56,20.63,20.76
182760,998.46,1015.90,1033.10,1023.92,1014.40,1019.98,1011.44,1006.36,20.51,20.80,20.54,20.60,20.62,20.53,20.60,20.71
182880,998.42,1015.98,1033.22,1023.96,1014.34,1019.86,1011.40,1006.28,20.46,20.76,20.51,20.56,20.58,20.49,20.56,20.68
183000,998.32,1015.74,1032.90,1023.68,1014.34,1019.86,1011.42,1006.42,20.45,20.75,20.49,20.53,20.56,20.47,20.54,20.66
183120,998.30,1015.80,1033.04,1023.64,1014.32,1019.70,1011.34,1006.12,20.42,20.72,20.45,20.50,20.53,20.43,20.50,20.63
183240,998.16,1015.52,1033.02,1023.56,1014.26,1019.58,1011.14,1006.32,20.38,20.68,20.42,20.47,20.50,20.40,20.47,20.61
183360,998.26,1015.64,1032.86,1023.36,1014.24,1019.44,1011.06,1006.26,20.35,20.65,20.39,20.44,20.47,20.37,20.45,20.57
183480,998.04,1015.34,1032.78,1023.34,1014.00,1019.32,1011.16,1006.00,20.31,20.60,20.35,20.40,20.43,20.32,20.40,20.53
183600,997.82,1015.40,1032.72,1023.30,1014.00,1019.14,1011.10,1006.10,20.28,20.58,20.32,20.37,20.39,20.29,20.38,20.51
183720,997.78,1015.36,1032.54,1023.16,1013.96,1019.04,1010.96,1006.12,20.26,20.56,20.29,20.34,20.37,20.28,20.36,20.48
183840,997.70,1015.20,1032.46,1023.22,1013.96,1019.00,1010.92,1005.94,20.25,20.54,20.28,20.32,20.37,20.27,20.34,20.47
183960,997.62,1015.10,1032.40,1022.94,1013.82,1018.88,1010.76,1005.94,20.22,20.52,20.26,20.30,20.34,20.23,20.32,20.45
184080,997.62,1015.28,1032.30,1022.84,1013.76,1018.88,1010.72,1005.72,20.21,20.50,20.24,20.29,20.30,20.21,20.29,20.42
184200,997.52,1014.98,1032.30,1022.90,1013.56,1018.66,1010.68,1005.72,20.18,20.48,20.21,20.26,20.27,20.16,20.25,20.39
184320,997.50,1014.94,1032.20,1022.74,1013.54,1018.70,1010.42,1005.60,20.16,20.45,20.19,20.24,20.25,20.14,20.22,20.36
184440,997.36,1014.86,1032.24,1022.78,1013.48,1018.60,1010.48,1005.66,20.13,20.43,20.16,20.21,20.22,20.11,20.20,20.33
184560,997.50,1014.90,1032.18,1022.76,1013.36,1018.68,1010.26,1005.68,20.12,20.42,20.16,20.21,20.21,20.10,20.19,20.32
184680,997.20,1014.72,1032.06,1022.62,1013.28,1018.52,1010.30,1005.44,20.08,20.39,20.13,20.19,20.19,20.08,20.16,20.29
184800,997.12,1014.64,1031.96,1022.52,1013.08,1018.54,1010.16,1005.36,20.06,20.37,20.11,20.16,20.16,20.04,20.13,20.27
184920,997.04,1014.52,1031.88,1022.48,1013.06,1018.56,1010.06,1005.14,20.04,20.35,20.08,20.14,20.13,20.03,20.11,20.25
185040,997.12,1014.52,1031.80,1022.44,1012.94,1018.42,1010.02,1005.14,20.03,20.33,20.07,20.13,20.13,20.02,20.11,20.24
185160,996.82,1014.72,1031.74,1022.30,1012.88,1018.30,1010.10,1005.18,20.01,20.31,20.06,20.12,20.12,20.02,20.09,20.22
185280,996.80,1014.52,1031.84,1022.24,1012.88,1018.38,1010.06,1005.12,20.00,20.30,20.04,20.11,20.12,20.01,20.08,20.21
185400,996.98,1014.44,1031.68,1022.26,1012.80,1018.22,1009.84,1005.06,19.99,20.29,20.03,20.09,20.11,20.00,20.07,20.20
185520,996.98,1014.52,1031.54,1022.06,1012.70,1018.04,1009.90,1005.06,19.99,20.29,20.03,20.09,20.10,20.00,20.07,20.20
185640,996.82,1014.40,1031.54,1022.12,1012.82,1018.16,1009.98,1005.02,19.98,20.28,20.02,20.08,20.09,20.00,20.06,20.20
185760,996.82,1014.30,1031.48,1022.20,1012.76,1018.04,1009.76,1005.16,19.98,20.27,20.01,20.07,20.09,20.00,20.05,20.19
185880,996.76,1014.36,1031.46,1022.16,1012.62,1017.94,1009.60,1004.84,19.96,20.24,19.99,20.05,20.07,19.98,20.03,20.17
186000,996.72,1014.18,1031.52,1021.90,1012.62,1017.78,1009.68,1004.92,19.94,20.23,19.98,20.04,20.06,19.96,20.02,20.15
186120,996.70,1014.18,1031.40,1021.86,1012.50,1017.66,1009.58,1004.96,19.93,20.22,19.97,20.02,20.04,19.94,20.00,20.14
186240,996.58,1014.08,1031.34,1021.84,1012.40,1017.60,1009.70,1004.94,19.92,20.21,19.96,20.01,20.02,19.93,20.00,20.13
186360,996.44,1014.00,1031.26,1021.72,1012.22,1017.44,1009.72,1004.74,19.91,20.20,19.95,20.00,20.01,19.92,19.99,20.12
186480,996.44,1014.00,1031.26,1021.64,1012.26,1017.40,1009.66,1004.82,19.90,20.19,19.94,20.00,20.01,19.91,19.98,20.10
186600,996.36,1013.86,1031.34,1021.70,1012.28,1017.38,1009.38,1004.64,19.88,20.17,19.92,19.98,20.00,19.90,19.96,20.08
186720,996.24,1013.80,1031.24,1021.70,1012.34,1017.50,1009.32,1004.40,19.87,20.17,19.91,19.97,20.00,19.89,19.95,20.08
186840,996.30,1013.94,1031.12,1021.74,1012.26,1017.28,1009.42,1004.48,19.87,20.17,19.91,19.96,20.00,19.88,19.95,20.08
186960,996.30,1013.60,1031.12,1021.64,1012.10,1017.26,1009.30,1004.48,19.86,20.15,19.88,19.96,19.98,19.88,19.94,20.06
187080,996.26,1013.64,1030.98,1021.42,1012.08,1017.34,1009.42,1004.56,19.85,20.14,19.88,19.94,19.97,19.87,19.93,20.06
187200,996.18,1013.68,1030.78,1021.52,1011.96,1017.38,1009.24,1004.48,19.85,20.14,19.87,19.94,19.98,19.87,19.93,20.05
187320,996.20,1013.68,1030.86,1021.50,1011.96,1017.34,1009.22,1004.44,19.85,20.14,19.88,19.94,19.96,19.86,19.93,20.05
187440,996.16,1013.72,1031.06,1021.48,1011.92,1017.18,1009.30,1004.44,19.85,20.14,19.88,19.94,19.96,19.87,19.93,20.06
187560,996.16,1013.42,1030.80,1021.30,1011.84,1016.96,1008.98,1004.40,19.84,20.13,19.87,19.93,19.95,19.85,19.92,20.05
187680,996.06,1013.38,1030.74,1021.18,1011.88,1016.98,1008.98,1004.28,19.83,20.12,19.86,19.91,19.94,19.84,19.91,20.04
187800,996.08,1013.12,1030.72,1021.30,1011.86,1016.88,1008.94,1004.34,19.82,20.11,19.85,19.90,19.92,19.82,19.89,20.03
187920,995.98,1013.14,1030.74,1021.14,1011.72,1016.74,1008.90,1004.32,19.82,20.11,19.85,19.90,19.92,19.82,19.90,20.03
188040,995.88,1013.12,1030.62,1021.08,1011.74,1016.70,1008.80,1004.20,19.82,20.10,19.84,19.89,19.91,19.81,19.88,20.02
188160,995.88,1013.24,1030.64,1021.08,1011.74,1016.62,1008.76,1004.04,19.80,20.10,19.83,19.88,19.92,19.81,19.87,20.00
188280,995.92,1013.18,1030.58,1021.04,1011.60,1016.64,1008.78,1004.10,19.81,20.11,19.84,19.89,19.93,19.82,19.88,20.02
188400,995.98,1013.26,1030.54,1021.08,1011.58,1016.62,1008.66,1004.36,19.82,20.11,19.84,19.90,19.92,19.82,19.88,20.02
188520,995.98,1013.16,1030.44,1021.14,1011.46,1016.48,1008.56,1004.08,19.82,20.11,19.84,19.90,19.93,19.82,19.89,20.03
188640,995.74,1013.26,1030.46,1021.02,1011.52,1016.66,1008.60,1004.12,19.81,20.11,19.85,19.90,19.93,19.83,19.90,20.02
188760,995.66,1013.18,1030.50,1021.22,1011.50,1016.72,1008.62,1004.02,19.81,20.11,19.85,19.90,19.94,19.83,19.90,20.02
188880,995.76,1013.18,1030.38,1021.14,1011.48,1016.66,1008.58,1004.00,19.82,20.12,19.85,19.90,19.93,19.82,19.90,20.03
189000,995.64,1013.08,1030.34,1021.10,1011.26,1016.60,1008.46,1003.90,19.82,20.12,19.85,19.89,19.92,19.82,19.90,20.04
189120,995.62,1012.94,1030.42,1021.06,1011.14,1016.48,1008.44,1003.94,19.81,20.10,19.84,19.88,19.91,19.80,19.88,20.03
189240,995.64,1013.06,1030.30,1020.88,1011.16,1016.36,1008.38,1003.92,19.81,20.10,19.84,19.88,19.90,19.79,19.87,20.01
189360,995.60,1012.92,1030.34,1020.84,1011.00,1016.44,1008.38,1004.06,19.79,20.08,19.82,19.86,19.88,19.77,19.84,20.00
189480,995.60,1012.98,1030.46,1020.80,1011.06,1016.30,1008.58,1004.04,19.79,20.09,19.83,19.87,19.88,19.77,19.85,20.00
189600,995.72,1012.92,1030.00,1020.78,1010.94,1016.24,1008.38,1003.86,19.78,20.09,19.82,19.86,19.85,19.76,19.84,20.00
189720,995.64,1012.92,1030.16,1020.80,1010.92,1016.12,1008.12,1003.76,19.79,20.09,19.82,19.85,19.85,19.76,19.85,20.00
189840,995.58,1012.94,1030.14,1020.52,1010.72,1016.10,1008.16,1003.86,19.77,20.07,19.81,19.84,19.85,19.76,19.84,20.00
189960,995.54,1012.80,1029.94,1020.62,1010.74,1016.06,1008.38,1003.86,19.77,20.07,19.80,19.83,19.85,19.75,19.85,20.00
190080,995.38,1012.94,1029.92,1020.66,1010.76,1016.04,1008.08,1003.78,19.77,20.06,19.79,19.82,19.83,19.73,19.83,20.00
190200,995.58,1012.94,1029.88,1020.56,1010.66,1016.02,1008.00,1003.70,19.76,20.05,19.78,19.82,19.83,19.73,19.83,20.00
190320,995.48,1012.78,1030.00,1020.56,1010.78,1016.06,1007.98,1003.74,19.76,20.06,19.79,19.82,19.84,19.74,19.83,19.99
190440,995.44,1012.62,1030.20,1020.60,1010.62,1016.06,1007.88,1003.68,19.76,20.05,19.77,19.82,19.85,19.75,19.83,19.98
190560,995.30,1012.64,1029.96,1020.48,1010.50,1015.96,1007.88,1003.86,19.75,20.04,19.77,19.81,19.85,19.75,19.83,19.98
190680,995.38,1012.72,1029.82,1020.54,1010.58,1016.12,1007.84,1003.72,19.75,20.04,19.77,19.81,19.85,19.76,19.83,19.99
190800,995.32,1012.80,1029.80,1020.44,1010.54,1016.04,1007.76,1003.86,19.75,20.04,19.77,19.81,19.85,19.75,19.83,19.99
190920,995.36,1012.86,1029.72,1020.28,1010.44,1015.84,1007.94,1003.62,19.75,20.04,19.76,19.81,19.84,19.74,19.82,19.99
191040,995.20,1012.74,1029.62,1020.34,1010.42,1015.82,1007.68,1003.62,19.75,20.04,19.77,19.81,19.83,19.73,19.82,19.98
191160,995.06,1012.74,1029.68,1020.30,1010.44,1015.80,1007.72,1003.50,19.75,20.04,19.77,19.81,19.84,19.74,19.82,19.98
191280,995.12,1012.66,1029.68,1020.22,1010.38,1015.78,1007.84,1003.50,19.74,20.03,19.77,19.81,19.83,19.73,19.81,19.97
191400,995.06,1012.64,1029.58,1020.24,1010.38,1015.72,1007.70,1003.62,19.73,20.03,19.76,19.81,19.84,19.73,19.81,19.97
191520,995.14,1012.46,1029.70,1020.18,1010.38,1015.66,1007.66,1003.62,19.74,20.03,19.76,19.80,19.83,19.73,19.80,19.96
191640,995.16,1012.56,1029.68,1020.16,1010.14,1015.54,1007.52,1003.70,19.73,20.03,19.76,19.80,19.82,19.72,19.81,19.96
191760,995.04,1012.50,1029.68,1020.18,1010.12,1015.56,1007.50,1003.62,19.73,20.03,19.75,19.79,19.82,19.72,19.81,19.96
191880,995.14,1012.34,1029.60,1020.18,1010.26,1015.62,1007.52,1003.66,19.72,20.02,19.75,19.79,19.83,19.73,19.81,19.96
192000,994.98,1012.50,1029.60,1020.18,1010.28,1015.38,1007.34,1003.70,19.72,20.02,19.75,19.79,19.83,19.73,19.81,19.95
192120,994.96,1012.34,1029.60,1020.12,1010.20,1015.38,1007.30,1003.68,19.72,20.01,19.74,19.79,19.82,19.72,19.79,19.94
192240,994.90,1012.20,1029.56,1020.12,1009.98,1015.38,1007.26,1003.58,19.71,20.01,19.73,19.78,19.80,19.70,19.78,19.94
192360,994.96,1012.12,1029.62,1019.98,1010.02,1015.34,1007.42,1003.58,19.71,20.01,19.73,19.78,19.81,19.70,19.78,19.95
192480,995.02,1012.02,1029.50,1020.00,1009.92,1015.48,1007.12,1003.66,19.72,20.01,19.73,19.78,19.81,19.70,19.79,19.95
192600,994.94,1012.12,1029.20,1019.96,1009.80,1015.16,1006.98,1003.60,19.72,20.01,19.73,19.78,19.81,19.71,19.79,19.95
192720,995.06,1012.02,1029.26,1019.98,1009.80,1015.22,1007.02,1003.62,19.72,20.01,19.73,19.77,19.81,19.71,19.80,19.96
192840,994.90,1012.20,1029.30,1019.82,1009.80,1015.10,1007.04,1003.66,19.72,20.01,19.73,19.76,19.79,19.70,19.79,19.96
192960,995.10,1012.22,1029.36,1019.84,1009.88,1014.98,1007.00,1003.64,19.71,20.00,19.72,19.76,19.79,19.70,19.78,19.94
193080,995.02,1012.32,1029.26,1019.86,1009.86,1015.14,1006.94,1003.54,19.71,20.00,19.71,19.75,19.79,19.70,19.77,19.93
193200,994.94,1012.26,1029.18,1019.74,1009.88,1015.16,1006.88,1003.50,19.69,19.99,19.71,19.76,19.80,19.69,19.77,19.92
193320,994.80,1012.00,1029.34,1019.82,1009.74,1015.22,1006.98,1003.42,19.68,19.98,19.69,19.75,19.79,19.69,19.76,19.90
193440,994.76,1011.82,1029.22,1019.80,1009.62,1015.18,1006.98,1003.42,19.67,19.97,19.69,19.75,19.79,19.68,19.75,19.89
193560,994.72,1011.92,1029.10,1019.76,1009.64,1014.86,1006.84,1003.44,19.66,19.96,19.68,19.73,19.78,19.67,19.74,19.89
193680,994.76,1011.94,1029.28,1019.68,1009.54,1014.90,1006.72,1003.40,19.65,19.96,19.67,19.73,19.78,19.67,19.73,19.87
193800,994.78,1011.88,1029.34,1019.70,1009.56,1015.04,1006.70,1003.24,19.65,19.96,19.67,19.72,19.77,19.66,19.72,19.87
193920,994.68,1011.86,1029.16,1019.76,1009.40,1014.92,1006.74,1003.34,19.65,19.95,19.67,19.72,19.76,19.65,19.72,19.87
194040,994.64,1011.62,1029.16,1019.70,1009.44,1014.92,1006.60,1003.30,19.64,19.94,19.66,19.72,19.76,19.65,19.71,19.86
194160,994.62,1011.68,1029.06,1019.80,1009.44,1014.72,1006.60,1003.30,19.65,19.94,19.66,19.72,19.77,19.66,19.71,19.86
194280,994.46,1011.74,1029.02,1019.56,1009.40,1014.84,1006.54,1003.28,19.65,19.95,19.67,19.72,19.76,19.65,19.71,19.87
194400,994.40,1011.74,1028.88,1019.62,1009.24,1014.68,1006.52,1003.24,19.68,19.97,19.69,19.74,19.77,19.66,19.73,19.90
194520,994.46,1011.76,1028.98,1019.46,1009.22,1014.66,1006.40,1003.32,19.69,19.98,19.69,19.75,19.78,19.67,19.74,19.91
194640,994.54,1011.78,1029.04,1019.46,1009.28,1014.78,1006.46,1003.24,19.72,20.00,19.72,19.77,19.80,19.69,19.76,19.94
194760,994.58,1011.82,1029.04,1019.50,1009.26,1014.70,1006.46,1003.34,19.76,20.03,19.74,19.79,19.82,19.72,19.79,19.98
194880,994.80,1011.90,1029.12,1019.68,1009.38,1014.70,1006.44,1003.38,19.80,20.07,19.78,19.82,19.86,19.74,19.83,20.01
195000,994.88,1011.82,1029.10,1019.84,1009.38,1014.82,1006.42,1003.44,19.82,20.10,19.81,19.85,19.89,19.77,19.85,20.03
195120,994.92,1011.78,1029.00,1019.62,1009.44,1014.86,1006.54,1003.58,19.87,20.13,19.84,19.89,19.91,19.80,19.88,20.07
195240,995.14,1011.74,1029.08,1019.82,1009.32,1014.82,1006.62,1003.68,19.89,20.16,19.85,19.90,19.93,19.82,19.91,20.10
195360,995.32,1011.88,1029.20,1019.78,1009.62,1014.78,1006.52,1003.70,19.91,20.18,19.88,19.92,19.95,19.84,19.92,20.11
195480,995.40,1012.12,1029.20,1019.82,1009.34,1014.90,1006.34,1003.72,19.93,20.19,19.89,19.93,19.96,19.84,19.94,20.13
195600,995.30,1012.10,1029.06,1019.82,1009.40,1015.02,1006.36,1003.60,19.93,20.20,19.90,19.93,19.96,19.84,19.94,20.14
195720,995.30,1012.04,1029.12,1020.00,1009.58,1014.90,1006.56,1003.76,19.95,20.22,19.92,19.95,19.98,19.86,19.96,20.16
195840,995.20,1012.02,1029.28,1020.12,1009.72,1014.94,1006.46,1003.96,19.97,20.24,19.94,19.97,20.00,19.88,19.98,20.18
195960,995.44,1011.90,1029.26,1020.26,1009.56,1014.92,1006.48,1004.08,19.99,20.26,19.95,19.99,20.01,19.90,20.00,20.20
196080,995.50,1012.16,1029.46,1020.08,1009.56,1014.92,1006.52,1004.18,20.00,20.26,19.96,20.00,20.02,19.91,20.00,20.21
196200,995.48,1012.20,1029.28,1020.00,1009.60,1014.90,1006.64,1004.26,19.99,20.26,19.95,20.00,20.02,19.92,20.00,20.20
196320,995.44,1012.12,1029.24,1020.04,1009.42,1015.00,1006.52,1004.16,19.97,20.24,19.94,19.98,20.00,19.91,19.99,20.17
196440,995.48,1012.10,1029.26,1020.04,1009.34,1014.80,1006.40,1003.96,19.95,20.22,19.93,19.97,20.00,19.89,19.98,20.15
196560,995.38,1011.86,1029.14,1020.02,1009.32,1014.84,1006.34,1004.04,19.95,20.23,19.93,19.97,20.00,19.90,19.98,20.16
196680,995.46,1011.96,1029.18,1020.04,1009.24,1014.78,1006.24,1004.04,19.95,20.23,19.93,19.98,20.01,19.91,19.99,20.16
196800,995.44,1012.00,1029.18,1020.08,1009.40,1014.76,1006.20,1003.96,19.94,20.22,19.92,19.97,20.00,19.90,19.98,20.14
196920,995.30,1012.02,1029.18,1020.08,1009.18,1014.76,1006.24,1003.92,19.93,20.20,19.91,19.96,19.99,19.89,19.96,20.13
197040,995.28,1012.02,1029.24,1020.02,1009.18,1014.66,1006.20,1004.02,19.90,20.18,19.89,19.94,19.97,19.86,19.94,20.10
197160,995.22,1012.00,1029.32,1019.90,1009.18,1014.72,1006.24,1003.86,19.89,20.16,19.88,19.92,19.95,19.84,19.92,20.09
197280,995.14,1012.04,1029.12,1020.02,1009.20,1014.66,1006.12,1003.88,19.89,20.16,19.88,19.92,19.95,19.84,19.92,20.09
197400,995.20,1011.92,1029.22,1019.90,1009.26,1014.64,1006.16,1003.92,19.91,20.18,19.90,19.94,19.96,19.86,19.94,20.11
197520,995.18,1011.92,1029.14,1019.92,1009.08,1014.58,1006.12,1003.94,19.92,20.19,19.90,19.94,19.97,19.86,19.95,20.12
197640,995.26,1011.84,1029.10,1019.92,1009.22,1014.64,1006.22,1004.00,19.91,20.18,19.89,19.93,19.96,19.85,19.93,20.11
197760,995.12,1011.98,1029.08,1019.92,1009.26,1014.54,1006.06,1004.02,19.89,20.17,19.87,19.92,19.96,19.85,19.92,20.10
197880,995.18,1012.02,1029.12,1019.82,1009.08,1014.56,1006.02,1004.00,19.90,20.17,19.88,19.93,19.96,19.85,19.93,20.10
198000,995.42,1011.92,1028.96,1019.84,1009.16,1014.56,1006.20,1004.06,19.91,20.19,19.89,19.93,19.97,19.86,19.93,20.12
198120,995.24,1012.06,1029.08,1020.02,1009.10,1014.66,1006.06,1004.08,19.94,20.20,19.91,19.95,19.98,19.87,19.96,20.14
198240,995.34,1012.02,1029.06,1019.82,1009.16,1014.60,1006.06,1004.14,19.95,20.22,19.92,19.96,20.00,19.89,19.97,20.15
198360,995.38,1011.94,1029.10,1019.90,1009.24,1014.56,1006.14,1004.10,19.94,20.22,19.92,19.96,20.00,19.89,19.97,20.15
198480,995.46,1012.12,1029.26,1019.86,1009.34,1014.52,1006.06,1004.14,19.93,20.21,19.91,19.95,19.98,19.87,19.95,20.14
198600,995.34,1012.08,1029.14,1019.74,1009.24,1014.42,1005.94,1004.10,19.92,20.20,19.90,19.94,19.97,19.86,19.94,20.12
198720,995.44,1011.96,1028.96,1019.78,1009.30,1014.50,1005.98,1004.12,19.89,20.17,19.88,19.92,19.96,19.85,19.93,20.10
198840,995.18,1011.88,1029.28,1019.92,1009.18,1014.36,1005.86,1003.98,19.89,20.17,19.88,19.92,19.95,19.85,19.92,20.11
198960,995.36,1012.00,1029.08,1019.82,1009.02,1014.28,1005.94,1003.90,19.89,20.17,19.87,19.92,19.96,19.84,19.92,20.10
199080,995.30,1011.90,1029.04,1019.86,1009.04,1014.14,1005.90,1004.02,19.88,20.16,19.87,19.92,19.95,19.84,19.92,20.09
199200,995.28,1011.94,1028.84,1019.86,1009.08,1014.32,1005.84,1004.10,19.87,20.15,19.86,19.91,19.94,19.83,19.91,20.08
199320,995.32,1011.72,1028.78,1019.90,1009.04,1014.26,1005.64,1004.06,19.87,20.15,19.86,19.91,19.95,19.83,19.91,20.09
199440,995.24,1011.86,1028.92,1019.86,1009.04,1014.32,1005.68,1004.28,19.87,20.16,19.86,19.91,19.94,19.84,19.92,20.10
199560,995.28,1011.92,1028.86,1019.84,1009.02,1014.30,1005.64,1004.16,19.89,20.17,19.88,19.92,19.96,19.85,19.93,20.11
199680,995.26,1011.82,1029.02,1019.78,1008.88,1014.24,1005.76,1004.22,19.90,20.18,19.88,19.93,19.97,19.85,19.93,20.12
199800,995.30,1011.82,1029.02,1019.76,1008.82,1014.20,1005.74,1004.22,19.91,20.19,19.89,19.94,19.98,19.87,19.94,20.13
199920,995.34,1011.86,1028.96,1019.76,1008.84,1014.36,1005.82,1004.20,19.93,20.20,19.91,19.95,19.99,19.88,19.96,20.14
200040,995.40,1011.76,1029.00,1019.74,1008.96,1014.22,1005.76,1004.10,19.93,20.21,19.91,19.95,19.98,19.88,19.96,20.14
200160,995.34,1011.76,1029.08,1019.72,1009.06,1014.24,1005.72,1004.16,19.93,20.21,19.91,19.94,19.98,19.87,19.95,20.14
200280,995.32,1011.76,1029.10,1019.80,1009.00,1014.20,1005.80,1004.14,19.92,20.19,19.90,19.93,19.96,19.86,19.94,20.13
200400,995.42,1011.90,1028.70,1019.64,1008.94,1014.10,1005.70,1004.24,19.89,20.18,19.88,19.93,19.96,19.85,19.93,20.11
200520,995.50,1011.56,1028.82,1019.66,1008.88,1014.16,1005.52,1004.28,19.89,20.17,19.88,19.91,19.94,19.84,19.92,20.10
200640,995.46,1011.66,1028.78,1019.68,1008.86,1014.02,1005.42,1004.34,19.88,20.17,19.87,19.91,19.94,19.84,19.92,20.09
200760,995.40,1011.70,1028.86,1019.76,1008.92,1014.10,1005.52,1004.26,19.88,20.16,19.87,19.91,19.93,19.83,19.91,20.09
200880,995.42,1011.76,1028.78,1019.68,1008.72,1014.00,1005.52,1004.34,19.89,20.17,19.87,19.91,19.94,19.84,19.92,20.10
201000,995.36,1011.80,1028.86,1019.62,1008.84,1014.14,1005.52,1004.30,19.88,20.16,19.87,19.91,19.95,19.84,19.92,20.10
201120,995.34,1011.78,1028.82,1019.66,1008.94,1014.04,1005.40,1004.34,19.88,20.16,19.87,19.91,19.95,19.84,19.93,20.10
201240,995.24,1011.74,1028.80,1019.58,1008.76,1013.98,1005.38,1004.40,19.87,20.16,19.86,19.90,19.94,19.83,19.92,20.10
201360,995.18,1011.88,1028.74,1019.52,1008.76,1013.92,1005.34,1004.32,19.87,20.15,19.86,19.90,19.93,19.83,19.91,20.09
201480,995.16,1011.82,1028.84,1019.62,1008.82,1013.88,1005.30,1004.32,19.86,20.15,19.86,19.90,19.93,19.82,19.91,20.09
201600,995.36,1011.92,1028.76,1019.54,1008.52,1013.76,1005.28,1004.18,19.88,20.16,19.87,19.91,19.94,19.83,19.91,20.10
201720,995.46,1011.76,1028.74,1019.46,1008.60,1013.86,1005.26,1004.42,19.89,20.17,19.87,19.91,19.95,19.84,19.92,20.11
201840,995.50,1011.88,1028.78,1019.58,1008.48,1013.84,1005.36,1004.36,19.91,20.19,19.89,19.93,19.96,19.85,19.93,20.13
201960,995.46,1011.86,1028.88,1019.62,1008.70,1013.80,1005.36,1004.36,19.92,20.20,19.90,19.94,19.97,19.87,19.95,20.14
202080,995.46,1011.88,1028.80,1019.62,1008.72,1013.94,1005.38,1004.42,19.92,20.20,19.90,19.94,19.98,19.87,19.95,20.14
202200,995.36,1011.80,1028.76,1019.70,1008.68,1013.94,1005.42,1004.54,19.92,20.19,19.90,19.94,19.97,19.86,19.95,20.13
202320,995.38,1011.60,1028.74,1019.54,1008.44,1013.94,1005.40,1004.52,19.89,20.18,19.88,19.92,19.95,19.84,19.93,20.12
202440,995.32,1011.72,1028.70,1019.48,1008.50,1013.76,1005.40,1004.46,19.88,20.16,19.86,19.91,19.94,19.83,19.92,20.10
202560,995.38,1011.64,1028.72,1019.42,1008.50,1013.78,1005.32,1004.40,19.88,20.16,19.86,19.91,19.94,19.83,19.91,20.10
202680,995.22,1011.74,1028.72,1019.44,1008.48,1013.76,1005.16,1004.42,19.90,20.18,19.88,19.91,19.94,19.84,19.92,20.12
202800,995.30,1011.70,1028.70,1019.54,1008.60,1013.64,1005.24,1004.56,19.92,20.20,19.89,19.93,19.96,19.85,19.94,20.13
202920,995.38,1011.64,1028.76,1019.62,1008.40,1013.58,1005.22,1004.50,19.92,20.20,19.89,19.92,19.96,19.85,19.94,20.13
203040,995.30,1011.66,1028.84,1019.52,1008.36,1013.58,1005.28,1004.46,19.91,20.19,19.88,19.91,19.95,19.84,19.93,20.13
203160,995.30,1011.76,1028.86,1019.48,1008.34,1013.58,1005.14,1004.44,19.89,20.18,19.88,19.91,19.95,19.84,19.92,20.11
203280,995.24,1011.74,1028.94,1019.46,1008.36,1013.58,1005.04,1004.50,19.90,20.18,19.88,19.92,19.95,19.84,19.93,20.11
203400,995.42,1011.60,1028.88,1019.44,1008.18,1013.56,1005.10,1004.60,19.90,20.18,19.88,19.92,19.96,19.85,19.94,20.12
203520,995.46,1011.58,1028.86,1019.30,1008.10,1013.68,1005.14,1004.72,19.92,20.20,19.90,19.93,19.97,19.85,19.94,20.13
203640,995.46,1011.72,1028.66,1019.28,1008.20,1013.58,1005.08,1004.76,19.93,20.20,19.91,19.94,19.98,19.86,19.95,20.14
203760,995.52,1011.62,1028.78,1019.32,1008.30,1013.46,1005.14,1004.68,19.94,20.22,19.91,19.95,19.99,19.88,19.96,20.15
203880,995.46,1011.62,1028.86,1019.52,1008.40,1013.58,1005.06,1004.66,19.94,20.22,19.92,19.95,20.00,19.88,19.97,20.16
204000,995.46,1011.62,1028.70,1019.54,1008.38,1013.50,1005.14,1004.64,19.94,20.22,19.92,19.95,19.99,19.88,19.96,20.16
204120,995.52,1011.60,1028.64,1019.52,1008.28,1013.34,1005.00,1004.54,19.92,20.21,19.90,19.94,19.98,19.87,19.95,20.14
204240,995.66,1011.68,1028.56,1019.46,1008.14,1013.38,1004.94,1004.64,19.90,20.19,19.90,19.94,19.96,19.86,19.94,20.13
204360,995.52,1011.58,1028.54,1019.32,1008.24,1013.30,1004.84,1004.62,19.90,20.18,19.89,19.93,19.95,19.85,19.93,20.11
204480,995.32,1011.64,1028.66,1019.44,1008.16,1013.36,1004.90,1004.54,19.88,20.17,19.87,19.91,19.94,19.84,19.92,20.11
204600,995.42,1011.52,1028.60,1019.38,1008.16,1013.34,1004.92,1004.52,19.87,20.16,19.86,19.90,19.93,19.83,19.91,20.10
204720,995.38,1011.56,1028.60,1019.34,1008.02,1013.30,1004.78,1004.60,19.86,20.15,19.85,19.89,19.93,19.82,19.90,20.09
204840,995.44,1011.52,1028.56,1019.34,1008.00,1013.40,1004.78,1004.58,19.87,20.16,19.86,19.90,19.94,19.83,19.91,20.09
204960,995.52,1011.66,1028.50,1019.40,1007.98,1013.40,1004.80,1004.56,19.88,20.17,19.86,19.90,19.94,19.84,19.91,20.10
205080,995.38,1011.56,1028.60,1019.36,1007.98,1013.36,1004.84,1004.72,19.88,20.16,19.86,19.90,19.94,19.83,19.91,20.10
205200,995.34,1011.46,1028.58,1019.30,1007.86,1013.24,1004.72,1004.64,19.86,20.15,19.85,19.89,19.92,19.82,19.90,20.08
205320,995.38,1011.42,1028.64,1019.32,1007.86,1013.28,1004.68,1004.70,19.84,20.13,19.84,19.88,19.92,19.81,19.88,20.06
205440,995.30,1011.30,1028.58,1019.22,1007.88,1013.44,1004.78,1004.50,19.83,20.12,19.82,19.87,19.91,19.80,19.87,20.05
205560,995.40,1011.38,1028.38,1019.22,1007.96,1013.24,1004.74,1004.58,19.84,20.13,19.83,19.87,19.91,19.81,19.88,20.05
205680,995.34,1011.42,1028.44,1019.22,1007.84,1013.16,1004.62,1004.66,19.85,20.13,19.83,19.88,19.91,19.81,19.89,20.06
205800,995.28,1011.46,1028.34,1019.34,1007.84,1013.22,1004.58,1004.60,19.85,20.14,19.84,19.89,19.93,19.82,19.89,20.07
205920,995.28,1011.34,1028.36,1019.26,1007.78,1013.18,1004.50,1004.52,19.86,20.14,19.85,19.90,19.94,19.83,19.89,20.07
206040,995.24,1011.18,1028.36,1019.26,1007.82,1013.10,1004.68,1004.52,19.85,20.14,19.84,19.90,19.93,19.82,19.89,20.07
206160,995.10,1011.16,1028.42,1019.06,1007.72,1013.02,1004.60,1004.50,19.83,20.11,19.82,19.88,19.90,19.79,19.86,20.04
206280,995.28,1011.10,1028.46,1019.16,1007.64,1012.86,1004.64,1004.38,19.79,20.08,19.79,19.85,19.87,19.77,19.83,20.00
206400,995.22,1011.14,1028.58,1019.14,1007.68,1013.06,1004.46,1004.36,19.79,20.08,19.79,19.85,19.88,19.77,19.84,20.01
206520,995.06,1011.12,1028.42,1019.12,1007.74,1012.88,1004.44,1004.42,19.80,20.08,19.79,19.85,19.88,19.77,19.84,20.01
206640,995.12,1011.20,1028.32,1019.02,1007.72,1012.82,1004.40,1004.24,19.79,20.08,19.79,19.84,19.87,19.77,19.84,20.00
206760,995.36,1011.02,1028.36,1019.08,1007.54,1012.86,1004.44,1004.34,19.77,20.06,19.77,19.82,19.86,19.75,19.82,19.99
206880,995.32,1011.00,1028.32,1019.14,1007.52,1012.72,1004.48,1004.56,19.78,20.07,19.78,19.83,19.87,19.76,19.83,20.00
207000,995.10,1010.92,1028.32,1019.10,1007.42,1012.72,1004.50,1004.46,19.79,20.08,19.78,19.83,19.87,19.76,19.83,20.01
207120,994.96,1010.94,1028.44,1018.90,1007.34,1012.62,1004.36,1004.50,19.78,20.07,19.77,19.82,19.86,19.75,19.82,20.00
207240,994.94,1010.92,1028.28,1018.82,1007.32,1012.44,1004.24,1004.46,19.76,20.05,19.75,19.80,19.84,19.73,19.80,19.98
207360,994.92,1010.96,1028.24,1018.96,1007.30,1012.58,1004.20,1004.52,19.75,20.04,19.74,19.79,19.83,19.72,19.79,19.97
207480,995.02,1010.92,1028.30,1018.90,1007.32,1012.48,1004.30,1004.58,19.76,20.05,19.75,19.81,19.85,19.74,19.80,19.99
207600,995.02,1010.98,1028.40,1018.94,1007.26,1012.50,1004.36,1004.64,19.78,20.07,19.77,19.82,19.86,19.74,19.81,20.00
207720,995.04,1010.94,1028.20,1018.88,1007.32,1012.52,1004.24,1004.50,19.77,20.06,19.76,19.82,19.85,19.74,19.81,19.99
207840,994.96,1010.96,1028.24,1018.80,1007.30,1012.64,1004.04,1004.34,19.78,20.06,19.77,19.83,19.86,19.75,19.82,20.00
207960,994.98,1010.90,1028.22,1018.94,1007.24,1012.72,1004.14,1004.56,19.80,20.08,19.79,19.84,19.88,19.77,19.84,20.02
208080,995.20,1011.16,1028.30,1018.94,1007.30,1012.58,1004.28,1004.62,19.82,20.10,19.80,19.85,19.89,19.78,19.85,20.04
208200,995.22,1011.04,1028.30,1018.98,1007.22,1012.52,1004.22,1004.64,19.84,20.12,19.82,19.87,19.91,19.79,19.86,20.05
208320,995.28,1010.98,1028.30,1019.18,1007.22,1012.64,1004.20,1004.66,19.86,20.14,19.84,19.88,19.92,19.81,19.88,20.08
208440,995.20,1010.98,1028.36,1019.08,1007.30,1012.58,1004.16,1004.66,19.87,20.14,19.84,19.89,19.92,19.81,19.89,20.08
208560,995.16,1011.04,1028.24,1019.00,1007.26,1012.50,1004.02,1004.74,19.87,20.14,19.84,19.89,19.92,19.81,19.89,20.07
208680,995.24,1011.00,1028.12,1019.12,1007.12,1012.70,1004.06,1004.64,19.87,20.15,19.85,19.89,19.93,19.82,19.89,20.07
208800,995.18,1010.86,1028.20,1019.14,1007.00,1012.62,1004.04,1004.68,19.86,20.14,19.84,19.88,19.92,19.81,19.89,20.07
208920,995.34,1011.00,1028.14,1018.78,1007.04,1012.70,1004.18,1004.74,19.86,20.14,19.83,19.88,19.92,19.81,19.88,20.07
209040,995.22,1010.88,1028.16,1018.90,1007.08,1012.66,1003.96,1004.58,19.84,20.12,19.82,19.88,19.91,19.80,19.87,20.05
209160,995.42,1010.90,1028.32,1019.08,1007.10,1012.66,1004.08,1004.76,19.85,20.13,19.83,19.88,19.91,19.80,19.87,20.05
209280,995.22,1011.00,1028.18,1019.00,1007.08,1012.50,1003.92,1004.54,19.84,20.13,19.82,19.88,19.91,19.80,19.87,20.06
209400,995.16,1010.92,1028.30,1019.06,1006.98,1012.54,1004.00,1004.58,19.84,20.13,19.83,19.87,19.92,19.81,19.88,20.06
209520,995.18,1011.04,1028.24,1019.12,1006.98,1012.56,1003.92,1004.64,19.84,20.12,19.82,19.87,19.92,19.81,19.88,20.06
209640,995.20,1010.92,1028.28,1019.12,1006.90,1012.56,1004.00,1004.68,19.84,20.13,19.83,19.88,19.91,19.81,19.87,20.05
209760,995.10,1010.90,1028.18,1019.02,1006.72,1012.54,1003.98,1004.74,19.84,20.13,19.83,19.87,19.91,19.80,19.86,20.05
209880,995.16,1010.96,1028.18,1018.94,1006.92,1012.52,1003.90,1004.50,19.84,20.13,19.83,19.88,19.91,19.80,19.87,20.05
210000,995.12,1010.98,1028.12,1019.00,1006.88,1012.44,1004.18,1004.56,19.85,20.13,19.84,19.88,19.91,19.80,19.88,20.07
210120,995.24,1010.88,1028.18,1019.04,1006.74,1012.40,1003.96,1004.62,19.87,20.15,19.84,19.88,19.92,19.81,19.89,20.08
210240,995.30,1010.92,1028.18,1018.98,1006.82,1012.50,1003.98,1004.56,19.87,20.16,19.85,19.89,19.92,19.81,19.89,20.09
210360,995.28,1010.92,1028.06,1018.96,1006.70,1012.60,1003.76,1004.70,19.89,20.17,19.86,19.89,19.94,19.83,19.90,20.10
210480,995.34,1010.94,1028.20,1019.02,1006.68,1012.42,1003.92,1004.88,19.90,20.18,19.87,19.90,19.94,19.84,19.91,20.11
210600,995.24,1010.88,1028.26,1019.14,1006.70,1012.36,1003.94,1004.84,19.91,20.18,19.88,19.91,19.96,19.85,19.92,20.12
210720,995.30,1011.02,1028.16,1019.02,1006.72,1012.64,1003.92,1004.70,19.92,20.20,19.88,19.92,19.96,19.85,19.93,20.13
210840,995.36,1010.98,1028.22,1019.04,1006.80,1012.52,1003.80,1004.90,19.93,20.21,19.90,19.93,19.97,19.86,19.94,20.14
210960,995.42,1010.96,1028.14,1018.96,1006.78,1012.48,1003.92,1004.96,19.95,20.22,19.90,19.94,19.98,19.87,19.95,20.16
211080,995.54,1010.98,1028.30,1019.14,1006.62,1012.46,1003.80,1005.00,19.96,20.23,19.92,19.96,19.99,19.89,19.96,20.17
211200,995.52,1011.10,1028.20,1019.14,1006.74,1012.42,1003.76,1005.00,19.97,20.25,19.93,19.97,20.00,19.90,19.98,20.19
211320,995.60,1011.12,1028.26,1019.22,1006.72,1012.44,1003.72,1005.04,19.99,20.25,19.94,19.98,20.01,19.91,19.99,20.20
211440,995.60,1010.74,1028.38,1019.16,1006.68,1012.50,1003.80,1005.26,19.99,20.27,19.95,19.99,20.02,19.92,20.00,20.21
211560,995.68,1010.96,1028.24,1019.18,1006.70,1012.32,1003.88,1005.32,20.00,20.28,19.96,19.99,20.02,19.93,20.00,20.22
211680,995.62,1010.94,1028.20,1019.34,1006.62,1012.30,1003.74,1005.30,20.00,20.28,19.97,20.00,20.03,19.93,20.00,20.22
211800,995.78,1011.02,1028.26,1019.24,1006.56,1012.30,1003.74,1005.26,20.01,20.29,19.97,20.00,20.03,19.93,20.00,20.23
211920,995.86,1011.04,1028.32,1019.16,1006.66,1012.38,1003.84,1005.28,20.01,20.29,19.97,20.00,20.04,19.94,20.01,20.23
212040,995.64,1011.08,1028.34,1019.26,1006.64,1012.34,1003.86,1005.34,20.00,20.28,19.97,20.00,20.04,19.94,20.01,20.23
212160,995.72,1010.72,1028.40,1019.24,1006.60,1012.40,1003.68,1005.24,20.00,20.28,19.97,20.00,20.04,19.94,20.01,20.23
212280,995.68,1011.08,1028.28,1019.28,1006.46,1012.40,1003.48,1005.32,19.99,20.27,19.97,20.00,20.03,19.94,20.00,20.22
212400,995.80,1011.06,1028.36,1019.12,1006.40,1012.40,1003.76,1005.38,19.97,20.25,19.95,19.98,20.02,19.92,19.99,20.19
212520,995.62,1010.86,1028.46,1019.10,1006.50,1012.38,1003.66,1005.08,19.95,20.23,19.92,19.96,20.00,19.89,19.97,20.17
212640,995.54,1010.86,1028.48,1019.12,1006.50,1012.36,1003.66,1005.24,19.95,20.23,19.92,19.96,20.00,19.89,19.97,20.17
212760,995.60,1010.88,1028.32,1019.12,1006.26,1012.32,1003.56,1005.20,19.95,20.23,19.92,19.96,20.00,19.89,19.97,20.17
212880,995.80,1010.94,1028.16,1019.08,1006.28,1011.96,1003.60,1005.36,19.93,20.22,19.91,19.94,19.98,19.88,19.96,20.15
213000,995.58,1010.80,1028.14,1019.16,1006.26,1011.88,1003.60,1005.32,19.91,20.20,19.89,19.93,19.97,19.86,19.93,20.13
213120,995.54,1010.84,1028.16,1019.00,1006.36,1012.06,1003.48,1005.24,19.93,20.21,19.90,19.94,19.98,19.87,19.95,20.15
213240,995.64,1010.86,1028.22,1018.98,1006.24,1012.22,1003.34,1005.34,19.93,20.21,19.90,19.94,19.99,19.88,19.95,20.15
213360,995.62,1010.88,1028.20,1018.92,1006.24,1012.12,1003.36,1005.30,19.91,20.20,19.90,19.94,19.98,19.87,19.94,20.14
213480,995.54,1010.84,1027.98,1018.98,1006.26,1011.86,1003.34,1005.18,19.91,20.19,19.89,19.93,19.97,19.86,19.93,20.12
213600,995.56,1010.88,1028.06,1018.88,1006.24,1011.90,1003.44,1005.26,19.92,20.21,19.90,19.94,19.98,19.87,19.94,20.15
213720,995.66,1010.76,1028.24,1019.00,1006.24,1011.92,1003.42,1005.32,19.93,20.21,19.90,19.95,20.00,19.88,19.95,20.15
213840,995.40,1010.86,1028.10,1019.02,1006.42,1012.00,1003.54,1005.32,19.92,20.20,19.90,19.94,19.98,19.87,19.94,20.14
213960,995.50,1010.68,1028.08,1018.90,1006.10,1012.08,1003.50,1005.30,19.90,20.18,19.89,19.93,19.97,19.86,19.93,20.12
214080,995.38,1010.66,1028.02,1019.00,1006.16,1011.98,1003.50,1005.30,19.88,20.17,19.87,19.91,19.95,19.84,19.90,20.10
214200,995.46,1010.54,1027.98,1019.00,1006.14,1011.92,1003.40,1005.20,19.87,20.15,19.85,19.89,19.93,19.82,19.89,20.09
214320,995.58,1010.56,1028.02,1018.98,1006.18,1011.76,1003.34,1005.38,19.87,20.15,19.84,19.88,19.92,19.82,19.90,20.09
214440,995.54,1010.60,1027.98,1018.86,1006.10,1011.90,1003.18,1005.42,19.88,20.17,19.86,19.89,19.94,19.83,19.90,20.11
214560,995.56,1010.46,1028.04,1018.84,1006.06,1011.92,1003.28,1005.28,19.89,20.17,19.86,19.90,19.95,19.84,19.90,20.10
214680,995.56,1010.50,1028.02,1018.84,1005.92,1011.82,1003.38,1005.24,19.87,20.16,19.85,19.89,19.93,19.83,19.90,20.09
214800,995.60,1010.56,1027.82,1018.80,1005.70,1012.04,1003.38,1005.32,19.87,20.17,19.85,19.90,19.94,19.83,19.90,20.10
214920,995.50,1010.72,1028.06,1018.82,1005.80,1011.92,1003.16,1005.40,19.89,20.18,19.87,19.91,19.96,19.85,19.92,20.12
215040,995.56,1010.66,1027.86,1018.70,1005.74,1011.92,1003.28,1005.34,19.89,20.17,19.87,19.91,19.96,19.85,19.91,20.11
215160,995.64,1010.66,1027.82,1018.68,1005.94,1011.92,1003.32,1005.30,19.88,20.17,19.86,19.90,19.96,19.84,19.91,20.11
215280,995.62,1010.60,1027.82,1018.68,1005.92,1011.76,1003.34,1005.36,19.90,20.18,19.87,19.91,19.96,19.85,19.92,20.12
215400,995.70,1010.66,1027.88,1018.68,1005.88,1011.76,1003.24,1005.58,19.90,20.18,19.88,19.92,19.97,19.85,19.93,20.13
215520,995.62,1010.64,1027.90,1018.66,1005.80,1011.68,1003.22,1005.46,19.88,20.17,19.86,19.90,19.95,19.84,19.91,20.10
215640,995.62,1010.62,1027.96,1018.72,1005.62,1011.70,1003.22,1005.50,19.89,20.17,19.86,19.90,19.95,19.84,19.91,20.10
215760,995.54,1010.76,1027.94,1018.66,1005.56,1011.64,1003.16,1005.50,19.90,20.18,19.87,19.91,19.96,19.85,19.92,20.12
215880,995.46,1010.58,1027.70,1018.68,1005.60,1011.74,1003.26,1005.44,19.90,20.18,19.87,19.91,19.96,19.85,19.93,20.12
216000,995.48,1010.54,1027.82,1018.62,1005.58,1011.70,1003.06,1005.32,19.87,20.16,19.85,19.89,19.94,19.83,19.90,20.09
216120,995.34,1010.54,1027.78,1018.70,1005.70,1011.72,1002.98,1005.58,19.87,20.16,19.86,19.90,19.95,19.84,19.91,20.09
216240,995.34,1010.50,1027.78,1018.78,1005.58,1011.52,1003.00,1005.56,19.88,20.17,19.86,19.90,19.95,19.84,19.91,20.11
216360,995.50,1010.42,1027.86,1018.68,1005.54,1011.70,1003.08,1005.38,19.87,20.15,19.85,19.89,19.94,19.83,19.90,20.09
216480,995.58,1010.46,1027.90,1018.64,1005.48,1011.60,1002.88,1005.44,19.85,20.14,19.84,19.88,19.93,19.82,19.89,20.07
216600,995.56,1010.44,1027.72,1018.62,1005.44,1011.66,1002.98,1005.60,19.86,20.15,19.85,19.89,19.94,19.83,19.90,20.09
216720,995.54,1010.32,1027.68,1018.52,1005.52,1011.74,1002.88,1005.60,19.87,20.16,19.85,19.90,19.95,19.83,19.89,20.08
216840,995.30,1010.50,1027.62,1018.50,1005.20,1011.40,1002.78,1005.32,19.84,20.13,19.83,19.88,19.93,19.81,19.88,20.06
216960,995.36,1010.14,1027.76,1018.34,1005.28,1011.38,1002.82,1005.46,19.82,20.11,19.81,19.86,19.90,19.79,19.86,20.05
217080,995.24,1010.32,1027.76,1018.58,1005.16,1011.38,1002.78,1005.32,19.84,20.12,19.82,19.87,19.91,19.80,19.87,20.06
217200,995.26,1010.18,1027.70,1018.56,1005.10,1011.58,1002.82,1005.66,19.86,20.14,19.84,19.88,19.93,19.81,19.88,20.08
217320,995.30,1010.26,1027.80,1018.58,1005.12,1011.56,1002.70,1005.74,19.86,20.15,19.84,19.88,19.93,19.81,19.88,20.08
217440,995.40,1010.30,1027.82,1018.58,1005.22,1011.64,1002.76,1005.56,19.85,20.14,19.83,19.88,19.92,19.81,19.88,20.08
217560,995.44,1010.00,1027.78,1018.60,1005.18,1011.58,1002.84,1005.48,19.85,20.14,19.83,19.88,19.93,19.82,19.88,20.07
217680,995.38,1010.10,1027.84,1018.56,1005.28,1011.54,1002.76,1005.52,19.86,20.15,19.84,19.89,19.94,19.83,19.89,20.08
217800,995.40,1010.14,1027.76,1018.68,1005.24,1011.38,1002.80,1005.52,19.87,20.16,19.85,19.90,19.95,19.83,19.90,20.09
217920,995.58,1010.26,1027.66,1018.52,1005.30,1011.20,1002.76,1005.52,19.88,20.17,19.86,19.91,19.96,19.84,19.91,20.11
218040,995.54,1010.24,1027.74,1018.58,1004.88,1011.44,1002.64,1005.40,19.88,20.16,19.85,19.91,19.95,19.84,19.90,20.10
218160,995.44,1010.10,1027.72,1018.58,1005.00,1011.40,1002.58,1005.46,19.87,20.16,19.85,19.90,19.95,19.83,19.90,20.10
218280,995.24,1010.10,1027.56,1018.56,1005.04,1011.58,1002.70,1005.60,19.87,20.16,19.85,19.90,19.95,19.84,19.90,20.09
218400,995.42,1010.08,1027.66,1018.64,1005.20,1011.48,1002.66,1005.46,19.88,20.16,19.85,19.90,19.95,19.83,19.90,20.10
218520,995.52,1010.04,1027.68,1018.60,1004.88,1011.54,1002.72,1005.60,19.88,20.17,19.86,19.91,19.96,19.84,19.90,20.10
218640,995.46,1009.96,1027.68,1018.64,1004.98,1011.52,1002.64,1005.48,19.88,20.17,19.86,19.91,19.96,19.84,19.91,20.10
218760,995.50,1010.12,1027.60,1018.30,1005.12,1011.28,1002.60,1005.52,19.88,20.17,19.86,19.91,19.96,19.84,19.90,20.10
218880,995.40,1010.02,1027.62,1018.36,1005.00,1011.24,1002.70,1005.66,19.88,20.17,19.86,19.90,19.95,19.84,19.90,20.09
219000,995.52,1010.00,1027.64,1018.52,1004.82,1011.26,1002.66,1005.68,19.87,20.16,19.85,19.89,19.94,19.83,19.90,20.09
219120,995.48,1009.98,1027.58,1018.44,1004.84,1011.12,1002.62,1005.46,19.86,20.15,19.84,19.88,19.92,19.81,19.88,20.07
219240,995.42,1010.04,1027.58,1018.42,1004.90,1011.22,1002.58,1005.52,19.85,20.14,19.83,19.87,19.92,19.80,19.86,20.06
219360,995.46,1009.96,1027.56,1018.42,1004.62,1011.22,1002.52,1005.60,19.85,20.14,19.83,19.87,19.92,19.80,19.87,20.06
219480,995.42,1009.96,1027.48,1018.34,1004.58,1011.24,1002.40,1005.58,19.85,20.13,19.82,19.87,19.92,19.80,19.86,20.06
219600,995.30,1010.04,1027.52,1018.42,1004.66,1011.14,1002.48,1005.90,19.85,20.14,19.83,19.87,19.92,19.81,19.87,20.07
219720,995.28,1009.90,1027.46,1018.56,1004.50,1011.14,1002.48,1005.58,19.85,20.14,19.83,19.87,19.92,19.81,19.88,20.07
219840,995.24,1009.88,1027.48,1018.44,1004.50,1011.24,1002.62,1005.82,19.85,20.14,19.83,19.87,19.92,19.82,19.88,20.06
219960,995.32,1009.98,1027.44,1018.50,1004.38,1011.04,1002.36,1005.42,19.85,20.14,19.83,19.87,19.93,19.81,19.88,20.06
220080,995.28,1009.88,1027.30,1018.36,1004.40,1010.82,1002.22,1005.58,19.85,20.13,19.83,19.87,19.92,19.82,19.88,20.06
220200,995.28,1009.76,1027.46,1018.36,1004.44,1010.80,1002.18,1005.62,19.84,20.12,19.82,19.87,19.92,19.81,19.87,20.06
220320,995.28,1009.80,1027.52,1018.26,1004.34,1010.92,1002.22,1005.44,19.81,20.10,19.80,19.84,19.90,19.79,19.84,20.02
220440,995.10,1009.68,1027.36,1018.22,1004.28,1010.60,1002.14,1005.54,19.78,20.07,19.77,19.83,19.87,19.76,19.81,20.00
220560,995.12,1009.64,1027.40,1018.16,1004.10,1010.64,1002.00,1005.36,19.78,20.07,19.76,19.82,19.86,19.74,19.80,19.99
220680,995.06,1009.60,1027.48,1018.18,1004.00,1010.62,1001.96,1005.34,19.78,20.07,19.76,19.81,19.85,19.74,19.80,19.99
220800,995.08,1009.46,1027.24,1018.08,1003.96,1010.62,1001.92,1005.34,19.77,20.07,19.76,19.81,19.85,19.74,19.79,19.98
220920,995.08,1009.52,1027.28,1018.02,1004.00,1010.52,1001.92,1005.28,19.74,20.05,19.74,19.80,19.84,19.73,19.78,19.96
221040,995.16,1009.54,1027.40,1018.16,1003.88,1010.50,1001.94,1005.32,19.73,20.03,19.72,19.78,19.82,19.70,19.76,19.95
221160,995.14,1009.48,1027.26,1018.22,1003.80,1010.58,1002.00,1005.38,19.73,20.03,19.73,19.77,19.81,19.70,19.76,19.95
221280,995.12,1009.46,1027.32,1018.02,1003.86,1010.58,1001.86,1005.50,19.74,20.04,19.74,19.78,19.82,19.70,19.76,19.96
221400,995.02,1009.52,1027.16,1018.04,1003.74,1010.60,1001.94,1005.50,19.74,20.03,19.73,19.77,19.81,19.69,19.76,19.95
221520,994.96,1009.46,1027.18,1017.98,1003.94,1010.68,1001.90,1005.50,19.73,20.03,19.73,19.77,19.81,19.69,19.75,19.94
221640,995.10,1009.58,1027.34,1017.94,1003.68,1010.64,1001.86,1005.42,19.75,20.04,19.74,19.78,19.83,19.71,19.77,19.97
221760,995.08,1009.52,1027.26,1017.92,1003.58,1010.70,1001.78,1005.48,19.76,20.05,19.74,19.79,19.83,19.71,19.78,19.99
221880,995.18,1009.46,1027.12,1018.00,1003.62,1010.72,1001.74,1005.50,19.75,20.05,19.74,19.79,19.83,19.72,19.78,19.98
222000,995.08,1009.16,1027.18,1017.92,1003.76,1010.60,1001.64,1005.48,19.75,20.04,19.73,19.79,19.83,19.72,19.78,19.97
222120,995.06,1009.30,1027.20,1017.88,1003.50,1010.66,1001.84,1005.56,19.76,20.05,19.75,19.80,19.85,19.73,19.79,19.99
222240,994.96,1009.30,1027.26,1017.96,1003.50,1010.54,1001.98,1005.68,19.75,20.05,19.74,19.79,19.84,19.73,19.78,19.98
222360,995.08,1009.26,1027.12,1017.90,1003.54,1010.58,1001.82,1005.80,19.74,20.04,19.73,19.78,19.83,19.72,19.78,19.97
222480,995.02,1009.20,1027.18,1017.90,1003.58,1010.40,1001.96,1005.52,19.73,20.03,19.72,19.77,19.82,19.71,19.77,19.96
222600,995.06,1009.20,1027.10,1017.78,1003.58,1010.30,1001.84,1005.66,19.75,20.04,19.74,19.78,19.83,19.72,19.77,19.98
222720,994.92,1009.28,1027.14,1017.72,1003.50,1010.34,1001.74,1005.66,19.77,20.06,19.75,19.79,19.84,19.73,19.79,19.99
222840,995.00,1009.18,1027.26,1017.82,1003.50,1010.52,1001.78,1005.78,19.80,20.08,19.77,19.81,19.87,19.76,19.82,20.02
222960,994.98,1009.14,1027.28,1017.78,1003.34,1010.54,1001.76,1005.72,19.81,20.10,19.79,19.83,19.89,19.78,19.84,20.04
223080,995.02,1009.06,1027.22,1017.86,1003.40,1010.58,1001.50,1005.64,19.82,20.10,19.79,19.83,19.89,19.78,19.84,20.03
223200,995.30,1009.06,1027.18,1017.86,1003.38,1010.70,1001.78,1005.66,19.81,20.10,19.79,19.83,19.88,19.77,19.84,20.03
223320,995.12,1009.08,1027.24,1017.84,1003.34,1010.58,1001.80,1005.70,19.81,20.11,19.79,19.83,19.89,19.77,19.84,20.03
223440,995.08,1009.16,1027.16,1017.80,1003.36,1010.62,1001.80,1005.70,19.84,20.13,19.81,19.85,19.91,19.79,19.85,20.05
223560,995.08,1009.24,1027.22,1017.82,1003.50,1010.64,1001.80,1005.68,19.85,20.14,19.82,19.86,19.92,19.80,19.87,20.07
223680,995.22,1009.28,1027.36,1017.86,1003.38,1010.74,1001.68,1005.74,19.85,20.14,19.82,19.87,19.92,19.81,19.87,20.07
223800,995.18,1009.24,1027.36,1017.88,1003.26,1010.72,1001.68,1005.84,19.86,20.15,19.83,19.87,19.92,19.81,19.88,20.08
223920,995.20,1009.28,1027.34,1017.90,1003.42,1010.70,1001.70,1005.84,19.88,20.16,19.84,19.88,19.94,19.82,19.89,20.10
224040,995.44,1009.30,1027.26,1017.82,1003.38,1010.74,1001.78,1005.90,19.90,20.18,19.87,19.91,19.96,19.85,19.91,20.12
224160,995.28,1009.34,1027.24,1017.78,1003.30,1010.74,1001.64,1005.94,19.93,20.20,19.89,19.93,19.98,19.87,19.94,20.14
224280,995.44,1009.48,1027.28,1017.86,1003.16,1010.82,1001.60,1006.10,19.95,20.23,19.91,19.95,20.00,19.88,19.96,20.17
224400,995.58,1009.38,1027.26,1017.80,1003.24,1010.78,1001.66,1006.14,19.97,20.25,19.92,19.96,20.01,19.91,19.98,20.20
224520,995.60,1009.30,1027.30,1017.80,1003.26,1010.78,1001.60,1006.00,19.98,20.26,19.94,19.98,20.03,19.92,20.00,20.21
224640,995.58,1009.36,1027.28,1017.88,1003.22,1010.90,1001.46,1006.02,20.00,20.28,19.96,19.99,20.04,19.94,20.00,20.23
224760,995.74,1009.50,1027.32,1018.20,1003.40,1010.98,1001.60,1006.40,20.01,20.30,19.97,20.00,20.06,19.95,20.01,20.24
224880,995.68,1009.48,1027.34,1018.12,1003.54,1010.88,1001.54,1006.28,20.02,20.31,19.98,20.01,20.07,19.96,20.03,20.25
225000,995.64,1009.36,1027.28,1018.06,1003.34,1010.92,1001.66,1006.40,20.02,20.31,19.98,20.01,20.07,19.97,20.03,20.25
225120,995.88,1009.36,1027.32,1018.16,1003.36,1010.90,1001.62,1006.26,20.03,20.32,19.99,20.02,20.07,19.97,20.03,20.26
225240,995.78,1009.32,1027.28,1018.16,1003.06,1010.86,1001.58,1006.26,20.03,20.32,20.00,20.02,20.08,19.97,20.04,20.26
225360,995.78,1009.40,1027.28,1018.12,1003.08,1010.84,1001.58,1006.42,20.03,20.33,20.00,20.02,20.08,19.98,20.04,20.26
225480,995.96,1009.54,1027.36,1018.18,1003.18,1011.04,1001.68,1006.52,20.03,20.33,20.00,20.03,20.09,19.98,20.04,20.27
225600,996.02,1009.32,1027.54,1018.08,1003.44,1011.08,1001.74,1006.38,20.05,20.34,20.01,20.04,20.10,20.00,20.06,20.28
225720,995.88,1009.36,1027.36,1018.02,1003.42,1011.12,1001.68,1006.40,20.06,20.35,20.02,20.05,20.11,20.00,20.07,20.29
225840,996.00,1009.38,1027.46,1017.98,1003.16,1011.08,1001.76,1006.46,20.06,20.35,20.02,20.05,20.11,20.00,20.07,20.29
225960,995.96,1009.30,1027.32,1018.14,1003.20,1010.96,1001.70,1006.56,20.06,20.35,20.02,20.05,20.12,20.00,20.08,20.30
226080,995.96,1009.42,1027.40,1017.94,1003.20,1010.96,1001.74,1006.58,20.07,20.36,20.02,20.06,20.12,20.01,20.08,20.30
226200,995.98,1009.36,1027.28,1018.00,1003.20,1011.10,1001.84,1006.54,20.07,20.36,20.03,20.06,20.12,20.01,20.09,20.31
226320,996.04,1009.26,1027.50,1018.08,1003.22,1010.74,1001.82,1006.50,20.07,20.36,20.03,20.06,20.12,20.00,20.08,20.31
226440,996.06,1009.14,1027.44,1018.26,1003.24,1010.90,1001.72,1006.48,20.07,20.36,20.02,20.05,20.11,20.00,20.07,20.30
226560,995.98,1009.24,1027.42,1018.16,1003.14,1010.90,1001.68,1006.60,20.03,20.32,20.00,20.03,20.09,19.99,20.05,20.27
226680,995.92,1009.28,1027.36,1017.96,1003.00,1010.62,1001.56,1006.62,20.01,20.31,19.99,20.01,20.07,19.97,20.03,20.25
226800,996.26,1009.20,1027.20,1017.96,1003.00,1010.64,1001.52,1006.62,20.02,20.31,19.99,20.01,20.07,19.97,20.03,20.25
226920,996.26,1009.22,1027.36,1018.04,1003.02,1010.62,1001.60,1006.58,20.03,20.32,20.00,20.02,20.08,19.98,20.04,20.26
227040,996.10,1009.24,1027.48,1017.90,1003.00,1010.72,1001.34,1006.60,20.01,20.30,19.97,20.01,20.06,19.96,20.03,20.24
227160,995.98,1009.22,1027.46,1018.04,1003.06,1010.42,1001.28,1006.58,19.98,20.27,19.95,19.99,20.04,19.93,20.00,20.20
227280,995.80,1009.24,1027.24,1018.08,1003.00,1010.44,1001.38,1006.58,19.97,20.26,19.94,19.98,20.03,19.92,20.00,20.20
227400,995.96,1009.34,1027.30,1017.90,1002.70,1010.42,1001.48,1006.68,19.98,20.27,19.95,19.98,20.03,19.93,20.00,20.20
227520,996.06,1009.16,1027.28,1018.02,1002.76,1010.38,1001.28,1006.54,19.97,20.26,19.94,19.97,20.02,19.91,19.99,20.19
227640,995.96,1009.18,1027.20,1018.04,1002.66,1010.44,1001.26,1006.46,19.96,20.26,19.94,19.96,20.02,19.91,19.99,20.18
227760,995.90,1009.26,1027.28,1017.84,1002.66,1010.38,1001.22,1006.34,19.97,20.26,19.94,19.97,20.03,19.92,19.99,20.19
227880,995.94,1009.28,1027.26,1017.94,1002.66,1010.38,1001.16,1006.42,19.97,20.27,19.95,19.98,20.03,19.92,19.99,20.19
228000,995.94,1009.20,1027.22,1017.82,1002.66,1010.34,1001.10,1006.20,19.96,20.25,19.93,19.97,20.02,19.91,19.98,20.18
228120,995.78,1009.10,1027.34,1017.82,1002.60,1010.46,1001.00,1006.46,19.95,20.25,19.93,19.97,20.02,19.91,19.99,20.17
228240,995.92,1009.00,1027.28,1017.84,1002.48,1010.58,1001.28,1006.66,19.97,20.26,19.94,19.98,20.04,19.93,20.00,20.20
228360,995.86,1009.12,1027.30,1017.80,1002.44,1010.44,1001.18,1006.84,19.98,20.27,19.95,19.99,20.04,19.93,20.00,20.21
228480,995.88,1009.12,1027.26,1017.82,1002.26,1010.50,1001.22,1006.68,19.97,20.26,19.95,19.98,20.04,19.92,19.99,20.20
228600,996.00,1009.00,1027.20,1017.86,1002.30,1010.28,1001.14,1006.62,19.96,20.25,19.94,19.97,20.02,19.91,19.98,20.19
228720,995.94,1009.22,1027.12,1017.88,1002.44,1010.18,1001.14,1006.66,19.96,20.25,19.93,19.97,20.02,19.91,19.98,20.18
228840,995.88,1008.92,1027.16,1017.88,1002.14,1010.28,1001.08,1006.66,19.94,20.24,19.93,19.96,20.02,19.91,19.98,20.17
228960,995.98,1008.84,1027.18,1017.84,1002.12,1010.16,1001.06,1006.56,19.92,20.22,19.91,19.95,20.01,19.89,19.96,20.15
229080,995.90,1008.80,1027.12,1017.82,1002.10,1010.26,1001.08,1006.72,19.93,20.23,19.91,19.95,20.00,19.89,19.96,20.16
229200,995.96,1008.78,1027.18,1017.78,1001.92,1010.30,1001.04,1006.84,19.94,20.24,19.93,19.96,20.01,19.90,19.97,20.17
229320,995.78,1008.78,1027.18,1017.74,1002.10,1010.02,1000.92,1006.78,19.94,20.24,19.93,19.97,20.01,19.90,19.97,20.17
229440,995.94,1008.84,1027.20,1017.82,1002.16,1010.22,1001.06,1006.82,19.94,20.24,19.93,19.97,20.02,19.90,19.97,20.17
229560,995.94,1008.94,1027.04,1017.80,1002.14,1010.28,1001.10,1006.80,19.97,20.27,19.96,19.99,20.05,19.92,19.99,20.19
229680,995.96,1008.92,1027.24,1017.86,1002.10,1010.50,1000.98,1006.88,19.99,20.29,19.98,20.01,20.06,19.95,20.00,20.22
229800,996.18,1008.88,1027.32,1017.94,1002.18,1010.58,1000.92,1006.92,20.00,20.30,19.98,20.01,20.07,19.96,20.01,20.23
229920,996.12,1009.04,1027.32,1017.86,1002.12,1010.46,1000.96,1006.80,19.99,20.29,19.98,20.01,20.07,19.96,20.01,20.22
230040,996.04,1008.70,1027.22,1017.76,1002.14,1010.46,1000.92,1007.14,19.99,20.29,19.98,20.01,20.07,19.94,20.00,20.21
230160,995.96,1008.78,1027.34,1017.84,1002.08,1010.24,1001.02,1007.06,20.01,20.32,19.99,20.03,20.09,19.96,20.02,20.25
230280,996.44,1008.80,1027.18,1017.94,1002.00,1010.70,1001.06,1007.32,20.05,20.35,20.02,20.05,20.12,20.00,20.05,20.29
230400,996.34,1008.82,1027.28,1017.92,1002.12,1010.68,1001.08,1007.30,20.05,20.36,20.03,20.06,20.13,20.00,20.06,20.29
230520,996.28,1008.74,1027.22,1017.90,1001.96,1010.62,1000.96,1007.38,20.03,20.34,20.02,20.05,20.12,19.99,20.05,20.27
230640,996.30,1008.74,1027.14,1017.84,1001.96,1010.58,1000.94,1007.52,20.02,20.33,20.01,20.04,20.10,19.98,20.04,20.25
230760,996.54,1008.78,1027.28,1017.78,1001.98,1010.54,1000.90,1007.48,20.04,20.35,20.02,20.05,20.11,19.99,20.05,20.28
230880,996.40,1008.66,1027.42,1017.98,1001.88,1010.64,1001.02,1007.58,20.05,20.36,20.04,20.07,20.13,20.00,20.07,20.30
231000,996.46,1008.66,1027.28,1017.96,1002.02,1010.60,1001.02,1007.52,20.05,20.36,20.04,20.08,20.14,20.00,20.07,20.29
231120,996.46,1008.76,1027.34,1017.98,1001.74,1010.76,1001.14,1007.40,20.05,20.36,20.05,20.08,20.15,20.01,20.08,20.29
231240,996.58,1008.80,1027.46,1018.00,1002.06,1010.74,1001.10,1007.54,20.07,20.38,20.07,20.10,20.17,20.03,20.10,20.32
231360,996.62,1008.84,1027.50,1018.02,1001.94,1010.84,1001.04,1007.64,20.11,20.41,20.10,20.13,20.20,20.06,20.13,20.36
231480,996.76,1008.94,1027.44,1018.04,1001.84,1010.98,1001.04,1007.74,20.11,20.42,20.11,20.14,20.21,20.06,20.14,20.37
231600,996.62,1008.78,1027.56,1018.00,1001.98,1011.00,1001.14,1007.68,20.10,20.42,20.11,20.14,20.21,20.06,20.14,20.36
231720,996.62,1008.84,1027.66,1018.08,1002.02,1011.04,1001.20,1007.86,20.12,20.44,20.12,20.15,20.22,20.08,20.15,20.38
231840,996.64,1008.78,1027.66,1018.12,1002.06,1010.94,1001.20,1007.84,20.14,20.46,20.14,20.17,20.25,20.10,20.18,20.41
231960,996.80,1008.84,1027.62,1018.18,1002.16,1011.00,1001.16,1007.94,20.16,20.47,20.15,20.19,20.26,20.11,20.19,20.42
232080,996.86,1008.98,1027.58,1018.06,1001.96,1011.18,1001.28,1008.08,20.17,20.48,20.16,20.19,20.27,20.12,20.19,20.42
232200,996.94,1009.02,1027.60,1018.16,1001.94,1011.26,1001.28,1008.10,20.17,20.48,20.17,20.20,20.27,20.12,20.19,20.42
232320,997.08,1009.14,1027.64,1018.12,1001.96,1011.40,1001.22,1007.98,20.21,20.51,20.19,20.22,20.31,20.15,20.22,20.46
232440,997.16,1009.06,1027.62,1018.26,1001.98,1011.38,1001.26,1008.02,20.24,20.55,20.23,20.26,20.35,20.18,20.26,20.50
232560,997.22,1009.18,1027.78,1018.60,1001.90,1011.72,1001.18,1008.10,20.26,20.57,20.25,20.28,20.40,20.21,20.29,20.52
232680,997.38,1009.22,1027.78,1018.62,1001.98,1011.72,1001.40,1008.32,20.27,20.59,20.27,20.29,20.43,20.23,20.31,20.54
232800,997.56,1009.28,1027.66,1018.44,1002.06,1011.80,1001.38,1008.32,20.29,20.61,20.29,20.31,20.45,20.26,20.35,20.58
232920,997.36,1009.26,1027.72,1018.58,1002.12,1011.78,1001.36,1008.36,20.30,20.61,20.30,20.32,20.48,20.28,20.37,20.62
233040,997.36,1009.16,1027.94,1018.54,1002.08,1011.72,1001.34,1008.56,20.30,20.62,20.31,20.33,20.49,20.30,20.39,20.64
233160,997.40,1009.32,1027.86,1018.34,1002.22,1011.90,1001.46,1008.66,20.34,20.65,20.33,20.36,20.50,20.31,20.41,20.67
233280,997.56,1009.46,1027.92,1018.58,1002.24,1012.08,1001.44,1008.84,20.41,20.71,20.40,20.41,20.53,20.35,20.46,20.73
233400,997.62,1009.44,1027.90,1018.74,1002.34,1012.16,1001.44,1008.78,20.48,20.79,20.46,20.45,20.56,20.40,20.51,20.80
233520,997.72,1009.60,1028.16,1018.72,1002.42,1012.36,1001.46,1008.80,20.51,20.83,20.48,20.48,20.58,20.41,20.53,20.82
233640,997.84,1009.66,1028.20,1018.78,1002.44,1012.32,1001.64,1008.94,20.54,20.84,20.50,20.50,20.60,20.44,20.55,20.84
233760,998.06,1009.64,1028.28,1018.92,1002.54,1012.42,1001.70,1008.98,20.58,20.86,20.53,20.54,20.63,20.48,20.59,20.86
233880,998.20,1010.08,1028.20,1018.98,1002.54,1012.46,1001.80,1009.22,20.61,20.90,20.57,20.58,20.67,20.51,20.62,20.89
234000,998.36,1010.06,1028.28,1019.16,1002.46,1012.70,1001.92,1009.32,20.63,20.92,20.59,20.60,20.70,20.55,20.64,20.90
234120,998.36,1010.10,1028.44,1019.26,1002.44,1012.98,1001.92,1009.28,20.63,20.93,20.61,20.63,20.72,20.57,20.65,20.91
234240,998.64,1010.08,1028.50,1019.22,1002.58,1012.74,1002.02,1009.50,20.64,20.94,20.62,20.64,20.73,20.58,20.66,20.91
234360,998.72,1009.90,1028.82,1019.34,1002.70,1012.84,1001.96,1009.70,20.65,20.95,20.64,20.66,20.75,20.60,20.67,20.91
234480,998.92,1010.02,1028.60,1019.34,1002.90,1013.12,1002.12,1009.68,20.66,20.97,20.66,20.68,20.77,20.62,20.70,20.93
234600,998.90,1010.08,1028.66,1019.44,1002.86,1013.00,1002.24,1009.70,20.68,20.99,20.68,20.70,20.80,20.64,20.72,20.95
234720,998.86,1010.04,1028.90,1019.40,1002.76,1012.98,1002.22,1009.88,20.68,21.00,20.69,20.71,20.80,20.65,20.73,20.96
234840,998.92,1010.12,1029.08,1019.36,1002.72,1013.30,1002.36,1009.86,20.70,21.02,20.71,20.72,20.82,20.67,20.75,20.98
234960,998.94,1010.12,1028.90,1019.48,1002.72,1013.28,1002.46,1009.96,20.72,21.03,20.71,20.73,20.83,20.68,20.76,20.99
235080,999.04,1010.30,1028.88,1019.66,1002.64,1013.32,1002.50,1010.00,20.74,21.06,20.74,20.76,20.85,20.71,20.79,21.02
235200,999.10,1010.34,1029.00,1019.74,1002.82,1013.28,1002.58,1010.04,20.75,21.07,20.75,20.77,20.87,20.71,20.80,21.03
235320,999.12,1010.28,1029.02,1019.92,1002.96,1013.38,1002.44,1010.26,20.76,21.08,20.76,20.78,20.88,20.72,20.81,21.04
235440,999.28,1010.54,1029.02,1019.96,1003.06,1013.44,1002.46,1010.34,20.77,21.09,20.77,20.79,20.88,20.73,20.81,21.04
235560,999.42,1010.72,1028.98,1019.94,1003.02,1013.64,1002.44,1010.36,20.80,21.12,20.80,20.82,20.91,20.76,20.85,21.07
235680,999.66,1010.62,1029.40,1019.96,1003.04,1013.60,1002.52,1010.42,20.83,21.15,20.83,20.86,20.95,20.79,20.87,21.10
235800,999.66,1010.68,1029.54,1020.10,1003.06,1013.82,1002.42,1010.56,20.86,21.17,20.85,20.87,20.97,20.81,20.90,21.13
235920,999.64,1010.56,1029.38,1020.20,1003.08,1013.72,1002.60,1010.46,20.85,21.16,20.85,20.86,20.96,20.81,20.90,21.13
236040,999.64,1010.48,1029.50,1020.22,1003.20,1013.72,1002.56,1010.62,20.82,21.14,20.83,20.84,20.95,20.80,20.88,21.10
236160,999.70,1010.52,1029.46,1020.28,1003.20,1013.70,1002.58,1010.62,20.80,21.12,20.82,20.84,20.94,20.79,20.86,21.08
236280,999.80,1010.68,1029.56,1020.28,1003.16,1013.70,1002.64,1010.60,20.80,21.13,20.83,20.85,20.95,20.80,20.87,21.07
236400,999.86,1010.64,1029.38,1020.20,1003.28,1013.56,1002.74,1010.64,20.80,21.13,20.83,20.86,20.95,20.80,20.86,21.07
236520,999.90,1010.66,1029.44,1020.28,1003.24,1013.70,1002.68,1010.64,20.82,21.15,20.85,20.88,20.97,20.82,20.88,21.09
236640,999.92,1010.74,1029.50,1020.26,1003.44,1014.04,1002.82,1010.72,20.84,21.18,20.88,20.90,21.00,20.84,20.91,21.12
236760,1000.04,1010.84,1029.48,1020.24,1003.46,1014.06,1002.86,1010.86,20.86,21.20,20.91,20.92,21.02,20.87,20.92,21.14
236880,1000.04,1010.72,1029.56,1020.42,1003.34,1014.16,1002.80,1011.10,20.88,21.21,20.91,20.94,21.03,20.89,20.94,21.15
237000,1000.04,1010.68,1029.74,1020.42,1003.46,1014.14,1002.92,1011.02,20.88,21.21,20.91,20.93,21.04,20.89,20.95,21.15
237120,1000.04,1010.68,1029.68,1020.36,1003.46,1014.30,1002.98,1011.18,20.89,21.22,20.92,20.94,21.04,20.90,20.96,21.16
237240,1000.16,1010.88,1030.02,1020.32,1003.46,1014.16,1002.90,1011.06,20.89,21.22,20.92,20.95,21.05,20.90,20.96,21.16
237360,1000.14,1010.80,1029.86,1020.56,1003.40,1014.14,1003.14,1011.16,20.89,21.22,20.92,20.95,21.05,20.91,20.97,21.17
237480,1000.28,1010.94,1030.00,1020.52,1003.30,1014.02,1003.24,1011.22,20.89,21.22,20.92,20.95,21.05,20.91,20.97,21.17
237600,1000.32,1011.20,1029.94,1020.68,1003.44,1014.22,1003.32,1011.32,20.91,21.23,20.93,20.95,21.06,20.91,20.98,21.18
237720,1000.32,1010.94,1030.00,1020.80,1003.44,1014.10,1003.08,1011.36,20.92,21.24,20.94,20.96,21.06,20.92,20.99,21.19
237840,1000.44,1011.12,1029.96,1020.84,1003.48,1014.22,1003.32,1011.28,20.93,21.26,20.96,20.98,21.07,20.94,21.01,21.21
237960,1000.48,1011.18,1029.84,1020.76,1003.40,1014.28,1003.22,1011.44,20.92,21.26,20.96,20.98,21.08,20.94,21.02,21.21
238080,1000.44,1011.18,1029.88,1020.68,1003.24,1014.10,1003.18,1011.44,20.93,21.27,20.96,20.98,21.08,20.93,21.01,21.22
238200,1000.58,1010.90,1029.98,1020.86,1003.40,1014.10,1003.22,1011.46,20.93,21.27,20.96,20.98,21.07,20.92,21.00,21.22
238320,1000.66,1011.06,1029.96,1020.84,1003.34,1014.04,1003.30,1011.66,20.93,21.27,20.96,20.98,21.07,20.92,21.00,21.21
238440,1000.50,1010.90,1030.06,1020.82,1003.38,1014.12,1003.12,1011.54,20.91,21.25,20.95,20.97,21.06,20.91,21.00,21.20
238560,1000.52,1010.90,1030.14,1020.96,1003.26,1014.12,1003.04,1011.62,20.89,21.23,20.92,20.95,21.04,20.91,20.98,21.17
238680,1000.46,1010.92,1030.08,1020.84,1003.22,1014.18,1003.08,1011.56,20.88,21.21,20.91,20.95,21.04,20.90,20.97,21.16
238800,1000.58,1011.04,1030.14,1020.88,1003.16,1014.22,1003.04,1011.58,20.89,21.22,20.93,20.96,21.04,20.91,20.98,21.17
238920,1000.64,1011.06,1030.20,1020.92,1003.24,1014.30,1003.02,1011.68,20.91,21.25,20.95,20.98,21.06,20.91,21.00,21.20
239040,1000.66,1011.04,1030.28,1021.16,1003.24,1014.28,1002.94,1011.66,20.92,21.26,20.97,21.00,21.08,20.94,21.02,21.21
239160,1000.74,1011.24,1030.14,1021.10,1003.24,1014.12,1003.06,1011.74,20.92,21.27,20.97,20.99,21.07,20.93,21.02,21.21
239280,1000.78,1011.24,1030.02,1021.14,1003.24,1014.08,1003.08,1011.80,20.92,21.27,20.97,20.99,21.07,20.94,21.02,21.21
239400,1000.80,1011.06,1030.28,1021.04,1003.32,1014.34,1003.02,1011.76,20.93,21.27,20.97,20.99,21.07,20.93,21.02,21.21
239520,1000.68,1011.04,1030.18,1021.02,1003.24,1014.30,1003.16,1011.82,20.93,21.27,20.97,21.00,21.08,20.93,21.02,21.22
239640,1000.76,1011.18,1030.32,1021.16,1003.32,1014.30,1003.24,1011.96,20.95,21.29,20.98,21.01,21.09,20.94,21.03,21.23
239760,1000.70,1011.28,1030.30,1021.18,1003.38,1014.44,1003.12,1011.86,20.95,21.29,20.99,21.02,21.10,20.95,21.03,21.23
239880,1000.76,1011.08,1030.30,1021.14,1003.16,1014.32,1003.12,1011.82,20.95,21.29,20.99,21.02,21.10,20.95,21.03,21.23
240000,1000.90,1011.10,1030.28,1021.16,1003.18,1014.42,1003.22,1011.86,20.93,21.26,20.96,20.99,21.08,20.94,21.00,21.20
240120,1001.00,1011.06,1030.30,1021.12,1003.22,1014.42,1003.08,1012.02,20.92,21.26,20.96,20.99,21.08,20.94,20.99,21.18
240240,1000.90,1011.22,1030.24,1021.20,1003.22,1014.50,1003.14,1012.04,20.90,21.24,20.95,20.98,21.07,20.93,20.98,21.16
240360,1000.82,1011.14,1030.36,1021.02,1003.00,1014.40,1003.08,1011.82,20.88,21.22,20.93,20.97,21.05,20.92,20.97,21.14
240480,1000.80,1010.98,1030.30,1020.94,1002.96,1014.14,1002.92,1011.86,20.86,21.20,20.90,20.94,21.02,20.90,20.94,21.10
240600,1000.80,1011.06,1030.40,1020.92,1002.86,1014.10,1003.18,1011.92,20.84,21.18,20.89,20.93,21.03,20.89,20.92,21.09
240720,1000.90,1010.86,1030.30,1020.98,1002.82,1014.22,1003.00,1011.84,20.86,21.20,20.91,20.93,21.03,20.90,20.93,21.11
240840,1000.80,1010.88,1030.20,1020.88,1002.84,1014.12,1003.00,1011.92,20.86,21.20,20.90,20.93,21.03,20.89,20.93,21.12
240960,1000.78,1010.94,1030.20,1020.88,1002.76,1014.16,1003.00,1011.88,20.85,21.19,20.88,20.92,21.01,20.89,20.93,21.10
241080,1000.70,1010.80,1030.38,1020.94,1002.90,1014.16,1003.08,1011.84,20.85,21.19,20.89,20.93,21.02,20.90,20.94,21.11
241200,1000.82,1010.78,1030.40,1020.80,1002.70,1014.08,1003.02,1011.98,20.86,21.19,20.90,20.93,21.03,20.91,20.94,21.12
241320,1000.84,1010.86,1030.40,1021.18,1002.80,1014.04,1002.98,1011.86,20.86,21.20,20.90,20.94,21.03,20.90,20.94,21.12
241440,1000.92,1010.80,1030.50,1020.96,1002.76,1013.96,1002.96,1011.78,20.85,21.19,20.89,20.94,21.01,20.89,20.93,21.12
241560,1000.80,1010.90,1030.32,1020.98,1002.68,1013.78,1003.00,1011.72,20.85,21.19,20.90,20.93,21.00,20.89,20.92,21.11
241680,1000.88,1010.98,1030.28,1020.90,1002.76,1013.80,1002.88,1011.80,20.84,21.18,20.89,20.93,20.99,20.87,20.91,21.10
241800,1000.80,1010.78,1030.34,1020.92,1002.50,1014.10,1002.88,1011.78,20.85,21.19,20.90,20.94,21.01,20.88,20.92,21.12
241920,1000.78,1010.76,1030.42,1021.02,1002.54,1014.24,1002.86,1011.76,20.85,21.18,20.88,20.93,21.00,20.89,20.92,21.11
242040,1000.88,1010.74,1030.22,1021.06,1002.60,1013.92,1002.90,1012.10,20.85,21.18,20.89,20.93,21.00,20.89,20.92,21.12
242160,1000.66,1010.86,1030.18,1020.82,1002.48,1013.86,1002.98,1012.00,20.83,21.16,20.87,20.92,20.99,20.88,20.91,21.10
242280,1000.58,1010.86,1030.22,1020.92,1002.48,1014.02,1003.00,1012.02,20.80,21.14,20.84,20.90,20.98,20.86,20.89,21.07
242400,1000.58,1010.78,1030.32,1020.74,1002.46,1013.82,1002.78,1012.02,20.77,21.11,20.81,20.88,20.96,20.84,20.87,21.04
242520,1000.60,1010.70,1030.08,1020.70,1002.30,1013.76,1002.88,1012.04,20.76,21.11,20.82,20.87,20.95,20.84,20.86,21.03
242640,1000.54,1010.72,1030.14,1020.70,1002.38,1013.80,1002.74,1012.00,20.75,21.10,20.81,20.85,20.96,20.83,20.85,21.02
242760,1000.66,1010.68,1030.08,1020.88,1002.40,1013.90,1002.74,1011.98,20.75,21.09,20.80,20.85,20.97,20.84,20.85,21.02
242880,1000.60,1010.54,1029.92,1020.78,1002.14,1013.62,1002.74,1012.00,20.75,21.09,20.80,20.85,20.97,20.83,20.85,21.02
243000,1000.66,1010.50,1030.08,1020.72,1002.16,1013.70,1002.88,1011.68,20.76,21.10,20.81,20.86,20.98,20.84,20.85,21.03
243120,1000.68,1010.60,1030.04,1020.68,1002.14,1013.78,1002.54,1011.78,20.77,21.10,20.81,20.85,20.97,20.83,20.85,21.03
243240,1000.64,1010.50,1030.12,1020.62,1002.06,1013.70,1002.58,1011.98,20.77,21.11,20.82,20.86,20.96,20.83,20.86,21.04
243360,1000.56,1010.50,1029.94,1020.80,1001.96,1013.74,1002.54,1011.88,20.78,21.12,20.83,20.87,20.97,20.83,20.86,21.05
243480,1000.62,1010.32,1029.98,1020.68,1001.86,1013.64,1002.60,1011.92,20.75,21.10,20.81,20.85,20.95,20.83,20.85,21.02
243600,1000.72,1010.20,1029.90,1020.58,1001.80,1013.64,1002.46,1011.98,20.73,21.08,20.79,20.85,20.94,20.82,20.84,21.00
243720,1000.54,1010.24,1029.96,1020.58,1001.80,1013.58,1002.38,1011.84,20.70,21.07,20.77,20.84,20.92,20.79,20.81,20.97
243840,1000.38,1010.28,1029.96,1020.54,1001.76,1013.62,1002.40,1011.84,20.68,21.05,20.76,20.83,20.92,20.79,20.80,20.96
243960,1000.36,1010.34,1029.84,1020.64,1001.76,1013.66,1002.26,1011.84,20.68,21.04,20.75,20.81,20.91,20.78,20.80,20.95
244080,1000.26,1010.26,1030.00,1020.56,1001.54,1013.60,1002.24,1011.82,20.69,21.05,20.76,20.82,20.91,20.78,20.80,20.95
244200,1000.42,1010.14,1029.76,1020.58,1001.24,1013.42,1002.38,1011.72,20.67,21.02,20.74,20.79,20.89,20.76,20.78,20.93
244320,1000.36,1010.08,1029.92,1020.46,1001.44,1013.44,1002.30,1011.60,20.65,21.00,20.71,20.78,20.87,20.75,20.76,20.91
244440,1000.26,1010.08,1029.96,1020.46,1001.48,1013.42,1002.08,1011.62,20.64,20.99,20.72,20.78,20.88,20.75,20.76,20.90
244560,1000.26,1009.86,1029.90,1020.40,1001.46,1013.24,1002.18,1011.56,20.65,21.00,20.72,20.78,20.88,20.75,20.75,20.90
244680,1000.32,1009.98,1029.80,1020.24,1001.40,1013.14,1002.10,1011.54,20.64,20.99,20.71,20.77,20.87,20.74,20.75,20.89
244800,1000.32,1010.04,1029.64,1020.44,1001.26,1013.26,1002.12,1011.54,20.65,20.99,20.71,20.77,20.87,20.74,20.75,20.90
244920,1000.44,1009.96,1029.70,1020.42,1001.22,1013.46,1002.08,1011.46,20.64,20.99,20.70,20.76,20.87,20.74,20.75,20.89
245040,1000.18,1009.82,1029.82,1020.26,1001.22,1013.34,1002.10,1011.50,20.63,20.97,20.69,20.76,20.86,20.74,20.74,20.89
245160,1000.18,1009.78,1029.70,1020.30,1001.14,1013.38,1002.00,1011.52,20.63,20.98,20.69,20.76,20.87,20.74,20.74,20.90
245280,1000.12,1009.74,1029.66,1020.26,1001.14,1013.22,1001.88,1011.48,20.63,20.97,20.68,20.73,20.84,20.72,20.74,20.90
245400,1000.08,1009.74,1029.80,1020.06,1001.04,1013.20,1001.82,1011.46,20.62,20.96,20.67,20.73,20.84,20.72,20.73,20.89
245520,1000.06,1009.86,1029.56,1020.14,1001.04,1013.08,1001.74,1011.44,20.62,20.97,20.67,20.73,20.83,20.71,20.73,20.89
245640,1000.12,1009.60,1029.44,1020.10,1000.92,1013.20,1001.86,1011.34,20.61,20.95,20.66,20.73,20.83,20.71,20.72,20.87
245760,999.96,1009.54,1029.38,1020.12,1001.00,1013.04,1001.48,1011.46,20.60,20.95,20.65,20.71,20.81,20.70,20.70,20.86
245880,999.88,1009.56,1029.56,1020.12,1000.90,1013.04,1001.64,1011.28,20.59,20.94,20.66,20.71,20.81,20.70,20.70,20.85
246000,999.86,1009.44,1029.54,1020.12,1000.74,1013.10,1001.28,1011.28,20.58,20.93,20.65,20.71,20.80,20.69,20.69,20.85
246120,999.98,1009.34,1029.46,1020.04,1000.72,1013.22,1001.52,1011.34,20.60,20.95,20.66,20.71,20.81,20.69,20.70,20.86
246240,1000.00,1009.18,1029.52,1020.00,1000.62,1013.26,1001.56,1011.28,20.61,20.97,20.67,20.72,20.81,20.70,20.71,20.88
246360,999.98,1009.18,1029.56,1020.04,1000.58,1013.16,1001.52,1011.28,20.63,20.98,20.68,20.73,20.83,20.71,20.72,20.89
246480,1000.00,1009.26,1029.58,1020.28,1000.62,1013.30,1001.60,1011.28,20.65,21.00,20.69,20.74,20.83,20.71,20.74,20.92
246600,1000.30,1009.40,1029.54,1020.24,1000.62,1013.38,1001.48,1011.46,20.68,21.03,20.72,20.76,20.85,20.73,20.77,20.96
246720,1000.24,1009.28,1029.54,1020.10,1000.52,1013.34,1001.34,1011.42,20.70,21.05,20.74,20.77,20.85,20.73,20.78,20.97
246840,1000.20,1009.34,1029.46,1020.02,1000.70,1013.38,1001.34,1011.52,20.69,21.05,20.74,20.78,20.87,20.74,20.78,20.96
246960,1000.14,1009.20,1029.44,1020.08,1000.52,1013.46,1001.28,1011.42,20.68,21.03,20.72,20.77,20.86,20.74,20.77,20.94
247080,1000.08,1009.28,1029.46,1020.04,1000.42,1013.46,1001.24,1011.48,20.67,21.01,20.71,20.77,20.86,20.75,20.77,20.93
247200,1000.22,1009.30,1029.48,1020.10,1000.28,1013.38,1001.18,1011.40,20.66,21.01,20.71,20.77,20.86,20.75,20.77,20.93
247320,1000.14,1009.24,1029.40,1019.84,1000.34,1013.24,1001.20,1011.34,20.65,21.00,20.70,20.77,20.86,20.74,20.75,20.91
247440,1000.16,1009.08,1029.30,1019.86,1000.16,1013.30,1001.18,1011.40,20.65,21.00,20.70,20.77,20.86,20.74,20.75,20.91
247560,1000.30,1009.06,1029.18,1019.86,1000.20,1013.38,1001.18,1011.46,20.65,20.99,20.69,20.77,20.87,20.75,20.76,20.92
247680,1000.16,1009.08,1029.24,1019.90,1000.08,1013.20,1001.24,1011.38,20.65,21.00,20.69,20.76,20.87,20.75,20.76,20.92
247800,1000.08,1009.12,1029.50,1020.00,1000.12,1013.36,1001.24,1011.40,20.64,20.98,20.69,20.75,20.86,20.74,20.74,20.90
247920,1000.06,1009.06,1029.26,1019.96,999.92,1013.38,1001.04,1011.32,20.64,20.99,20.69,20.76,20.87,20.74,20.74,20.90
248040,1000.08,1008.86,1029.30,1019.82,999.92,1013.30,1000.94,1011.30,20.63,20.98,20.68,20.75,20.85,20.74,20.73,20.88
248160,1000.08,1009.02,1029.18,1019.94,1000.08,1013.28,1000.80,1011.24,20.63,20.98,20.68,20.75,20.85,20.73,20.73,20.89
248280,999.92,1008.76,1029.10,1019.64,999.92,1013.26,1000.92,1011.18,20.64,20.99,20.68,20.75,20.84,20.72,20.73,20.89
248400,1000.10,1008.98,1029.14,1019.70,999.86,1013.24,1000.86,1011.26,20.63,20.97,20.67,20.73,20.83,20.72,20.72,20.88
248520,999.98,1008.84,1029.20,1019.80,999.78,1013.22,1000.70,1011.24,20.60,20.95,20.65,20.71,20.83,20.71,20.70,20.86
248640,999.92,1008.70,1028.96,1019.88,999.60,1013.12,1000.60,1011.22,20.59,20.94,20.64,20.70,20.82,20.70,20.69,20.85
248760,999.96,1008.70,1029.00,1019.82,999.58,1013.04,1000.58,1011.22,20.58,20.92,20.63,20.69,20.80,20.69,20.67,20.84
248880,999.86,1008.64,1029.08,1019.56,999.46,1013.08,1000.54,1011.20,20.58,20.92,20.63,20.69,20.79,20.68,20.68,20.83
249000,999.78,1008.54,1029.22,1019.54,999.32,1013.00,1000.56,1011.02,20.57,20.92,20.63,20.68,20.79,20.67,20.68,20.84
249120,999.76,1008.48,1029.16,1019.52,999.36,1013.04,1000.40,1011.02,20.56,20.90,20.60,20.66,20.77,20.65,20.66,20.83
249240,999.90,1008.56,1028.92,1019.42,999.34,1013.06,1000.38,1011.02,20.56,20.90,20.60,20.65,20.75,20.64,20.65,20.83
249360,999.82,1008.38,1028.82,1019.46,999.14,1012.80,1000.24,1011.00,20.55,20.90,20.60,20.64,20.74,20.63,20.64,20.82
249480,999.80,1008.28,1028.74,1019.48,999.06,1012.76,1000.18,1011.00,20.53,20.88,20.58,20.63,20.73,20.61,20.62,20.79
249600,999.60,1008.24,1028.78,1019.38,999.12,1012.66,1000.12,1011.00,20.52,20.87,20.57,20.61,20.72,20.60,20.62,20.79
249720,999.64,1008.18,1028.66,1019.36,998.98,1012.66,1000.10,1011.02,20.51,20.86,20.56,20.62,20.72,20.60,20.61,20.78
249840,999.66,1008.08,1028.60,1019.46,998.82,1012.56,999.98,1010.82,20.51,20.86,20.56,20.62,20.71,20.60,20.61,20.77
249960,999.62,1007.98,1028.78,1019.16,998.90,1012.32,999.96,1010.78,20.48,20.83,20.53,20.59,20.69,20.58,20.58,20.74
250080,999.56,1007.80,1028.64,1019.14,998.56,1012.28,999.80,1010.76,20.45,20.81,20.51,20.56,20.67,20.56,20.56,20.71
250200,999.66,1007.80,1028.56,1019.14,998.48,1012.46,999.76,1010.76,20.46,20.81,20.50,20.56,20.67,20.56,20.56,20.71
250320,999.58,1007.84,1028.64,1019.16,998.44,1012.40,999.68,1010.84,20.44,20.79,20.50,20.55,20.65,20.55,20.55,20.71
250440,999.50,1007.70,1028.50,1018.96,998.48,1012.36,999.64,1010.88,20.43,20.77,20.47,20.53,20.63,20.52,20.52,20.68
250560,999.24,1007.66,1028.34,1019.08,998.26,1012.26,999.74,1010.70,20.40,20.75,20.45,20.50,20.62,20.49,20.49,20.66
250680,999.10,1007.68,1028.32,1018.80,998.26,1012.06,999.56,1010.60,20.37,20.72,20.42,20.47,20.60,20.47,20.47,20.63
250800,999.22,1007.36,1028.22,1018.80,997.92,1011.90,999.54,1010.54,20.36,20.71,20.41,20.46,20.57,20.46,20.46,20.62
250920,999.14,1007.32,1028.24,1018.72,997.98,1011.92,999.40,1010.40,20.35,20.71,20.40,20.44,20.55,20.44,20.45,20.61
251040,999.08,1007.44,1028.28,1018.66,997.88,1011.78,999.36,1010.46,20.34,20.69,20.38,20.43,20.53,20.42,20.44,20.60
251160,998.86,1007.14,1028.20,1018.66,997.82,1011.74,999.22,1010.38,20.32,20.67,20.36,20.41,20.51,20.40,20.43,20.59
251280,998.88,1006.98,1028.16,1018.64,997.68,1011.60,999.30,1010.38,20.29,20.65,20.34,20.39,20.49,20.38,20.40,20.57
251400,998.82,1007.00,1027.98,1018.52,997.52,1011.38,999.02,1010.20,20.28,20.64,20.33,20.38,20.48,20.36,20.39,20.56
251520,998.60,1006.84,1027.96,1018.42,997.38,1011.24,999.00,1010.22,20.25,20.61,20.30,20.36,20.46,20.34,20.36,20.53
251640,998.66,1006.76,1027.82,1018.40,997.28,1011.46,998.82,1010.08,20.24,20.60,20.29,20.35,20.45,20.33,20.35,20.51
251760,998.68,1006.78,1027.70,1018.28,997.08,1011.36,998.66,1010.02,20.24,20.59,20.29,20.35,20.46,20.33,20.34,20.51
251880,998.68,1006.80,1027.66,1018.10,997.28,1011.36,998.58,1010.08,20.24,20.59,20.29,20.34,20.45,20.32,20.33,20.50
252000,998.64,1006.60,1027.64,1018.10,997.06,1011.32,998.56,1010.00,20.23,20.58,20.27,20.32,20.43,20.31,20.32,20.49
252120,998.66,1006.58,1027.58,1018.06,996.98,1011.20,998.48,1010.10,20.23,20.58,20.26,20.30,20.41,20.30,20.31,20.48
252240,998.54,1006.46,1027.64,1018.06,996.80,1011.02,998.50,1010.08,20.22,20.58,20.26,20.29,20.41,20.30,20.31,20.48
252360,998.50,1006.42,1027.58,1017.98,996.82,1010.94,998.20,1010.04,20.21,20.56,20.25,20.29,20.40,20.28,20.30,20.47
252480,998.46,1006.26,1027.50,1017.80,996.66,1011.00,998.28,1009.80,20.19,20.56,20.24,20.28,20.38,20.27,20.29,20.45
252600,998.42,1006.16,1027.42,1017.88,996.50,1010.98,998.24,1009.72,20.19,20.54,20.23,20.28,20.38,20.27,20.28,20.44
252720,998.40,1006.22,1027.44,1017.76,996.42,1010.94,998.24,1009.72,20.17,20.53,20.22,20.26,20.38,20.26,20.26,20.43
252840,998.32,1006.00,1027.32,1017.66,996.18,1010.80,998.18,1009.70,20.16,20.51,20.20,20.25,20.36,20.24,20.25,20.42
252960,998.20,1005.80,1027.04,1017.68,996.12,1010.60,998.00,1009.68,20.14,20.51,20.20,20.24,20.36,20.24,20.24,20.41
253080,998.18,1005.64,1026.98,1017.40,995.98,1010.70,997.90,1009.70,20.13,20.50,20.19,20.23,20.35,20.23,20.23,20.39
253200,998.08,1005.56,1026.90,1017.48,996.00,1010.62,997.82,1009.62,20.12,20.49,20.18,20.22,20.34,20.21,20.23,20.39
253320,997.94,1005.46,1026.84,1017.30,995.94,1010.32,997.60,1009.68,20.12,20.48,20.17,20.20,20.32,20.20,20.22,20.40
253440,998.10,1005.40,1026.90,1017.34,995.70,1010.32,997.58,1009.50,20.13,20.49,20.17,20.20,20.32,20.20,20.22,20.40
253560,998.26,1005.48,1026.90,1017.38,995.58,1010.28,997.68,1009.44,20.12,20.48,20.16,20.20,20.31,20.18,20.20,20.38
253680,998.06,1005.62,1026.84,1017.22,995.54,1010.34,997.64,1009.38,20.11,20.47,20.16,20.19,20.30,20.18,20.19,20.37
253800,997.74,1005.38,1026.74,1016.98,995.44,1010.52,997.44,1009.40,20.10,20.46,20.15,20.18,20.30,20.18,20.19,20.36
253920,997.78,1005.40,1026.56,1017.10,995.34,1010.36,997.26,1009.40,20.08,20.44,20.13,20.19,20.29,20.17,20.17,20.34
254040,997.78,1005.56,1026.58,1016.94,995.18,1010.20,997.14,1009.36,20.08,20.43,20.13,20.18,20.28,20.17,20.18,20.35
254160,997.88,1005.40,1026.56,1016.94,995.12,1010.24,997.18,1009.30,20.07,20.43,20.12,20.17,20.27,20.16,20.17,20.34
254280,997.66,1005.14,1026.60,1016.92,994.90,1009.96,997.06,1009.38,20.07,20.43,20.11,20.16,20.26,20.15,20.16,20.34
254400,997.72,1005.18,1026.50,1016.98,994.84,1009.94,996.64,1009.12,20.08,20.43,20.11,20.16,20.26,20.15,20.17,20.33
254520,997.70,1004.90,1026.48,1016.98,994.76,1009.90,996.82,1009.16,20.07,20.41,20.11,20.16,20.24,20.14,20.16,20.33
254640,997.64,1004.86,1026.34,1016.94,994.78,1010.00,996.72,1009.12,20.06,20.42,20.10,20.15,20.24,20.13,20.16,20.33
254760,997.64,1004.94,1026.46,1016.78,994.68,1010.04,996.80,1009.30,20.07,20.42,20.10,20.14,20.24,20.12,20.15,20.32
254880,997.64,1004.86,1026.26,1016.76,994.64,1010.02,996.70,1009.24,20.06,20.42,20.10,20.14,20.24,20.12,20.15,20.32
255000,997.66,1004.76,1026.16,1016.74,994.52,1009.86,996.46,1008.98,20.06,20.41,20.11,20.14,20.24,20.12,20.15,20.32
255120,997.58,1004.74,1026.18,1016.70,994.44,1009.76,996.62,1009.04,20.08,20.43,20.11,20.15,20.25,20.13,20.15,20.34
255240,997.58,1004.78,1026.14,1016.76,994.30,1009.74,996.56,1008.96,20.14,20.49,20.16,20.19,20.29,20.16,20.20,20.40
255360,997.60,1004.68,1026.18,1016.68,994.28,1009.94,996.64,1009.20,20.17,20.52,20.19,20.23,20.32,20.19,20.23,20.43
255480,997.70,1004.62,1026.18,1016.88,994.22,1009.92,996.48,1009.14,20.18,20.53,20.19,20.23,20.33,20.21,20.25,20.44
255600,997.64,1004.68,1026.10,1016.94,994.14,1009.90,996.42,1009.26,20.19,20.53,20.21,20.25,20.35,20.22,20.26,20.45
255720,997.74,1004.64,1026.24,1016.78,993.82,1010.00,996.52,1009.16,20.20,20.54,20.22,20.27,20.36,20.23,20.28,20.47
255840,997.72,1004.52,1026.16,1016.70,994.00,1010.08,996.34,1009.16,20.21,20.57,20.24,20.28,20.38,20.26,20.30,20.48
255960,997.86,1004.56,1026.16,1016.78,994.06,1010.22,996.32,1008.98,20.22,20.57,20.25,20.29,20.38,20.26,20.30,20.48
256080,997.98,1004.56,1026.18,1016.78,993.90,1010.10,996.30,1009.06,20.23,20.58,20.26,20.30,20.40,20.28,20.31,20.48
256200,997.98,1004.60,1026.20,1016.86,993.80,1010.16,996.28,1009.22,20.24,20.59,20.27,20.32,20.41,20.29,20.32,20.50
256320,997.84,1004.38,1026.24,1016.92,993.82,1010.22,996.16,1009.26,20.23,20.59,20.27,20.32,20.40,20.29,20.31,20.49
256440,997.92,1004.44,1026.04,1016.92,993.66,1010.26,996.06,1009.22,20.24,20.59,20.27,20.32,20.40,20.30,20.32,20.50
256560,997.92,1004.28,1025.90,1016.88,993.62,1010.46,996.30,1009.26,20.24,20.60,20.27,20.33,20.42,20.31,20.33,20.50
256680,997.86,1004.06,1026.02,1016.84,993.48,1010.02,996.04,1009.02,20.25,20.61,20.29,20.34,20.42,20.31,20.34,20.51
256800,997.82,1004.28,1025.88,1016.70,993.46,1009.92,995.98,1009.06,20.26,20.61,20.29,20.34,20.42,20.30,20.32,20.51
256920,997.82,1004.32,1025.86,1016.76,993.34,1010.22,995.94,1009.22,20.25,20.61,20.29,20.35,20.42,20.30,20.32,20.51
257040,997.86,1004.22,1025.96,1016.92,993.42,1010.10,995.86,1009.18,20.25,20.61,20.29,20.35,20.42,20.30,20.32,20.50
257160,997.74,1004.14,1026.14,1016.56,993.06,1009.96,995.94,1009.04,20.25,20.60,20.29,20.33,20.40,20.28,20.31,20.49
257280,997.86,1004.00,1026.04,1016.58,993.12,1009.92,995.88,1009.12,20.23,20.60,20.27,20.31,20.38,20.25,20.29,20.48
257400,997.98,1003.94,1025.98,1016.50,993.00,1009.94,995.74,1008.96,20.22,20.57,20.26,20.32,20.38,20.26,20.29,20.47
257520,997.62,1003.78,1025.84,1016.64,992.98,1009.86,995.64,1009.08,20.21,20.56,20.25,20.30,20.39,20.28,20.30,20.47
257640,997.62,1003.76,1025.80,1016.50,992.90,1009.94,995.56,1009.04,20.20,20.56,20.25,20.30,20.39,20.28,20.31,20.48
257760,997.80,1003.80,1025.70,1016.44,992.92,1009.80,995.46,1008.94,20.20,20.56,20.25,20.31,20.40,20.29,20.31,20.48
257880,997.78,1003.78,1025.70,1016.38,992.82,1010.04,995.46,1008.92,20.22,20.57,20.26,20.32,20.41,20.30,20.32,20.48
258000,997.90,1003.82,1025.72,1016.40,992.72,1009.90,995.46,1009.02,20.21,20.56,20.26,20.32,20.41,20.30,20.31,20.47
258120,997.72,1003.72,1025.64,1016.44,992.66,1009.98,995.34,1008.96,20.20,20.55,20.25,20.32,20.41,20.29,20.30,20.46
258240,997.62,1003.88,1025.42,1016.48,992.56,1009.90,995.32,1009.10,20.18,20.53,20.24,20.30,20.39,20.28,20.29,20.45
258360,997.54,1003.60,1025.48,1016.20,992.46,1009.98,995.26,1008.92,20.18,20.53,20.22,20.29,20.39,20.28,20.28,20.44
258480,997.54,1003.62,1025.38,1016.20,992.28,1009.68,995.02,1008.76,20.17,20.52,20.22,20.27,20.38,20.27,20.26,20.42
258600,997.38,1003.52,1025.34,1016.20,992.14,1009.64,994.94,1008.90,20.16,20.51,20.20,20.26,20.36,20.23,20.24,20.42
258720,997.48,1003.54,1025.34,1016.12,992.08,1009.74,994.82,1008.80,20.15,20.51,20.20,20.25,20.36,20.24,20.25,20.42
258840,997.54,1003.46,1025.30,1016.26,992.12,1009.66,994.76,1009.00,20.14,20.50,20.20,20.24,20.35,20.24,20.25,20.41
258960,997.50,1003.40,1025.58,1016.24,992.06,1009.42,994.78,1009.04,20.14,20.50,20.18,20.22,20.33,20.20,20.22,20.40
259080,997.36,1003.32,1025.28,1016.10,991.86,1009.64,994.68,1008.80,20.11,20.46,20.16,20.19,20.30,20.17,20.19,20.37
259200,997.36,1003.26,1025.14,1016.10,991.88,1009.60,994.60,1008.78,20.08,20.44,20.13,20.17,20.29,20.16,20.17,20.34
259320,997.34,1003.00,1025.18,1016.12,991.70,1009.20,994.38,1008.84,20.07,20.42,20.11,20.17,20.28,20.15,20.16,20.32
259440,997.18,1002.92,1025.12,1015.78,991.60,1009.10,994.32,1008.58,20.05,20.40,20.08,20.13,20.24,20.11,20.13,20.31
259560,997.20,1002.84,1025.08,1015.66,991.34,1008.96,994.34,1008.52,20.02,20.38,20.06,20.11,20.22,20.09,20.11,20.28
259680,997.00,1002.84,1024.84,1015.66,991.00,1008.90,994.18,1008.66,20.01,20.37,20.06,20.10,20.21,20.08,20.09,20.27
259800,997.12,1002.68,1024.80,1015.64,990.90,1009.02,993.98,1008.52,20.00,20.35,20.03,20.08,20.19,20.06,20.07,20.25
259920,997.10,1002.54,1024.72,1015.56,990.96,1008.74,993.88,1008.48,20.00,20.34,20.02,20.07,20.16,20.04,20.05,20.23
260040,997.06,1002.50,1024.74,1015.64,990.76,1008.86,993.88,1008.22,19.99,20.33,20.01,20.06,20.16,20.04,20.05,20.22
260160,996.86,1002.50,1024.64,1015.60,990.74,1008.78,993.72,1008.16,19.98,20.32,20.01,20.05,20.15,20.02,20.04,20.22
260280,996.80,1002.34,1024.54,1015.36,990.34,1008.72,993.68,1008.20,19.96,20.31,20.00,20.04,20.15,20.01,20.02,20.20
260400,996.72,1002.30,1024.48,1015.48,990.36,1008.72,993.46,1008.28,19.96,20.31,20.00,20.04,20.15,20.02,20.02,20.21
260520,996.80,1002.16,1024.52,1015.54,990.30,1008.82,993.46,1008.10,19.96,20.31,20.00,20.03,20.13,20.00,20.02,20.21
260640,996.88,1002.06,1024.54,1015.32,990.38,1008.80,993.36,1008.20,19.96,20.31,20.00,20.03,20.12,20.00,20.03,20.22
260760,996.88,1002.04,1024.30,1015.16,990.18,1008.68,993.14,1008.28,19.95,20.29,20.00,20.03,20.12,20.00,20.03,20.21
260880,996.92,1002.02,1024.44,1015.22,990.06,1008.54,993.40,1008.22,19.95,20.29,20.00,20.02,20.12,20.00,20.02,20.21
261000,996.70,1001.98,1024.22,1015.10,990.02,1008.30,993.22,1008.02,19.94,20.28,19.98,20.01,20.11,20.00,20.02,20.20
261120,996.68,1001.86,1024.16,1014.92,990.10,1008.22,993.14,1008.18,19.93,20.28,19.97,20.00,20.11,20.00,20.02,20.20
261240,996.88,1001.62,1024.26,1014.96,989.88,1008.42,993.08,1008.12,19.94,20.28,19.97,20.00,20.09,19.99,20.02,20.21
261360,996.88,1001.68,1024.28,1014.90,989.64,1008.52,993.02,1008.30,19.94,20.29,19.98,20.00,20.10,19.99,20.02,20.21
261480,996.56,1001.62,1024.14,1014.88,989.54,1008.48,992.78,1008.16,19.93,20.27,19.97,20.00,20.08,19.97,20.01,20.20
261600,996.62,1001.62,1024.24,1014.86,989.50,1008.62,992.72,1008.12,19.95,20.31,19.99,20.03,20.11,20.02,20.06,20.23
261720,996.54,1001.76,1024.32,1015.10,989.50,1008.90,992.90,1008.24,20.00,20.36,20.05,20.09,20.17,20.08,20.11,20.28
261840,996.94,1001.78,1024.50,1015.32,989.48,1008.96,992.78,1008.26,20.07,20.43,20.13,20.16,20.24,20.16,20.19,20.34
261960,996.98,1002.16,1024.64,1015.66,989.40,1009.12,993.04,1008.48,20.13,20.49,20.20,20.24,20.29,20.21,20.25,20.40
262080,997.26,1002.30,1024.86,1015.72,989.44,1009.22,992.98,1008.54,20.17,20.55,20.24,20.29,20.35,20.26,20.30,20.45
262200,997.20,1002.20,1025.08,1015.88,989.46,1009.16,993.16,1008.62,20.23,20.60,20.30,20.33,20.39,20.31,20.36,20.49
262320,997.48,1002.20,1025.26,1015.98,989.46,1009.16,993.02,1008.66,20.27,20.65,20.34,20.39,20.44,20.36,20.40,20.54
262440,997.46,1002.32,1025.32,1016.24,989.40,1008.86,992.94,1008.76,20.30,20.69,20.39,20.42,20.47,20.39,20.43,20.58
262560,997.58,1002.40,1025.32,1016.10,989.42,1003.50,993.04,1008.76,20.33,20.71,20.41,20.45,20.50,20.43,20.47,20.61
262680,997.84,1002.58,1025.60,1016.22,989.36,1003.30,992.96,1008.88,20.35,20.73,20.43,20.47,20.52,20.47,20.49,20.62
262800,997.96,1002.84,1025.58,1016.26,989.36,1003.22,992.90,1008.88,20.38,20.76,20.47,20.51,20.56,20.50,20.53,20.65
262920,997.88,1002.62,1025.38,1016.18,989.28,1003.14,993.08,1008.96,20.39,20.77,20.47,20.51,20.57,20.49,20.52,20.66
263040,997.88,1002.58,1025.32,1015.86,989.20,1003.00,992.96,1009.10,20.37,20.73,20.43,20.47,20.54,20.46,20.48,20.63
263160,997.86,1002.30,1025.12,1015.90,989.16,1003.00,992.96,1008.90,20.32,20.69,20.38,20.43,20.51,20.41,20.43,20.57
263280,997.76,1002.00,1025.18,1015.76,988.92,1002.82,992.62,1008.84,20.28,20.64,20.34,20.38,20.47,20.37,20.39,20.54
263400,997.72,1002.04,1024.82,1015.68,988.76,1002.62,992.46,1008.78,20.26,20.61,20.31,20.35,20.43,20.34,20.36,20.52
263520,997.68,1001.86,1024.80,1015.66,988.74,1002.38,992.60,1008.64,20.22,20.58,20.28,20.32,20.41,20.31,20.34,20.50
263640,997.48,1001.74,1024.70,1015.50,988.76,1002.40,992.42,1008.64,20.19,20.55,20.24,20.29,20.39,20.29,20.31,20.48
263760,997.44,1001.62,1024.66,1015.44,988.66,1002.34,992.36,1008.54,20.17,20.52,20.22,20.26,20.37,20.27,20.29,20.46
263880,997.42,1001.54,1024.52,1015.20,988.66,1002.20,992.10,1008.52,20.14,20.50,20.20,20.24,20.35,20.24,20.26,20.42
264000,997.34,1001.56,1024.38,1015.26,988.36,1002.06,992.04,1008.60,20.11,20.47,20.17,20.21,20.31,20.20,20.22,20.39
264120,997.34,1001.32,1024.26,1015.16,988.10,1001.86,992.04,1008.32,20.09,20.44,20.13,20.18,20.28,20.17,20.19,20.35
264240,997.16,1001.00,1024.24,1015.16,988.12,1001.80,991.86,1008.32,20.07,20.42,20.11,20.16,20.27,20.15,20.17,20.33
264360,997.30,1001.16,1024.22,1014.92,988.06,1001.54,991.68,1008.26,20.06,20.41,20.10,20.15,20.25,20.13,20.16,20.32
264480,997.12,1001.14,1024.08,1014.88,987.70,1001.60,991.60,1008.38,20.05,20.41,20.10,20.15,20.25,20.13,20.15,20.32
264600,997.08,1000.80,1023.98,1014.72,987.82,1001.64,991.52,1008.12,20.03,20.38,20.08,20.13,20.24,20.11,20.13,20.29
264720,997.06,1000.70,1023.78,1014.70,987.74,1001.42,991.42,1008.30,20.02,20.37,20.06,20.11,20.23,20.10,20.11,20.28
264840,997.02,1000.74,1023.88,1014.58,987.62,1001.34,991.32,1008.20,20.01,20.35,20.04,20.09,20.20,20.06,20.09,20.28
264960,996.98,1000.72,1023.92,1014.60,987.20,1001.24,991.14,1008.14,20.00,20.35,20.03,20.07,20.17,20.04,20.06,20.26
265080,996.82,1000.52,1023.74,1014.44,987.26,1001.20,990.98,1008.16,19.99,20.34,20.02,20.07,20.16,20.03,20.05,20.25
265200,996.78,1000.44,1023.76,1014.42,987.06,1001.20,990.98,1008.16,19.99,20.33,20.02,20.07,20.15,20.03,20.06,20.24
265320,996.84,1000.34,1023.68,1014.46,987.00,1001.16,990.92,1008.14,19.97,20.31,20.00,20.04,20.14,20.02,20.04,20.23
265440,996.68,1000.26,1023.52,1014.50,986.76,1001.00,990.88,1008.24,19.95,20.29,19.99,20.04,20.13,20.01,20.03,20.21
265560,996.66,1000.18,1023.38,1014.20,986.52,1000.98,990.76,1008.02,19.94,20.28,19.98,20.02,20.12,20.00,20.02,20.20
265680,996.72,1000.02,1023.30,1014.20,986.52,1000.92,990.72,1008.02,19.93,20.27,19.97,20.02,20.11,20.00,20.01,20.18
265800,996.68,1000.06,1023.38,1014.18,986.52,1001.10,990.70,1008.08,19.93,20.28,19.98,20.01,20.12,20.00,20.01,20.19
265920,996.60,1000.22,1023.36,1014.04,986.38,1000.98,990.42,1008.06,19.94,20.28,19.98,20.02,20.12,20.00,20.02,20.19
266040,996.58,1000.02,1023.14,1013.94,986.44,1000.88,990.38,1008.00,19.94,20.28,19.98,20.02,20.12,20.00,20.02,20.20
266160,996.54,999.88,1023.12,1014.06,986.14,1000.98,990.34,1008.00,19.95,20.29,19.98,20.01,20.12,20.00,20.02,20.21
266280,996.54,999.82,1023.04,1014.00,986.04,1000.96,990.36,1007.88,19.94,20.28,19.97,20.00,20.12,20.00,20.02,20.20
266400,996.40,999.76,1023.12,1014.10,985.78,1000.96,990.32,1007.82,19.95,20.29,19.97,20.00,20.11,20.00,20.02,20.20
266520,996.60,999.70,1023.24,1014.06,985.76,1000.74,990.14,1007.92,19.95,20.29,19.97,20.00,20.10,19.99,20.02,20.21
266640,996.42,999.64,1022.96,1014.04,985.72,1000.82,990.00,1007.96,19.93,20.27,19.95,19.99,20.08,19.97,20.00,20.19
266760,996.28,999.48,1022.96,1013.80,985.54,1000.74,989.80,1007.74,19.92,20.26,19.94,19.97,20.08,19.97,19.99,20.17
266880,996.40,999.42,1022.96,1013.66,985.44,1000.58,989.70,1007.76,19.91,20.25,19.93,19.97,20.07,19.96,19.98,20.17
267000,996.38,999.28,1023.08,1013.68,985.38,1000.74,989.62,1007.56,19.89,20.24,19.92,19.95,20.05,19.95,19.98,20.16
267120,996.44,999.24,1022.72,1013.54,985.22,1000.52,989.32,1007.48,19.87,20.22,19.90,19.93,20.03,19.91,19.94,20.13
267240,996.18,999.32,1022.72,1013.58,985.06,1000.52,989.34,1007.64,19.88,20.22,19.90,19.93,20.02,19.89,19.93,20.13
267360,996.22,999.14,1022.58,1013.36,984.86,1000.28,989.16,1007.74,19.86,20.21,19.89,19.92,20.01,19.89,19.92,20.11
267480,996.10,998.80,1022.54,1013.52,984.80,1000.14,989.12,1007.70,19.85,20.19,19.87,19.91,20.02,19.89,19.92,20.11
267600,996.12,998.80,1022.54,1013.44,984.74,1000.02,989.20,1007.64,19.83,20.18,19.86,19.90,20.01,19.89,19.91,20.09
267720,996.04,998.74,1022.38,1013.34,984.78,999.84,988.96,1007.50,19.82,20.16,19.85,19.90,20.01,19.89,19.90,20.07
267840,995.98,998.58,1022.34,1013.24,984.44,999.60,988.80,1007.50,19.80,20.15,19.84,19.89,20.01,19.89,19.89,20.05
267960,996.08,998.66,1022.34,1013.24,984.32,999.70,988.76,1007.32,19.79,20.14,19.83,19.88,19.98,19.87,19.88,20.04
268080,996.06,998.54,1022.26,1013.22,984.28,999.56,988.60,1007.26,19.78,20.13,19.82,19.87,19.98,19.85,19.86,20.03
268200,995.94,998.58,1022.40,1013.30,984.16,999.40,988.58,1007.26,19.78,20.12,19.81,19.87,19.98,19.85,19.86,20.02
268320,996.00,998.52,1022.22,1013.14,984.06,999.20,988.28,1007.38,19.77,20.12,19.81,19.86,19.98,19.84,19.85,20.02
268440,995.96,998.24,1022.16,1013.16,984.08,999.14,988.28,1007.30,19.78,20.12,19.81,19.85,19.97,19.83,19.85,20.02
268560,995.72,998.26,1022.10,1013.08,983.64,999.20,988.16,1007.34,19.78,20.11,19.79,19.84,19.96,19.82,19.84,20.01
268680,995.72,998.28,1022.06,1013.00,983.98,999.18,988.16,1007.18,19.78,20.11,19.79,19.84,19.96,19.83,19.84,20.01
268800,995.82,998.38,1022.08,1012.80,983.66,999.14,988.10,1007.28,19.77,20.11,19.79,19.84,19.95,19.83,19.84,20.01
268920,995.70,998.10,1021.92,1012.88,983.56,998.94,988.08,1007.36,19.77,20.10,19.78,19.82,19.94,19.82,19.84,20.00
269040,995.68,998.28,1022.20,1012.90,983.52,998.92,988.08,1007.14,19.76,20.09,19.76,19.82,19.93,19.81,19.82,20.00
269160,995.76,998.18,1022.14,1012.90,983.34,998.88,987.80,1007.12,19.75,20.09,19.76,19.82,19.93,19.81,19.82,20.00
269280,995.64,998.18,1021.82,1012.68,983.38,998.76,987.64,1007.24,19.75,20.08,19.76,19.82,19.92,19.80,19.82,19.99
269400,995.60,998.04,1021.70,1012.74,983.10,998.78,987.48,1007.04,19.74,20.07,19.76,19.81,19.92,19.79,19.81,19.98
269520,995.60,997.96,1021.66,1012.76,982.92,998.82,987.32,1006.94,19.72,20.06,19.75,19.80,19.92,19.79,19.80,19.97
269640,995.56,997.92,1021.62,1012.54,983.10,998.70,987.34,1006.92,19.71,20.05,19.74,19.80,19.91,19.78,19.78,19.97
269760,995.52,997.48,1021.58,1012.46,982.82,998.68,987.26,1007.04,19.70,20.04,19.73,19.79,19.90,19.77,19.78,19.95
269880,995.60,997.48,1021.54,1012.48,982.70,998.40,987.16,1006.92,19.70,20.04,19.72,19.79,19.90,19.76,19.78,19.95
270000,995.32,997.50,1021.42,1012.42,982.54,998.50,986.96,1006.90,19.70,20.04,19.72,19.78,19.88,19.76,19.77,19.95
270120,995.42,997.38,1021.40,1012.28,982.44,998.60,986.98,1006.84,19.69,20.01,19.70,19.76,19.87,19.74,19.75,19.93
270240,995.46,997.34,1021.22,1012.16,982.36,998.44,986.76,1006.78,19.68,20.01,19.69,19.75,19.87,19.74,19.75,19.93
270360,995.40,997.26,1021.30,1012.08,982.24,998.34,986.70,1006.80,19.67,20.00,19.68,19.74,19.85,19.72,19.73,19.92
270480,995.52,997.30,1020.96,1012.16,981.94,998.30,986.66,1006.80,19.67,20.00,19.69,19.75,19.86,19.72,19.73,19.92
270600,995.38,997.12,1020.90,1012.20,981.92,998.24,986.42,1006.62,19.66,20.00,19.68,19.75,19.85,19.72,19.72,19.91
270720,995.22,996.98,1021.12,1012.14,981.92,997.66,986.40,1006.54,19.65,20.00,19.67,19.73,19.84,19.71,19.71,19.89
270840,995.48,996.96,1020.84,1012.00,981.74,997.08,986.38,1006.60,19.65,20.00,19.66,19.72,19.82,19.69,19.70,19.88
270960,995.12,996.90,1020.76,1011.92,981.44,996.70,986.02,1006.68,19.65,20.00,19.66,19.72,19.82,19.68,19.70,19.89
271080,995.12,996.84,1020.84,1012.02,981.32,996.14,986.02,1006.66,19.64,19.99,19.66,19.72,19.81,19.68,19.70,19.88
271200,995.22,996.86,1020.84,1011.98,981.28,995.86,985.78,1006.72,19.65,20.00,19.66,19.72,19.83,19.69,19.70,19.89
271320,995.02,996.84,1020.88,1011.84,981.16,995.58,985.90,1006.58,19.64,19.99,19.66,19.71,19.82,19.68,19.69,19.88
271440,995.10,996.62,1020.84,1011.80,981.00,995.58,985.64,1006.60,19.64,19.99,19.65,19.71,19.81,19.68,19.69,19.89
271560,995.16,996.46,1020.72,1011.70,980.94,995.30,985.64,1006.64,19.63,19.99,19.66,19.71,19.81,19.69,19.69,19.89
271680,995.06,996.46,1020.72,1011.64,980.92,995.20,985.60,1006.64,19.63,19.98,19.65,19.70,19.81,19.68,19.69,19.88
271800,995.26,996.44,1020.48,1011.40,980.74,995.22,985.62,1006.60,19.63,19.97,19.65,19.70,19.81,19.67,19.68,19.87
271920,995.28,996.40,1020.48,1011.46,980.64,995.08,985.48,1006.58,19.63,19.99,19.65,19.70,19.81,19.68,19.69,19.88
272040,995.14,996.24,1020.48,1011.48,980.52,995.14,985.42,1006.66,19.65,19.99,19.66,19.71,19.81,19.68,19.70,19.89
272160,995.20,996.26,1020.36,1011.52,980.40,995.26,985.36,1006.66,19.67,20.01,19.69,19.73,19.83,19.70,19.72,19.92
272280,995.26,996.28,1020.38,1011.54,980.38,995.14,985.10,1006.58,19.70,20.03,19.71,19.75,19.84,19.71,19.74,19.95
272400,995.26,996.16,1020.42,1011.54,980.38,995.20,985.08,1006.78,19.74,20.06,19.73,19.77,19.87,19.74,19.77,19.98
272520,995.30,996.08,1020.42,1011.76,980.18,995.14,985.22,1006.78,19.77,20.10,19.75,19.80,19.90,19.78,19.81,20.02
272640,995.56,996.08,1020.56,1011.68,980.26,994.98,985.04,1006.96,19.83,20.15,19.81,19.84,19.94,19.82,19.86,20.07
272760,995.58,996.12,1020.52,1011.66,980.16,995.18,985.10,1006.96,19.89,20.20,19.85,19.89,19.99,19.85,19.90,20.13
272880,995.74,996.14,1020.50,1011.80,980.14,995.14,985.04,1006.96,19.94,20.25,19.90,19.93,20.03,19.90,19.94,20.18
273000,995.86,996.16,1020.58,1011.80,980.12,994.96,985.12,1007.08,19.98,20.30,19.94,19.97,20.06,19.94,19.98,20.22
273120,996.06,996.20,1020.60,1011.78,980.12,995.12,984.86,1007.18,20.02,20.33,19.97,20.00,20.09,19.97,20.01,20.27
273240,996.30,996.18,1020.62,1011.92,980.08,994.84,984.94,1007.18,20.05,20.36,20.00,20.03,20.12,20.00,20.04,20.30
273360,996.32,996.34,1020.86,1011.92,980.06,994.88,985.02,1007.32,20.08,20.39,20.02,20.06,20.15,20.02,20.07,20.33
273480,996.40,996.36,1020.82,1011.92,979.96,994.90,985.02,1007.42,20.12,20.43,20.06,20.09,20.19,20.05,20.10,20.36
273600,996.50,996.28,1020.82,1012.18,979.86,994.90,984.88,1007.40,20.15,20.46,20.08,20.11,20.21,20.08,20.13,20.39
273720,996.58,996.46,1020.84,1012.14,979.92,994.52,984.78,1007.40,20.17,20.48,20.10,20.13,20.23,20.10,20.15,20.41
273840,996.74,996.36,1020.96,1012.10,979.96,994.70,984.80,1007.60,20.18,20.49,20.12,20.15,20.24,20.11,20.17,20.43
273960,996.62,996.38,1021.10,1012.20,979.96,994.48,984.78,1007.72,20.20,20.51,20.14,20.17,20.26,20.13,20.19,20.45
274080,996.74,996.46,1020.86,1012.18,979.78,994.48,984.76,1007.76,20.21,20.52,20.15,20.17,20.27,20.14,20.20,20.45
274200,996.72,996.46,1020.92,1012.08,979.66,994.54,984.66,1007.84,20.21,20.52,20.15,20.18,20.28,20.15,20.20,20.45
274320,996.82,996.38,1020.80,1012.18,979.58,994.38,984.62,1007.84,20.20,20.52,20.15,20.18,20.27,20.14,20.19,20.45
274440,996.78,996.52,1020.90,1012.10,979.54,994.26,984.56,1007.72,20.20,20.52,20.15,20.18,20.27,20.14,20.19,20.44
274560,996.78,996.60,1020.90,1012.06,979.48,994.10,984.50,1007.74,20.20,20.52,20.15,20.18,20.27,20.14,20.19,20.45
274680,996.92,996.58,1020.70,1012.08,979.24,994.06,984.38,1007.84,20.21,20.52,20.15,20.18,20.27,20.14,20.20,20.45
274800,996.76,996.48,1020.68,1012.10,979.40,994.10,984.28,1007.90,20.20,20.51,20.15,20.17,20.27,20.14,20.19,20.44
274920,996.60,996.36,1020.66,1012.06,979.16,993.86,984.36,1007.58,20.14,20.47,20.11,20.15,20.24,20.11,20.16,20.40
275040,996.54,996.22,1020.58,1012.04,979.10,993.58,984.16,1007.68,20.10,20.43,20.07,20.11,20.21,20.08,20.13,20.35
275160,996.48,996.28,1020.50,1011.94,978.86,993.62,984.08,1007.62,20.08,20.41,20.06,20.09,20.19,20.07,20.11,20.34
275280,996.64,996.08,1020.54,1011.98,978.82,993.64,983.96,1007.68,20.07,20.41,20.06,20.09,20.18,20.06,20.11,20.33
275400,996.18,996.00,1020.64,1011.88,978.70,993.38,983.86,1007.68,20.06,20.40,20.04,20.07,20.17,20.06,20.10,20.32
275520,996.32,995.90,1020.64,1011.82,978.42,993.54,983.72,1007.68,20.03,20.37,20.02,20.05,20.15,20.03,20.07,20.29
275640,996.42,995.88,1020.30,1011.90,978.44,993.60,983.62,1007.64,20.04,20.37,20.02,20.06,20.16,20.03,20.07,20.29
275760,996.32,996.12,1020.14,1011.88,978.40,993.46,983.54,1007.54,20.04,20.37,20.02,20.06,20.16,20.03,20.08,20.30
275880,996.16,995.90,1020.34,1011.76,978.34,993.40,983.40,1007.58,20.04,20.37,20.01,20.05,20.15,20.03,20.07,20.29
276000,996.30,995.80,1020.20,1011.70,978.22,993.50,983.42,1007.52,20.02,20.34,20.00,20.03,20.13,20.02,20.06,20.27
276120,996.34,995.84,1020.16,1011.76,978.04,993.24,983.28,1007.86,20.03,20.36,20.01,20.04,20.13,20.02,20.06,20.28
276240,996.30,995.42,1020.30,1011.70,977.96,993.24,983.16,1007.82,20.03,20.36,20.00,20.04,20.14,20.02,20.06,20.28
276360,996.34,995.44,1020.28,1011.76,977.88,993.16,983.22,1007.72,20.02,20.35,20.00,20.03,20.13,20.00,20.05,20.27
276480,996.40,995.56,1020.18,1011.56,977.68,992.94,983.12,1007.88,20.00,20.33,19.99,20.01,20.11,20.00,20.03,20.25
276600,996.46,995.52,1020.24,1011.52,977.40,992.78,982.88,1007.72,20.00,20.31,19.98,20.00,20.09,19.98,20.02,20.24
276720,996.42,995.44,1020.14,1011.52,977.46,993.06,982.80,1007.68,20.00,20.33,19.98,20.00,20.11,19.99,20.03,20.25
276840,996.28,995.24,1020.08,1011.44,977.22,992.92,982.74,1007.76,19.99,20.32,19.97,20.00,20.10,19.98,20.02,20.23
276960,996.14,995.26,1020.06,1011.40,977.40,992.90,982.52,1007.86,19.96,20.30,19.96,19.99,20.08,19.97,20.00,20.21
277080,996.10,995.28,1019.96,1011.32,977.14,992.82,982.46,1007.68,19.96,20.30,19.95,19.99,20.07,19.96,20.00,20.20
277200,996.12,995.30,1019.82,1011.34,977.02,992.76,982.36,1007.76,19.98,20.31,19.96,20.00,20.09,19.97,20.00,20.22
277320,996.08,995.34,1019.76,1011.46,976.98,992.66,982.22,1007.66,19.96,20.29,19.95,19.99,20.08,19.96,20.00,20.20
277440,996.00,995.16,1019.70,1011.28,976.92,992.82,982.10,1007.58,19.95,20.28,19.94,19.98,20.08,19.96,19.99,20.20
277560,996.02,995.14,1019.70,1011.30,976.90,992.64,982.02,1007.64,19.96,20.28,19.95,19.98,20.08,19.96,19.99,20.20
277680,996.00,995.04,1019.86,1011.16,976.66,992.68,982.10,1007.66,19.95,20.28,19.94,19.98,20.08,19.96,19.99,20.20
277800,995.96,995.06,1019.84,1011.04,976.64,992.64,981.90,1007.68,19.94,20.27,19.93,19.97,20.07,19.95,19.98,20.19
277920,996.02,994.96,1019.74,1011.08,976.36,992.50,981.92,1007.70,19.93,20.26,19.92,19.96,20.05,19.94,19.97,20.17
278040,996.14,994.82,1019.70,1011.06,976.32,992.40,981.78,1007.76,19.93,20.26,19.93,19.96,20.05,19.94,19.97,20.17
278160,996.04,994.68,1019.60,1011.08,976.22,992.48,981.74,1007.62,19.93,20.26,19.92,19.97,20.05,19.94,19.97,20.17
278280,995.96,994.76,1019.54,1011.08,976.10,992.22,981.64,1007.68,19.92,20.25,19.92,19.96,20.04,19.93,19.96,20.16
278400,995.94,994.76,1019.46,1011.12,976.00,992.18,981.46,1007.80,19.90,20.24,19.90,19.95,20.03,19.92,19.95,20.14
278520,995.92,994.62,1019.32,1010.92,975.92,992.08,981.34,1007.46,19.88,20.22,19.88,19.93,20.01,19.90,19.92,20.11
278640,996.06,994.60,1019.36,1010.74,975.88,992.16,981.00,1007.56,19.88,20.21,19.88,19.92,20.01,19.89,19.92,20.12
278760,996.06,994.52,1019.32,1010.84,975.68,992.10,981.02,1007.60,19.89,20.22,19.89,19.93,20.02,19.91,19.93,20.13
278880,995.92,994.50,1019.20,1010.86,975.70,991.92,981.06,1007.56,19.87,20.20,19.87,19.92,20.02,19.90,19.92,20.11
279000,995.96,994.36,1019.12,1010.70,975.52,991.74,980.92,1007.52,19.84,20.18,19.85,19.91,20.00,19.87,19.89,20.08
279120,995.84,994.38,1019.28,1010.70,975.28,991.74,980.76,1007.66,19.86,20.18,19.85,19.90,20.00,19.87,19.89,20.09
279240,995.86,994.30,1019.14,1010.66,975.22,991.80,980.70,1007.68,19.87,20.20,19.86,19.92,20.00,19.88,19.91,20.11
279360,995.88,994.16,1019.04,1010.60,975.06,991.60,980.66,1007.68,19.86,20.19,19.86,19.91,20.00,19.88,19.91,20.10
279480,995.74,994.16,1019.04,1010.60,975.06,991.40,980.58,1007.68,19.84,20.16,19.83,19.89,19.99,19.87,19.88,20.06
279600,995.64,993.90,1018.98,1010.52,975.00,991.52,980.62,1007.28,19.83,20.16,19.83,19.88,19.99,19.85,19.87,20.06
279720,995.78,993.88,1018.84,1010.46,974.90,991.40,980.32,1007.36,19.83,20.16,19.82,19.88,19.99,19.85,19.87,20.06
279840,995.66,993.94,1018.84,1010.46,974.68,991.06,980.28,1007.42,19.81,20.14,19.81,19.87,19.97,19.84,19.85,20.03
279960,995.64,993.68,1018.68,1010.42,974.38,991.10,979.98,1007.32,19.78,20.11,19.78,19.85,19.96,19.83,19.84,20.01
280080,995.52,993.64,1018.78,1010.34,974.34,990.88,979.90,1007.48,19.80,20.13,19.80,19.86,19.97,19.84,19.85,20.03
280200,995.58,993.60,1018.76,1010.36,974.34,990.22,979.86,1007.68,19.81,20.14,19.81,19.87,19.98,19.84,19.86,20.05
280320,995.54,993.50,1018.60,1010.30,974.24,990.08,979.86,1007.40,19.80,20.13,19.80,19.86,19.96,19.82,19.84,20.03
280440,995.48,993.42,1018.58,1010.20,974.24,989.98,979.56,1007.52,19.79,20.12,19.79,19.84,19.94,19.80,19.83,20.02
280560,995.44,993.44,1018.48,1010.12,974.06,989.96,979.48,1007.58,19.80,20.13,19.80,19.84,19.94,19.81,19.84,20.04
280680,995.48,993.40,1018.42,1010.18,974.22,990.06,979.50,1007.48,19.81,20.14,19.81,19.85,19.95,19.82,19.85,20.05
280800,995.50,993.30,1018.38,1010.30,973.92,989.50,979.48,1007.36,19.79,20.12,19.79,19.84,19.94,19.81,19.84,20.02
280920,995.44,993.38,1018.38,1010.18,973.72,989.56,979.44,1007.28,19.77,20.10,19.77,19.82,19.92,19.79,19.81,20.00
281040,995.38,993.16,1018.20,1010.14,973.62,989.54,979.36,1007.46,19.75,20.09,19.76,19.81,19.91,19.79,19.80,19.99
281160,995.44,993.06,1018.32,1010.02,973.50,989.56,979.14,1007.44,19.77,20.10,19.77,19.82,19.92,19.79,19.81,20.00
281280,995.50,993.10,1018.24,1010.12,973.38,989.62,979.04,1007.34,19.77,20.10,19.77,19.82,19.92,19.79,19.81,20.00
281400,995.58,992.96,1018.08,1009.98,973.24,989.44,978.82,1007.08,19.74,20.08,19.75,19.81,19.91,19.78,19.79,19.98
281520,995.56,992.86,1018.10,1010.08,973.26,989.24,978.72,1007.12,19.73,20.07,19.74,19.80,19.90,19.77,19.79,19.98
281640,995.70,992.94,1018.08,1010.00,973.16,989.14,978.72,1007.20,19.75,20.09,19.75,19.80,19.91,19.78,19.80,20.00
281760,995.48,992.90,1018.06,1009.90,972.96,989.16,978.54,1007.30,19.75,20.08,19.74,19.80,19.90,19.77,19.79,19.99
281880,995.40,992.84,1017.96,1009.98,972.82,988.68,978.42,1007.20,19.73,20.06,19.72,19.79,19.88,19.75,19.76,19.96
282000,995.40,992.60,1018.08,1009.72,972.74,988.80,978.34,1007.22,19.72,20.05,19.72,19.77,19.88,19.74,19.76,19.96
282120,995.48,992.56,1017.80,1009.70,972.60,988.80,978.16,1007.14,19.73,20.06,19.72,19.78,19.88,19.75,19.76,19.96
282240,995.52,992.44,1017.88,1009.60,972.56,988.74,978.10,1007.06,19.73,20.05,19.72,19.77,19.89,19.75,19.76,19.96
282360,995.38,992.58,1017.86,1009.58,972.46,988.80,977.92,1007.10,19.72,20.05,19.71,19.77,19.87,19.74,19.75,19.96
282480,995.30,992.58,1017.68,1009.60,972.24,988.90,977.92,1007.16,19.74,20.07,19.73,19.78,19.88,19.75,19.77,19.97
282600,995.28,992.46,1017.58,1009.60,972.20,988.74,977.88,1007.30,19.73,20.06,19.72,19.78,19.88,19.74,19.76,19.97
282720,995.28,992.40,1017.64,1009.52,972.22,988.68,977.68,1007.20,19.71,20.04,19.71,19.77,19.87,19.74,19.75,19.95
282840,995.18,992.48,1017.52,1009.52,971.92,988.76,977.64,1006.94,19.70,20.04,19.70,19.77,19.86,19.73,19.75,19.94
282960,995.24,992.46,1017.56,1009.44,971.94,988.96,977.42,1007.40,19.72,20.05,19.72,19.78,19.88,19.75,19.76,19.96
283080,995.18,992.08,1017.50,1009.38,971.86,988.98,977.52,1007.20,19.72,20.05,19.72,19.78,19.89,19.75,19.76,19.96
283200,995.24,992.08,1017.46,1009.50,971.78,988.72,977.42,1007.36,19.72,20.05,19.71,19.77,19.88,19.74,19.75,19.96
283320,995.06,992.08,1017.40,1009.48,971.68,988.22,977.42,1007.14,19.71,20.04,19.71,19.76,19.88,19.74,19.75,19.96
283440,995.38,991.96,1017.34,1009.20,971.58,988.12,977.16,1007.24,19.73,20.05,19.72,19.78,19.89,19.75,19.77,19.97
283560,995.36,991.94,1017.30,1009.28,971.42,988.04,977.04,1007.22,19.74,20.07,19.73,19.78,19.89,19.75,19.77,19.98
283680,995.48,991.82,1017.34,1009.20,971.32,988.02,977.08,1007.36,19.74,20.07,19.73,19.79,19.89,19.75,19.78,19.99
283800,995.46,991.70,1017.28,1009.32,971.26,988.04,976.90,1007.16,19.75,20.08,19.74,19.78,19.88,19.76,19.78,19.99
283920,995.36,991.70,1017.32,1009.12,971.20,988.00,976.82,1007.22,19.76,20.10,19.75,19.80,19.90,19.78,19.80,20.00
284040,995.34,991.64,1017.28,1009.06,971.12,987.78,976.66,1007.22,19.76,20.10,19.76,19.80,19.91,19.78,19.81,20.01
284160,995.40,991.50,1017.24,1009.14,970.94,987.86,976.60,1007.28,19.76,20.09,19.75,19.80,19.90,19.78,19.80,20.00
284280,995.56,991.44,1017.20,1008.96,970.84,987.88,976.56,1007.32,19.76,20.10,19.75,19.80,19.90,19.78,19.81,20.01
284400,995.34,991.52,1017.06,1008.94,970.80,987.68,976.30,1007.46,19.78,20.11,19.78,19.81,19.92,19.79,19.83,20.03
284520,995.36,991.44,1017.12,1009.04,970.64,987.62,976.24,1007.36,19.79,20.12,19.78,19.82,19.92,19.80,19.83,20.03
284640,995.58,991.68,1017.10,1008.92,970.58,987.72,976.28,1007.30,19.78,20.11,19.77,19.81,19.91,19.79,19.82,20.02
284760,995.32,991.46,1017.10,1008.84,970.46,987.52,975.96,1007.40,19.77,20.10,19.76,19.80,19.90,19.78,19.80,20.00
284880,995.32,991.54,1016.94,1008.90,970.36,987.66,976.06,1007.30,19.79,20.12,19.78,19.82,19.92,19.79,19.83,20.02
285000,995.40,991.64,1016.88,1008.92,970.18,987.40,975.90,1007.40,19.80,20.13,19.78,19.82,19.92,19.80,19.83,20.04
285120,995.32,991.46,1016.80,1008.96,970.18,987.38,975.84,1007.24,19.80,20.12,19.77,19.81,19.92,19.79,19.83,20.03
285240,995.44,991.32,1016.58,1009.08,970.16,987.22,975.76,1007.28,19.78,20.10,19.76,19.80,19.90,19.78,19.81,20.01
285360,995.56,991.20,1016.66,1008.90,969.98,987.32,975.90,1007.48,19.79,20.11,19.77,19.80,19.91,19.79,19.82,20.03
285480,995.50,991.34,1016.72,1008.82,969.82,987.38,975.70,1007.36,19.79,20.12,19.78,19.82,19.92,19.79,19.82,20.03
285600,995.34,991.20,1016.60,1008.86,969.62,987.40,975.52,1007.36,19.78,20.11,19.77,19.81,19.91,19.79,19.82,20.02
285720,995.38,991.08,1016.70,1009.02,969.62,987.22,975.52,1007.50,19.76,20.09,19.76,19.80,19.91,19.78,19.81,20.01
285840,995.36,991.06,1016.64,1008.98,969.56,983.50,975.28,1007.46,19.79,20.11,19.78,19.82,19.93,19.80,19.83,20.03
285960,995.40,991.08,1016.56,1008.70,969.56,983.46,975.06,1007.52,19.80,20.13,19.79,19.83,19.93,19.81,19.84,20.04
286080,995.44,991.10,1016.52,1008.76,969.32,983.24,975.06,1007.52,19.78,20.12,19.78,19.82,19.92,19.80,19.83,20.03
286200,995.46,991.04,1016.56,1008.72,969.16,983.22,975.04,1007.58,19.77,20.11,19.77,19.82,19.92,19.80,19.83,20.02
286320,995.44,990.96,1016.52,1008.62,969.22,983.18,974.98,1007.34,19.78,20.12,19.78,19.82,19.93,19.81,19.84,20.04
286440,995.36,990.68,1016.36,1008.68,969.10,983.06,974.72,1007.50,19.78,20.12,19.78,19.82,19.93,19.81,19.83,20.03
286560,995.22,990.84,1016.38,1008.44,968.92,983.10,974.70,1007.58,19.77,20.11,19.77,19.81,19.91,19.78,19.81,20.01
286680,995.16,990.80,1016.40,1008.38,968.82,983.04,974.52,1007.42,19.78,20.11,19.77,19.81,19.91,19.78,19.82,20.02
286800,995.40,990.74,1016.38,1008.32,968.80,982.92,974.48,1007.36,19.79,20.12,19.78,19.82,19.92,19.80,19.83,20.03
286920,995.44,990.66,1016.32,1008.42,968.48,982.84,974.32,1007.50,19.79,20.12,19.79,19.83,19.93,19.80,19.83,20.04
287040,995.36,990.66,1016.28,1008.40,968.60,982.60,974.18,1007.40,19.78,20.12,19.77,19.82,19.92,19.79,19.82,20.02
287160,995.54,990.68,1016.16,1008.20,968.44,982.62,974.26,1007.48,19.78,20.11,19.77,19.81,19.92,19.79,19.82,20.02
287280,995.32,990.56,1016.14,1008.16,968.38,982.34,974.14,1007.42,19.79,20.12,19.77,19.81,19.92,19.80,19.83,20.04
287400,995.40,990.40,1016.24,1008.18,968.16,982.42,973.98,1007.62,19.80,20.12,19.78,19.82,19.93,19.80,19.84,20.04
287520,995.54,990.54,1016.06,1008.24,968.10,982.38,973.72,1007.40,19.78,20.11,19.76,19.81,19.92,19.79,19.82,20.02
287640,995.48,990.44,1015.72,1008.24,968.08,982.36,973.68,1007.56,19.78,20.11,19.77,19.81,19.92,19.79,19.82,20.02
287760,995.52,990.52,1016.00,1008.20,967.88,982.08,973.64,1007.64,19.79,20.12,19.78,19.82,19.92,19.80,19.83,20.03
287880,995.48,990.36,1016.06,1008.12,967.78,982.00,973.58,1007.44,19.78,20.11,19.76,19.81,19.92,19.80,19.82,20.02
288000,995.54,990.38,1015.74,1008.06,967.64,981.90,973.54,1007.50,19.76,20.10,19.76,19.80,19.90,19.78,19.81,20.00
288120,995.44,990.16,1015.90,1007.94,967.60,981.84,973.36,1007.60,19.77,20.11,19.77,19.81,19.90,19.78,19.81,20.01
288240,995.60,990.28,1015.88,1008.04,967.38,981.76,973.26,1007.70,19.79,20.13,19.78,19.82,19.91,19.79,19.83,20.03
288360,995.48,990.00,1015.82,1008.04,967.38,981.78,973.10,1007.76,19.79,20.12,19.78,19.82,19.92,19.80,19.83,20.03
288480,995.28,989.86,1015.78,1007.94,967.24,981.74,973.00,1007.54,19.77,20.10,19.76,19.81,19.91,19.78,19.81,20.00
288600,995.34,989.88,1015.76,1007.88,967.08,981.48,972.90,1007.58,19.77,20.10,19.76,19.80,19.91,19.79,19.81,20.01
288720,995.36,989.80,1015.78,1007.98,967.04,981.24,972.84,1007.70,19.78,20.12,19.77,19.81,19.91,19.79,19.83,20.02
288840,995.44,989.92,1015.72,1007.90,967.02,981.10,972.86,1007.52,19.80,20.13,19.78,19.82,19.92,19.80,19.83,20.04
288960,995.40,989.90,1015.76,1007.90,966.92,980.98,972.76,1007.38,19.79,20.12,19.77,19.82,19.91,19.79,19.82,20.02
289080,995.52,989.78,1015.66,1007.84,966.64,980.90,972.54,1007.48,19.77,20.11,19.76,19.80,19.89,19.77,19.81,20.01
289200,995.34,989.74,1015.50,1007.82,966.56,980.64,972.32,1007.76,19.79,20.12,19.78,19.81,19.90,19.78,19.82,20.03
289320,995.30,989.74,1015.52,1007.74,966.50,980.70,972.36,1007.86,19.80,20.13,19.78,19.81,19.91,19.78,19.82,20.03
289440,995.22,989.72,1015.60,1007.80,966.34,980.60,972.22,1007.86,19.77,20.11,19.77,19.80,19.90,19.78,19.81,20.01
289560,995.28,989.70,1015.36,1007.76,966.08,980.70,971.98,1007.68,19.76,20.09,19.75,19.79,19.90,19.77,19.80,20.00
289680,995.34,989.72,1015.30,1007.74,966.08,980.52,972.02,1007.62,19.76,20.09,19.75,19.80,19.91,19.78,19.80,20.00
289800,995.28,989.58,1015.28,1007.52,966.06,980.30,971.94,1007.68,19.75,20.08,19.74,19.79,19.90,19.77,19.80,20.00
289920,995.06,989.60,1015.22,1007.48,965.90,980.28,971.82,1007.68,19.74,20.07,19.74,19.78,19.89,19.76,19.78,19.99
290040,995.34,989.50,1015.16,1007.42,965.78,980.20,971.70,1007.54,19.72,20.06,19.71,19.76,19.87,19.74,19.76,19.96
290160,995.22,989.54,1015.12,1007.48,965.64,980.00,971.68,1007.52,19.73,20.06,19.72,19.76,19.86,19.73,19.76,19.97
290280,995.28,989.52,1015.14,1007.36,965.48,979.84,971.68,1007.66,19.74,20.08,19.72,19.76,19.87,19.74,19.77,19.98
290400,995.30,989.48,1015.10,1007.36,965.26,979.72,971.40,1007.60,19.75,20.08,19.73,19.77,19.88,19.75,19.78,19.99
290520,995.50,989.32,1014.98,1007.30,965.34,979.58,971.30,1007.62,19.74,20.07,19.72,19.76,19.87,19.74,19.77,19.98
290640,995.24,989.14,1014.80,1007.22,965.36,979.54,971.10,1007.54,19.71,20.05,19.70,19.75,19.86,19.73,19.75,19.96
290760,995.14,989.18,1014.82,1007.32,965.14,979.60,970.84,1007.48,19.69,20.02,19.68,19.73,19.84,19.71,19.73,19.93
290880,995.22,989.00,1014.66,1007.40,965.00,979.48,970.72,1007.44,19.68,20.02,19.67,19.72,19.83,19.70,19.71,19.92
291000,995.16,988.86,1014.72,1007.24,964.86,979.40,970.74,1007.42,19.67,20.01,19.67,19.72,19.83,19.70,19.72,19.92
291120,995.24,988.86,1014.64,1007.22,964.60,979.18,970.78,1007.46,19.66,20.00,19.66,19.71,19.83,19.69,19.71,19.91
291240,994.98,988.74,1014.68,1007.18,964.42,979.16,970.44,1007.50,19.64,19.99,19.64,19.70,19.82,19.68,19.69,19.88
291360,995.06,988.56,1014.64,1007.08,964.42,979.00,970.26,1007.48,19.63,19.98,19.63,19.69,19.80,19.67,19.68,19.87
291480,994.96,988.42,1014.62,1006.96,964.24,978.98,970.16,1007.50,19.63,19.98,19.63,19.69,19.80,19.67,19.68,19.87
291600,995.02,988.46,1014.62,1006.96,964.14,978.64,970.08,1007.40,19.64,19.99,19.64,19.70,19.80,19.67,19.69,19.88
291720,994.90,988.40,1014.32,1006.94,964.14,978.64,970.00,1007.46,19.65,20.00,19.65,19.71,19.81,19.68,19.70,19.90
291840,995.00,988.40,1014.24,1006.76,964.06,978.54,969.82,1007.50,19.66,20.00,19.65,19.70,19.80,19.67,19.69,19.90
291960,994.94,988.36,1014.20,1006.68,964.18,978.50,969.66,1007.38,19.66,20.00,19.65,19.71,19.81,19.67,19.69,19.90
292080,995.06,988.38,1014.26,1006.98,963.90,978.28,969.78,1007.40,19.66,20.00,19.65,19.70,19.80,19.67,19.69,19.90
292200,995.20,988.32,1014.18,1006.96,963.74,978.22,969.60,1007.52,19.66,20.00,19.65,19.70,19.81,19.67,19.69,19.90
292320,994.94,988.30,1014.14,1006.96,963.42,978.02,969.48,1007.42,19.66,20.00,19.65,19.71,19.81,19.67,19.69,19.90
292440,994.92,988.24,1014.18,1006.80,963.34,977.82,969.30,1007.44,19.66,20.00,19.65,19.71,19.81,19.67,19.69,19.90
292560,995.02,988.00,1014.16,1006.70,963.30,977.86,969.18,1007.38,19.64,19.98,19.63,19.69,19.80,19.66,19.68,19.88
292680,994.94,987.84,1014.12,1006.66,963.38,977.64,969.14,1007.44,19.62,19.97,19.62,19.68,19.78,19.65,19.66,19.86
292800,994.80,987.76,1014.14,1006.60,963.18,977.42,968.98,1007.34,19.61,19.96,19.61,19.67,19.77,19.64,19.65,19.85
292920,994.88,987.88,1013.94,1006.52,963.08,977.36,968.94,1007.54,19.60,19.95,19.60,19.66,19.77,19.63,19.64,19.84
293040,994.68,987.72,1013.88,1006.42,962.88,977.24,968.68,1007.42,19.60,19.95,19.60,19.66,19.77,19.63,19.64,19.84
293160,994.94,987.76,1013.64,1006.48,962.82,977.08,968.64,1007.26,19.61,19.96,19.61,19.67,19.77,19.63,19.65,19.85
293280,994.70,987.68,1013.70,1006.50,962.64,976.96,968.50,1007.26,19.62,19.97,19.61,19.67,19.76,19.63,19.65,19.86
293400,994.58,987.74,1013.58,1006.54,962.32,976.90,968.58,1007.16,19.63,19.98,19.62,19.67,19.77,19.64,19.66,19.87
293520,994.68,987.58,1013.60,1006.36,962.36,976.80,968.46,1007.34,19.63,19.97,19.62,19.67,19.77,19.64,19.66,19.86
293640,994.78,987.54,1013.60,1006.36,962.26,976.62,968.22,1007.38,19.62,19.96,19.61,19.66,19.76,19.63,19.65,19.85
293760,994.76,987.48,1013.60,1006.50,962.22,976.42,967.92,1007.30,19.60,19.94,19.59,19.65,19.76,19.62,19.63,19.83
293880,994.84,987.34,1013.40,1006.36,962.12,976.48,967.84,1007.36,19.58,19.93,19.58,19.64,19.74,19.61,19.62,19.82
294000,994.68,987.28,1013.46,1006.22,961.82,976.20,967.68,1007.38,19.59,19.93,19.58,19.64,19.74,19.60,19.62,19.82
294120,994.72,987.26,1013.26,1006.22,961.80,976.04,967.48,1007.32,19.60,19.95,19.59,19.65,19.75,19.61,19.63,19.84
294240,994.56,987.12,1013.24,1006.22,961.82,976.00,967.46,1007.38,19.61,19.95,19.59,19.65,19.75,19.62,19.63,19.84
294360,994.68,987.00,1013.18,1006.20,961.58,976.06,967.42,1007.30,19.61,19.95,19.59,19.65,19.76,19.62,19.63,19.84
294480,994.78,987.06,1013.30,1006.18,961.46,975.90,967.34,1007.34,19.60,19.94,19.59,19.65,19.76,19.62,19.63,19.83
294600,994.80,987.00,1013.12,1006.02,961.44,975.72,967.16,1007.30,19.59,19.93,19.58,19.65,19.75,19.61,19.62,19.82
294720,994.68,986.98,1013.16,1006.18,961.02,975.70,966.98,1007.30,19.58,19.92,19.57,19.64,19.75,19.61,19.61,19.81
294840,994.72,986.98,1013.06,1006.10,961.04,975.64,966.94,1007.24,19.58,19.92,19.57,19.63,19.74,19.60,19.61,19.81
294960,994.70,986.92,1012.82,1006.02,961.02,975.56,966.72,1007.22,19.57,19.92,19.57,19.62,19.73,19.60,19.61,19.81
295080,994.84,986.90,1012.94,1006.04,960.86,975.46,966.58,1007.20,19.58,19.92,19.57,19.62,19.73,19.60,19.61,19.82
295200,994.52,986.98,1012.88,1005.86,960.74,975.38,966.58,1007.36,19.59,19.93,19.58,19.63,19.74,19.61,19.62,19.83
295320,994.68,986.64,1012.82,1005.82,960.60,975.30,966.56,1007.54,19.62,19.95,19.59,19.64,19.75,19.63,19.64,19.86
295440,994.86,986.64,1012.74,1005.88,960.56,975.26,966.48,1007.52,19.63,19.97,19.61,19.65,19.76,19.64,19.66,19.87
295560,994.78,986.70,1012.70,1005.68,960.46,975.14,966.36,1007.46,19.65,19.99,19.62,19.66,19.77,19.65,19.68,19.90
295680,994.68,986.66,1012.62,1005.80,960.38,974.94,966.28,1007.50,19.66,20.00,19.63,19.67,19.78,19.65,19.69,19.91
295800,994.82,986.68,1012.68,1005.76,960.34,975.00,966.06,1007.58,19.67,20.00,19.64,19.69,19.79,19.66,19.69,19.92
295920,994.88,986.50,1012.56,1005.84,960.30,974.88,966.00,1007.60,19.67,20.00,19.64,19.69,19.80,19.67,19.70,19.91
296040,994.82,986.56,1012.70,1005.88,960.10,974.74,965.92,1007.56,19.66,20.00,19.64,19.69,19.79,19.66,19.69,19.90
296160,994.86,986.38,1012.44,1005.66,960.10,974.70,965.86,1007.58,19.63,19.98,19.62,19.67,19.78,19.65,19.67,19.87
296280,994.76,986.34,1012.44,1005.72,959.80,974.74,965.76,1007.58,19.61,19.97,19.61,19.65,19.77,19.64,19.66,19.86
296400,994.74,986.40,1012.40,1005.58,959.78,974.40,965.58,1007.66,19.61,19.96,19.61,19.64,19.76,19.63,19.65,19.86
296520,994.74,986.28,1012.48,1005.48,959.56,974.30,965.52,1007.60,19.62,19.97,19.61,19.64,19.75,19.62,19.65,19.87
296640,994.84,986.30,1012.38,1005.50,959.52,974.04,965.42,1007.62,19.63,19.98,19.62,19.66,19.76,19.63,19.66,19.89
296760,994.84,986.22,1012.30,1005.36,959.36,974.10,965.32,1007.64,19.64,19.99,19.62,19.67,19.77,19.64,19.67,19.89
296880,994.98,986.12,1012.28,1005.70,959.30,973.92,965.26,1007.58,19.65,20.00,19.63,19.68,19.78,19.66,19.68,19.90
297000,995.02,986.22,1012.20,1005.66,959.26,973.90,965.08,1007.76,19.66,20.00,19.65,19.68,19.79,19.66,19.70,19.92
297120,994.72,986.10,1012.26,1005.48,959.02,973.86,965.12,1007.76,19.67,20.00,19.65,19.69,19.79,19.67,19.70,19.92
297240,994.78,986.10,1012.10,1005.46,958.98,973.88,964.68,1007.70,19.65,20.00,19.65,19.68,19.79,19.67,19.69,19.91
297360,994.74,986.22,1012.20,1005.48,958.92,973.54,964.78,1007.62,19.66,20.00,19.64,19.68,19.79,19.67,19.70,19.91
297480,994.98,986.42,1012.10,1005.22,958.80,973.54,964.72,1007.68,19.67,20.01,19.65,19.69,19.80,19.68,19.71,19.92
297600,994.84,986.06,1012.00,1005.26,958.64,973.42,964.60,1007.60,19.68,20.01,19.65,19.70,19.80,19.68,19.71,19.93
297720,994.76,985.92,1011.88,1005.14,958.64,973.44,964.40,1007.60,19.66,20.00,19.65,19.69,19.80,19.68,19.70,19.92
297840,994.70,985.86,1011.94,1005.06,958.66,973.38,964.34,1007.60,19.65,20.00,19.63,19.68,19.79,19.66,19.69,19.91
297960,994.82,985.72,1011.78,1005.16,958.54,973.18,964.26,1007.90,19.63,19.98,19.62,19.67,19.78,19.64,19.67,19.88
298080,994.74,985.76,1011.78,1005.06,958.34,973.08,964.02,1007.62,19.63,19.98,19.62,19.66,19.76,19.64,19.66,19.87
298200,994.86,985.72,1011.78,1004.90,958.42,972.94,963.98,1007.76,19.62,19.97,19.61,19.66,19.76,19.63,19.65,19.86
298320,994.70,985.80,1011.74,1004.92,958.24,972.76,963.86,1007.58,19.62,19.97,19.61,19.65,19.75,19.63,19.65,19.86
298440,994.66,985.76,1011.70,1004.86,958.14,972.72,963.82,1007.62,19.62,19.97,19.61,19.65,19.76,19.64,19.67,19.87
298560,994.56,985.52,1011.78,1005.00,957.86,972.54,963.72,1007.66,19.64,19.98,19.62,19.67,19.77,19.66,19.68,19.89
298680,994.80,985.52,1011.66,1004.90,957.86,972.42,963.48,1007.54,19.66,20.00,19.63,19.68,19.79,19.66,19.69,19.90
298800,994.88,985.36,1011.68,1004.86,957.60,972.40,963.32,1007.66,19.66,20.00,19.64,19.68,19.79,19.66,19.69,19.91
298920,994.62,985.40,1011.38,1004.96,957.58,972.20,963.40,1007.70,19.65,20.00,19.63,19.67,19.79,19.66,19.69,19.90
299040,994.74,985.42,1011.50,1004.82,957.56,972.18,963.26,1007.78,19.64,19.99,19.63,19.67,19.78,19.66,19.68,19.89
299160,994.72,985.44,1011.32,1004.76,957.38,972.00,963.24,1007.68,19.63,19.99,19.62,19.67,19.78,19.66,19.68,19.89
299280,994.60,985.42,1011.50,1004.66,957.24,971.94,962.92,1007.72,19.63,19.99,19.62,19.66,19.78,19.65,19.67,19.88
299400,994.74,985.18,1011.38,1004.74,957.06,971.80,962.80,1007.68,19.63,19.99,19.62,19.67,19.77,19.64,19.68,19.88
299520,994.64,985.18,1011.36,1004.72,956.98,971.86,962.82,1007.62,19.64,19.99,19.62,19.67,19.78,19.65,19.68,19.88
299640,994.58,985.06,1011.46,1004.52,956.94,971.64,962.62,1007.60,19.64,19.99,19.62,19.67,19.77,19.65,19.68,19.88
299760,994.68,984.98,1011.34,1004.56,956.76,971.44,962.42,1007.78,19.66,20.00,19.63,19.67,19.78,19.65,19.68,19.90
299880,994.82,985.08,1011.22,1004.72,956.72,971.32,962.44,1007.74,19.67,20.00,19.65,19.69,19.79,19.67,19.69,19.91
300000,994.86,984.96,1011.14,1004.58,956.52,971.28,962.36,1007.70,19.66,20.00,19.64,19.68,19.78,19.65,19.69,19.91
300120,994.82,984.98,1011.10,1004.42,956.54,971.32,962.06,1007.74,19.65,20.00,19.63,19.67,19.77,19.65,19.68,19.90
300240,994.70,984.86,1010.88,1004.48,956.46,971.14,962.18,1007.80,19.64,19.99,19.62,19.67,19.77,19.65,19.68,19.90
300360,994.78,984.86,1011.06,1004.52,956.20,970.82,961.90,1007.72,19.64,19.99,19.62,19.66,19.77,19.64,19.67,19.89
300480,994.78,984.68,1010.98,1004.44,956.04,970.74,961.84,1007.74,19.63,19.98,19.61,19.65,19.75,19.63,19.66,19.88
300600,994.66,984.64,1011.14,1004.34,955.96,970.52,961.86,1007.80,19.62,19.97,19.61,19.65,19.75,19.62,19.66,19.87
300720,994.70,984.60,1010.82,1004.26,955.80,970.58,961.70,1007.78,19.63,19.98,19.61,19.65,19.75,19.62,19.66,19.88
300840,994.82,984.50,1010.66,1004.34,955.70,970.36,961.48,1007.86,19.63,19.98,19.62,19.66,19.75,19.62,19.66,19.88
300960,994.78,984.52,1010.90,1004.22,955.72,970.52,961.36,1007.86,19.64,19.99,19.62,19.66,19.76,19.63,19.66,19.88
301080,994.80,984.56,1010.78,1004.18,955.62,970.20,961.40,1007.82,19.65,19.99,19.62,19.66,19.76,19.63,19.67,19.89
301200,994.86,984.54,1010.62,1004.22,955.62,970.08,961.34,1007.94,19.66,20.00,19.63,19.67,19.77,19.65,19.68,19.89
301320,994.84,984.48,1010.52,1004.22,955.58,969.90,961.32,1007.80,19.66,19.99,19.63,19.67,19.78,19.65,19.68,19.89
301440,994.84,984.36,1010.56,1004.22,955.58,969.64,961.12,1007.96,19.65,20.00,19.63,19.67,19.78,19.65,19.68,19.89
301560,994.90,984.32,1010.54,1004.40,955.40,969.58,960.86,1007.80,19.65,20.00,19.63,19.67,19.78,19.65,19.68,19.89
301680,994.78,984.38,1010.40,1004.14,954.98,969.48,960.62,1007.84,19.64,19.98,19.62,19.66,19.77,19.63,19.66,19.88
301800,994.82,984.42,1010.52,1004.14,955.02,969.36,960.64,1007.72,19.62,19.97,19.60,19.66,19.76,19.63,19.65,19.86
301920,994.78,984.12,1010.32,1004.28,954.76,969.32,960.56,1007.82,19.60,19.95,19.58,19.64,19.75,19.61,19.63,19.84
302040,994.54,984.18,1010.30,1004.12,954.74,969.24,960.44,1007.68,19.58,19.93,19.57,19.63,19.73,19.60,19.62,19.82
302160,994.62,984.28,1010.26,1004.00,954.58,969.22,960.26,1007.74,19.56,19.92,19.56,19.62,19.72,19.58,19.60,19.80
302280,994.70,984.04,1010.08,1004.00,954.42,969.12,960.26,1007.68,19.56,19.91,19.55,19.61,19.71,19.58,19.59,19.79
302400,994.50,984.00,1010.04,1004.02,954.36,968.92,960.08,1007.56,19.58,19.92,19.56,19.62,19.72,19.58,19.60,19.81
302520,994.74,984.00,1010.18,1003.90,954.24,968.74,959.82,1007.92,19.59,19.93,19.57,19.63,19.73,19.59,19.61,19.82
302640,994.62,984.00,1010.14,1003.86,954.10,968.60,959.78,1007.80,19.60,19.94,19.57,19.63,19.73,19.60,19.62,19.83
302760,994.64,984.08,1010.04,1003.94,954.06,968.58,959.68,1007.78,19.59,19.94,19.57,19.62,19.73,19.60,19.62,19.83
302880,994.74,983.74,1009.86,1003.72,954.06,968.46,959.64,1007.62,19.60,19.95,19.58,19.64,19.74,19.61,19.63,19.84
303000,994.88,983.70,1009.88,1003.74,953.94,968.36,959.52,1007.60,19.60,19.94,19.57,19.63,19.74,19.61,19.63,19.83
303120,994.66,983.78,1009.88,1003.72,953.78,968.40,959.42,1007.50,19.58,19.92,19.56,19.62,19.73,19.59,19.61,19.81
303240,994.64,983.46,1009.86,1003.58,953.48,968.20,958.98,1007.60,19.56,19.91,19.54,19.60,19.72,19.58,19.59,19.79
303360,994.68,983.56,1009.86,1003.54,953.58,967.88,959.12,1007.78,19.56,19.90,19.53,19.59,19.71,19.57,19.58,19.78
303480,994.68,983.54,1009.78,1003.56,953.38,967.84,958.90,1007.48,19.54,19.89,19.52,19.58,19.69,19.56,19.57,19.77
303600,994.66,983.34,1009.66,1003.48,953.26,967.90,958.78,1007.68,19.53,19.88,19.52,19.57,19.68,19.54,19.56,19.76
303720,994.58,983.34,1009.58,1003.50,953.30,967.68,958.74,1007.54,19.52,19.88,19.51,19.58,19.68,19.54,19.55,19.76
303840,994.60,983.28,1009.56,1003.30,953.00,967.48,958.46,1007.56,19.54,19.89,19.53,19.58,19.69,19.55,19.57,19.77
303960,994.60,983.38,1009.42,1003.36,952.78,967.44,958.36,1007.56,19.56,19.90,19.54,19.59,19.70,19.55,19.57,19.79
304080,994.78,983.02,1009.42,1003.20,952.82,967.36,958.22,1007.46,19.56,19.90,19.53,19.59,19.70,19.55,19.58,19.79
304200,994.68,983.10,1009.14,1003.20,952.60,967.34,958.26,1007.56,19.54,19.88,19.51,19.58,19.69,19.55,19.56,19.77
304320,994.50,982.98,1009.14,1003.22,952.46,967.14,957.98,1007.58,19.52,19.87,19.51,19.57,19.68,19.53,19.55,19.75
304440,994.58,983.02,1009.10,1003.22,952.38,966.98,957.96,1007.62,19.52,19.87,19.50,19.56,19.67,19.53,19.54,19.74
304560,994.48,982.92,1009.08,1003.22,952.38,966.78,957.80,1007.56,19.51,19.86,19.50,19.56,19.66,19.52,19.53,19.73
304680,994.54,983.08,1009.28,1002.94,952.08,966.56,957.56,1007.58,19.51,19.86,19.50,19.55,19.65,19.51,19.53,19.74
304800,994.48,982.74,1009.04,1002.82,951.88,966.46,957.48,1007.64,19.52,19.87,19.50,19.55,19.65,19.51,19.53,19.75
304920,994.56,982.70,1009.04,1003.00,951.90,966.34,957.48,1007.58,19.52,19.87,19.50,19.56,19.66,19.52,19.53,19.75
305040,994.54,982.78,1008.98,1003.02,951.96,966.30,957.42,1007.68,19.53,19.87,19.50,19.55,19.66,19.52,19.54,19.76
305160,994.48,982.68,1008.92,1002.98,951.70,966.14,957.34,1007.74,19.55,19.90,19.52,19.57,19.68,19.54,19.56,19.79
305280,994.52,982.74,1008.90,1002.94,951.62,966.20,957.02,1007.64,19.58,19.92,19.54,19.60,19.71,19.57,19.59,19.81
305400,994.58,982.66,1008.90,1002.76,951.60,966.00,956.98,1007.78,19.58,19.93,19.55,19.60,19.72,19.58,19.60,19.82
305520,994.52,982.52,1008.70,1002.74,951.58,965.82,956.78,1007.68,19.56,19.91,19.54,19.59,19.71,19.57,19.58,19.79
305640,994.58,982.50,1008.66,1002.74,951.42,965.96,956.60,1007.68,19.56,19.91,19.54,19.58,19.70,19.57,19.58,19.80
305760,994.66,982.26,1008.68,1002.66,951.20,965.78,956.78,1007.80,19.58,19.93,19.55,19.60,19.72,19.58,19.60,19.82
305880,994.70,982.32,1008.82,1002.58,951.24,965.82,956.58,1007.72,19.60,19.94,19.57,19.62,19.73,19.59,19.61,19.84
306000,994.70,982.34,1008.64,1002.68,951.14,965.58,956.50,1007.50,19.59,19.94,19.56,19.62,19.72,19.59,19.61,19.82
306120,994.68,982.38,1008.60,1002.64,951.08,965.28,956.24,1007.70,19.59,19.93,19.55,19.61,19.71,19.57,19.60,19.82
306240,994.76,982.20,1008.54,1002.70,951.00,965.20,956.10,1007.86,19.59,19.94,19.56,19.61,19.71,19.58,19.61,19.82
306360,994.74,982.08,1008.54,1002.54,950.76,965.02,955.98,1007.80,19.60,19.94,19.57,19.62,19.72,19.59,19.62,19.83
306480,994.78,982.08,1008.36,1002.48,950.64,964.94,955.98,1007.72,19.60,19.94,19.58,19.63,19.73,19.60,19.62,19.84
306600,994.78,982.02,1008.42,1002.52,950.52,964.90,955.72,1007.82,19.63,19.97,19.60,19.64,19.74,19.61,19.64,19.87
306720,994.84,982.06,1008.32,1002.52,950.68,964.86,955.92,1007.84,19.65,19.99,19.62,19.66,19.76,19.62,19.66,19.89
306840,994.84,981.96,1008.16,1002.42,950.40,964.78,955.68,1007.98,19.64,19.98,19.61,19.66,19.76,19.63,19.65,19.88
306960,994.90,981.86,1008.28,1002.56,950.08,964.74,955.62,1007.86,19.62,19.97,19.60,19.65,19.75,19.62,19.64,19.85
307080,994.84,981.96,1008.24,1002.60,950.06,964.48,955.44,1007.94,19.61,19.95,19.59,19.64,19.74,19.61,19.63,19.85
307200,994.84,981.76,1008.28,1002.40,950.00,964.48,955.36,1007.90,19.62,19.96,19.59,19.63,19.74,19.61,19.63,19.85
307320,994.80,981.86,1008.28,1002.42,949.96,964.38,955.40,1007.98,19.65,19.99,19.61,19.66,19.76,19.62,19.65,19.88
307440,994.80,981.72,1008.18,1002.38,949.90,964.28,955.34,1008.04,19.66,20.00,19.63,19.66,19.77,19.64,19.67,19.90
307560,994.90,981.74,1008.24,1002.36,949.84,964.28,954.94,1007.96,19.65,19.99,19.62,19.66,19.77,19.63,19.67,19.89
307680,994.78,981.64,1008.16,1002.50,949.66,964.08,954.94,1007.90,19.64,19.98,19.61,19.66,19.76,19.63,19.66,19.89
307800,994.92,981.64,1008.06,1002.48,949.46,964.02,954.88,1008.00,19.65,20.00,19.63,19.67,19.78,19.65,19.68,19.90
307920,994.98,981.60,1008.12,1002.36,949.48,964.06,954.70,1008.12,19.67,20.00,19.65,19.69,19.80,19.66,19.69,19.92
308040,995.02,981.48,1008.10,1002.22,949.30,963.82,954.38,1008.10,19.66,20.00,19.64,19.69,19.80,19.66,19.69,19.91
308160,995.10,981.44,1007.86,1002.34,949.16,963.64,954.42,1008.04,19.64,19.99,19.62,19.67,19.78,19.65,19.67,19.89
308280,995.02,981.48,1007.84,1002.30,949.02,963.74,954.56,1007.94,19.65,19.99,19.63,19.67,19.78,19.64,19.67,19.90
308400,995.08,981.46,1007.86,1002.10,948.86,963.44,954.24,1008.02,19.67,20.01,19.64,19.68,19.79,19.66,19.69,19.93
308520,995.02,981.60,1007.94,1002.08,948.80,963.40,954.00,1008.00,19.68,20.02,19.65,19.69,19.80,19.67,19.70,19.93
308640,995.06,981.42,1007.86,1002.14,948.78,963.38,953.86,1008.14,19.66,20.01,19.64,19.68,19.79,19.65,19.69,19.91
308760,994.92,981.46,1007.82,1002.06,948.58,963.26,953.84,1008.06,19.65,20.00,19.63,19.67,19.77,19.64,19.67,19.89
308880,994.90,981.44,1007.70,1001.88,948.50,962.98,953.72,1008.10,19.63,19.99,19.62,19.66,19.76,19.63,19.66,19.88
309000,994.96,981.30,1007.58,1001.86,948.46,962.68,953.52,1008.08,19.64,20.00,19.62,19.66,19.76,19.63,19.66,19.89
309120,994.96,981.26,1007.54,1002.16,948.36,962.68,953.50,1008.04,19.66,20.00,19.63,19.67,19.77,19.64,19.67,19.90
309240,995.06,981.20,1007.58,1002.04,948.22,962.64,953.40,1008.12,19.67,20.01,19.64,19.69,19.78,19.65,19.68,19.91
309360,995.14,980.94,1007.46,1002.06,948.18,962.44,953.16,1008.20,19.67,20.01,19.64,19.68,19.78,19.65,19.69,19.91
309480,995.04,980.98,1007.50,1001.94,947.98,962.46,953.24,1008.30,19.67,20.01,19.64,19.68,19.78,19.65,19.69,19.91
309600,995.18,981.10,1007.42,1002.02,947.98,962.34,953.12,1008.18,19.69,20.03,19.66,19.69,19.80,19.67,19.71,19.94
309720,995.36,981.04,1007.38,1002.02,947.86,962.16,952.96,1008.32,19.71,20.05,19.68,19.72,19.82,19.69,19.73,19.96
309840,995.22,981.06,1007.34,1001.70,947.72,962.18,952.86,1008.30,19.72,20.05,19.68,19.72,19.83,19.70,19.73,19.96
309960,995.18,980.90,1007.24,1001.80,947.60,962.18,952.74,1008.46,19.68,20.03,19.66,19.70,19.81,19.68,19.71,19.92
310080,995.30,980.88,1007.30,1001.82,947.56,962.12,952.56,1008.52,19.69,20.02,19.66,19.70,19.81,19.68,19.71,19.93
310200,995.04,980.88,1007.26,1001.90,947.68,961.74,952.38,1008.42,19.70,20.04,19.67,19.71,19.82,19.69,19.72,19.94
310320,995.16,980.82,1007.22,1001.68,947.40,961.68,952.32,1008.36,19.70,20.04,19.67,19.71,19.81,19.68,19.72,19.94
310440,995.14,980.78,1007.16,1001.68,947.34,961.34,952.30,1008.28,19.68,20.02,19.66,19.70,19.79,19.67,19.70,19.93
310560,995.00,980.78,1006.90,1001.56,947.14,961.42,952.30,1008.28,19.66,20.00,19.65,19.69,19.79,19.66,19.69,19.91
310680,995.10,980.60,1007.04,1001.68,947.18,961.40,952.08,1008.28,19.66,20.01,19.64,19.69,19.79,19.67,19.69,19.91
310800,995.02,980.40,1007.06,1001.60,947.10,961.36,951.98,1008.46,19.66,20.01,19.65,19.69,19.79,19.66,19.69,19.91
310920,995.04,980.40,1007.06,1001.52,946.86,960.98,951.80,1008.40,19.67,20.01,19.65,19.69,19.79,19.66,19.69,19.91
311040,995.04,980.34,1006.92,1001.44,946.76,960.84,951.72,1008.24,19.67,20.02,19.65,19.69,19.80,19.67,19.70,19.92
311160,995.04,980.32,1006.90,1001.46,946.64,960.90,951.46,1008.36,19.68,20.02,19.66,19.69,19.80,19.66,19.70,19.92
311280,995.20,980.30,1006.88,1001.58,946.64,960.68,951.46,1008.42,19.68,20.03,19.66,19.70,19.80,19.66,19.70,19.93
311400,995.10,980.06,1006.76,1001.58,946.54,960.64,951.36,1008.56,19.68,20.02,19.66,19.69,19.80,19.66,19.70,19.92
311520,995.14,980.06,1006.72,1001.52,946.24,960.58,951.38,1008.34,19.67,20.02,19.66,19.69,19.80,19.67,19.70,19.92
311640,995.22,980.16,1006.62,1001.50,946.34,960.64,951.26,1008.34,19.68,20.02,19.65,19.70,19.81,19.67,19.70,19.92
311760,995.34,979.90,1006.72,1001.42,946.16,960.50,950.94,1008.40,19.67,20.02,19.66,19.70,19.81,19.67,19.70,19.92
311880,995.16,979.90,1006.64,1001.46,946.08,960.36,950.82,1008.36,19.67,20.02,19.65,19.69,19.80,19.67,19.70,19.92
312000,995.14,979.96,1006.44,1001.34,945.80,960.16,950.80,1008.52,19.67,20.01,19.65,19.69,19.79,19.67,19.70,19.91
312120,995.10,979.96,1006.46,1001.28,945.78,960.08,950.74,1008.56,19.66,20.00,19.64,19.68,19.80,19.66,19.69,19.90
312240,995.24,979.80,1006.42,1001.16,945.70,959.88,950.42,1008.50,19.65,20.00,19.63,19.67,19.79,19.65,19.68,19.90
312360,995.24,979.72,1006.30,1001.28,945.60,959.60,950.42,1008.48,19.65,20.00,19.62,19.67,19.79,19.65,19.68,19.89
312480,995.26,979.70,1006.26,1001.26,945.50,959.68,950.14,1008.56,19.64,20.00,19.63,19.67,19.79,19.65,19.67,19.88
312600,995.16,979.70,1006.24,1001.12,945.24,959.66,950.10,1008.62,19.65,20.00,19.62,19.67,19.79,19.65,19.67,19.88
312720,995.12,979.78,1006.20,1001.16,945.22,959.56,949.98,1008.56,19.63,19.98,19.61,19.66,19.78,19.63,19.66,19.87
312840,995.08,979.72,1006.22,1001.14,945.22,959.30,949.96,1008.58,19.63,19.98,19.61,19.66,19.77,19.63,19.66,19.87
312960,995.14,979.80,1006.08,1001.14,945.02,959.28,949.84,1008.62,19.63,19.99,19.61,19.66,19.77,19.64,19.66,19.88
313080,995.08,979.74,1006.10,1001.08,945.00,958.98,949.88,1008.54,19.63,19.98,19.61,19.66,19.77,19.64,19.66,19.88
313200,995.00,979.60,1006.00,1000.94,944.70,958.88,949.64,1008.48,19.63,19.99,19.61,19.65,19.77,19.63,19.65,19.87
313320,995.10,979.46,1005.90,1000.88,944.70,958.86,949.44,1008.36,19.62,19.98,19.60,19.65,19.75,19.62,19.64,19.86
313440,995.12,979.54,1005.78,1000.82,944.52,958.90,949.22,1008.34,19.61,19.97,19.60,19.64,19.75,19.61,19.64,19.85
313560,995.00,979.52,1005.76,1000.90,944.56,958.52,949.14,1008.40,19.62,19.97,19.59,19.64,19.74,19.61,19.63,19.85
313680,995.02,979.52,1005.72,1000.84,944.32,958.56,949.14,1008.50,19.61,19.97,19.59,19.63,19.75,19.61,19.64,19.85
313800,995.10,979.40,1005.70,1000.80,944.24,958.28,948.88,1008.64,19.62,19.97,19.60,19.64,19.75,19.61,19.64,19.86
313920,995.18,979.42,1005.80,1000.68,944.20,958.30,948.74,1008.64,19.63,19.99,19.61,19.66,19.77,19.63,19.65,19.87
314040,995.26,979.38,1005.64,1000.78,944.08,958.40,948.54,1008.60,19.65,20.00,19.64,19.68,19.79,19.64,19.68,19.90
314160,995.18,979.38,1005.62,1000.78,944.16,958.06,948.52,1008.74,19.67,20.01,19.65,19.70,19.81,19.66,19.69,19.92
314280,995.06,979.32,1005.58,1000.78,944.20,957.94,948.52,1008.72,19.69,20.03,19.67,19.71,19.82,19.68,19.71,19.94
314400,995.32,979.18,1005.46,1000.68,944.04,957.96,948.36,1008.76,19.70,20.05,19.68,19.73,19.84,19.69,19.73,19.96
314520,995.22,979.22,1005.70,1000.80,944.04,957.94,948.46,1008.80,19.74,20.07,19.71,19.75,19.87,19.72,19.75,19.98
314640,995.40,979.28,1005.60,1000.58,944.04,957.92,948.52,1008.88,19.75,20.09,19.73,19.76,19.89,19.73,19.76,19.99
314760,995.32,979.32,1005.46,1000.80,943.94,957.70,948.20,1008.96,19.78,20.11,19.75,19.79,19.91,19.75,19.78,20.01
314880,995.50,979.32,1005.48,1000.70,943.80,957.78,948.18,1009.04,19.78,20.12,19.76,19.79,19.91,19.76,19.80,20.02
315000,995.64,979.22,1005.52,1000.86,943.86,957.70,948.14,1009.16,19.80,20.14,19.77,19.80,19.92,19.77,19.81,20.03
315120,995.50,979.14,1005.42,1000.82,943.58,957.42,947.84,1009.14,19.80,20.14,19.77,19.81,19.93,19.77,19.81,20.04
315240,995.50,979.12,1005.38,1000.94,943.48,957.40,947.90,1009.04,19.80,20.14,19.77,19.81,19.93,19.78,19.81,20.03
315360,995.54,979.20,1005.42,1000.76,943.40,957.48,947.74,1008.94,19.79,20.13,19.77,19.80,19.92,19.77,19.81,20.03
315480,995.66,978.80,1005.48,1000.84,943.46,957.30,947.80,1008.86,19.79,20.13,19.77,19.80,19.92,19.77,19.81,20.02
315600,995.66,979.02,1005.46,1000.74,943.20,956.92,947.62,1009.02,19.77,20.12,19.76,19.80,19.91,19.77,19.80,20.02
315720,995.60,979.04,1005.44,1000.70,943.30,956.98,947.48,1009.10,19.79,20.13,19.77,19.80,19.92,19.78,19.81,20.03
315840,995.74,978.86,1005.30,1000.58,943.26,956.90,947.44,1008.92,19.81,20.15,19.79,19.83,19.94,19.79,19.83,20.05
315960,995.72,979.06,1005.30,1000.52,943.20,956.74,947.48,1009.14,19.84,20.18,19.82,19.85,19.98,19.82,19.85,20.08
316080,995.70,978.64,1005.26,1000.70,943.00,956.82,947.50,1009.20,19.86,20.20,19.84,19.86,20.00,19.84,19.88,20.10
316200,995.62,978.68,1005.36,1000.56,943.02,956.74,947.22,1009.12,19.87,20.21,19.85,19.88,20.00,19.85,19.88,20.12
316320,995.62,978.96,1005.30,1000.62,942.78,956.46,947.18,1009.38,19.89,20.23,19.86,19.89,20.01,19.86,19.90,20.14
316440,996.10,978.96,1005.30,1000.54,942.84,956.72,947.16,1009.34,19.92,20.26,19.90,19.92,20.04,19.88,19.93,20.17
316560,996.00,978.92,1005.42,1000.72,942.80,956.34,947.04,1009.34,19.97,20.31,19.94,19.96,20.08,19.92,19.97,20.22
316680,996.18,978.92,1005.30,1000.66,942.88,956.20,946.98,1009.74,19.99,20.33,19.96,19.98,20.10,19.94,19.99,20.24
316800,996.20,978.90,1005.36,1000.68,942.92,956.30,946.92,1009.70,20.01,20.36,19.98,20.00,20.12,19.96,20.01,20.27
316920,996.38,979.02,1005.46,1000.68,942.94,956.20,946.92,1009.74,20.03,20.38,20.00,20.03,20.15,19.99,20.03,20.30
317040,996.44,979.10,1005.32,1000.72,942.84,956.22,946.94,1009.86,20.04,20.39,20.01,20.04,20.17,20.00,20.04,20.31
317160,996.42,978.88,1005.24,1000.82,942.50,956.20,946.86,1009.82,20.04,20.39,20.02,20.05,20.17,20.00,20.05,20.31
317280,996.48,979.00,1005.22,1000.70,942.58,956.18,946.80,1009.94,20.05,20.40,20.03,20.05,20.18,20.01,20.06,20.32
317400,996.70,979.08,1005.38,1000.70,942.64,956.00,946.76,1010.08,20.07,20.43,20.05,20.08,20.20,20.03,20.09,20.35
317520,996.66,979.02,1005.38,1000.76,942.50,956.02,946.66,1010.24,20.10,20.46,20.08,20.10,20.23,20.06,20.11,20.38
317640,996.76,979.06,1005.48,1000.70,942.44,955.86,946.48,1010.26,20.13,20.48,20.10,20.12,20.25,20.07,20.13,20.41
317760,996.84,979.02,1005.46,1000.86,942.30,955.80,946.40,1010.40,20.15,20.50,20.13,20.14,20.27,20.10,20.16,20.44
317880,996.90,979.12,1005.44,1001.00,942.36,955.90,946.24,1010.40,20.17,20.52,20.14,20.16,20.29,20.11,20.17,20.45
318000,997.14,979.24,1005.36,1000.82,942.44,955.78,946.16,1010.52,20.18,20.53,20.16,20.17,20.31,20.13,20.19,20.46
318120,997.10,979.26,1005.36,1001.00,942.22,955.84,946.06,1010.58,20.18,20.54,20.16,20.18,20.31,20.14,20.19,20.46
318240,997.14,979.20,1005.28,1000.96,942.26,955.72,946.00,1010.52,20.19,20.55,20.17,20.19,20.33,20.15,20.20,20.47
318360,997.24,979.22,1005.32,1000.94,942.06,955.56,945.98,1010.72,20.19,20.55,20.18,20.20,20.33,20.16,20.21,20.48
318480,997.22,979.24,1005.34,1000.82,942.08,955.42,945.92,1010.98,20.20,20.55,20.18,20.20,20.34,20.16,20.21,20.48
318600,997.24,979.28,1005.20,1000.88,941.92,955.28,945.94,1010.90,20.21,20.57,20.20,20.21,20.36,20.17,20.23,20.49
318720,997.32,979.00,1005.30,1000.96,942.10,955.38,945.74,1011.04,20.23,20.59,20.22,20.23,20.38,20.19,20.25,20.51
318840,997.36,979.08,1005.26,1001.10,942.08,955.40,945.74,1011.06,20.24,20.60,20.23,20.24,20.40,20.20,20.26,20.52
318960,997.44,979.10,1005.14,1001.12,942.04,955.20,945.64,1011.06,20.24,20.60,20.23,20.25,20.42,20.22,20.27,20.53
319080,997.54,979.06,1005.18,1001.00,942.06,955.24,945.62,1011.14,20.24,20.61,20.24,20.26,20.46,20.24,20.27,20.53
319200,997.50,979.24,1005.18,1001.12,942.00,954.96,945.64,1011.24,20.25,20.62,20.25,20.27,20.47,20.25,20.31,20.55
319320,997.50,979.16,1005.14,1001.24,941.90,954.96,945.62,1011.34,20.26,20.62,20.26,20.28,20.48,20.26,20.32,20.58
319440,997.64,979.20,1005.26,1000.88,941.88,954.92,945.44,1011.32,20.27,20.64,20.28,20.30,20.49,20.27,20.34,20.61
319560,997.62,979.12,1005.26,1001.16,941.64,954.84,945.50,1011.48,20.30,20.66,20.30,20.32,20.50,20.28,20.35,20.62
319680,997.66,979.14,1005.36,1000.86,941.56,954.74,945.48,1011.52,20.31,20.67,20.32,20.33,20.50,20.29,20.35,20.63
319800,997.70,979.12,1005.20,1000.98,941.38,954.68,945.26,1011.58,20.32,20.69,20.33,20.32,20.48,20.29,20.35,20.63
319920,997.90,978.98,1005.26,1001.06,941.38,954.68,945.30,1011.50,20.34,20.70,20.33,20.32,20.47,20.29,20.36,20.64
320040,997.76,979.16,1005.24,1001.10,941.52,954.62,945.24,1011.54,20.36,20.71,20.33,20.33,20.47,20.29,20.36,20.66
320160,997.84,979.06,1005.22,1000.98,941.24,954.58,945.24,1011.58,20.36,20.71,20.33,20.34,20.48,20.30,20.37,20.65
320280,998.20,979.14,1005.20,1000.96,941.28,954.48,945.20,1011.62,20.36,20.71,20.34,20.35,20.49,20.31,20.37,20.65
320400,998.02,979.16,1005.24,1001.08,941.18,954.38,944.96,1011.62,20.35,20.71,20.35,20.36,20.49,20.31,20.37,20.64
320520,998.14,978.98,1005.10,1001.08,941.26,954.28,944.92,1011.78,20.36,20.72,20.36,20.36,20.49,20.32,20.37,20.64
320640,998.12,978.96,1005.14,1001.08,941.08,954.30,944.80,1011.84,20.36,20.72,20.36,20.36,20.49,20.32,20.38,20.64
320760,998.24,979.08,1005.02,1001.02,941.10,954.12,944.66,1011.94,20.39,20.75,20.38,20.39,20.52,20.34,20.39,20.66
320880,998.28,979.12,1005.18,1001.16,941.00,953.96,944.72,1012.18,20.42,20.78,20.40,20.41,20.54,20.36,20.42,20.69
321000,998.58,979.06,1005.38,1001.08,941.00,953.82,944.66,1012.18,20.44,20.80,20.43,20.43,20.56,20.39,20.45,20.72
321120,998.42,978.96,1005.24,1001.06,941.22,953.72,944.62,1012.18,20.45,20.81,20.43,20.44,20.57,20.40,20.46,20.72
321240,998.46,979.04,1005.20,1001.08,940.98,953.72,944.52,1012.20,20.44,20.80,20.43,20.44,20.57,20.40,20.46,20.71
321360,998.60,979.00,1005.12,1001.16,940.88,953.62,944.44,1012.34,20.43,20.79,20.42,20.43,20.56,20.39,20.45,20.69
321480,998.60,978.98,1005.18,1001.26,940.82,953.58,944.38,1012.38,20.43,20.80,20.43,20.45,20.57,20.41,20.45,20.70
321600,998.54,979.10,1005.36,1001.16,940.96,953.52,944.34,1012.22,20.44,20.81,20.44,20.45,20.59,20.42,20.46,20.71
321720,998.74,979.26,1005.02,1001.30,940.60,953.50,944.44,1012.54,20.45,20.82,20.46,20.47,20.60,20.43,20.48,20.73
321840,998.82,979.24,1005.20,1001.30,940.62,953.46,944.30,1012.72,20.46,20.83,20.46,20.48,20.60,20.43,20.48,20.74
321960,998.98,979.12,1005.14,1001.32,940.72,953.36,944.26,1012.64,20.47,20.83,20.47,20.48,20.61,20.43,20.49,20.74
322080,998.86,979.24,1005.02,1001.20,940.50,953.22,944.04,1012.56,20.47,20.83,20.47,20.47,20.60,20.43,20.48,20.74
322200,998.90,979.30,1005.16,1001.20,940.52,953.18,943.94,1012.48,20.46,20.83,20.47,20.47,20.61,20.44,20.49,20.74
322320,998.88,979.20,1005.24,1001.32,940.24,953.20,943.94,1012.70,20.46,20.83,20.47,20.48,20.61,20.44,20.49,20.74
322440,998.98,979.18,1005.26,1001.34,940.18,953.36,943.88,1012.72,20.47,20.83,20.47,20.49,20.63,20.45,20.50,20.75
322560,999.04,979.18,1005.38,1001.28,940.32,953.02,943.88,1012.72,20.48,20.84,20.48,20.50,20.64,20.46,20.51,20.77
322680,998.90,979.26,1005.24,1001.24,940.06,952.90,943.78,1012.74,20.49,20.87,20.50,20.52,20.65,20.47,20.52,20.78
322800,999.24,979.30,1005.14,1001.26,939.90,952.94,943.60,1012.72,20.51,20.87,20.51,20.53,20.65,20.48,20.53,20.79
322920,999.14,979.28,1004.96,1001.28,939.94,952.88,943.34,1012.60,20.50,20.86,20.50,20.52,20.64,20.48,20.52,20.76
323040,999.18,979.04,1004.98,1001.26,940.04,952.76,943.42,1012.62,20.50,20.85,20.49,20.51,20.65,20.48,20.52,20.76
323160,999.32,978.98,1004.92,1001.44,939.86,952.44,943.26,1012.76,20.50,20.86,20.49,20.51,20.64,20.47,20.53,20.77
323280,999.06,979.02,1004.96,1001.34,939.76,952.34,943.14,1012.76,20.51,20.87,20.50,20.52,20.65,20.49,20.54,20.78
323400,999.20,979.06,1004.96,1001.22,939.74,952.28,943.00,1012.84,20.51,20.87,20.51,20.53,20.65,20.49,20.54,20.78
323520,999.40,978.98,1004.96,1001.32,939.66,952.36,942.92,1012.92,20.53,20.88,20.52,20.54,20.67,20.51,20.55,20.79
323640,999.52,978.92,1004.82,1001.20,939.62,952.24,942.84,1012.96,20.54,20.90,20.53,20.55,20.68,20.52,20.56,20.80
323760,999.44,978.88,1004.78,1001.24,939.54,952.20,943.00,1012.88,20.55,20.91,20.54,20.56,20.69,20.52,20.57,20.82
323880,999.48,979.02,1004.96,1001.22,939.50,952.22,943.00,1012.98,20.56,20.92,20.55,20.57,20.70,20.53,20.58,20.83
324000,999.56,979.04,1004.92,1001.24,939.34,952.04,942.70,1013.06,20.55,20.92,20.56,20.57,20.70,20.53,20.58,20.83
324120,999.50,979.06,1005.06,1001.44,939.42,952.00,942.64,1013.18,20.54,20.91,20.55,20.57,20.70,20.53,20.57,20.83
324240,999.64,979.12,1005.08,1001.24,939.48,951.88,942.52,1013.32,20.56,20.92,20.57,20.58,20.72,20.55,20.59,20.84
324360,999.68,979.06,1004.90,1001.42,939.48,951.84,942.56,1013.30,20.58,20.95,20.60,20.61,20.75,20.57,20.62,20.87
324480,999.82,978.90,1004.90,1001.30,939.24,951.74,942.54,1013.40,20.60,20.97,20.61,20.63,20.77,20.60,20.63,20.88
324600,999.80,979.10,1004.74,1001.34,939.26,951.62,942.32,1013.34,20.61,20.99,20.62,20.64,20.78,20.62,20.65,20.89
324720,999.84,978.84,1004.72,1001.34,939.24,951.58,942.32,1013.32,20.64,21.01,20.64,20.67,20.81,20.64,20.67,20.91
324840,999.88,979.04,1004.82,1001.12,939.20,951.56,942.30,1013.28,20.65,21.02,20.66,20.68,20.82,20.65,20.68,20.92
324960,999.88,979.16,1004.54,1001.40,939.02,951.50,942.22,1013.34,20.65,21.02,20.67,20.69,20.81,20.65,20.68,20.92
325080,999.92,978.90,1004.82,1001.24,938.98,951.48,942.12,1013.34,20.66,21.03,20.67,20.69,20.82,20.66,20.69,20.92
325200,999.94,978.86,1004.84,1001.36,938.86,951.42,941.98,1013.38,20.66,21.03,20.67,20.69,20.83,20.67,20.69,20.93
325320,999.86,978.92,1004.80,1001.38,938.90,951.30,941.90,1013.54,20.69,21.06,20.69,20.72,20.86,20.69,20.72,20.97
325440,999.96,979.12,1004.78,1001.42,938.86,951.18,942.04,1013.48,20.71,21.08,20.71,20.73,20.87,20.71,20.74,20.99
325560,999.86,979.08,1004.94,1001.46,938.70,951.18,941.72,1013.58,20.69,21.07,20.70,20.72,20.86,20.70,20.73,20.98
325680,999.86,978.88,1004.96,1001.36,938.74,951.16,941.72,1013.56,20.70,21.07,20.71,20.73,20.86,20.71,20.74,20.98
325800,999.80,978.74,1004.92,1001.40,938.60,950.92,941.78,1013.48,20.69,21.06,20.71,20.73,20.86,20.70,20.73,20.96
325920,1000.02,978.94,1004.66,1001.48,938.58,950.82,941.66,1013.52,20.69,21.07,20.71,20.74,20.87,20.71,20.73,20.96
326040,1000.02,978.98,1004.72,1001.46,938.54,950.72,941.62,1013.56,20.68,21.06,20.71,20.74,20.87,20.72,20.73,20.96
326160,999.98,978.88,1004.78,1001.42,938.56,950.84,941.32,1013.70,20.69,21.08,20.72,20.75,20.89,20.73,20.75,20.97
326280,1000.10,978.82,1004.64,1001.32,938.32,950.74,941.12,1013.66,20.71,21.09,20.73,20.76,20.90,20.74,20.76,20.98
326400,1000.28,979.06,1004.90,1001.42,938.26,950.72,941.12,1013.62,20.72,21.10,20.74,20.77,20.90,20.75,20.76,20.99
326520,1000.28,979.04,1004.88,1001.36,938.24,950.34,941.20,1013.76,20.71,21.09,20.73,20.75,20.88,20.74,20.76,20.98
326640,1000.18,978.90,1004.80,1001.38,938.12,950.24,941.18,1013.76,20.71,21.08,20.72,20.75,20.88,20.73,20.75,20.97
326760,1000.16,978.90,1004.78,1001.40,938.20,950.42,941.20,1013.86,20.69,21.08,20.72,20.75,20.88,20.74,20.75,20.96
326880,1000.26,978.96,1004.72,1001.52,938.06,950.38,940.98,1013.82,20.70,21.08,20.72,20.76,20.89,20.74,20.75,20.96
327000,1000.18,978.86,1004.76,1001.38,937.90,950.32,940.90,1013.82,20.71,21.09,20.73,20.76,20.89,20.74,20.76,20.98
327120,1000.26,978.84,1004.78,1001.32,937.90,950.16,940.86,1013.74,20.70,21.08,20.72,20.76,20.89,20.74,20.76,20.98
327240,1000.28,978.72,1004.54,1001.34,937.90,950.04,940.80,1013.68,20.69,21.07,20.72,20.76,20.89,20.74,20.76,20.97
327360,1000.34,978.68,1004.66,1001.26,937.68,949.90,940.74,1013.70,20.70,21.08,20.73,20.76,20.90,20.75,20.76,20.97
327480,1000.26,978.86,1004.44,1001.30,937.72,949.90,940.64,1013.62,20.68,21.06,20.71,20.74,20.88,20.73,20.75,20.96
327600,1000.22,978.64,1004.44,1001.14,937.38,949.68,940.54,1013.74,20.67,21.05,20.69,20.72,20.86,20.71,20.73,20.94
327720,1000.32,978.52,1004.46,1001.06,937.54,949.48,940.38,1013.74,20.67,21.06,20.70,20.73,20.87,20.71,20.73,20.94
327840,1000.22,978.48,1004.40,1001.16,937.48,949.30,940.26,1013.76,20.67,21.05,20.70,20.73,20.88,20.72,20.73,20.94
327960,1000.26,978.54,1004.28,1001.18,937.28,949.38,940.06,1013.66,20.65,21.03,20.68,20.72,20.85,20.70,20.71,20.91
328080,1000.34,978.44,1004.24,1001.20,937.06,949.28,940.02,1013.76,20.65,21.03,20.68,20.72,20.85,20.70,20.71,20.91
328200,1000.44,978.40,1004.30,1001.32,937.12,949.24,940.00,1013.80,20.66,21.04,20.68,20.73,20.86,20.70,20.72,20.91
328320,1000.34,978.44,1004.08,1001.16,936.96,949.06,939.94,1013.86,20.66,21.04,20.68,20.73,20.85,20.70,20.71,20.91
328440,1000.28,978.36,1004.04,1001.08,937.00,948.84,939.88,1013.76,20.65,21.04,20.68,20.73,20.86,20.71,20.72,20.91
328560,1000.22,978.34,1004.22,1001.08,936.92,948.80,939.78,1013.74,20.64,21.04,20.68,20.73,20.86,20.71,20.71,20.91
328680,1000.34,978.24,1004.20,1001.10,936.88,948.62,939.58,1013.70,20.63,21.02,20.67,20.71,20.85,20.70,20.70,20.89
328800,1000.30,978.04,1004.02,1001.02,936.70,948.62,939.50,1013.60,20.62,21.02,20.66,20.71,20.85,20.68,20.69,20.89
328920,1000.24,978.12,1004.06,1001.02,936.46,948.44,939.36,1013.74,20.62,21.01,20.66,20.70,20.83,20.67,20.68,20.88
329040,1000.16,978.08,1003.98,1001.00,936.54,948.18,939.14,1013.70,20.60,21.00,20.66,20.70,20.83,20.67,20.67,20.87
329160,1000.00,978.10,1003.88,1000.78,936.34,948.24,939.04,1013.68,20.59,20.99,20.65,20.68,20.82,20.65,20.66,20.87
329280,1000.08,978.00,1003.78,1000.78,936.28,948.00,938.84,1013.62,20.58,20.97,20.62,20.66,20.79,20.62,20.64,20.85
329400,1000.14,977.98,1003.78,1000.74,935.88,947.92,938.66,1013.66,20.56,20.95,20.61,20.64,20.77,20.60,20.62,20.83
329520,1000.08,977.94,1003.68,1000.64,935.82,947.90,938.50,1013.60,20.55,20.94,20.59,20.63,20.75,20.59,20.61,20.82
329640,1000.10,977.86,1003.68,1000.70,935.82,947.64,938.44,1013.38,20.54,20.93,20.58,20.63,20.76,20.60,20.61,20.81
329760,1000.22,977.94,1003.48,1000.70,935.74,947.60,938.34,1013.42,20.54,20.93,20.58,20.63,20.76,20.60,20.61,20.80
329880,1000.16,977.78,1003.46,1000.54,935.68,947.42,938.14,1013.66,20.54,20.93,20.58,20.63,20.76,20.61,20.62,20.81
330000,999.86,977.76,1003.42,1000.52,935.62,947.38,938.10,1013.64,20.53,20.92,20.57,20.62,20.75,20.60,20.61,20.80
330120,999.98,977.66,1003.38,1000.44,935.52,947.40,938.00,1013.60,20.53,20.92,20.57,20.62,20.75,20.60,20.61,20.79
330240,999.96,977.46,1003.32,1000.36,935.36,947.10,937.82,1013.66,20.53,20.92,20.56,20.62,20.75,20.60,20.61,20.78
330360,999.90,977.36,1003.16,1000.38,935.22,946.96,937.80,1013.68,20.51,20.90,20.56,20.62,20.74,20.60,20.60,20.78
330480,999.90,977.28,1003.38,1000.36,935.10,947.08,937.80,1013.50,20.49,20.88,20.54,20.61,20.72,20.58,20.58,20.76
330600,999.86,977.26,1003.38,1000.16,935.00,946.82,937.70,1013.50,20.49,20.89,20.55,20.62,20.73,20.59,20.58,20.76
330720,999.74,977.22,1003.18,1000.14,934.66,946.58,937.62,1013.40,20.48,20.87,20.53,20.60,20.72,20.57,20.58,20.74
330840,999.86,977.20,1003.12,1000.20,934.68,946.40,937.56,1013.52,20.49,20.88,20.53,20.58,20.69,20.55,20.55,20.75
330960,999.84,977.22,1003.02,1000.22,934.76,946.44,937.34,1013.52,20.50,20.89,20.53,20.57,20.68,20.53,20.56,20.76
331080,999.96,977.12,1002.98,1000.18,934.46,946.28,937.22,1013.44,20.52,20.90,20.54,20.58,20.69,20.54,20.57,20.78
331200,999.92,977.18,1002.94,1000.18,934.48,946.18,937.20,1013.50,20.55,20.92,20.55,20.58,20.68,20.53,20.57,20.82
331320,999.94,977.24,1002.94,1000.04,934.44,946.06,937.34,1013.60,20.59,20.96,20.58,20.62,20.73,20.58,20.61,20.87
331440,1000.16,977.18,1002.94,999.98,934.38,945.86,937.18,1013.64,20.61,20.98,20.61,20.64,20.75,20.60,20.64,20.91
331560,1000.18,977.22,1002.86,1000.10,934.40,946.06,937.28,1013.90,20.61,20.98,20.62,20.66,20.78,20.65,20.66,20.99
331680,1000.36,977.20,1002.82,999.96,934.48,946.08,937.32,1013.94,20.60,20.97,20.62,20.65,20.78,20.66,20.67,20.94
331800,1000.42,977.04,1002.78,1000.04,934.40,945.92,937.36,1013.84,20.59,20.95,20.60,20.64,20.77,20.66,20.65,20.90
331920,1000.18,977.00,1002.78,1000.02,934.50,945.84,937.14,1014.10,20.57,20.92,20.58,20.63,20.76,20.65,20.64,20.86
332040,1000.14,976.96,1002.66,999.94,934.42,945.80,937.08,1014.06,20.57,20.92,20.57,20.62,20.75,20.65,20.64,20.85
332160,1000.10,976.88,1002.70,999.92,934.46,945.72,937.02,1014.02,20.55,20.91,20.57,20.61,20.74,20.64,20.62,20.83
332280,1000.20,976.82,1002.54,999.90,934.32,945.66,937.00,1013.94,20.53,20.89,20.54,20.59,20.72,20.60,20.59,20.79
332400,1000.14,976.38,1002.58,999.92,933.92,945.44,936.70,1013.78,20.48,20.85,20.50,20.55,20.70,20.58,20.55,20.74
332520,999.92,976.36,1002.42,999.72,933.88,945.32,936.50,1013.64,20.45,20.82,20.47,20.53,20.67,20.54,20.53,20.71
332640,999.76,976.38,1002.28,999.58,933.50,945.18,936.46,1013.60,20.41,20.80,20.44,20.49,20.64,20.51,20.49,20.67
332760,999.74,976.38,1002.20,999.66,933.46,944.98,936.16,1013.54,20.40,20.78,20.43,20.48,20.63,20.49,20.47,20.66
332880,999.84,976.38,1002.14,999.64,933.32,944.76,935.96,1013.44,20.37,20.75,20.39,20.46,20.60,20.45,20.44,20.62
333000,999.56,976.18,1002.08,999.44,933.18,944.62,935.72,1013.22,20.34,20.73,20.37,20.42,20.56,20.42,20.41,20.59
333120,999.54,976.18,1001.86,999.18,932.98,944.38,935.72,1013.20,20.33,20.72,20.35,20.41,20.56,20.41,20.40,20.58
333240,999.48,976.20,1001.86,999.18,932.96,944.14,935.58,1013.20,20.30,20.69,20.33,20.39,20.53,20.39,20.38,20.55
333360,999.56,976.22,1001.60,999.02,932.62,943.98,935.26,1013.26,20.26,20.66,20.31,20.37,20.51,20.37,20.36,20.53
333480,999.42,975.92,1001.62,999.04,932.58,943.86,935.02,1013.10,20.25,20.64,20.30,20.35,20.50,20.35,20.34,20.51
333600,999.48,975.70,1001.54,998.98,932.46,944.00,934.92,1012.98,20.24,20.63,20.28,20.33,20.49,20.34,20.33,20.50
333720,999.58,975.58,1001.52,998.88,932.08,943.58,934.86,1012.92,20.22,20.61,20.26,20.32,20.47,20.32,20.30,20.47
333840,999.28,975.56,1001.50,998.88,932.06,943.52,934.66,1012.86,20.21,20.60,20.25,20.31,20.46,20.30,20.29,20.47
333960,999.28,975.50,1001.28,998.50,931.86,943.24,934.52,1012.86,20.19,20.59,20.23,20.28,20.43,20.28,20.26,20.45
334080,999.22,975.38,1001.12,998.56,931.68,943.16,934.40,1012.86,20.19,20.58,20.22,20.27,20.42,20.27,20.25,20.44
334200,999.12,975.32,1001.14,998.52,931.50,942.76,934.32,1012.68,20.18,20.57,20.22,20.26,20.41,20.26,20.25,20.44
334320,999.16,975.24,1001.00,998.48,931.52,942.78,934.12,1012.72,20.18,20.57,20.22,20.26,20.40,20.25,20.25,20.44
334440,999.18,975.30,1000.96,998.44,931.38,942.74,934.10,1012.66,20.17,20.56,20.20,20.24,20.39,20.24,20.24,20.42
334560,999.14,975.24,1000.96,998.38,931.24,942.50,934.00,1012.66,20.15,20.54,20.18,20.22,20.36,20.21,20.21,20.40
334680,999.00,974.98,1000.74,998.24,931.06,942.52,933.84,1012.76,20.14,20.54,20.19,20.22,20.36,20.21,20.21,20.40
334800,999.08,974.88,1000.58,998.04,930.88,942.46,933.80,1012.70,20.13,20.53,20.18,20.21,20.35,20.20,20.20,20.40
334920,999.04,974.80,1000.58,997.94,930.88,942.22,933.70,1012.52,20.13,20.53,20.17,20.22,20.36,20.20,20.20,20.40
335040,998.98,974.60,1000.44,998.04,930.84,942.14,933.48,1012.36,20.12,20.52,20.16,20.20,20.35,20.19,20.19,20.39
335160,998.88,974.48,1000.34,997.90,930.60,941.92,933.34,1012.24,20.11,20.51,20.14,20.18,20.32,20.17,20.17,20.37
335280,998.76,974.36,1000.34,997.74,930.72,941.72,933.28,1012.28,20.09,20.49,20.13,20.18,20.30,20.16,20.16,20.35
335400,998.84,974.34,1000.28,997.70,930.58,941.60,933.18,1012.30,20.09,20.48,20.12,20.17,20.31,20.16,20.15,20.34
335520,998.80,974.36,1000.10,997.68,930.26,941.44,933.06,1012.28,20.08,20.48,20.11,20.17,20.31,20.15,20.15,20.33
335640,998.80,974.38,1000.26,997.72,930.40,941.32,933.02,1012.24,20.08,20.47,20.11,20.17,20.31,20.15,20.15,20.33
335760,998.82,974.22,1000.12,997.58,930.36,941.14,932.80,1012.36,20.07,20.45,20.10,20.16,20.30,20.14,20.12,20.30
335880,998.68,974.26,999.96,997.54,929.74,941.00,932.72,1012.18,20.06,20.45,20.10,20.15,20.29,20.14,20.12,20.30
336000,998.52,974.14,999.90,997.44,929.88,940.88,932.80,1012.20,20.05,20.45,20.10,20.15,20.29,20.13,20.12,20.30
336120,998.62,973.94,999.92,997.40,929.78,940.82,932.58,1012.14,20.06,20.46,20.09,20.13,20.29,20.12,20.12,20.30
336240,998.56,973.84,999.74,997.06,929.58,940.48,932.48,1012.08,20.06,20.45,20.08,20.12,20.27,20.11,20.12,20.31
336360,998.62,973.84,999.56,997.18,929.46,940.40,932.58,1012.10,20.07,20.45,20.08,20.12,20.27,20.12,20.12,20.32
336480,998.66,973.74,999.74,997.18,929.48,940.24,932.38,1012.12,20.07,20.46,20.08,20.11,20.26,20.11,20.13,20.33
336600,998.74,973.72,999.56,997.06,929.10,940.16,931.92,1012.04,20.08,20.47,20.09,20.12,20.26,20.12,20.14,20.33
336720,998.66,973.68,999.54,997.14,929.06,940.08,932.08,1011.96,20.10,20.48,20.12,20.14,20.28,20.13,20.15,20.36
336840,998.60,973.64,999.34,997.04,928.98,940.06,932.04,1011.96,20.13,20.51,20.14,20.16,20.30,20.16,20.18,20.39
336960,998.56,973.66,999.34,996.88,928.92,939.94,931.98,1011.94,20.16,20.54,20.17,20.19,20.33,20.18,20.21,20.42
337080,998.52,973.62,999.34,997.00,929.00,939.80,931.98,1012.12,20.20,20.58,20.20,20.22,20.35,20.21,20.24,20.45
337200,998.72,973.58,999.40,997.04,928.92,939.60,931.88,1012.24,20.24,20.61,20.23,20.26,20.38,20.24,20.27,20.50
337320,998.68,973.46,999.32,997.02,928.94,939.50,931.96,1012.20,20.27,20.63,20.25,20.27,20.40,20.26,20.29,20.53
337440,998.90,973.44,999.24,997.10,928.90,939.40,931.82,1012.26,20.30,20.67,20.28,20.30,20.43,20.29,20.32,20.56
337560,999.04,973.42,999.36,996.98,928.74,939.46,931.68,1012.34,20.35,20.70,20.31,20.34,20.47,20.33,20.36,20.60
337680,998.90,973.54,999.28,997.04,928.72,939.46,931.68,1012.44,20.38,20.74,20.34,20.37,20.50,20.35,20.39,20.64
337800,999.06,973.62,999.26,997.04,928.92,939.40,931.70,1012.42,20.41,20.78,20.37,20.40,20.52,20.38,20.42,20.67
337920,999.18,973.60,999.32,997.04,928.72,939.42,931.70,1012.56,20.44,20.80,20.40,20.42,20.55,20.41,20.45,20.70
338040,999.34,973.60,999.48,997.02,928.66,939.28,931.68,1012.50,20.46,20.83,20.43,20.45,20.57,20.43,20.48,20.73
338160,999.40,973.62,999.48,997.16,928.64,939.24,931.60,1012.50,20.50,20.86,20.45,20.47,20.60,20.45,20.50,20.75
338280,999.42,973.66,999.42,997.10,928.64,939.20,931.72,1012.66,20.51,20.87,20.47,20.49,20.61,20.47,20.51,20.77
338400,999.56,973.74,999.54,996.98,928.76,939.20,931.60,1012.64,20.53,20.89,20.48,20.50,20.63,20.49,20.53,20.78
338520,999.68,973.58,999.34,997.28,928.60,939.04,931.42,1012.66,20.54,20.90,20.49,20.51,20.64,20.50,20.54,20.80
338640,999.48,973.56,999.38,997.22,928.62,939.06,931.36,1012.60,20.55,20.91,20.50,20.52,20.66,20.51,20.55,20.81
338760,999.68,973.58,999.28,997.06,928.52,939.04,931.54,1012.70,20.56,20.92,20.51,20.53,20.66,20.51,20.55,20.81
338880,999.62,973.74,999.30,997.12,928.48,938.96,931.42,1012.62,20.57,20.93,20.53,20.55,20.68,20.53,20.57,20.83
339000,999.62,973.62,999.26,997.10,928.40,938.84,931.26,1012.60,20.59,20.95,20.55,20.57,20.70,20.55,20.59,20.84
339120,999.74,973.86,999.24,997.18,928.30,938.84,931.28,1012.66,20.61,20.96,20.56,20.58,20.71,20.56,20.61,20.86
339240,999.66,973.62,999.20,997.12,928.14,938.86,931.12,1012.78,20.61,20.97,20.57,20.59,20.72,20.57,20.61,20.87
339360,999.78,973.66,999.22,997.08,928.18,938.54,931.32,1012.72,20.60,20.96,20.56,20.58,20.71,20.56,20.60,20.84
339480,999.88,973.52,999.06,997.08,928.04,938.52,931.20,1012.68,20.57,20.93,20.53,20.56,20.69,20.55,20.58,20.82
339600,999.66,973.52,998.94,997.10,927.92,938.50,931.26,1012.56,20.55,20.92,20.52,20.54,20.67,20.52,20.56,20.80
339720,999.50,973.36,998.90,996.94,927.88,938.40,931.08,1012.68,20.54,20.91,20.51,20.52,20.65,20.50,20.54,20.78
339840,999.52,973.38,998.94,996.80,927.96,938.46,930.94,1012.52,20.53,20.90,20.50,20.52,20.65,20.50,20.54,20.78
339960,999.44,973.38,999.00,996.90,928.02,938.26,930.86,1012.46,20.50,20.87,20.48,20.49,20.62,20.48,20.51,20.75
340080,999.52,973.30,998.70,996.72,927.82,938.32,930.90,1012.32,20.45,20.82,20.44,20.46,20.58,20.44,20.48,20.70
340200,999.50,973.10,998.78,996.66,927.56,937.86,930.70,1012.24,20.42,20.80,20.41,20.44,20.56,20.42,20.45,20.67
340320,999.46,973.04,998.46,996.62,927.42,937.72,930.76,1012.30,20.41,20.79,20.40,20.43,20.56,20.41,20.44,20.66
340440,999.44,972.86,998.58,996.60,927.38,937.60,930.72,1012.30,20.42,20.79,20.40,20.43,20.56,20.41,20.44,20.67
340560,999.48,972.86,998.50,996.58,927.26,937.62,930.62,1012.44,20.42,20.80,20.41,20.44,20.56,20.41,20.44,20.67
340680,999.50,972.60,998.58,996.44,927.32,937.64,930.60,1012.38,20.41,20.78,20.40,20.43,20.55,20.40,20.43,20.65
340800,999.38,972.48,998.32,996.28,927.28,937.42,930.54,1012.18,20.38,20.76,20.37,20.40,20.53,20.38,20.41,20.63
340920,999.32,972.58,998.26,996.40,927.24,937.08,930.30,1012.16,20.38,20.76,20.37,20.39,20.53,20.37,20.41,20.64
341040,999.28,972.62,997.96,996.40,926.98,937.18,930.30,1012.26,20.39,20.76,20.37,20.39,20.53,20.37,20.41,20.65
341160,999.38,972.28,997.94,996.26,927.04,937.04,930.26,1011.94,20.36,20.74,20.35,20.38,20.51,20.36,20.39,20.62
341280,999.32,972.42,997.80,995.96,926.88,936.80,930.28,1011.98,20.35,20.72,20.33,20.36,20.48,20.34,20.37,20.60
341400,999.16,972.48,997.90,996.10,926.84,936.86,930.02,1012.12,20.35,20.73,20.34,20.36,20.48,20.34,20.38,20.60
341520,999.20,972.18,997.78,996.06,926.68,936.76,929.96,1012.08,20.35,20.73,20.34,20.37,20.48,20.34,20.37,20.60
341640,999.16,972.18,997.82,996.08,926.42,936.68,929.98,1012.08,20.36,20.73,20.34,20.37,20.48,20.34,20.37,20.60
341760,999.20,972.20,997.84,996.14,926.40,936.40,929.86,1011.98,20.33,20.71,20.32,20.35,20.47,20.32,20.35,20.58
341880,999.08,972.00,997.86,995.94,926.32,936.50,929.58,1011.96,20.32,20.70,20.32,20.35,20.47,20.32,20.35,20.57
342000,999.14,971.86,997.72,995.86,926.34,936.48,929.66,1011.94,20.33,20.71,20.32,20.35,20.48,20.32,20.36,20.58
342120,999.14,971.98,997.66,995.94,926.30,936.28,929.70,1011.98,20.32,20.70,20.32,20.34,20.47,20.32,20.35,20.57
342240,998.86,971.78,997.62,995.76,926.20,936.22,929.50,1012.02,20.29,20.67,20.28,20.32,20.45,20.29,20.32,20.54
342360,999.08,971.60,997.50,995.68,926.44,936.16,929.58,1011.86,20.27,20.65,20.27,20.30,20.43,20.28,20.30,20.52
342480,999.02,971.74,997.50,995.60,926.20,935.98,929.40,1011.84,20.28,20.65,20.27,20.31,20.43,20.29,20.31,20.53
342600,999.06,971.68,997.28,995.66,926.16,936.00,929.12,1011.84,20.29,20.67,20.28,20.31,20.44,20.29,20.32,20.54
342720,998.90,971.58,997.32,995.60,926.04,935.90,929.24,1011.84,20.29,20.66,20.27,20.32,20.44,20.30,20.32,20.53
342840,998.92,971.54,997.08,995.58,926.02,935.58,929.18,1011.44,20.27,20.65,20.25,20.30,20.42,20.28,20.30,20.50
342960,998.84,971.54,997.00,995.50,925.80,935.68,929.10,1011.44,20.24,20.62,20.24,20.28,20.41,20.27,20.28,20.49
343080,998.70,971.32,996.98,995.50,925.76,935.74,929.04,1011.40,20.23,20.61,20.23,20.28,20.41,20.26,20.28,20.48
343200,998.84,971.34,997.02,995.40,925.54,935.68,928.84,1011.44,20.24,20.62,20.24,20.28,20.41,20.27,20.28,20.49
343320,998.98,971.28,996.84,995.32,925.52,935.30,928.92,1011.38,20.26,20.63,20.24,20.28,20.41,20.26,20.28,20.50
343440,998.86,971.22,996.90,995.12,925.48,935.20,928.80,1011.32,20.25,20.63,20.24,20.28,20.41,20.26,20.28,20.49
343560,998.84,971.14,996.78,995.14,925.52,935.08,928.78,1011.38,20.23,20.62,20.23,20.27,20.40,20.25,20.26,20.48
343680,998.76,971.04,996.58,995.08,925.54,935.06,928.74,1011.42,20.22,20.60,20.21,20.26,20.39,20.24,20.25,20.46
343800,998.78,970.80,996.58,994.96,925.40,935.12,928.62,1011.42,20.23,20.61,20.23,20.27,20.39,20.24,20.26,20.47
343920,998.70,970.98,996.56,994.92,925.30,935.12,928.50,1011.50,20.23,20.61,20.23,20.26,20.38,20.23,20.25,20.47
344040,998.78,970.98,996.56,994.92,925.22,934.80,928.38,1011.48,20.20,20.58,20.19,20.24,20.36,20.21,20.22,20.44
344160,998.66,970.88,996.60,994.94,925.06,934.78,928.54,1011.48,20.19,20.58,20.19,20.23,20.36,20.21,20.23,20.44
344280,998.94,970.84,996.32,994.76,925.08,934.72,928.48,1011.34,20.22,20.61,20.22,20.25,20.38,20.23,20.25,20.47
344400,998.80,970.90,996.18,994.80,925.06,934.72,928.52,1011.46,20.24,20.63,20.24,20.27,20.40,20.25,20.28,20.50
344520,998.78,970.66,996.26,994.76,924.96,934.66,928.40,1011.48,20.23,20.62,20.23,20.27,20.39,20.25,20.27,20.48
344640,998.78,970.64,996.16,994.74,924.82,934.42,928.34,1011.42,20.23,20.62,20.23,20.27,20.39,20.24,20.27,20.49
344760,998.82,970.40,996.10,994.62,924.78,934.70,928.26,1011.40,20.25,20.64,20.25,20.28,20.40,20.26,20.28,20.50
344880,998.84,970.48,996.28,994.60,924.70,934.56,928.18,1011.38,20.27,20.65,20.26,20.29,20.41,20.26,20.29,20.52
345000,998.82,970.46,995.96,994.60,924.64,934.52,928.10,1011.28,20.27,20.65,20.26,20.29,20.41,20.26,20.29,20.52
345120,998.80,970.18,996.06,994.46,924.56,934.46,928.18,1011.32,20.25,20.64,20.25,20.28,20.41,20.25,20.28,20.49
345240,998.86,970.32,996.12,994.40,924.56,934.56,928.10,1011.30,20.24,20.64,20.25,20.28,20.41,20.26,20.28,20.49
345360,998.88,970.10,995.96,994.36,924.50,934.36,928.14,1011.36,20.25,20.64,20.26,20.29,20.42,20.27,20.28,20.50
345480,999.08,970.06,995.92,994.36,924.42,934.30,928.02,1011.40,20.27,20.65,20.26,20.29,20.42,20.28,20.30,20.52
345600,998.86,970.20,995.86,994.36,924.40,934.34,928.06,1011.30,20.29,20.67,20.28,20.31,20.44,20.29,20.31,20.55
345720,998.88,970.16,995.74,994.40,924.38,934.20,928.08,1011.42,20.30,20.68,20.28,20.31,20.44,20.30,20.32,20.55
345840,998.76,970.20,995.66,994.28,924.30,934.16,928.04,1011.34,20.28,20.66,20.27,20.30,20.43,20.28,20.30,20.53
345960,998.72,970.18,995.64,994.20,924.34,934.02,927.92,1011.32,20.26,20.64,20.25,20.29,20.42,20.27,20.29,20.51
346080,998.88,970.02,995.54,994.16,924.18,933.70,928.00,1011.24,20.25,20.64,20.25,20.28,20.41,20.26,20.28,20.50
346200,998.76,970.02,995.38,994.08,924.14,933.74,927.96,1011.34,20.27,20.65,20.25,20.28,20.42,20.26,20.29,20.52
346320,998.80,969.96,995.44,994.00,924.00,933.66,927.92,1011.46,20.28,20.66,20.26,20.29,20.43,20.27,20.30,20.53
346440,998.98,970.02,995.36,993.98,924.02,933.74,927.82,1011.38,20.26,20.65,20.25,20.28,20.41,20.26,20.29,20.51
346560,998.90,969.94,995.32,994.02,924.00,933.58,927.72,1011.26,20.25,20.64,20.25,20.27,20.40,20.25,20.28,20.51
346680,998.96,969.92,995.24,994.08,924.08,933.56,927.58,1011.26,20.27,20.65,20.25,20.28,20.41,20.26,20.30,20.54
346800,998.86,969.82,995.14,994.12,924.00,933.54,927.52,1011.26,20.27,20.65,20.25,20.28,20.41,20.26,20.29,20.53
346920,998.84,969.94,995.10,993.86,923.82,933.52,927.56,1011.24,20.26,20.64,20.24,20.27,20.40,20.26,20.29,20.52
347040,998.82,969.96,995.00,993.88,923.82,933.38,927.58,1011.26,20.27,20.65,20.25,20.28,20.41,20.26,20.29,20.52
347160,998.88,969.64,994.94,993.98,923.96,933.44,927.42,1011.34,20.28,20.66,20.26,20.29,20.42,20.27,20.30,20.53
347280,998.82,969.46,994.90,993.62,923.76,933.42,927.46,1011.32,20.28,20.65,20.26,20.29,20.42,20.27,20.29,20.53
347400,998.82,969.52,994.74,993.64,923.64,933.30,927.66,1011.22,20.26,20.63,20.25,20.28,20.42,20.27,20.29,20.51
347520,998.74,969.44,994.88,993.54,923.58,933.30,927.28,1011.28,20.26,20.63,20.25,20.27,20.41,20.26,20.29,20.50
347640,998.74,969.68,994.90,993.60,923.48,933.42,927.24,1011.14,20.27,20.64,20.26,20.28,20.41,20.27,20.30,20.52
347760,998.80,969.54,994.84,993.52,923.56,933.18,927.32,1011.18,20.27,20.65,20.26,20.29,20.41,20.27,20.31,20.53
347880,998.82,969.24,994.78,993.44,923.46,933.18,927.30,1011.20,20.26,20.65,20.25,20.27,20.40,20.26,20.30,20.52
348000,998.78,969.02,994.78,993.66,923.44,933.18,927.24,1011.20,20.28,20.66,20.26,20.28,20.40,20.26,20.30,20.54
348120,998.84,969.30,994.66,993.34,923.36,933.08,927.30,1011.20,20.29,20.67,20.26,20.29,20.40,20.27,20.31,20.54
348240,998.90,969.14,994.50,993.34,923.40,932.88,927.12,1011.18,20.27,20.65,20.26,20.28,20.41,20.26,20.29,20.52
348360,998.84,969.06,994.48,993.34,923.42,932.92,927.12,1011.22,20.25,20.64,20.24,20.27,20.40,20.25,20.28,20.50
348480,998.82,969.00,994.44,993.30,923.38,933.00,927.12,1011.06,20.25,20.64,20.25,20.27,20.40,20.26,20.28,20.50
348600,998.88,969.00,994.20,993.26,923.36,933.06,927.04,1011.08,20.26,20.65,20.25,20.28,20.40,20.26,20.29,20.51
348720,998.86,969.08,994.14,993.08,923.08,932.74,927.10,1011.18,20.27,20.66,20.26,20.28,20.41,20.27,20.30,20.52
348840,998.82,969.04,994.10,992.96,922.84,932.74,927.04,1011.12,20.25,20.64,20.24,20.27,20.39,20.25,20.28,20.51
348960,998.78,968.88,994.02,993.00,922.76,932.72,927.00,1011.00,20.24,20.63,20.23,20.26,20.38,20.23,20.27,20.50
349080,998.76,968.82,994.26,993.02,922.78,932.58,926.96,1010.88,20.25,20.64,20.24,20.27,20.40,20.25,20.28,20.51
349200,998.84,968.74,994.24,993.06,922.88,932.60,926.84,1010.90,20.24,20.63,20.24,20.26,20.39,20.25,20.28,20.50
349320,998.62,968.66,994.00,993.10,922.96,932.62,926.68,1010.92,20.20,20.59,20.20,20.23,20.37,20.23,20.24,20.44
349440,998.60,968.60,993.76,992.92,922.76,932.42,926.60,1010.94,20.19,20.59,20.20,20.22,20.36,20.21,20.23,20.44
349560,998.80,968.50,993.82,992.92,922.68,932.46,926.84,1010.70,20.21,20.60,20.20,20.22,20.36,20.21,20.23,20.46
349680,998.62,968.34,993.82,992.66,922.60,932.48,926.88,1010.80,20.20,20.58,20.19,20.22,20.35,20.20,20.23,20.45
349800,998.52,968.20,993.62,992.70,922.60,932.28,926.60,1010.90,20.19,20.58,20.18,20.20,20.34,20.20,20.22,20.44
349920,998.56,968.44,993.42,992.58,922.56,932.22,926.46,1010.96,20.21,20.58,20.19,20.21,20.34,20.20,20.24,20.46
350040,998.60,968.38,993.66,992.58,922.46,932.08,926.42,1010.90,20.21,20.59,20.20,20.22,20.35,20.21,20.24,20.47
350160,998.60,968.36,993.64,992.58,922.50,932.08,926.44,1010.92,20.21,20.59,20.19,20.21,20.34,20.20,20.24,20.46
350280,998.60,968.18,993.44,992.58,922.16,931.94,926.24,1010.90,20.19,20.57,20.18,20.20,20.33,20.20,20.23,20.44
350400,998.50,968.36,993.42,992.56,922.22,931.86,926.26,1010.80,20.15,20.54,20.15,20.18,20.31,20.17,20.19,20.40
350520,998.28,968.28,993.38,992.52,922.24,931.98,926.40,1010.76,20.15,20.54,20.15,20.19,20.32,20.18,20.19,20.40
350640,998.48,968.22,993.26,992.36,922.08,932.04,926.18,1010.82,20.18,20.57,20.17,20.20,20.34,20.19,20.21,20.43
350760,998.48,968.00,993.06,992.36,922.10,932.00,926.26,1010.84,20.19,20.57,20.18,20.21,20.33,20.19,20.21,20.44
350880,998.48,967.96,993.06,991.96,922.14,931.78,926.22,1010.72,20.17,20.55,20.16,20.19,20.32,20.17,20.19,20.42
351000,998.38,967.72,992.94,992.12,922.16,931.78,925.94,1010.80,20.15,20.54,20.14,20.18,20.31,20.16,20.18,20.40
351120,998.42,967.76,992.98,992.12,922.24,931.82,926.06,1010.68,20.17,20.55,20.16,20.19,20.32,20.17,20.20,20.42
351240,998.42,967.88,993.04,992.06,922.16,931.74,926.16,1010.70,20.17,20.55,20.16,20.19,20.32,20.18,20.20,20.41
351360,998.38,967.62,992.88,991.92,922.02,931.62,926.00,1010.60,20.14,20.54,20.14,20.18,20.31,20.16,20.17,20.39
351480,998.30,967.50,992.84,992.10,921.84,931.58,925.96,1010.70,20.12,20.51,20.13,20.16,20.28,20.14,20.16,20.37
351600,998.30,967.52,992.72,992.06,921.66,931.36,925.94,1010.56,20.10,20.50,20.11,20.15,20.27,20.13,20.14,20.35
351720,998.20,967.42,992.78,991.94,921.86,931.12,926.06,1010.54,20.11,20.49,20.11,20.15,20.27,20.13,20.15,20.35
351840,998.18,967.38,992.44,991.78,921.90,931.26,925.90,1010.54,20.11,20.50,20.11,20.15,20.28,20.13,20.15,20.36
351960,998.06,967.48,992.44,991.76,921.68,931.24,925.90,1010.44,20.11,20.50,20.11,20.15,20.27,20.13,20.15,20.36
352080,998.20,967.38,992.46,991.80,921.74,931.20,925.80,1010.46,20.11,20.49,20.10,20.15,20.27,20.13,20.15,20.36
352200,998.14,967.14,992.60,991.80,921.70,931.30,925.56,1010.48,20.11,20.49,20.10,20.14,20.27,20.13,20.14,20.36
352320,998.10,967.18,992.60,991.72,921.38,931.18,925.46,1010.38,20.10,20.49,20.10,20.13,20.26,20.12,20.14,20.35
352440,998.16,967.26,992.58,991.64,921.34,931.14,925.48,1010.32,20.10,20.49,20.09,20.12,20.24,20.11,20.14,20.35
352560,998.08,967.28,992.32,991.56,921.48,930.90,925.36,1010.28,20.08,20.47,20.08,20.12,20.24,20.11,20.13,20.33
352680,998.04,967.10,992.16,991.46,921.28,930.92,925.58,1010.16,20.06,20.46,20.07,20.11,20.23,20.10,20.11,20.31
352800,998.00,966.98,991.98,991.48,921.18,930.90,925.28,1010.20,20.05,20.44,20.06,20.09,20.22,20.07,20.09,20.29
352920,998.08,966.84,991.94,991.34,921.22,930.90,925.06,1010.22,20.03,20.42,20.03,20.07,20.20,20.06,20.07,20.26
353040,998.10,966.68,991.92,991.14,921.00,930.68,925.00,1010.10,20.01,20.40,20.02,20.06,20.19,20.05,20.05,20.25
353160,997.92,966.72,991.80,991.06,921.00,930.64,924.98,1010.06,20.00,20.39,20.00,20.06,20.18,20.04,20.04,20.24
353280,997.90,966.62,991.78,991.00,920.86,930.44,925.02,1010.08,20.00,20.38,20.00,20.05,20.18,20.03,20.03,20.23
353400,997.90,966.68,991.74,990.94,920.94,930.16,925.02,1010.08,20.00,20.38,20.00,20.04,20.18,20.03,20.03,20.23
353520,997.78,966.28,991.74,990.86,920.74,930.34,924.98,1010.06,20.00,20.38,20.00,20.05,20.17,20.03,20.03,20.23
353640,997.70,966.44,991.62,990.82,920.68,930.36,924.86,1009.88,20.00,20.38,20.00,20.05,20.17,20.03,20.02,20.23
353760,997.70,966.42,991.66,990.92,920.76,930.26,924.80,1009.96,20.00,20.38,20.00,20.04,20.17,20.02,20.02,20.22
353880,997.78,966.38,991.48,990.94,920.58,930.22,924.78,1009.88,19.99,20.38,20.00,20.04,20.16,20.01,20.02,20.22
354000,997.74,966.26,991.46,990.60,920.72,930.40,924.72,1009.84,19.99,20.37,19.99,20.03,20.16,20.01,20.01,20.22
354120,997.50,966.26,991.24,990.64,920.58,930.28,924.60,1009.62,19.98,20.36,19.99,20.03,20.15,20.00,20.01,20.21
354240,997.60,966.18,991.34,990.56,920.50,930.08,924.58,1009.66,19.98,20.37,19.99,20.02,20.15,20.00,20.00,20.21
354360,997.62,966.14,991.20,990.44,920.46,930.06,924.70,1009.76,20.00,20.38,20.00,20.03,20.17,20.01,20.02,20.23
354480,997.66,966.14,991.12,990.46,920.30,930.04,924.48,1009.86,20.00,20.39,20.00,20.04,20.18,20.03,20.04,20.25
354600,997.72,966.12,991.26,990.62,920.34,930.08,924.60,1009.66,19.99,20.37,19.99,20.04,20.16,20.01,20.02,20.22
354720,997.56,966.02,991.02,990.48,920.26,930.00,924.42,1009.44,19.97,20.35,19.98,20.01,20.14,20.00,20.00,20.21
354840,997.54,965.86,991.06,990.54,920.30,929.82,924.28,1009.52,19.97,20.35,19.97,20.00,20.14,20.00,20.00,20.20
354960,997.70,965.86,990.98,990.40,920.28,929.82,924.08,1009.64,19.99,20.37,19.98,20.01,20.15,20.00,20.01,20.22
355080,997.66,965.86,990.76,990.26,920.26,929.76,924.24,1009.64,20.00,20.37,19.99,20.02,20.15,20.00,20.02,20.23
355200,997.64,965.84,990.78,990.26,920.20,929.74,924.26,1009.56,19.99,20.37,19.98,20.02,20.15,20.00,20.01,20.22
355320,997.66,965.66,990.74,990.14,920.04,929.60,924.10,1009.52,19.98,20.35,19.97,20.00,20.14,20.00,20.00,20.21
355440,997.60,965.50,990.76,990.14,920.06,929.58,924.08,1009.48,19.98,20.35,19.96,20.00,20.13,19.99,20.00,20.20
355560,997.66,965.42,990.76,990.14,919.88,929.58,924.02,1009.40,19.99,20.36,19.97,20.00,20.13,19.98,20.00,20.21
355680,997.64,965.38,990.58,990.18,919.88,929.32,924.08,1009.52,19.97,20.34,19.96,20.00,20.12,19.98,19.99,20.19
355800,997.54,965.26,990.56,990.08,919.70,929.48,924.08,1009.34,19.95,20.32,19.94,19.99,20.11,19.98,19.98,20.17
355920,997.44,965.38,990.44,989.94,919.62,929.36,923.92,1009.24,19.95,20.32,19.94,19.99,20.12,19.98,19.98,20.18
356040,997.52,965.34,990.44,989.84,919.86,929.38,923.90,1009.48,19.97,20.34,19.95,20.00,20.13,19.99,20.00,20.20
356160,997.60,965.26,990.40,989.84,919.70,929.32,923.90,1009.36,19.97,20.34,19.96,20.00,20.12,19.98,19.99,20.20
356280,997.46,965.16,990.36,989.76,919.72,929.24,923.74,1009.34,19.95,20.33,19.95,19.99,20.11,19.98,19.98,20.18
356400,997.36,965.08,990.18,989.84,919.66,929.42,923.82,1009.26,19.97,20.35,19.96,20.00,20.12,19.98,19.99,20.20
356520,997.46,964.98,990.10,989.80,919.76,929.30,923.90,1009.24,20.00,20.37,19.98,20.01,20.13,20.00,20.00,20.23
356640,997.38,964.80,990.00,989.54,919.50,929.22,923.66,1009.26,20.00,20.37,19.99,20.01,20.14,20.00,20.01,20.23
356760,997.34,964.78,990.02,989.62,919.52,929.12,923.68,1009.34,19.99,20.36,19.98,20.01,20.13,20.00,20.01,20.22
356880,997.56,964.76,989.92,989.58,919.36,928.90,923.64,1009.34,19.99,20.37,19.98,20.01,20.14,20.00,20.01,20.22
357000,997.52,964.84,989.80,989.52,919.46,928.98,923.58,1009.26,20.00,20.37,19.99,20.02,20.15,20.00,20.02,20.23
357120,997.42,964.78,989.88,989.60,919.42,928.88,923.50,1009.44,20.00,20.38,20.00,20.02,20.15,20.01,20.03,20.25
357240,997.40,964.92,989.90,989.34,919.44,928.70,923.42,1009.44,20.00,20.38,19.99,20.02,20.15,20.01,20.02,20.24
357360,997.32,964.74,989.88,989.16,919.24,928.70,923.62,1009.34,19.98,20.36,19.97,20.00,20.14,20.00,20.01,20.21
357480,997.40,964.74,989.88,989.14,919.36,928.84,923.32,1009.38,19.98,20.35,19.96,20.00,20.13,20.00,20.00,20.21
357600,997.48,964.58,989.78,989.14,919.26,928.70,923.30,1009.24,19.98,20.36,19.96,20.00,20.14,20.00,20.00,20.22
357720,997.42,964.56,989.68,989.06,919.24,928.62,923.28,1009.20,20.00,20.37,19.98,20.00,20.15,20.00,20.02,20.24
357840,997.40,964.60,989.50,989.06,919.16,928.60,923.44,1009.20,19.99,20.36,19.98,20.00,20.14,20.00,20.02,20.24
357960,997.42,964.52,989.46,989.12,919.22,928.52,923.24,1009.10,19.99,20.35,19.96,20.00,20.13,19.99,20.00,20.22
358080,997.48,964.48,989.48,988.98,919.18,928.68,923.12,1009.20,19.98,20.36,19.97,20.00,20.12,19.99,20.00,20.22
358200,997.50,964.20,989.38,989.02,918.82,928.68,923.10,1009.04,19.99,20.37,19.97,20.00,20.13,20.00,20.01,20.23
358320,997.40,964.34,989.26,988.96,918.70,928.60,923.04,1009.00,19.98,20.36,19.96,20.00,20.12,19.99,20.01,20.22
358440,997.34,964.34,989.18,989.04,918.76,928.46,923.12,1009.14,19.97,20.35,19.96,19.99,20.11,19.98,20.00,20.21
358560,997.32,964.20,989.18,988.78,918.88,928.54,923.16,1009.12,19.96,20.33,19.94,19.98,20.10,19.97,19.99,20.19
358680,997.32,964.14,988.92,988.76,918.72,928.30,923.20,1009.20,19.97,20.34,19.95,19.98,20.09,19.97,19.99,20.20
358800,997.42,964.12,988.94,988.68,918.82,928.40,923.08,1009.08,19.98,20.35,19.96,19.99,20.11,19.98,20.00,20.21
358920,997.40,963.94,988.90,988.70,918.74,928.36,923.04,1009.18,19.98,20.35,19.96,19.99,20.11,19.98,20.00,20.22
359040,997.40,963.80,988.96,988.56,918.76,928.42,923.02,1009.14,19.97,20.34,19.95,19.98,20.10,19.97,19.99,20.21
359160,997.32,963.92,988.92,988.40,918.40,928.22,922.96,1009.18,19.94,20.31,19.92,19.96,20.09,19.95,19.97,20.19
359280,997.20,963.80,988.84,988.46,918.38,928.18,922.86,1008.98,19.94,20.31,19.91,19.95,20.08,19.94,19.97,20.18
359400,997.14,963.74,988.62,988.42,918.46,927.96,922.90,1009.04,19.93,20.30,19.91,19.94,20.08,19.95,19.97,20.17
359520,997.10,963.62,988.54,988.36,918.36,928.10,922.90,1009.18,19.94,20.30,19.91,19.94,20.07,19.94,19.97,20.17
359640,997.24,963.54,988.58,988.20,918.32,927.94,922.70,1009.08,19.94,20.32,19.91,19.95,20.07,19.94,19.96,20.17
359760,997.16,963.66,988.46,988.14,918.32,927.88,922.54,1009.04,19.94,20.32,19.92,19.95,20.07,19.94,19.97,20.17
359880,997.06,963.40,988.40,988.20,918.40,927.94,922.58,1009.12,19.94,20.31,19.92,19.95,20.07,19.94,19.97,20.18
360000,997.12,963.44,988.16,988.04,918.06,927.96,922.64,1009.00,19.93,20.31,19.92,19.95,20.06,19.94,19.97,20.17
360120,997.10,963.16,988.16,988.00,918.10,927.86,922.58,1009.06,19.94,20.32,19.92,19.94,20.06,19.94,19.97,20.18
360240,997.16,963.24,988.20,988.04,918.22,927.72,922.54,1009.20,19.94,20.32,19.92,19.94,20.06,19.94,19.97,20.18
360360,997.14,963.08,988.18,988.06,918.12,927.78,922.50,1008.94,19.94,20.31,19.92,19.95,20.07,19.94,19.97,20.18
360480,997.22,963.06,988.10,987.92,918.12,927.84,922.34,1008.92,19.95,20.32,19.93,19.95,20.07,19.95,19.98,20.19
360600,997.26,963.18,988.06,987.92,917.72,927.82,922.46,1008.90,19.94,20.32,19.92,19.95,20.07,19.95,19.97,20.18
360720,997.18,962.92,988.04,988.04,917.82,927.74,922.32,1008.88,19.93,20.30,19.91,19.94,20.06,19.94,19.96,20.17
360840,997.12,963.00,988.06,987.92,918.02,927.64,922.38,1008.90,19.93,20.30,19.91,19.93,20.06,19.93,19.96,20.16
360960,997.20,962.88,987.82,987.80,917.80,927.54,922.32,1008.94,19.94,20.32,19.92,19.94,20.06,19.94,19.97,20.18
361080,997.12,963.10,987.84,987.72,917.82,927.48,922.22,1008.94,19.95,20.32,19.92,19.95,20.07,19.95,19.97,20.18
361200,997.14,962.80,987.78,987.86,917.86,927.20,922.22,1008.80,19.94,20.30,19.91,19.94,20.06,19.94,19.96,20.17
361320,997.40,962.86,987.80,987.68,917.76,927.26,922.14,1008.80,19.94,20.30,19.90,19.93,20.04,19.93,19.96,20.17
361440,997.36,962.80,987.48,987.70,917.74,927.28,922.12,1008.84,19.95,20.32,19.92,19.94,20.06,19.94,19.98,20.19
361560,997.22,962.72,987.46,987.68,917.62,927.28,922.16,1008.92,19.97,20.34,19.94,19.96,20.07,19.95,19.99,20.20
361680,997.32,962.88,987.36,987.46,917.62,927.16,922.06,1008.98,19.99,20.35,19.94,19.97,20.09,19.97,20.00,20.22
361800,997.46,962.68,987.60,987.50,917.54,927.18,922.10,1009.00,20.00,20.37,19.97,19.99,20.11,19.99,20.01,20.24
361920,997.24,962.60,987.42,987.64,917.48,927.24,922.14,1009.00,20.01,20.38,19.98,20.00,20.14,20.00,20.02,20.25
362040,997.42,962.72,987.54,987.60,917.38,927.26,922.08,1008.96,20.03,20.40,20.00,20.02,20.15,20.01,20.04,20.27
362160,997.42,962.80,987.38,987.50,917.42,927.24,922.02,1008.96,20.04,20.41,20.00,20.03,20.16,20.02,20.05,20.28
362280,997.40,962.78,987.36,987.48,917.42,927.18,921.96,1009.00,20.04,20.41,20.00,20.03,20.16,20.02,20.05,20.28
362400,997.42,962.64,987.34,987.46,917.54,927.14,921.96,1009.16,20.04,20.41,20.00,20.03,20.16,20.02,20.05,20.28
362520,997.52,962.44,987.30,987.32,917.44,927.00,921.92,1009.14,20.04,20.42,20.01,20.04,20.17,20.02,20.06,20.29
362640,997.52,962.48,987.34,987.40,917.42,927.02,921.88,1009.06,20.04,20.42,20.01,20.04,20.17,20.02,20.06,20.29
362760,997.54,962.48,987.18,987.36,917.42,926.84,921.88,1009.08,20.04,20.42,20.00,20.04,20.16,20.01,20.05,20.28
362880,997.56,962.46,987.12,987.28,917.24,926.92,921.74,1008.88,20.03,20.41,20.00,20.02,20.15,20.00,20.04,20.27
363000,997.48,962.52,987.06,987.30,917.18,926.88,921.80,1009.00,20.02,20.40,20.00,20.02,20.14,20.00,20.03,20.26
363120,997.26,962.40,987.04,987.24,917.18,926.74,921.94,1009.08,20.02,20.39,20.00,20.02,20.15,20.00,20.03,20.25
363240,997.30,962.36,987.02,987.28,917.16,926.84,921.82,1009.02,20.00,20.39,19.99,20.02,20.15,20.00,20.02,20.24
363360,997.20,962.24,986.84,987.10,917.16,926.80,921.72,1008.96,20.00,20.38,19.98,20.01,20.14,20.00,20.01,20.23
363480,997.36,961.86,986.84,987.00,916.92,926.90,921.74,1008.92,19.99,20.36,19.97,20.00,20.13,20.00,20.00,20.22
363600,997.36,961.94,986.96,987.24,917.06,926.78,921.70,1008.94,19.99,20.37,19.97,20.00,20.13,19.99,20.00,20.22
363720,997.24,961.96,986.90,987.18,917.08,926.66,921.88,1008.92,19.98,20.36,19.96,19.99,20.11,19.97,20.00,20.21
363840,997.30,962.02,986.80,986.82,916.82,926.72,921.48,1008.74,19.98,20.36,19.96,20.00,20.11,19.98,20.00,20.21
363960,997.18,962.22,986.80,986.74,916.82,926.74,921.84,1008.72,19.98,20.36,19.96,20.00,20.12,19.98,20.00,20.21
364080,997.18,962.02,986.62,986.70,916.92,926.68,921.56,1008.86,19.99,20.35,19.96,20.00,20.12,19.99,20.00,20.21
364200,997.34,961.86,986.76,986.58,916.94,926.52,921.56,1008.86,19.98,20.35,19.96,20.00,20.12,19.98,19.99,20.20
364320,997.28,961.92,986.82,986.64,916.76,926.56,921.56,1008.88,19.97,20.35,19.95,19.99,20.12,19.98,19.98,20.19
364440,997.14,961.68,986.58,986.66,916.62,926.46,921.30,1008.86,19.97,20.34,19.94,19.99,20.11,19.97,19.99,20.20
364560,997.08,961.56,986.56,986.74,916.72,926.26,921.40,1008.62,19.96,20.33,19.93,19.98,20.10,19.96,19.98,20.19
364680,997.18,961.62,986.54,986.68,916.62,926.34,921.24,1008.70,19.96,20.33,19.94,19.98,20.09,19.96,19.97,20.19
364800,997.24,961.62,986.38,986.52,916.66,926.24,921.24,1008.80,19.96,20.33,19.93,19.98,20.09,19.96,19.97,20.18
364920,997.20,961.52,986.40,986.54,916.58,926.24,921.14,1008.56,19.94,20.31,19.92,19.97,20.08,19.95,19.96,20.17
365040,997.04,961.46,986.54,986.54,916.46,926.26,921.02,1008.52,19.92,20.30,19.90,19.95,20.07,19.94,19.95,20.15
365160,997.10,961.40,986.30,986.34,916.40,926.16,921.04,1008.50,19.89,20.27,19.88,19.94,20.05,19.92,19.92,20.11
365280,997.00,961.30,986.08,986.22,916.54,926.16,921.00,1008.40,19.87,20.25,19.86,19.91,20.03,19.90,19.91,20.09
365400,996.94,961.40,986.02,986.14,916.34,925.92,920.94,1008.44,19.86,20.24,19.85,19.90,20.02,19.89,19.90,20.08
365520,996.96,961.16,985.94,986.22,916.30,925.86,920.84,1008.46,19.85,20.23,19.83,19.88,20.01,19.87,19.89,20.08
365640,996.92,960.92,985.86,986.22,916.16,926.00,920.66,1008.30,19.85,20.22,19.82,19.88,20.00,19.86,19.88,20.08
365760,996.92,960.92,985.86,986.08,916.24,926.04,920.72,1008.28,19.84,20.22,19.82,19.87,20.00,19.85,19.86,20.06
365880,997.10,960.96,985.82,985.90,916.12,926.10,920.78,1008.32,19.83,20.21,19.82,19.87,20.00,19.85,19.86,20.06
366000,996.82,960.92,985.54,986.18,916.34,925.76,920.80,1008.34,19.83,20.20,19.81,19.87,20.00,19.85,19.86,20.05
366120,996.92,960.82,985.60,985.90,916.02,925.76,920.72,1008.26,19.83,20.20,19.81,19.86,20.00,19.85,19.85,20.05
366240,996.82,960.62,985.46,985.74,916.10,925.58,920.68,1008.42,19.82,20.20,19.80,19.85,19.98,19.83,19.85,20.05
366360,996.88,960.56,985.40,985.68,915.72,925.64,920.66,1008.38,19.82,20.20,19.80,19.85,19.99,19.84,19.85,20.04
366480,996.80,960.62,985.36,985.76,915.84,925.90,920.70,1008.28,19.82,20.20,19.81,19.85,19.99,19.84,19.86,20.05
366600,996.80,960.76,985.30,985.66,915.82,925.70,920.34,1008.24,19.84,20.21,19.82,19.87,20.00,19.86,19.87,20.08
366720,996.88,960.52,985.26,985.64,915.78,925.78,920.44,1008.38,19.85,20.22,19.82,19.87,20.00,19.86,19.87,20.07
366840,996.84,960.38,985.22,985.46,915.82,925.54,920.50,1008.36,19.83,20.20,19.81,19.86,19.99,19.84,19.86,20.05
366960,996.80,960.32,985.08,985.40,915.70,925.44,920.52,1008.18,19.81,20.19,19.80,19.85,19.99,19.84,19.84,20.04
367080,996.68,960.34,985.02,985.44,915.70,925.48,920.54,1008.20,19.83,20.20,19.81,19.86,19.99,19.84,19.85,20.05
367200,996.86,960.40,984.96,985.38,915.88,925.40,920.32,1008.28,19.85,20.21,19.82,19.87,20.00,19.85,19.86,20.07
367320,996.90,960.32,985.00,985.36,915.56,925.36,920.24,1008.20,19.82,20.20,19.81,19.86,19.99,19.83,19.85,20.05
367440,996.80,960.36,984.90,985.34,915.50,925.30,920.22,1008.32,19.81,20.19,19.80,19.85,19.97,19.81,19.83,20.03
367560,996.62,960.12,984.74,985.32,915.56,925.20,920.06,1008.18,19.82,20.20,19.80,19.85,19.97,19.82,19.83,20.04
367680,996.74,960.34,984.70,985.24,915.42,925.12,920.04,1008.18,19.83,20.20,19.81,19.86,19.98,19.84,19.85,20.06
367800,996.62,960.22,984.84,985.06,915.42,925.10,920.04,1008.24,19.83,20.20,19.81,19.85,19.98,19.83,19.85,20.05
367920,996.72,960.18,984.82,985.00,915.42,925.06,920.12,1008.12,19.82,20.19,19.80,19.84,19.97,19.83,19.84,20.04
368040,996.68,960.10,984.74,985.08,915.36,925.14,920.10,1008.26,19.83,20.20,19.80,19.85,19.99,19.84,19.85,20.05
368160,996.66,959.90,984.64,985.12,915.34,925.04,920.08,1008.22,19.86,20.23,19.83,19.87,20.00,19.86,19.87,20.08
368280,996.88,959.74,984.62,985.18,915.38,925.14,919.98,1008.28,19.87,20.23,19.83,19.88,20.01,19.87,19.88,20.09
368400,996.76,959.76,984.48,985.12,915.36,925.30,919.96,1008.20,19.84,20.22,19.82,19.87,20.00,19.86,19.86,20.06
368520,996.70,959.80,984.54,984.96,915.08,925.26,919.92,1008.16,19.83,20.20,19.82,19.86,20.00,19.85,19.86,20.05
368640,996.76,959.64,984.48,984.92,915.32,925.10,919.90,1008.30,19.86,20.23,19.84,19.88,20.00,19.87,19.88,20.09
368760,996.80,959.90,984.44,984.78,915.26,925.22,919.94,1008.00,19.87,20.23,19.84,19.89,20.02,19.88,19.89,20.10
368880,996.78,959.82,984.36,984.74,915.08,925.12,919.88,1008.24,19.85,20.22,19.83,19.87,20.00,19.87,19.88,20.08
369000,996.74,959.68,984.20,984.64,915.20,925.00,919.74,1008.28,19.86,20.22,19.83,19.87,20.00,19.86,19.88,20.09
369120,996.80,959.76,984.14,984.70,915.20,924.98,919.80,1008.26,19.88,20.24,19.85,19.88,20.01,19.87,19.90,20.11
369240,996.80,959.64,984.06,984.70,915.18,924.78,919.90,1008.24,19.89,20.26,19.85,19.89,20.01,19.88,19.90,20.12
369360,996.68,959.66,984.30,984.70,915.02,924.80,920.04,1008.10,19.88,20.25,19.86,19.89,20.01,19.87,19.90,20.11
369480,996.78,959.62,984.14,984.74,914.96,924.90,919.70,1008.32,19.88,20.25,19.85,19.88,20.00,19.86,19.90,20.11
369600,996.82,959.54,984.06,984.60,914.88,924.92,919.86,1008.24,19.89,20.26,19.86,19.89,20.01,19.87,19.90,20.12
369720,996.96,959.52,984.02,984.56,914.92,924.98,919.82,1008.40,19.91,20.28,19.88,19.91,20.02,19.89,19.93,20.14
369840,996.86,959.40,983.92,984.56,914.96,924.76,919.78,1008.40,19.90,20.27,19.88,19.91,20.03,19.90,19.93,20.15
369960,996.76,959.30,983.88,984.38,914.94,924.72,919.80,1008.44,19.88,20.26,19.87,19.90,20.03,19.89,19.92,20.12
370080,997.02,959.42,983.88,984.34,914.92,924.64,919.70,1008.40,19.90,20.27,19.88,19.91,20.04,19.90,19.92,20.13
370200,996.94,959.36,983.84,984.40,914.86,924.80,919.82,1008.54,19.91,20.29,19.89,19.92,20.05,19.91,19.94,20.15
370320,996.78,959.36,983.70,984.32,914.84,924.70,919.76,1008.50,19.90,20.27,19.87,19.91,20.03,19.90,19.93,20.13
370440,996.76,959.22,983.52,984.18,914.74,924.54,919.78,1008.36,19.88,20.26,19.86,19.90,20.02,19.89,19.91,20.12
370560,996.90,959.16,983.60,984.16,914.90,924.82,919.68,1008.36,19.89,20.26,19.87,19.90,20.02,19.89,19.92,20.13
370680,996.90,959.00,983.50,984.16,914.72,924.70,919.72,1008.58,19.91,20.28,19.87,19.90,20.02,19.89,19.92,20.13
370800,996.92,958.98,983.34,984.02,914.64,924.52,919.48,1008.44,19.90,20.27,19.87,19.90,20.02,19.90,19.92,20.12
370920,996.78,958.78,983.32,984.10,914.44,924.44,919.52,1008.32,19.88,20.25,19.86,19.89,20.01,19.88,19.90,20.11
371040,996.84,958.82,983.32,984.08,914.56,924.20,919.56,1008.40,19.89,20.26,19.86,19.90,20.02,19.89,19.92,20.13
371160,996.98,958.88,983.30,983.88,914.58,924.36,919.58,1008.46,19.91,20.29,19.88,19.91,20.03,19.91,19.93,20.15
371280,996.94,958.84,983.22,983.96,914.54,924.28,919.48,1008.48,19.91,20.28,19.88,19.91,20.03,19.91,19.94,20.15
371400,996.84,959.00,983.16,983.92,914.52,924.30,919.34,1008.30,19.89,20.26,19.86,19.90,20.02,19.89,19.92,20.12
371520,996.76,958.78,983.22,983.98,914.42,924.22,919.40,1008.40,19.89,20.26,19.86,19.90,20.02,19.89,19.92,20.12
371640,996.80,958.72,983.08,983.94,914.40,924.16,919.28,1008.48,19.90,20.28,19.88,19.91,20.03,19.90,19.92,20.14
371760,996.84,958.70,983.08,983.80,914.46,924.08,919.34,1008.48,19.92,20.29,19.89,19.92,20.04,19.91,19.93,20.15
371880,996.80,958.58,983.24,983.86,914.38,924.22,919.38,1008.40,19.91,20.28,19.88,19.92,20.04,19.91,19.93,20.14
372000,996.72,958.64,983.10,983.78,914.34,924.10,919.46,1008.42,19.90,20.27,19.87,19.90,20.03,19.90,19.92,20.13
372120,996.78,958.48,982.92,983.68,914.20,924.08,919.26,1008.42,19.89,20.26,19.86,19.90,20.02,19.89,19.91,20.12
372240,996.76,958.46,982.86,983.64,914.16,923.92,919.30,1008.46,19.89,20.25,19.86,19.89,20.01,19.88,19.90,20.11
372360,996.68,958.46,982.88,983.50,914.14,924.06,919.16,1008.38,19.87,20.24,19.84,19.88,20.01,19.88,19.90,20.10
372480,996.90,958.28,982.82,983.48,914.28,923.78,919.12,1008.30,19.85,20.22,19.82,19.87,20.00,19.87,19.88,20.09
372600,996.80,958.32,982.82,983.40,914.14,923.78,919.08,1008.32,19.85,20.22,19.83,19.88,20.00,19.87,19.88,20.07
372720,996.72,958.26,982.86,983.46,913.98,923.84,919.32,1008.24,19.84,20.21,19.82,19.86,20.00,19.85,19.87,20.07
372840,996.54,958.14,982.72,983.52,913.80,923.80,919.18,1008.32,19.84,20.22,19.82,19.86,20.00,19.86,19.87,20.08
372960,996.70,958.38,982.52,983.48,913.84,923.76,919.00,1008.28,19.86,20.23,19.82,19.87,20.00,19.86,19.89,20.09
373080,996.62,958.42,982.62,983.46,913.82,923.74,918.94,1008.42,19.87,20.25,19.84,19.88,20.01,19.88,19.91,20.11
373200,996.66,958.38,982.52,983.26,913.80,923.84,918.86,1008.44,19.88,20.25,19.85,19.89,20.02,19.89,19.91,20.12
373320,996.70,958.24,982.70,983.32,913.86,923.78,919.02,1008.38,19.90,20.27,19.87,19.90,20.03,19.90,19.92,20.13
373440,996.64,958.18,982.50,983.28,913.80,923.92,918.98,1008.30,19.88,20.26,19.86,19.90,20.03,19.90,19.92,20.12
373560,996.66,958.16,982.30,983.42,913.68,923.70,918.94,1008.26,19.87,20.25,19.86,19.89,20.01,19.89,19.91,20.11
373680,996.56,958.04,982.26,983.40,913.68,923.78,918.96,1008.36,19.85,20.23,19.83,19.88,20.01,19.87,19.89,20.09
373800,996.64,958.08,982.26,983.28,913.68,923.74,918.78,1008.28,19.83,20.21,19.82,19.86,19.99,19.86,19.87,20.06
373920,996.56,958.00,982.16,983.08,913.68,923.74,918.84,1008.18,19.81,20.19,19.80,19.84,19.98,19.84,19.85,20.04
374040,996.58,957.94,982.04,983.12,913.40,923.60,918.84,1008.08,19.80,20.18,19.79,19.83,19.96,19.81,19.83,20.02
374160,996.52,957.86,982.14,982.98,913.38,923.52,918.80,1008.22,19.80,20.18,19.78,19.82,19.95,19.80,19.82,20.02
374280,996.58,957.84,982.08,983.04,913.36,923.44,918.64,1008.30,19.82,20.19,19.79,19.84,19.97,19.82,19.83,20.04
374400,996.54,957.82,981.98,983.10,913.44,923.56,918.54,1008.08,19.82,20.19,19.79,19.84,19.97,19.82,19.84,20.04
374520,996.52,957.76,982.04,982.94,913.26,923.40,918.54,1008.32,19.81,20.18,19.78,19.83,19.97,19.83,19.84,20.03
374640,996.58,957.64,982.02,982.66,913.18,923.52,918.46,1008.12,19.80,20.18,19.78,19.83,19.97,19.82,19.83,20.02
374760,996.46,957.56,982.00,982.76,913.32,923.26,918.46,1008.14,19.78,20.16,19.76,19.80,19.95,19.81,19.81,20.00
374880,996.50,957.44,981.68,982.74,913.22,923.34,918.38,1008.14,19.78,20.15,19.75,19.80,19.94,19.79,19.80,20.00
375000,996.56,957.32,981.88,982.64,913.18,923.08,918.36,1008.10,19.79,20.16,19.76,19.80,19.94,19.80,19.81,20.01
375120,996.52,957.36,981.86,982.54,913.10,922.98,918.26,1008.12,19.79,20.17,19.77,19.81,19.94,19.80,19.81,20.02
375240,996.48,957.38,981.72,982.44,913.24,923.06,918.22,1008.18,19.79,20.17,19.77,19.81,19.95,19.81,19.82,20.02
375360,996.42,957.34,981.50,982.50,913.12,923.12,918.22,1008.06,19.80,20.17,19.77,19.82,19.96,19.81,19.82,20.03
375480,996.38,957.26,981.56,982.48,913.08,922.98,918.14,1008.04,19.80,20.18,19.78,19.82,19.97,19.82,19.83,20.03
375600,996.46,957.38,981.46,982.54,913.16,922.88,918.24,1008.28,19.80,20.18,19.78,19.83,19.96,19.82,19.83,20.03
375720,996.46,957.26,981.30,982.40,913.00,922.86,918.32,1008.26,19.78,20.16,19.76,19.81,19.94,19.80,19.81,20.01
375840,996.34,957.20,981.14,982.24,913.08,922.64,918.30,1008.16,19.76,20.13,19.73,19.79,19.92,19.77,19.78,19.99
375960,996.48,957.12,981.16,982.30,912.98,922.66,918.20,1007.96,19.76,20.12,19.73,19.78,19.91,19.76,19.77,19.98
376080,996.34,956.90,981.22,982.28,912.94,922.52,918.22,1008.06,19.76,20.12,19.73,19.78,19.91,19.76,19.77,19.98
376200,996.40,956.90,980.92,982.20,912.90,922.66,918.20,1008.00,19.74,20.12,19.73,19.78,19.91,19.76,19.76,19.98
376320,996.36,956.90,980.84,982.16,912.84,922.68,918.16,1008.08,19.72,20.11,19.72,19.76,19.89,19.74,19.75,19.96
376440,996.38,956.66,980.82,982.04,912.82,922.58,918.06,1008.04,19.72,20.10,19.70,19.76,19.89,19.74,19.74,19.95
376560,996.40,956.62,980.98,982.02,912.50,922.52,918.02,1007.84,19.72,20.10,19.70,19.75,19.89,19.74,19.74,19.95
376680,996.28,956.72,980.86,982.02,912.48,922.42,917.90,1008.00,19.74,20.11,19.71,19.76,19.90,19.75,19.76,19.97
376800,996.36,956.64,980.94,981.84,912.46,922.28,917.72,1008.00,19.75,20.12,19.73,19.77,19.90,19.76,19.77,19.98
376920,996.20,956.58,980.84,981.84,912.42,922.36,917.78,1008.00,19.75,20.13,19.73,19.78,19.91,19.76,19.77,19.99
377040,996.12,956.38,980.70,981.94,912.34,922.36,917.82,1007.86,19.74,20.11,19.71,19.76,19.91,19.76,19.76,19.97
377160,996.20,956.38,980.94,981.80,912.38,922.36,917.72,1008.08,19.72,20.09,19.70,19.76,19.90,19.75,19.75,19.95
377280,996.08,956.34,980.64,981.74,912.34,922.38,917.72,1007.98,19.70,20.08,19.68,19.74,19.89,19.74,19.73,19.93
377400,996.08,956.44,980.66,981.64,912.46,922.24,917.74,1007.96,19.69,20.08,19.68,19.74,19.88,19.73,19.72,19.92
377520,995.96,956.38,980.60,981.42,912.40,922.24,917.66,1007.92,19.68,20.06,19.67,19.73,19.87,19.72,19.71,19.91
377640,996.16,956.26,980.60,981.40,912.36,922.32,917.60,1007.92,19.67,20.05,19.66,19.72,19.85,19.70,19.70,19.90
377760,995.98,956.38,980.30,981.36,912.22,922.30,917.56,1008.02,19.67,20.05,19.66,19.72,19.85,19.71,19.70,19.90
377880,995.96,956.24,980.46,981.26,912.20,922.20,917.62,1007.90,19.68,20.07,19.67,19.72,19.85,19.71,19.71,19.91
378000,996.04,956.20,980.26,981.28,912.26,922.18,917.64,1007.82,19.70,20.08,19.68,19.73,19.86,19.71,19.72,19.93
378120,996.04,956.10,980.42,981.36,912.04,922.12,917.52,1007.84,19.71,20.08,19.68,19.73,19.86,19.72,19.72,19.93
378240,995.90,956.22,980.20,981.30,912.08,922.02,917.40,1007.80,19.70,20.08,19.68,19.73,19.86,19.72,19.72,19.93
378360,996.00,956.12,980.12,981.24,911.96,921.86,917.42,1007.68,19.69,20.07,19.68,19.72,19.85,19.71,19.72,19.92
378480,996.06,956.10,980.10,981.14,911.94,921.82,917.46,1007.82,19.68,20.06,19.66,19.72,19.86,19.70,19.71,19.91
378600,996.14,956.10,980.08,981.16,911.80,921.78,917.44,1007.80,19.68,20.06,19.66,19.71,19.86,19.71,19.71,19.91
378720,996.14,956.12,980.04,981.14,911.90,921.68,917.50,1007.88,19.67,20.05,19.66,19.71,19.86,19.70,19.70,19.91
378840,996.10,955.92,979.98,981.18,911.94,921.88,917.50,1007.90,19.69,20.06,19.66,19.72,19.86,19.71,19.72,19.92
378960,996.06,955.88,979.62,980.94,911.90,921.82,917.42,1007.86,19.72,20.08,19.69,19.74,19.88,19.73,19.74,19.95
379080,996.08,955.82,979.66,980.92,911.88,921.84,917.28,1007.72,19.73,20.09,19.70,19.74,19.88,19.74,19.74,19.96
379200,996.00,955.80,979.64,980.98,911.86,921.84,917.28,1007.64,19.73,20.09,19.69,19.74,19.88,19.74,19.74,19.95
379320,996.00,955.64,979.66,980.94,911.70,921.82,917.28,1007.74,19.71,20.08,19.69,19.74,19.88,19.74,19.74,19.95
379440,995.98,955.60,979.64,980.82,911.68,921.96,917.38,1008.02,19.71,20.09,19.69,19.74,19.88,19.74,19.74,19.95
379560,996.22,955.66,979.72,980.88,911.66,921.76,917.36,1007.78,19.72,20.09,19.70,19.74,19.88,19.74,19.75,19.96
379680,996.26,955.78,979.58,980.84,911.70,921.84,917.26,1007.78,19.72,20.10,19.70,19.74,19.89,19.74,19.75,19.96
379800,996.16,955.58,979.58,980.74,911.78,921.76,917.14,1007.82,19.71,20.09,19.69,19.74,19.88,19.74,19.75,19.96
379920,996.14,955.32,979.52,980.76,911.64,921.50,917.20,1007.78,19.72,20.10,19.70,19.74,19.89,19.75,19.76,19.96
380040,996.24,955.32,979.32,980.76,911.38,921.48,917.20,1007.74,19.74,20.11,19.71,19.75,19.89,19.75,19.76,19.97
380160,996.22,955.22,979.24,980.68,911.34,921.56,917.18,1007.68,19.75,20.13,19.71,19.75,19.90,19.75,19.78,19.99
380280,996.26,955.18,979.16,980.70,911.40,921.56,917.22,1007.84,19.77,20.14,19.73,19.76,19.91,19.76,19.78,20.00
380400,996.30,955.18,979.26,980.66,911.24,921.66,917.22,1007.80,19.78,20.15,19.74,19.78,19.91,19.77,19.79,20.00
380520,996.50,955.22,979.26,980.58,911.30,921.52,917.14,1007.82,19.77,20.14,19.74,19.78,19.91,19.77,19.78,20.00
380640,996.34,955.28,979.26,980.44,911.22,921.72,917.08,1007.78,19.77,20.14,19.74,19.77,19.90,19.76,19.79,20.00
380760,996.34,955.30,979.10,980.48,911.18,921.50,917.10,1007.94,19.76,20.14,19.73,19.78,19.91,19.77,19.79,20.00
380880,996.34,955.24,979.16,980.32,911.14,921.40,916.96,1007.88,19.76,20.13,19.73,19.77,19.91,19.76,19.79,20.00
381000,996.22,955.22,979.06,980.28,911.18,921.48,917.04,1007.74,19.75,20.12,19.72,19.76,19.90,19.75,19.77,19.98
381120,996.34,955.06,979.00,980.36,911.30,921.50,916.92,1007.62,19.73,20.11,19.71,19.75,19.90,19.75,19.76,19.97
381240,996.26,955.08,979.20,980.36,911.06,921.36,916.92,1007.78,19.73,20.11,19.71,19.74,19.89,19.75,19.77,19.97
381360,996.20,955.04,978.98,980.14,911.14,921.28,916.94,1007.76,19.73,20.10,19.70,19.74,19.89,19.74,19.76,19.97
381480,996.38,955.02,978.84,980.10,911.12,921.28,916.90,1007.70,19.72,20.11,19.70,19.75,19.89,19.74,19.76,19.97
381600,996.24,955.04,978.88,980.10,910.92,921.36,916.88,1007.70,19.72,20.10,19.70,19.74,19.88,19.73,19.75,19.96
381720,996.18,954.86,978.82,980.06,910.84,921.18,916.82,1007.84,19.73,20.10,19.71,19.74,19.88,19.74,19.76,19.97
381840,996.30,954.86,978.80,980.10,910.76,921.04,916.64,1007.80,19.72,20.10,19.70,19.74,19.88,19.73,19.74,19.96
381960,996.18,954.90,978.76,980.12,910.82,921.00,916.66,1007.70,19.71,20.09,19.69,19.74,19.87,19.72,19.74,19.95
382080,996.02,954.76,978.70,980.04,910.90,920.98,916.78,1007.64,19.72,20.10,19.69,19.74,19.87,19.72,19.73,19.95
382200,996.14,954.84,978.72,979.98,910.90,921.08,916.70,1007.70,19.72,20.10,19.70,19.74,19.88,19.73,19.75,19.96
382320,996.24,954.84,978.44,980.04,910.80,920.94,916.56,1007.60,19.73,20.10,19.71,19.74,19.88,19.73,19.75,19.96
382440,996.08,954.82,978.54,979.84,910.86,921.00,916.56,1007.72,19.73,20.11,19.71,19.74,19.88,19.73,19.75,19.96
382560,996.14,954.66,978.50,979.94,910.94,920.82,916.50,1007.66,19.73,20.11,19.71,19.75,19.89,19.74,19.75,19.97
382680,996.14,954.62,978.44,979.88,910.74,920.86,916.52,1007.82,19.74,20.12,19.72,19.75,19.88,19.74,19.76,19.98
382800,996.06,954.52,978.34,979.86,910.70,920.82,916.46,1007.78,19.74,20.12,19.71,19.74,19.88,19.74,19.76,19.98
382920,996.08,954.54,978.38,979.88,910.66,920.72,916.40,1007.66,19.74,20.11,19.71,19.75,19.88,19.74,19.76,19.98
383040,996.12,954.36,978.38,979.68,910.58,920.86,916.22,1007.76,19.73,20.11,19.71,19.75,19.88,19.74,19.75,19.97
383160,996.02,954.34,978.44,979.72,910.48,920.64,916.34,1007.64,19.73,20.11,19.71,19.74,19.88,19.74,19.75,19.97
383280,996.02,954.44,978.06,979.70,910.54,920.68,916.22,1007.78,19.73,20.10,19.70,19.74,19.88,19.73,19.75,19.97
383400,996.16,954.52,978.28,979.52,910.54,920.66,916.20,1007.66,19.72,20.10,19.70,19.74,19.87,19.73,19.75,19.96
383520,995.80,954.46,978.30,979.42,910.48,920.66,916.26,1007.68,19.73,20.10,19.70,19.74,19.87,19.73,19.75,19.96
383640,996.02,954.36,978.24,979.42,910.62,920.52,916.14,1007.72,19.73,20.11,19.70,19.73,19.86,19.72,19.75,19.96
383760,995.94,954.28,978.16,979.36,910.58,920.60,916.20,1007.68,19.72,20.10,19.70,19.73,19.86,19.72,19.74,19.96
383880,996.12,954.16,978.10,979.20,910.46,920.50,916.26,1007.68,19.72,20.10,19.69,19.73,19.86,19.72,19.74,19.97
384000,996.26,954.16,978.02,979.52,910.42,920.50,916.26,1007.82,19.72,20.10,19.69,19.73,19.87,19.73,19.75,19.96
384120,996.08,953.92,977.84,979.22,910.42,920.34,916.14,1007.78,19.72,20.09,19.69,19.72,19.86,19.72,19.74,19.96
384240,995.96,953.98,977.76,979.10,910.32,920.32,916.12,1007.74,19.71,20.09,19.69,19.72,19.86,19.71,19.73,19.95
384360,995.96,953.98,977.78,979.16,910.32,920.28,916.04,1007.74,19.71,20.09,19.69,19.71,19.85,19.71,19.73,19.95
384480,996.06,954.14,977.82,979.10,910.34,920.24,915.96,1007.70,19.72,20.09,19.69,19.72,19.86,19.72,19.73,19.95
384600,996.14,954.10,977.74,979.08,910.32,920.16,915.98,1007.84,19.71,20.09,19.69,19.72,19.86,19.72,19.73,19.95
384720,996.12,954.02,977.56,978.96,910.18,920.26,915.90,1007.90,19.72,20.10,19.69,19.73,19.86,19.72,19.73,19.95
384840,996.02,953.86,977.52,979.00,910.14,920.34,915.94,1007.86,19.71,20.09,19.69,19.72,19.86,19.72,19.73,19.95
384960,996.18,953.64,977.52,978.92,910.06,920.32,915.80,1008.04,19.72,20.09,19.69,19.72,19.86,19.72,19.74,19.95
385080,996.08,953.72,977.42,978.82,910.08,920.36,915.76,1007.94,19.70,20.08,19.68,19.71,19.85,19.72,19.73,19.94
385200,996.14,953.82,977.62,978.90,910.08,920.24,915.84,1007.96,19.69,20.07,19.67,19.71,19.86,19.71,19.73,19.93
385320,995.98,953.68,977.64,978.84,910.04,920.30,915.84,1007.90,19.67,20.05,19.66,19.70,19.84,19.70,19.71,19.91
385440,995.96,953.52,977.42,978.64,910.08,920.20,915.66,1007.88,19.66,20.04,19.64,19.69,19.83,19.68,19.70,19.90
385560,995.86,953.54,977.36,978.66,910.08,920.20,915.74,1007.76,19.65,20.03,19.64,19.68,19.82,19.68,19.69,19.89
385680,995.82,953.46,977.26,978.76,909.96,920.14,915.68,1007.56,19.65,20.03,19.64,19.68,19.82,19.67,19.69,19.89
385800,995.74,953.38,977.26,978.62,909.68,919.98,915.74,1007.62,19.65,20.03,19.63,19.67,19.80,19.66,19.67,19.88
385920,995.76,953.18,977.14,978.48,909.68,919.96,915.66,1007.50,19.64,20.02,19.62,19.66,19.80,19.65,19.66,19.87
386040,995.74,953.32,977.08,978.46,909.70,919.94,915.56,1007.52,19.63,20.01,19.61,19.65,19.79,19.64,19.65,19.87
386160,995.80,953.24,977.02,978.62,909.62,919.92,915.60,1007.50,19.62,20.00,19.60,19.65,19.79,19.64,19.65,19.85
386280,995.90,953.06,976.96,978.54,909.62,919.88,915.44,1007.46,19.61,20.00,19.59,19.65,19.78,19.64,19.64,19.83
386400,995.98,952.82,977.00,978.50,909.52,919.70,915.30,1007.44,19.59,19.98,19.58,19.64,19.78,19.63,19.63,19.82
386520,995.74,952.88,976.88,978.46,909.52,919.76,915.32,1007.46,19.60,19.98,19.58,19.63,19.78,19.63,19.63,19.83
386640,995.80,952.88,976.76,978.36,909.40,919.82,915.18,1007.40,19.61,20.00,19.59,19.64,19.78,19.64,19.64,19.85
386760,995.92,952.88,976.58,978.40,909.40,919.64,915.18,1007.44,19.63,20.01,19.61,19.65,19.79,19.65,19.66,19.87
386880,995.86,952.88,976.66,978.26,909.50,919.72,915.22,1007.56,19.64,20.02,19.62,19.66,19.80,19.66,19.66,19.88
387000,995.92,952.72,976.66,978.30,909.54,919.74,915.24,1007.58,19.65,20.03,19.63,19.68,19.81,19.67,19.68,19.89
387120,995.92,952.76,976.68,978.22,909.56,919.84,915.22,1007.62,19.67,20.04,19.63,19.68,19.82,19.68,19.69,19.91
387240,995.94,952.92,976.78,978.14,909.42,919.68,915.22,1007.48,19.69,20.05,19.65,19.69,19.83,19.68,19.70,19.92
387360,996.08,952.54,976.60,978.14,909.34,919.70,915.14,1007.58,19.69,20.05,19.65,19.69,19.82,19.68,19.69,19.92
387480,995.90,952.68,976.48,978.12,909.24,919.62,915.14,1007.64,19.70,20.06,19.66,19.70,19.83,19.68,19.70,19.93
387600,995.96,952.80,976.56,978.22,909.26,919.50,915.12,1007.54,19.71,20.08,19.67,19.71,19.84,19.70,19.72,19.95
387720,995.98,952.78,976.44,978.16,909.24,919.60,915.10,1007.60,19.72,20.08,19.68,19.73,19.86,19.71,19.73,19.95
387840,996.02,952.62,976.50,978.12,909.18,919.50,915.10,1007.66,19.69,20.06,19.67,19.71,19.85,19.70,19.71,19.93
387960,996.02,952.48,976.48,977.98,909.30,919.46,915.16,1007.76,19.68,20.05,19.65,19.70,19.84,19.69,19.70,19.91
388080,996.08,952.44,976.36,977.96,909.26,919.42,914.88,1007.72,19.68,20.05,19.65,19.70,19.84,19.70,19.70,19.92
388200,995.98,952.42,976.42,977.96,909.28,919.48,915.00,1007.52,19.69,20.06,19.66,19.70,19.84,19.69,19.70,19.92
388320,995.90,952.50,976.44,977.90,909.20,919.40,914.96,1007.58,19.70,20.07,19.66,19.70,19.84,19.69,19.70,19.92
388440,996.08,952.58,976.18,977.78,909.24,919.48,915.00,1007.82,19.71,20.07,19.67,19.71,19.84,19.69,19.71,19.93
388560,996.18,952.36,976.28,977.86,909.22,919.48,914.92,1007.84,19.72,20.09,19.68,19.72,19.85,19.71,19.72,19.94
388680,996.14,952.48,976.16,977.76,909.24,919.32,915.00,1007.82,19.72,20.09,19.68,19.72,19.85,19.71,19.73,19.95
388800,996.12,952.50,976.14,977.68,909.10,919.40,914.92,1007.74,19.72,20.09,19.68,19.72,19.86,19.72,19.73,19.95
388920,996.10,952.40,976.04,977.64,909.06,919.28,915.00,1007.70,19.72,20.09,19.68,19.72,19.85,19.71,19.72,19.94
389040,996.06,952.18,976.06,977.76,909.08,919.22,915.08,1007.70,19.72,20.09,19.68,19.72,19.86,19.71,19.72,19.95
389160,996.04,952.30,976.08,977.50,908.84,919.08,914.98,1007.58,19.72,20.09,19.68,19.72,19.85,19.71,19.73,19.95
389280,996.06,952.32,975.98,977.52,908.92,919.14,914.92,1007.62,19.71,20.08,19.67,19.72,19.85,19.71,19.72,19.94
389400,996.12,952.36,975.76,977.62,908.84,919.04,914.90,1007.66,19.71,20.08,19.67,19.71,19.85,19.70,19.72,19.94
389520,996.16,952.20,975.82,977.36,908.78,919.18,914.90,1007.50,19.73,20.10,19.68,19.72,19.85,19.71,19.73,19.96
389640,996.14,952.12,975.80,977.36,908.80,919.12,914.96,1007.54,19.74,20.11,19.69,19.73,19.87,19.72,19.74,19.97
389760,996.08,952.14,975.94,977.36,908.74,919.08,915.00,1007.58,19.74,20.11,19.70,19.74,19.87,19.73,19.75,19.97
389880,996.16,952.20,975.90,977.32,908.80,919.00,914.78,1007.58,19.75,20.12,19.71,19.74,19.87,19.73,19.75,19.98
390000,996.08,952.14,975.74,977.38,908.84,919.08,914.90,1007.72,19.76,20.13,19.71,19.75,19.88,19.74,19.76,19.99
390120,996.08,952.08,975.88,977.34,908.76,919.02,914.90,1007.78,19.77,20.13,19.72,19.76,19.89,19.75,19.77,19.99
390240,996.12,952.10,975.64,977.30,908.78,918.90,914.92,1007.96,19.77,20.14,19.73,19.76,19.90,19.76,19.78,20.00
390360,996.18,952.08,975.72,977.30,908.54,918.82,914.94,1007.78,19.79,20.15,19.74,19.77,19.91,19.77,19.79,20.00
390480,996.28,952.00,975.76,977.20,908.66,918.90,914.80,1007.82,19.79,20.16,19.75,19.78,19.92,19.78,19.80,20.01
390600,996.26,951.94,975.64,977.46,908.70,918.98,914.86,1007.68,19.80,20.16,19.75,19.79,19.93,19.79,19.80,20.02
390720,996.30,952.00,975.56,977.28,908.56,918.94,914.86,1007.70,19.81,20.17,19.76,19.79,19.93,19.79,19.82,20.03
390840,996.14,952.00,975.42,977.24,908.54,919.00,914.82,1007.82,19.81,20.18,19.76,19.80,19.94,19.79,19.82,20.04
390960,996.20,951.94,975.50,977.16,908.56,918.90,914.90,1007.76,19.82,20.18,19.77,19.80,19.94,19.79,19.82,20.04
391080,996.36,951.84,975.40,977.32,908.42,919.06,914.92,1007.80,19.82,20.18,19.77,19.80,19.94,19.79,19.82,20.04
391200,996.26,951.90,975.42,977.20,908.54,919.00,914.88,1007.82,19.82,20.18,19.77,19.80,19.93,19.79,19.82,20.04
391320,996.30,951.90,975.48,977.16,908.66,918.96,914.88,1007.96,19.82,20.19,19.78,19.81,19.95,19.81,19.83,20.05
391440,996.34,951.80,975.40,977.16,908.42,918.96,914.92,1007.96,19.82,20.19,19.78,19.81,19.95,19.81,19.83,20.05
391560,996.44,951.72,975.42,977.12,908.44,918.98,914.82,1007.94,19.82,20.19,19.78,19.81,19.95,19.81,19.83,20.04
391680,996.38,951.76,975.02,976.86,908.34,918.92,914.64,1007.88,19.80,20.16,19.76,19.80,19.94,19.80,19.81,20.02
391800,996.28,951.64,975.18,976.90,908.32,919.02,914.60,1007.90,19.78,20.14,19.74,19.78,19.92,19.78,19.79,20.00
391920,996.24,951.60,975.10,976.94,908.28,918.98,914.54,1007.76,19.77,20.14,19.73,19.77,19.91,19.77,19.79,20.00
392040,996.18,951.46,975.10,976.92,908.30,918.82,914.48,1007.88,19.76,20.13,19.73,19.77,19.90,19.77,19.79,19.99
392160,996.02,951.58,975.06,976.80,908.32,918.90,914.46,1007.78,19.76,20.13,19.73,19.77,19.91,19.77,19.78,20.00
392280,996.14,951.48,974.98,976.80,908.44,918.86,914.50,1007.80,19.77,20.14,19.74,19.77,19.91,19.77,19.79,20.00
392400,996.24,951.42,975.00,976.76,908.16,918.84,914.52,1007.78,19.80,20.16,19.75,19.79,19.93,19.78,19.80,20.02
392520,996.38,951.40,974.88,976.80,908.14,918.78,914.52,1007.80,19.82,20.18,19.77,19.80,19.94,19.79,19.82,20.04
392640,996.44,951.40,975.04,976.90,908.14,918.78,914.56,1007.90,19.83,20.19,19.78,19.81,19.95,19.80,19.83,20.04
392760,996.34,951.38,975.02,976.80,908.06,918.76,914.38,1007.92,19.83,20.20,19.78,19.82,19.96,19.81,19.83,20.05
392880,996.34,951.24,974.92,976.94,908.18,918.88,914.42,1008.06,19.84,20.21,19.79,19.82,19.96,19.82,19.84,20.06
393000,996.38,951.46,974.84,976.80,908.34,918.64,914.48,1008.24,19.84,20.21,19.79,19.83,19.97,19.83,19.85,20.07
393120,996.44,951.44,974.82,976.72,908.00,918.60,914.46,1008.14,19.84,20.21,19.80,19.83,19.97,19.83,19.85,20.06
393240,996.36,951.46,974.90,976.84,907.94,918.46,914.36,1007.96,19.85,20.21,19.80,19.83,19.97,19.83,19.85,20.07
393360,996.42,951.34,974.86,976.72,907.94,918.48,914.50,1008.14,19.86,20.22,19.81,19.84,19.98,19.84,19.86,20.09
393480,996.40,951.20,975.06,976.70,907.86,918.36,914.58,1007.96,19.87,20.23,19.82,19.85,19.99,19.85,19.87,20.09
393600,996.44,951.18,974.74,976.66,907.96,918.52,914.38,1008.28,19.85,20.22,19.81,19.84,19.98,19.84,19.86,20.08
393720,996.28,951.24,974.80,976.40,907.92,918.56,914.44,1008.02,19.83,20.20,19.79,19.82,19.96,19.82,19.84,20.05
393840,996.36,951.24,974.86,976.38,907.86,918.58,914.40,1008.14,19.81,20.19,19.77,19.81,19.95,19.81,19.83,20.04
393960,996.30,951.20,974.72,976.38,908.00,918.42,914.34,1008.02,19.80,20.18,19.77,19.81,19.95,19.81,19.83,20.03
394080,996.34,951.20,974.56,976.34,907.90,918.50,914.40,1008.06,19.81,20.18,19.78,19.81,19.96,19.82,19.83,20.04
394200,996.26,951.10,974.66,976.32,907.48,918.44,914.28,1008.14,19.82,20.20,19.79,19.82,19.96,19.82,19.84,20.05
394320,996.46,950.96,974.74,976.32,907.46,918.46,914.24,1008.28,19.84,20.20,19.80,19.82,19.97,19.83,19.85,20.06
394440,996.48,950.92,974.62,976.44,907.50,918.48,914.22,1008.22,19.84,20.21,19.80,19.83,19.97,19.83,19.85,20.06
394560,996.38,950.86,974.38,976.34,907.54,918.52,914.20,1008.10,19.84,20.21,19.80,19.83,19.97,19.83,19.85,20.06
394680,996.54,950.88,974.44,976.32,907.50,918.24,914.16,1008.12,19.85,20.21,19.80,19.83,19.97,19.83,19.85,20.07
394800,996.42,951.02,974.52,976.42,907.54,918.26,914.20,1008.02,19.86,20.23,19.81,19.84,19.98,19.84,19.86,20.08
394920,996.40,951.08,974.44,976.34,907.58,918.46,914.02,1008.22,19.87,20.23,19.82,19.85,19.99,19.85,19.87,20.09
395040,996.52,951.00,974.54,976.18,907.50,918.48,914.06,1008.20,19.86,20.23,19.81,19.85,19.99,19.85,19.87,20.09
395160,996.50,951.04,974.46,976.34,907.58,918.26,914.12,1008.08,19.88,20.24,19.83,19.86,20.00,19.86,19.88,20.10
395280,996.52,951.02,974.32,976.20,907.60,918.24,914.22,1008.30,19.88,20.24,19.83,19.86,20.00,19.86,19.88,20.11
395400,996.44,950.98,974.18,976.06,907.52,918.20,914.04,1008.18,19.86,20.23,19.82,19.85,20.00,19.85,19.87,20.09
395520,996.50,950.86,974.16,976.18,907.40,918.14,914.22,1008.22,19.85,20.21,19.80,19.84,19.98,19.84,19.86,20.07
395640,996.40,950.62,974.28,976.08,907.50,918.18,914.02,1008.22,19.83,20.20,19.80,19.83,19.98,19.83,19.85,20.06
395760,996.50,950.66,974.26,975.94,907.42,918.08,913.90,1008.06,19.83,20.20,19.79,19.83,19.97,19.82,19.84,20.06
395880,996.46,950.50,974.20,975.84,907.32,918.14,913.96,1008.00,19.83,20.20,19.79,19.83,19.97,19.83,19.84,20.06
396000,996.48,950.60,974.06,975.90,907.48,918.18,914.08,1008.02,19.84,20.21,19.80,19.83,19.97,19.82,19.84,20.06
396120,996.48,950.58,974.12,975.86,907.34,918.06,913.98,1008.06,19.85,20.21,19.80,19.83,19.97,19.83,19.85,20.07
396240,996.50,950.42,974.02,975.90,907.34,918.22,914.02,1008.00,19.85,20.21,19.80,19.83,19.97,19.82,19.84,20.06
396360,996.56,950.50,973.98,975.90,907.32,918.14,913.94,1008.28,19.84,20.21,19.80,19.83,19.97,19.83,19.84,20.06
396480,996.54,950.60,973.98,975.94,907.32,918.22,914.00,1008.14,19.84,20.21,19.80,19.83,19.97,19.82,19.84,20.06
396600,996.48,950.48,973.90,975.84,907.46,918.10,913.94,1008.12,19.84,20.21,19.80,19.83,19.97,19.83,19.85,20.06
396720,996.52,950.42,973.82,975.76,907.34,918.06,913.86,1008.14,19.85,20.21,19.80,19.84,19.98,19.84,19.85,20.06
396840,996.52,950.36,973.86,975.66,907.38,918.20,913.86,1008.16,19.84,20.20,19.79,19.83,19.97,19.83,19.84,20.05
396960,996.40,950.26,973.76,975.88,907.20,918.22,913.78,1008.00,19.80,20.17,19.77,19.82,19.95,19.80,19.82,20.02
397080,996.62,950.20,973.82,975.64,907.06,918.04,913.94,1007.90,19.78,20.16,19.76,19.80,19.94,19.79,19.80,20.01
397200,996.48,950.28,973.88,975.64,907.02,918.00,913.72,1007.94,19.78,20.15,19.75,19.79,19.93,19.78,19.80,20.00
397320,996.46,950.34,973.74,975.60,906.96,917.90,913.64,1008.00,19.79,20.16,19.76,19.79,19.93,19.79,19.80,20.01
397440,996.42,950.24,973.64,975.58,906.96,917.86,913.70,1008.04,19.80,20.18,19.77,19.80,19.94,19.79,19.80,20.02
397560,996.64,950.10,973.70,975.44,907.04,917.88,913.70,1008.12,19.81,20.18,19.77,19.81,19.95,19.80,19.81,20.03
397680,996.68,950.06,973.58,975.52,907.00,917.86,913.50,1008.18,19.83,20.19,19.78,19.81,19.95,19.81,19.82,20.04
397800,996.44,950.16,973.56,975.34,907.00,917.76,913.38,1008.32,19.82,20.19,19.78,19.82,19.96,19.81,19.82,20.03
397920,996.66,950.20,973.52,975.30,906.88,917.90,913.50,1008.22,19.82,20.18,19.77,19.81,19.95,19.81,19.82,20.03
398040,996.54,950.02,973.42,975.34,907.00,917.82,913.34,1008.18,19.80,20.17,19.76,19.80,19.94,19.80,19.80,20.01
398160,996.50,949.92,973.44,975.36,906.94,917.84,913.50,1008.00,19.78,20.15,19.74,19.79,19.94,19.79,19.79,20.00
398280,996.42,949.82,973.34,975.30,906.88,917.98,913.38,1008.20,19.75,20.12,19.73,19.77,19.92,19.77,19.78,19.98
398400,996.28,949.82,973.38,975.20,906.78,917.80,913.32,1008.22,19.74,20.11,19.71,19.76,19.91,19.76,19.76,19.96
398520,996.20,949.78,973.32,975.14,906.76,917.64,913.32,1008.16,19.74,20.11,19.71,19.77,19.92,19.76,19.76,19.96
398640,996.34,949.66,973.16,975.12,906.90,917.64,913.54,1008.10,19.75,20.12,19.72,19.77,19.92,19.77,19.77,19.98
398760,996.32,949.74,973.16,975.20,906.80,917.60,913.36,1008.10,19.76,20.12,19.71,19.77,19.90,19.76,19.77,19.98
398880,996.30,949.64,973.20,975.22,906.62,917.48,913.34,1008.14,19.76,20.13,19.72,19.77,19.90,19.76,19.77,19.99
399000,996.30,949.62,973.26,975.00,906.60,917.44,913.50,1008.16,19.77,20.14,19.73,19.77,19.91,19.77,19.78,20.00
399120,996.30,949.52,973.18,975.04,906.66,917.78,913.36,1008.24,19.78,20.15,19.74,19.78,19.92,19.78,19.79,20.00
399240,996.38,949.58,973.10,975.04,906.52,917.60,912.90,1008.28,19.78,20.15,19.74,19.78,19.93,19.78,19.79,20.00
399360,996.42,949.54,972.96,974.84,906.62,917.68,913.22,1008.28,19.78,20.15,19.74,19.78,19.92,19.78,19.79,20.00
399480,996.50,949.56,973.00,974.90,906.50,917.54,913.12,1008.28,19.78,20.16,19.75,19.79,19.93,19.78,19.79,20.00
399600,996.42,949.40,973.02,974.88,906.50,917.56,913.16,1008.14,19.78,20.15,19.75,19.79,19.92,19.78,19.79,20.00
399720,996.30,949.42,972.92,974.98,906.52,917.52,913.16,1007.92,19.77,20.14,19.74,19.78,19.91,19.77,19.78,19.99
399840,996.32,949.34,972.68,974.82,906.52,917.40,913.24,1007.96,19.74,20.12,19.71,19.76,19.90,19.75,19.76,19.96
399960,996.30,949.30,972.82,974.58,906.30,917.24,913.14,1007.92,19.72,20.10,19.70,19.75,19.89,19.75,19.75,19.96
400080,996.30,949.18,972.64,974.46,906.26,917.36,913.18,1008.00,19.72,20.09,19.70,19.75,19.88,19.73,19.74,19.95
400200,996.32,949.28,972.72,974.44,906.30,917.46,913.20,1007.90,19.74,20.11,19.71,19.75,19.90,19.75,19.76,19.98
400320,996.24,949.28,972.54,974.52,906.32,917.38,913.10,1007.92,19.77,20.14,19.74,19.78,19.92,19.76,19.78,19.99
400440,996.32,949.20,972.50,974.52,906.30,917.42,913.14,1008.16,19.80,20.17,19.76,19.81,19.94,19.79,19.81,20.03
400560,996.32,949.12,972.70,974.62,906.26,917.56,913.06,1008.20,19.82,20.19,19.78,19.82,19.96,19.81,19.83,20.05
400680,996.52,949.08,972.74,974.48,906.26,917.54,913.10,1007.98,19.84,20.21,19.80,19.83,19.98,19.82,19.84,20.07
400800,996.60,949.18,972.70,974.66,906.44,917.68,913.06,1008.14,19.86,20.23,19.82,19.85,20.00,19.84,19.86,20.08
400920,996.48,949.14,972.60,974.76,906.32,917.62,913.22,1008.34,19.88,20.24,19.84,19.87,20.01,19.86,19.88,20.10
401040,996.66,949.06,972.66,974.50,906.38,917.50,913.14,1008.38,19.89,20.25,19.84,19.88,20.02,19.87,19.89,20.10
401160,996.64,949.16,972.56,974.66,906.42,917.50,913.12,1008.42,19.89,20.26,19.85,19.89,20.01,19.87,19.89,20.10
401280,996.66,949.00,972.64,974.68,906.34,917.50,913.08,1008.36,19.88,20.25,19.85,19.88,20.01,19.87,19.89,20.10
401400,996.70,949.16,972.68,974.42,906.32,917.56,913.08,1008.48,19.88,20.25,19.85,19.88,20.02,19.88,19.90,20.11
401520,996.82,949.14,972.62,974.54,906.28,917.78,913.14,1008.46,19.89,20.27,19.87,19.89,20.03,19.88,19.91,20.13
401640,996.84,948.98,972.60,974.26,906.48,917.60,913.32,1008.56,19.91,20.28,19.88,19.91,20.04,19.90,19.92,20.14
401760,996.74,949.00,972.58,974.46,906.26,917.50,913.24,1008.62,19.92,20.30,19.88,19.92,20.05,19.91,19.93,20.15
401880,996.94,949.12,972.54,974.46,906.36,917.46,913.22,1008.46,19.94,20.31,19.90,19.93,20.07,19.93,19.95,20.17
402000,996.92,948.98,972.52,974.38,906.44,917.54,913.16,1008.50,19.94,20.31,19.91,19.94,20.07,19.93,19.96,20.18
402120,996.94,949.02,972.52,974.46,906.24,917.42,913.14,1008.52,19.96,20.33,19.92,19.95,20.09,19.95,19.97,20.19
402240,997.00,949.14,972.46,974.48,906.34,917.40,913.02,1008.72,19.96,20.33,19.92,19.95,20.09,19.94,19.97,20.20
402360,997.12,949.00,972.38,974.36,906.36,917.50,913.10,1008.68,19.97,20.35,19.94,19.96,20.10,19.96,19.99,20.21
402480,997.08,949.02,972.40,974.40,906.34,917.66,913.26,1008.72,20.01,20.38,19.98,19.99,20.13,19.98,20.01,20.25
402600,997.30,949.16,972.48,974.52,906.42,917.48,913.22,1008.88,20.04,20.41,20.00,20.01,20.17,20.01,20.04,20.28
402720,997.40,949.22,972.48,974.48,906.42,917.74,913.26,1008.94,20.06,20.44,20.02,20.04,20.19,20.03,20.06,20.31
402840,997.44,949.28,972.48,974.44,906.66,917.62,913.34,1009.06,20.08,20.46,20.05,20.06,20.21,20.05,20.09,20.34
402960,997.62,949.32,972.44,974.44,906.54,917.64,913.32,1009.10,20.11,20.49,20.07,20.08,20.24,20.08,20.11,20.36
403080,997.68,949.14,972.38,974.50,906.54,917.74,913.38,1009.32,20.13,20.51,20.09,20.11,20.26,20.09,20.13,20.38
403200,997.56,949.14,972.30,974.64,906.60,917.80,913.38,1009.20,20.15,20.53,20.11,20.13,20.29,20.12,20.16,20.41
403320,997.76,949.46,972.34,974.62,906.66,917.80,913.44,1009.28,20.18,20.56,20.14,20.15,20.31,20.14,20.18,20.43
403440,997.82,949.36,972.40,974.64,906.84,917.76,913.54,1009.48,20.21,20.58,20.17,20.18,20.33,20.17,20.20,20.45
403560,997.80,949.46,972.52,974.68,906.86,917.82,913.42,1009.68,20.22,20.60,20.18,20.19,20.35,20.18,20.22,20.47
403680,998.06,949.36,972.58,974.64,906.84,917.80,913.60,1009.56,20.22,20.60,20.18,20.19,20.35,20.17,20.21,20.46
403800,998.10,949.50,972.62,974.68,906.70,917.76,913.56,1009.66,20.22,20.60,20.19,20.20,20.36,20.18,20.22,20.47
403920,998.10,949.50,972.58,974.72,906.70,917.86,913.70,1009.72,20.23,20.62,20.20,20.21,20.38,20.20,20.24,20.49
404040,998.34,949.48,972.62,974.66,906.68,917.78,913.62,1009.56,20.25,20.64,20.22,20.23,20.39,20.22,20.26,20.51
404160,998.32,949.44,972.74,974.78,906.74,917.78,913.60,1009.56,20.27,20.65,20.23,20.25,20.41,20.24,20.27,20.52
404280,998.30,949.62,972.70,974.70,906.88,918.00,913.70,1009.74,20.29,20.67,20.25,20.27,20.43,20.25,20.29,20.54
404400,998.46,949.52,972.64,974.56,907.06,918.18,913.86,1009.78,20.32,20.69,20.27,20.29,20.45,20.27,20.31,20.57
404520,998.46,949.50,972.58,974.70,907.08,918.08,913.76,1009.86,20.33,20.71,20.29,20.31,20.48,20.29,20.34,20.59
404640,998.42,949.62,972.52,974.76,907.18,918.10,913.90,1010.04,20.34,20.73,20.31,20.32,20.49,20.31,20.35,20.60
404760,998.60,949.60,972.54,974.90,906.98,918.04,913.82,1010.06,20.35,20.74,20.32,20.33,20.49,20.31,20.35,20.61
404880,998.70,949.52,972.58,974.86,907.02,918.10,913.80,1010.02,20.36,20.74,20.32,20.34,20.50,20.32,20.36,20.62
405000,998.74,949.64,972.68,974.86,907.04,918.10,913.92,1010.08,20.37,20.76,20.34,20.35,20.52,20.33,20.38,20.64
405120,998.80,949.58,972.72,974.82,906.98,918.08,913.98,1010.10,20.40,20.78,20.36,20.37,20.54,20.35,20.39,20.66
405240,998.82,949.58,972.82,974.82,906.90,918.00,914.02,1010.14,20.41,20.79,20.37,20.39,20.57,20.37,20.41,20.68
405360,999.02,949.62,972.82,974.96,906.96,918.28,913.86,1010.42,20.43,20.80,20.39,20.41,20.59,20.39,20.43,20.69
405480,998.98,949.64,972.76,975.02,907.04,918.36,913.94,1010.36,20.45,20.83,20.42,20.43,20.62,20.43,20.46,20.72
405600,999.34,949.52,972.76,974.96,907.02,918.26,914.06,1010.44,20.48,20.85,20.44,20.45,20.66,20.45,20.49,20.75
405720,999.24,949.50,972.68,975.04,907.06,918.34,914.04,1010.54,20.48,20.87,20.46,20.48,20.68,20.47,20.51,20.77
405840,999.24,949.66,972.72,975.06,907.16,918.20,914.06,1010.54,20.50,20.88,20.47,20.49,20.68,20.47,20.52,20.78
405960,999.22,949.76,972.72,974.88,907.24,918.28,914.16,1010.54,20.51,20.90,20.49,20.50,20.69,20.48,20.54,20.80
406080,999.30,949.60,972.70,974.88,907.34,918.30,914.12,1010.52,20.52,20.91,20.50,20.50,20.68,20.49,20.54,20.80
406200,999.36,949.72,972.82,974.92,907.30,918.30,914.16,1010.78,20.52,20.91,20.51,20.50,20.67,20.49,20.55,20.80
406320,999.58,949.78,972.78,974.88,907.26,918.34,914.30,1010.78,20.51,20.91,20.50,20.49,20.66,20.48,20.53,20.79
406440,999.38,949.60,972.72,975.00,907.42,918.46,914.18,1010.72,20.53,20.92,20.50,20.50,20.66,20.48,20.54,20.80
406560,999.42,949.70,972.80,975.00,907.28,918.32,914.08,1010.78,20.53,20.92,20.49,20.49,20.65,20.49,20.53,20.79
406680,999.48,949.76,972.72,975.12,907.28,918.38,914.16,1010.92,20.53,20.91,20.49,20.50,20.66,20.49,20.54,20.79
406800,999.70,949.72,972.68,975.08,907.28,918.38,914.18,1010.96,20.53,20.91,20.50,20.50,20.66,20.49,20.53,20.78
406920,999.58,949.78,972.70,975.02,907.16,918.44,914.28,1010.92,20.53,20.91,20.49,20.50,20.66,20.49,20.53,20.79
407040,999.62,949.88,972.72,975.00,907.18,918.40,914.28,1010.96,20.52,20.91,20.49,20.50,20.66,20.49,20.53,20.79
407160,999.68,949.84,972.84,975.10,907.24,918.40,914.08,1011.14,20.51,20.90,20.48,20.49,20.66,20.48,20.52,20.78
407280,999.56,949.80,972.78,975.12,907.26,918.38,914.24,1011.26,20.51,20.89,20.48,20.49,20.65,20.48,20.52,20.78
407400,999.56,949.84,972.88,975.00,907.20,918.42,914.26,1011.02,20.51,20.90,20.48,20.49,20.65,20.48,20.52,20.78
407520,999.66,949.66,972.74,974.98,907.32,918.44,914.32,1011.20,20.52,20.90,20.49,20.50,20.66,20.48,20.52,20.78
407640,999.84,949.52,972.68,974.94,907.28,918.70,914.16,1011.12,20.52,20.91,20.50,20.51,20.67,20.50,20.54,20.79
407760,999.88,949.74,972.70,975.00,907.32,918.80,914.38,1011.26,20.54,20.93,20.51,20.53,20.69,20.52,20.55,20.80
407880,999.76,949.78,972.68,974.98,907.48,918.62,914.42,1011.26,20.54,20.93,20.52,20.53,20.69,20.52,20.55,20.80
408000,999.98,949.68,972.82,974.98,907.26,918.62,914.46,1011.34,20.56,20.94,20.53,20.55,20.71,20.53,20.57,20.82
408120,1000.08,949.66,972.70,975.00,907.38,918.70,914.42,1011.28,20.55,20.94,20.54,20.55,20.71,20.53,20.57,20.81
408240,1000.10,949.72,972.86,974.94,907.30,918.74,914.42,1011.28,20.56,20.95,20.54,20.55,20.72,20.54,20.57,20.82
408360,1000.16,949.70,972.80,974.82,907.40,918.74,914.38,1011.26,20.57,20.96,20.55,20.56,20.72,20.55,20.58,20.83
408480,1000.20,949.70,972.82,974.96,907.32,918.80,914.32,1011.30,20.59,20.98,20.57,20.58,20.74,20.57,20.60,20.85
408600,1000.30,949.74,972.72,974.94,907.52,918.92,914.44,1011.40,20.60,20.99,20.59,20.59,20.75,20.58,20.61,20.86
408720,1000.42,949.70,972.78,974.86,907.56,918.86,914.44,1011.70,20.63,21.02,20.60,20.61,20.78,20.60,20.63,20.89
408840,1000.40,949.86,972.80,975.02,907.64,918.92,914.38,1011.76,20.64,21.03,20.63,20.63,20.80,20.62,20.65,20.90
408960,1000.54,949.92,972.78,975.10,907.60,918.96,914.44,1011.70,20.66,21.04,20.63,20.64,20.81,20.63,20.67,20.92
409080,1000.66,949.90,972.74,975.12,907.52,919.04,914.42,1011.66,20.67,21.05,20.65,20.66,20.82,20.64,20.68,20.93
409200,1000.42,949.92,972.74,975.14,907.54,918.96,914.44,1011.76,20.67,21.06,20.65,20.66,20.83,20.65,20.69,20.92
409320,1000.46,950.04,972.76,975.00,907.58,918.82,914.44,1011.70,20.67,21.06,20.65,20.67,20.83,20.65,20.69,20.92
409440,1000.60,949.90,972.82,975.22,907.50,919.00,914.42,1011.80,20.67,21.07,20.66,20.68,20.85,20.66,20.70,20.93
409560,1000.82,950.00,972.86,975.14,907.60,919.16,914.64,1011.76,20.70,21.09,20.68,20.69,20.86,20.68,20.71,20.95
409680,1000.76,949.96,972.82,975.08,907.58,919.26,914.66,1011.94,20.73,21.11,20.69,20.71,20.87,20.69,20.73,20.98
409800,1000.88,949.88,972.88,975.10,907.68,919.16,914.72,1012.12,20.74,21.13,20.71,20.72,20.89,20.71,20.75,20.99
409920,1000.98,949.84,972.94,975.12,907.68,919.10,914.80,1012.32,20.75,21.14,20.72,20.74,20.91,20.73,20.76,21.01
410040,1001.04,949.80,972.84,975.00,907.66,919.04,914.92,1012.20,20.75,21.13,20.73,20.74,20.90,20.73,20.76,21.01
410160,1001.00,949.78,972.92,975.24,907.72,919.16,914.90,1012.26,20.74,21.13,20.72,20.73,20.90,20.72,20.75,21.00
410280,1000.94,950.00,972.86,975.18,907.62,919.06,914.92,1012.24,20.73,21.12,20.71,20.73,20.89,20.72,20.75,20.99
410400,1000.94,949.96,972.80,975.10,907.56,919.04,914.90,1012.24,20.72,21.11,20.70,20.71,20.88,20.71,20.74,20.97
410520,1000.96,949.98,972.82,975.24,907.66,919.00,914.88,1012.12,20.72,21.10,20.70,20.71,20.87,20.70,20.73,20.96
410640,1001.02,949.98,973.00,975.18,907.62,919.22,914.92,1012.10,20.71,21.10,20.69,20.71,20.87,20.70,20.73,20.96
410760,1000.96,949.88,972.88,974.96,907.62,919.04,914.72,1012.06,20.72,21.11,20.70,20.71,20.87,20.70,20.73,20.97
410880,1001.08,949.96,972.78,974.96,907.62,919.18,914.80,1012.20,20.73,21.12,20.71,20.72,20.88,20.71,20.74,20.98
411000,1001.14,950.06,972.78,974.96,907.74,919.12,914.90,1012.10,20.73,21.12,20.72,20.73,20.89,20.72,20.74,20.98
411120,1001.16,950.04,972.72,975.00,907.54,919.20,914.90,1012.08,20.73,21.13,20.72,20.74,20.89,20.72,20.75,20.98
411240,1001.28,949.90,972.78,974.96,907.46,919.26,914.94,1012.24,20.73,21.12,20.71,20.73,20.88,20.71,20.74,20.98
411360,1001.38,949.90,972.74,975.12,907.48,919.06,914.76,1012.10,20.71,21.11,20.71,20.72,20.87,20.70,20.73,20.96
411480,1000.94,949.94,972.54,974.98,907.40,919.18,914.68,1012.18,20.69,21.09,20.68,20.70,20.85,20.68,20.71,20.94
411600,1001.00,949.90,972.52,975.00,907.44,919.12,914.82,1012.14,20.68,21.08,20.68,20.69,20.84,20.67,20.70,20.93
411720,1001.06,949.90,972.72,974.96,907.48,919.12,914.72,1012.22,20.66,21.06,20.66,20.67,20.82,20.65,20.68,20.91
411840,1001.08,949.76,972.64,974.86,907.36,919.10,914.60,1012.30,20.66,21.06,20.66,20.67,20.82,20.65,20.69,20.91
411960,1000.92,949.80,972.58,974.74,907.32,919.08,914.66,1012.26,20.64,21.03,20.63,20.65,20.81,20.64,20.67,20.89
412080,1000.88,949.60,972.54,974.66,907.40,919.06,914.64,1012.04,20.63,21.03,20.63,20.65,20.80,20.63,20.66,20.87
412200,1000.94,949.64,972.50,974.70,907.26,919.08,914.68,1011.94,20.63,21.02,20.62,20.64,20.79,20.63,20.65,20.88
412320,1000.80,949.42,972.58,974.62,907.28,919.08,914.58,1012.04,20.63,21.03,20.63,20.64,20.80,20.63,20.66,20.88
412440,1000.86,949.42,972.48,974.52,907.14,919.04,914.56,1012.04,20.63,21.03,20.63,20.64,20.79,20.63,20.65,20.88
412560,1001.00,949.44,972.48,974.44,907.18,919.22,914.72,1012.14,20.64,21.03,20.63,20.64,20.80,20.64,20.67,20.90
412680,1000.96,949.52,972.22,974.40,907.26,919.24,914.72,1012.04,20.65,21.04,20.64,20.65,20.81,20.64,20.68,20.91
412800,1001.10,949.58,972.44,974.42,907.28,919.08,914.84,1012.08,20.65,21.04,20.64,20.66,20.81,20.65,20.68,20.91
412920,1001.08,949.52,972.42,974.52,907.14,919.10,914.80,1012.04,20.66,21.05,20.64,20.67,20.82,20.66,20.68,20.92
413040,1001.12,949.42,972.20,974.48,906.98,919.12,914.76,1012.22,20.65,21.05,20.64,20.67,20.82,20.65,20.68,20.92
413160,1001.32,949.36,972.24,974.42,907.14,918.94,914.70,1012.16,20.66,21.05,20.65,20.67,20.83,20.66,20.69,20.92
413280,1001.24,949.38,972.18,974.50,907.24,918.82,914.64,1012.24,20.64,21.05,20.65,20.66,20.83,20.66,20.69,20.91
413400,1001.26,949.22,972.22,974.42,907.28,918.92,914.72,1012.20,20.64,21.05,20.64,20.65,20.83,20.66,20.69,20.90
413520,1001.08,949.20,972.20,974.44,907.12,918.80,914.94,1012.18,20.62,21.03,20.63,20.65,20.81,20.65,20.68,20.89
413640,1001.08,949.12,972.16,974.42,907.24,918.86,914.88,1012.12,20.61,21.02,20.61,20.63,20.80,20.64,20.66,20.88
413760,1000.94,949.14,971.92,974.36,907.18,918.96,914.72,1012.06,20.60,21.00,20.59,20.62,20.78,20.62,20.64,20.85
413880,1000.94,949.06,972.00,974.30,906.88,918.84,914.66,1012.08,20.58,20.98,20.57,20.60,20.76,20.60,20.62,20.83
414000,1001.06,948.96,971.94,974.20,906.88,918.84,914.66,1011.98,20.56,20.96,20.56,20.59,20.74,20.58,20.60,20.81
414120,1001.02,948.92,971.94,974.16,906.84,918.68,914.64,1012.18,20.56,20.97,20.56,20.59,20.74,20.58,20.60,20.82
414240,1000.94,949.08,971.90,974.14,906.78,918.66,914.60,1012.24,20.58,20.98,20.58,20.60,20.75,20.60,20.62,20.83
414360,1000.90,949.18,971.84,974.24,906.76,918.78,914.46,1012.28,20.58,20.98,20.58,20.60,20.76,20.60,20.62,20.84
414480,1000.90,949.02,971.64,974.28,906.74,918.90,914.60,1012.02,20.59,20.99,20.59,20.61,20.77,20.61,20.63,20.84
414600,1000.88,949.00,971.78,974.12,906.86,918.82,914.76,1012.08,20.60,21.00,20.59,20.61,20.77,20.61,20.64,20.85
414720,1000.98,949.04,971.66,974.14,906.82,918.96,914.76,1012.06,20.60,21.00,20.60,20.62,20.78,20.62,20.64,20.86
414840,1001.02,949.10,971.76,974.04,906.78,918.76,914.60,1012.10,20.60,21.00,20.60,20.62,20.78,20.62,20.64,20.85
414960,1001.06,949.00,971.56,973.98,906.78,918.92,914.48,1012.00,20.60,21.00,20.60,20.62,20.78,20.61,20.64,20.85
415080,1000.86,949.00,971.68,974.22,906.84,918.84,914.36,1012.04,20.60,21.00,20.59,20.60,20.76,20.61,20.64,20.85
415200,1000.88,948.82,971.56,973.88,906.72,918.76,914.26,1011.96,20.59,20.99,20.59,20.60,20.75,20.60,20.63,20.84
415320,1000.96,948.90,971.46,973.82,906.70,918.90,914.30,1011.98,20.57,20.97,20.57,20.59,20.74,20.59,20.61,20.82
415440,1000.88,948.74,971.46,973.82,906.68,918.82,914.36,1011.96,20.56,20.96,20.57,20.59,20.74,20.59,20.62,20.81
415560,1000.80,948.72,971.50,973.96,906.48,918.70,914.38,1012.06,20.57,20.98,20.57,20.59,20.75,20.59,20.61,20.82
415680,1000.76,948.72,971.56,973.90,906.48,918.84,914.30,1012.04,20.56,20.97,20.58,20.59,20.75,20.59,20.61,20.81
415800,1000.84,948.68,971.46,973.76,906.62,918.80,914.50,1011.88,20.53,20.95,20.56,20.58,20.72,20.57,20.59,20.79
415920,1000.84,948.62,971.42,973.64,906.54,918.68,914.42,1011.90,20.53,20.94,20.55,20.58,20.72,20.57,20.58,20.77
416040,1000.90,948.56,971.32,973.56,906.60,918.64,914.46,1011.84,20.53,20.93,20.54,20.56,20.71,20.56,20.58,20.77
416160,1000.78,948.22,971.30,973.60,906.58,918.68,914.32,1011.90,20.52,20.91,20.52,20.55,20.70,20.55,20.56,20.76
416280,1000.76,948.40,971.16,973.46,906.60,918.66,914.20,1011.90,20.51,20.91,20.52,20.55,20.70,20.54,20.55,20.75
416400,1000.78,948.40,970.94,973.52,906.56,918.64,914.34,1011.94,20.50,20.90,20.51,20.54,20.69,20.54,20.55,20.75
416520,1000.86,948.28,971.16,973.48,906.60,918.64,914.24,1011.86,20.50,20.90,20.51,20.54,20.69,20.54,20.54,20.74
416640,1000.80,948.44,971.10,973.44,906.34,918.50,914.20,1011.74,20.51,20.91,20.51,20.54,20.70,20.54,20.55,20.75
416760,1000.80,948.26,971.06,973.38,906.46,918.52,914.04,1011.72,20.52,20.92,20.52,20.55,20.70,20.54,20.56,20.77
416880,1000.76,948.26,970.98,973.42,906.32,918.54,913.96,1011.70,20.53,20.93,20.52,20.55,20.71,20.55,20.56,20.78
417000,1000.68,948.20,970.92,973.32,906.40,918.50,913.96,1011.80,20.55,20.94,20.54,20.56,20.72,20.57,20.58,20.80
417120,1000.88,948.14,971.04,973.26,906.36,918.56,913.86,1011.96,20.55,20.95,20.54,20.56,20.71,20.57,20.58,20.80
417240,1000.84,948.18,970.96,973.32,906.24,918.70,913.88,1011.82,20.53,20.93,20.52,20.55,20.70,20.55,20.57,20.78
417360,1000.94,947.98,970.96,973.04,906.24,918.48,914.04,1011.76,20.52,20.92,20.51,20.54,20.70,20.55,20.56,20.76
417480,1000.92,948.06,970.86,973.24,906.38,918.66,913.98,1011.76,20.51,20.91,20.51,20.54,20.69,20.54,20.55,20.76
417600,1000.80,948.28,970.66,973.06,906.20,918.52,913.98,1011.90,20.51,20.91,20.51,20.53,20.69,20.54,20.55,20.75
417720,1000.70,947.90,970.76,973.10,905.96,918.42,913.90,1011.70,20.51,20.90,20.50,20.54,20.69,20.54,20.55,20.75
417840,1000.82,948.04,970.70,973.04,906.06,918.52,913.80,1011.84,20.49,20.89,20.49,20.53,20.67,20.53,20.53,20.74
417960,1000.60,947.88,970.82,973.04,906.06,918.46,913.90,1011.70,20.48,20.88,20.49,20.51,20.66,20.52,20.52,20.72
418080,1000.68,947.88,970.78,972.82,906.06,918.32,913.84,1011.66,20.46,20.87,20.47,20.50,20.65,20.50,20.51,20.71
418200,1000.72,947.86,970.44,972.88,905.76,918.32,913.88,1011.62,20.47,20.87,20.47,20.51,20.65,20.50,20.51,20.72
418320,1000.60,948.02,970.36,972.76,905.88,918.46,913.86,1011.74,20.48,20.89,20.48,20.51,20.67,20.51,20.53,20.74
418440,1000.76,948.02,970.44,972.78,905.80,918.34,914.04,1011.66,20.50,20.90,20.50,20.52,20.67,20.52,20.54,20.76
418560,1000.80,947.76,970.50,972.76,905.94,918.30,913.82,1011.68,20.50,20.90,20.50,20.52,20.66,20.51,20.55,20.76
418680,1000.82,947.80,970.44,972.80,905.76,918.28,913.80,1011.58,20.48,20.87,20.47,20.50,20.64,20.50,20.52,20.72
418800,1000.72,947.80,970.32,972.56,905.66,918.36,913.76,1011.50,20.46,20.86,20.47,20.49,20.64,20.49,20.51,20.71
418920,1000.70,947.66,970.32,972.54,905.62,918.16,913.66,1011.66,20.47,20.87,20.47,20.50,20.64,20.50,20.51,20.71
419040,1000.56,947.62,970.32,972.62,905.60,918.10,913.70,1011.52,20.48,20.87,20.47,20.51,20.65,20.50,20.51,20.72
419160,1000.62,947.46,970.32,972.54,905.70,918.08,913.68,1011.54,20.48,20.86,20.47,20.50,20.65,20.51,20.52,20.72
419280,1000.58,947.56,970.26,972.26,905.74,918.16,913.62,1011.54,20.47,20.86,20.48,20.51,20.66,20.51,20.52,20.73
419400,1000.60,947.64,970.14,972.40,905.56,917.98,913.62,1011.46,20.45,20.85,20.45,20.49,20.64,20.49,20.50,20.71
419520,1000.62,947.56,970.16,972.50,905.58,917.94,913.46,1011.40,20.45,20.84,20.45,20.48,20.63,20.48,20.49,20.69
419640,1000.48,947.44,970.08,972.54,905.56,917.84,913.44,1011.62,20.45,20.84,20.45,20.48,20.64,20.49,20.50,20.70
419760,1000.44,947.28,970.04,972.36,905.46,918.16,913.42,1011.46,20.47,20.87,20.47,20.50,20.66,20.51,20.53,20.73
419880,1000.60,947.30,970.02,972.28,905.56,918.14,913.46,1011.52,20.50,20.90,20.51,20.53,20.70,20.54,20.56,20.76
420000,1000.46,947.30,969.98,972.26,905.54,918.08,913.54,1011.48,20.53,20.92,20.53,20.56,20.72,20.57,20.57,20.78
420120,1000.54,947.16,970.14,972.26,905.48,918.10,913.62,1011.48,20.54,20.94,20.55,20.57,20.73,20.58,20.59,20.80
420240,1000.64,947.28,970.00,972.24,905.48,918.00,913.46,1011.48,20.54,20.93,20.53,20.57,20.73,20.58,20.58,20.78
420360,1000.62,947.10,969.94,972.14,905.44,918.10,913.48,1011.32,20.51,20.91,20.52,20.55,20.72,20.57,20.57,20.76
420480,1000.56,947.06,969.82,972.24,905.58,918.02,913.52,1011.26,20.50,20.90,20.52,20.55,20.72,20.57,20.57,20.75
420600,1000.54,947.06,969.68,972.28,905.38,918.02,913.58,1011.40,20.52,20.93,20.53,20.57,20.73,20.58,20.59,20.78
420720,1000.48,947.16,969.86,972.32,905.40,917.96,913.36,1011.52,20.52,20.92,20.53,20.56,20.73,20.58,20.58,20.78
420840,1000.56,947.12,969.78,972.16,905.38,917.86,913.38,1011.38,20.51,20.91,20.52,20.55,20.70,20.56,20.56,20.76
420960,1000.56,947.06,969.78,971.94,905.28,917.84,913.40,1011.20,20.47,20.86,20.47,20.52,20.67,20.52,20.53,20.73
421080,1000.48,947.06,969.78,971.94,905.24,917.94,913.26,1011.42,20.43,20.83,20.45,20.48,20.64,20.48,20.49,20.69
421200,1000.38,946.92,969.72,971.98,905.22,917.88,913.20,1011.20,20.39,20.79,20.41,20.45,20.61,20.46,20.46,20.65
421320,1000.50,946.70,969.42,971.92,904.94,917.82,913.16,1011.32,20.39,20.79,20.39,20.42,20.59,20.43,20.43,20.64
421440,1000.48,946.48,969.46,971.68,905.02,917.70,913.14,1011.18,20.39,20.79,20.39,20.42,20.58,20.41,20.43,20.64
421560,1000.28,946.50,969.42,971.62,905.12,917.70,913.08,1010.96,20.38,20.78,20.38,20.42,20.57,20.40,20.42,20.62
421680,1000.28,946.40,969.32,971.50,905.02,917.54,913.04,1011.10,20.35,20.75,20.35,20.40,20.55,20.38,20.39,20.59
421800,1000.16,946.36,969.34,971.46,904.90,917.54,912.82,1011.00,20.32,20.72,20.33,20.37,20.52,20.36,20.37,20.57
421920,1000.18,946.10,969.22,971.32,905.00,917.40,912.84,1011.14,20.30,20.70,20.31,20.35,20.50,20.35,20.35,20.55
422040,1000.12,946.22,969.06,971.18,904.86,917.44,912.88,1011.00,20.28,20.68,20.30,20.34,20.49,20.33,20.33,20.52
422160,1000.08,946.22,968.98,971.12,904.78,917.40,912.86,1010.98,20.26,20.67,20.28,20.31,20.48,20.31,20.32,20.52
422280,1000.02,946.12,968.90,971.14,904.64,917.22,912.72,1010.98,20.25,20.66,20.26,20.30,20.46,20.30,20.30,20.50
422400,999.76,946.06,968.72,970.98,904.52,917.24,912.68,1010.62,20.23,20.63,20.25,20.28,20.44,20.28,20.29,20.48
422520,999.84,946.00,968.72,971.04,904.44,917.32,912.64,1010.52,20.20,20.61,20.22,20.27,20.43,20.26,20.27,20.45
422640,999.74,945.88,968.52,970.96,904.46,916.94,912.40,1010.60,20.19,20.60,20.21,20.25,20.41,20.24,20.25,20.44
422760,999.56,945.90,968.46,970.82,904.16,917.16,912.22,1010.56,20.17,20.58,20.18,20.23,20.39,20.22,20.23,20.42
422880,999.60,945.82,968.38,970.80,904.24,917.08,912.28,1010.42,20.18,20.58,20.19,20.23,20.39,20.23,20.24,20.44
423000,999.68,945.86,968.36,970.82,904.10,916.94,912.26,1010.40,20.18,20.58,20.19,20.23,20.39,20.23,20.23,20.43
423120,999.58,945.80,968.34,970.70,904.08,916.86,912.28,1010.28,20.18,20.57,20.18,20.21,20.37,20.21,20.21,20.42
423240,999.64,945.70,968.32,970.52,903.88,916.74,912.16,1010.26,20.16,20.56,20.16,20.20,20.36,20.19,20.20,20.41
423360,999.60,945.44,968.16,970.56,903.88,916.76,912.12,1010.34,20.16,20.57,20.17,20.20,20.36,20.21,20.22,20.42
423480,999.44,945.32,968.12,970.58,903.80,916.88,912.06,1010.42,20.15,20.56,20.15,20.19,20.35,20.20,20.20,20.40
423600,999.30,945.22,968.20,970.36,903.76,916.90,912.06,1010.32,20.12,20.54,20.15,20.18,20.34,20.19,20.20,20.39
423720,999.28,945.32,967.96,970.40,903.72,916.68,911.90,1010.18,20.12,20.53,20.14,20.16,20.33,20.17,20.18,20.37
423840,999.24,945.12,967.78,970.04,903.66,916.58,912.04,1010.12,20.11,20.53,20.13,20.17,20.33,20.17,20.18,20.37
423960,999.26,945.04,967.78,970.12,903.60,916.54,911.84,1010.02,20.09,20.50,20.10,20.14,20.31,20.15,20.16,20.35
424080,999.20,945.02,967.70,969.98,903.60,916.68,911.78,1010.26,20.07,20.48,20.09,20.13,20.29,20.14,20.14,20.33
424200,999.20,944.96,967.64,969.90,903.62,916.42,911.92,1010.14,20.07,20.48,20.09,20.12,20.28,20.13,20.14,20.34
424320,999.14,944.98,967.60,969.68,903.54,916.36,911.82,1010.08,20.06,20.47,20.08,20.12,20.28,20.13,20.14,20.32
424440,999.06,944.94,967.56,969.74,903.38,916.38,911.58,1010.06,20.04,20.45,20.07,20.10,20.25,20.11,20.11,20.30
424560,999.10,944.78,967.54,969.76,903.28,916.10,911.38,1010.02,20.03,20.44,20.05,20.08,20.23,20.08,20.09,20.28
424680,999.18,944.72,967.48,969.72,903.28,916.12,911.32,1009.92,20.02,20.42,20.04,20.07,20.22,20.07,20.08,20.28
424800,999.06,944.76,967.44,969.66,903.26,916.02,911.26,1009.76,20.02,20.42,20.03,20.07,20.21,20.07,20.07,20.27
424920,999.02,944.54,967.38,969.72,903.04,916.06,911.22,1009.84,20.01,20.42,20.02,20.05,20.20,20.04,20.06,20.26
425040,998.72,944.48,967.34,969.48,903.00,915.80,911.14,1009.58,20.01,20.42,20.02,20.06,20.20,20.05,20.06,20.26
425160,998.82,944.48,967.12,969.38,902.90,915.62,911.12,1009.64,20.01,20.41,20.02,20.05,20.19,20.03,20.05,20.26
425280,998.72,944.54,967.08,969.34,902.94,915.78,911.10,1009.60,20.00,20.39,20.00,20.04,20.18,20.03,20.03,20.22
425400,998.68,944.38,966.96,969.32,902.82,915.72,911.16,1009.68,19.98,20.38,20.00,20.04,20.18,20.02,20.02,20.21
425520,998.62,944.20,967.02,969.20,902.74,915.60,911.02,1009.54,19.97,20.37,19.99,20.03,20.18,20.02,20.01,20.19
425640,998.68,944.16,966.96,969.02,902.80,915.60,910.92,1009.40,19.96,20.35,19.97,20.01,20.15,20.00,20.00,20.18
425760,998.62,943.96,966.94,969.02,902.68,915.48,910.82,1009.28,19.95,20.34,19.97,20.01,20.14,19.99,19.99,20.17
425880,998.46,943.96,966.54,969.02,902.70,915.38,910.94,1009.38,19.93,20.32,19.95,20.00,20.13,19.99,19.97,20.15
426000,998.38,944.02,966.42,968.82,902.64,915.38,910.68,1009.16,19.91,20.31,19.94,19.99,20.12,19.98,19.96,20.13
426120,998.32,943.78,966.32,968.66,902.60,915.40,910.58,1009.18,19.90,20.30,19.93,19.98,20.12,19.97,19.96,20.13
426240,998.20,943.76,966.40,968.68,902.52,915.46,910.58,1009.24,19.89,20.29,19.92,19.96,20.10,19.95,19.95,20.11
426360,998.30,943.70,966.32,968.68,902.34,915.20,910.74,1009.26,19.89,20.29,19.91,19.96,20.09,19.95,19.94,20.11
426480,998.18,943.72,966.42,968.44,902.32,915.22,910.42,1009.24,19.89,20.29,19.91,19.95,20.09,19.94,19.94,20.11
426600,998.32,943.74,966.20,968.34,902.24,915.24,910.24,1009.12,19.88,20.28,19.90,19.94,20.08,19.94,19.93,20.11
426720,998.28,943.50,966.26,968.40,902.08,915.14,910.28,1008.92,19.90,20.29,19.90,19.93,20.06,19.92,19.93,20.12
426840,998.24,943.30,966.20,968.30,902.06,915.18,910.32,1008.86,19.88,20.28,19.89,19.92,20.06,19.91,19.92,20.11
426960,998.18,943.36,966.18,968.30,902.06,915.16,910.40,1008.98,19.88,20.28,19.89,19.93,20.08,19.93,19.93,20.11
427080,998.20,943.36,965.96,968.22,902.12,915.20,910.28,1008.96,19.92,20.31,19.93,19.97,20.12,19.96,19.96,20.15
427200,998.34,943.18,966.10,968.20,901.88,915.00,910.26,1009.00,19.95,20.34,19.94,19.99,20.15,19.99,19.99,20.18
427320,998.46,943.46,966.10,968.24,901.98,914.92,910.18,1009.14,20.00,20.38,19.99,20.02,20.19,20.02,20.02,20.23
427440,998.48,943.42,965.98,968.24,902.10,915.06,910.40,1009.10,20.03,20.42,20.02,20.05,20.22,20.06,20.07,20.26
427560,998.58,943.34,966.14,968.32,902.10,915.08,910.38,1009.06,20.08,20.47,20.06,20.09,20.25,20.10,20.10,20.31
427680,998.60,943.30,966.14,968.38,901.92,915.12,910.36,1009.32,20.11,20.50,20.09,20.12,20.27,20.12,20.13,20.34
427800,998.58,943.44,966.20,968.30,901.94,915.04,910.44,1009.30,20.13,20.51,20.10,20.14,20.29,20.14,20.15,20.36
427920,998.70,943.34,966.24,968.34,901.92,914.98,910.18,1009.22,20.15,20.53,20.12,20.16,20.31,20.15,20.16,20.38
428040,998.70,943.24,966.06,968.44,901.98,915.12,910.16,1009.26,20.18,20.56,20.15,20.18,20.33,20.17,20.19,20.41
428160,998.70,943.44,966.14,968.38,901.82,915.08,910.30,1009.32,20.20,20.59,20.16,20.19,20.35,20.20,20.21,20.44
428280,998.92,943.40,966.12,968.18,901.82,915.14,910.30,1009.32,20.23,20.60,20.19,20.22,20.37,20.22,20.24,20.46
428400,998.88,943.38,966.06,968.48,901.82,915.14,910.34,1009.46,20.24,20.62,20.21,20.24,20.39,20.24,20.26,20.49
428520,998.86,943.26,966.20,968.42,901.76,915.00,910.28,1009.54,20.27,20.64,20.23,20.25,20.40,20.25,20.27,20.50
428640,999.00,943.36,965.88,968.38,901.94,915.20,910.22,1009.44,20.28,20.65,20.23,20.25,20.41,20.25,20.28,20.51
428760,999.22,943.44,965.98,968.28,902.04,915.16,910.24,1009.66,20.28,20.66,20.24,20.26,20.42,20.27,20.29,20.52
428880,998.92,943.48,965.96,968.32,902.04,915.00,910.14,1009.56,20.29,20.66,20.25,20.27,20.42,20.28,20.30,20.53
429000,999.16,943.48,966.04,968.50,901.94,914.88,910.24,1009.68,20.30,20.68,20.26,20.28,20.43,20.28,20.31,20.54
429120,999.22,943.24,966.08,968.34,901.96,915.06,910.38,1009.66,20.31,20.69,20.27,20.29,20.44,20.29,20.31,20.55
429240,999.32,943.30,965.96,968.42,901.92,915.08,910.34,1009.66,20.32,20.70,20.28,20.30,20.45,20.31,20.33,20.57
429360,999.18,943.22,965.98,968.28,901.86,915.06,910.22,1009.70,20.33,20.71,20.29,20.31,20.46,20.32,20.34,20.57
429480,999.12,943.22,965.94,968.32,901.86,915.04,910.28,1009.72,20.34,20.72,20.30,20.32,20.47,20.32,20.35,20.59
429600,999.20,943.30,965.98,968.36,901.84,914.96,910.30,1009.78,20.35,20.73,20.30,20.33,20.48,20.33,20.36,20.60
429720,999.34,943.32,965.90,968.24,901.82,914.90,910.34,1009.70,20.36,20.74,20.32,20.34,20.49,20.34,20.37,20.61
429840,999.42,943.30,965.78,968.20,901.80,915.10,910.36,1009.80,20.36,20.74,20.32,20.34,20.50,20.35,20.37,20.61
429960,999.50,943.20,965.76,968.22,901.82,914.92,910.44,1009.78,20.34,20.72,20.31,20.32,20.49,20.33,20.36,20.59
