time since start in seconds,Sensor on channel 0 Pressure (mbar),Sensor on channel 1 Pressure (mbar),Sensor on channel 2 Pressure (mbar),Sensor on channel 3 Pressure (mbar),Sensor on channel 4 Pressure (mbar),Sensor on channel 5 Pressure (mbar),Sensor on channel 6 Pressure (mbar),Sensor on channel 7 Pressure (mbar),Sensor on channel 0 Temperature (C),Sensor on channel 1 Temperature (C),Sensor on channel 2 Temperature (C),Sensor on channel 3 Temperature (C),Sensor on channel 4 Temperature (C),Sensor on channel 5 Temperature (C),Sensor on channel 6 Temperature (C),Sensor on channel 7 Temperature (C)
0,1043.05,1079.68,1058.07,1053.50,1010.62,1059.22,1061.37,1056.08,28.64,28.08,28.49,29.01,28.55,28.88,28.28,28.01
120,1045.30,1081.62,1059.60,1055.02,1007.26,1060.74,1063.76,1058.16,29.58,28.91,29.24,29.67,29.37,29.64,29.15,28.89
240,1048.32,1083.44,1061.18,1056.72,1005.30,1062.48,1066.02,1060.42,30.48,29.69,30.02,30.30,30.05,30.31,30.00,29.71
360,1050.46,1085.70,1063.00,1058.70,1003.82,1064.18,1068.54,1062.36,31.26,30.39,30.70,30.87,30.67,30.89,30.77,30.44
480,1052.56,1087.42,1064.82,1060.78,1002.66,1065.44,1070.42,1064.16,31.82,30.90,31.23,31.33,31.18,31.39,31.36,30.98
600,1055.10,1089.38,1066.68,1062.76,1002.06,1066.66,1072.22,1066.30,32.30,31.36,31.71,31.73,31.63,31.81,31.89,31.47
720,1057.02,1090.80,1068.10,1064.68,1001.44,1067.64,1073.82,1067.92,32.67,31.70,32.03,32.04,32.04,32.14,32.26,31.85
840,1059.28,1092.64,1069.62,1067.26,1000.94,1068.78,1075.50,1069.64,33.05,32.09,32.43,32.41,32.38,32.55,32.66,32.23
960,1060.82,1094.08,1071.20,1069.02,1000.20,1069.58,1076.98,1070.44,33.28,32.33,32.66,32.62,32.63,32.77,32.93,32.50
1080,1061.92,1094.96,1072.20,1070.42,999.76,1069.88,1077.56,1071.06,33.28,32.39,32.66,32.67,32.68,32.84,32.95,32.57
1200,1062.82,1095.42,1072.86,1071.82,999.18,1069.84,1078.18,1071.14,33.14,32.31,32.59,32.60,32.64,32.81,32.88,32.52
1320,1063.46,1096.40,1073.86,1073.26,999.06,1070.54,1079.12,1071.88,33.22,32.40,32.69,32.68,32.75,32.93,32.98,32.61
1440,1064.42,1097.72,1074.96,1074.88,999.14,1070.88,1080.40,1073.12,33.41,32.58,32.88,32.85,32.90,33.09,33.17,32.80
1560,1066.54,1098.38,1075.68,1076.30,998.72,1071.20,1081.12,1073.44,33.47,32.65,32.93,32.92,32.97,33.16,33.22,32.86
1680,1067.10,1099.18,1076.34,1077.26,998.52,1071.32,1081.70,1073.48,33.37,32.60,32.86,32.86,32.93,33.13,33.15,32.83
1800,1068.04,1099.58,1076.96,1077.94,998.24,1071.44,1082.28,1073.92,33.30,32.55,32.82,32.83,32.90,33.10,33.12,32.79
1920,1068.44,1100.08,1077.62,1078.80,998.12,1071.48,1082.72,1073.94,33.21,32.48,32.75,32.79,32.86,33.07,33.06,32.75
2040,1068.88,1100.42,1077.74,1079.40,997.94,1071.54,1083.16,1073.88,33.08,32.37,32.64,32.69,32.76,32.98,32.95,32.66
2160,1069.32,1101.02,1078.36,1079.84,997.86,1071.64,1084.00,1074.06,33.07,32.36,32.66,32.67,32.77,32.98,32.94,32.66
2280,1070.38,1102.10,1079.16,1080.44,997.92,1071.90,1084.48,1074.56,33.12,32.39,32.71,32.73,32.82,33.04,33.00,32.70
2400,1071.10,1103.26,1079.94,1081.58,998.06,1072.14,1085.46,1075.32,33.28,32.54,32.89,32.87,32.98,33.17,33.17,32.83
2520,1072.56,1104.32,1081.10,1082.86,998.36,1072.82,1086.74,1076.98,33.57,32.81,33.18,33.14,33.23,33.45,33.47,33.09
2640,1073.58,1105.80,1082.10,1083.84,998.52,1073.30,1087.72,1077.86,33.75,32.99,33.34,33.32,33.38,33.59,33.63,33.27
2760,1074.12,1106.30,1082.76,1084.56,998.36,1073.56,1088.46,1077.92,33.71,33.02,33.32,33.33,33.39,33.60,33.62,33.28
2880,1074.26,1106.56,1083.32,1084.82,998.38,1073.36,1088.78,1077.72,33.56,32.94,33.20,33.23,33.32,33.53,33.48,33.18
3000,1074.94,1107.08,1083.70,1085.04,998.16,1073.56,1089.46,1078.28,33.57,32.94,33.23,33.23,33.35,33.54,33.50,33.21
3120,1075.42,1108.40,1084.58,1085.66,997.98,1073.82,1090.44,1079.06,33.68,33.02,33.35,33.34,33.44,33.65,33.61,33.30
3240,1076.50,1109.80,1085.30,1086.58,998.44,1074.16,1091.16,1080.02,33.84,33.17,33.50,33.48,33.58,33.78,33.77,33.43
3360,1077.20,1110.92,1086.38,1087.76,998.46,1074.84,1092.22,1081.14,33.99,33.33,33.66,33.65,33.74,33.94,33.94,33.59
3480,1077.76,1111.64,1087.08,1088.24,998.56,1074.70,1092.76,1081.20,33.98,33.37,33.68,33.68,33.77,33.97,33.95,33.62
3600,1077.86,1111.80,1087.54,1088.50,998.18,1074.72,1093.14,1081.18,33.84,33.30,33.57,33.57,33.68,33.88,33.82,33.54
3720,1077.88,1111.88,1088.00,1088.50,998.20,1074.70,1093.62,1081.62,33.77,33.24,33.52,33.49,33.66,33.84,33.76,33.49
3840,1078.50,1113.12,1088.56,1089.22,998.22,1074.80,1094.64,1082.40,33.87,33.32,33.62,33.59,33.74,33.92,33.87,33.57
3960,1078.78,1114.10,1089.30,1089.76,998.24,1075.12,1095.10,1082.90,33.92,33.38,33.67,33.64,33.79,33.97,33.92,33.62
4080,1079.70,1115.14,1089.86,1090.40,998.40,1075.56,1095.92,1083.84,34.04,33.51,33.79,33.75,33.93,34.08,34.04,33.74
4200,1080.50,1116.12,1090.80,1091.16,998.56,1075.90,1096.86,1084.60,34.20,33.64,33.93,33.91,34.06,34.23,34.19,33.87
4320,1080.92,1116.90,1091.58,1091.76,998.60,1076.04,1097.42,1084.94,34.19,33.70,33.97,33.94,34.10,34.25,34.21,33.91
4440,1081.00,1117.08,1091.96,1092.26,998.10,1075.72,1097.58,1084.78,34.05,33.64,33.85,33.82,34.02,34.16,34.08,33.81
4560,1079.44,1116.80,1092.38,1092.36,997.38,1075.12,1097.54,1083.80,33.66,33.42,33.72,33.59,33.81,33.95,33.77,33.52
4680,1078.38,1117.04,1092.96,1092.44,997.34,1074.94,1097.30,1083.62,33.38,33.31,33.64,33.39,33.64,33.77,33.58,33.29
4800,1077.64,1117.20,1093.18,1092.64,997.18,1074.76,1097.32,1083.18,33.15,33.24,33.56,33.22,33.52,33.66,33.40,33.10
4920,1077.42,1117.80,1093.72,1093.04,997.18,1074.56,1097.34,1083.04,33.06,33.24,33.57,33.18,33.50,33.64,33.32,33.02
5040,1076.94,1118.32,1094.40,1093.80,997.22,1074.50,1097.38,1082.88,32.96,33.18,33.52,33.15,33.42,33.57,33.23,32.94
5160,1076.70,1118.70,1094.98,1094.14,997.20,1074.14,1097.40,1082.56,32.90,33.15,33.52,33.19,33.40,33.56,33.18,32.89
5280,1076.50,1119.12,1095.40,1094.80,997.30,1074.22,1097.46,1082.60,32.87,33.14,33.53,33.17,33.39,33.59,33.15,32.87
5400,1076.26,1119.26,1095.74,1095.10,997.26,1074.06,1097.54,1082.38,32.81,33.07,33.50,33.20,33.34,33.54,33.09,32.80
5520,1076.88,1119.80,1096.02,1095.14,997.56,1074.20,1098.36,1082.86,32.93,33.13,33.52,33.27,33.42,33.59,33.17,32.88
5640,1077.70,1119.96,1096.34,1095.20,997.76,1074.24,1098.74,1083.58,33.05,33.22,33.52,33.29,33.49,33.64,33.29,33.00
5760,1078.42,1120.60,1096.58,1095.20,997.70,1074.24,1099.74,1084.58,33.25,33.40,33.58,33.41,33.62,33.75,33.45,33.17
5880,1078.84,1121.02,1096.90,1095.28,997.90,1074.36,1100.32,1085.38,33.40,33.57,33.62,33.49,33.71,33.84,33.60,33.32
6000,1079.94,1121.46,1097.38,1095.46,997.98,1074.36,1101.00,1085.92,33.52,33.68,33.67,33.57,33.79,33.92,33.73,33.44
6120,1080.44,1122.20,1097.78,1095.64,998.08,1074.48,1101.42,1086.94,33.71,33.78,33.79,33.70,33.94,34.05,33.92,33.62
6240,1080.94,1122.68,1098.30,1096.04,998.18,1074.34,1102.36,1087.46,33.80,33.88,33.85,33.77,34.01,34.12,34.01,33.71
6360,1081.56,1123.34,1098.54,1096.44,998.12,1074.38,1103.16,1087.82,33.89,33.95,33.92,33.84,34.09,34.20,34.11,33.80
6480,1082.12,1123.86,1099.04,1096.68,998.26,1074.18,1103.38,1088.28,33.97,34.01,33.98,33.90,34.15,34.27,34.18,33.89
6600,1082.60,1124.14,1099.54,1096.78,998.26,1074.22,1104.10,1088.68,34.01,34.06,34.01,33.94,34.20,34.32,34.22,33.93
6720,1083.10,1124.88,1099.82,1097.46,998.36,1074.36,1104.60,1089.50,34.13,34.13,34.13,34.05,34.32,34.45,34.36,34.05
6840,1083.54,1125.58,1100.44,1097.62,998.42,1074.46,1105.16,1089.78,34.16,34.22,34.19,34.11,34.37,34.49,34.41,34.11
6960,1083.96,1125.78,1100.78,1098.16,998.24,1074.36,1105.90,1089.98,34.19,34.25,34.24,34.14,34.43,34.56,34.45,34.14
7080,1084.44,1126.38,1101.52,1098.68,998.26,1074.38,1106.50,1090.66,34.30,34.32,34.34,34.25,34.52,34.63,34.55,34.23
7200,1084.92,1127.16,1101.92,1099.26,998.16,1074.32,1107.14,1091.02,34.33,34.42,34.37,34.30,34.57,34.68,34.59,34.28
7320,1085.48,1127.46,1102.22,1099.62,998.30,1074.36,1107.60,1091.74,34.40,34.46,34.45,34.37,34.64,34.75,34.66,34.37
7440,1085.86,1127.80,1102.74,1099.68,998.24,1074.28,1108.02,1091.72,34.41,34.50,34.46,34.38,34.66,34.78,34.69,34.38
7560,1086.26,1128.10,1103.10,1100.04,998.42,1074.28,1108.72,1092.62,34.47,34.53,34.53,34.44,34.73,34.85,34.76,34.44
7680,1086.64,1128.76,1103.66,1100.32,998.32,1074.28,1109.32,1093.16,34.56,34.61,34.62,34.52,34.81,34.93,34.85,34.53
7800,1086.84,1129.12,1104.12,1100.68,998.50,1074.42,1109.84,1093.46,34.60,34.69,34.67,34.57,34.87,34.99,34.89,34.58
7920,1087.74,1129.92,1104.64,1101.24,998.68,1074.42,1110.76,1094.26,34.74,34.78,34.79,34.70,34.98,35.09,35.02,34.72
8040,1088.18,1130.46,1105.30,1101.44,998.66,1074.48,1111.10,1094.62,34.80,34.88,34.86,34.77,35.05,35.15,35.08,34.78
8160,1088.24,1130.34,1105.42,1101.66,998.32,1074.34,1111.58,1094.62,34.70,34.89,34.80,34.70,35.01,35.11,35.03,34.72
8280,1088.16,1129.86,1105.56,1101.58,998.10,1073.54,1111.76,1094.50,34.53,34.75,34.67,34.59,34.91,34.99,34.92,34.59
8400,1088.20,1129.84,1105.82,1101.28,998.10,1073.24,1112.10,1094.92,34.52,34.59,34.64,34.55,34.91,35.00,34.89,34.57
8520,1088.62,1130.30,1106.00,1101.28,998.10,1073.04,1112.52,1095.20,34.53,34.57,34.64,34.55,34.92,35.02,34.90,34.57
8640,1088.96,1130.66,1106.24,1101.34,998.24,1072.82,1112.98,1095.76,34.59,34.61,34.69,34.59,34.96,35.09,34.96,34.61
8760,1089.16,1130.92,1106.76,1101.44,998.40,1072.70,1113.44,1096.26,34.64,34.67,34.73,34.63,35.01,35.13,35.01,34.66
8880,1089.62,1131.36,1107.04,1101.88,998.32,1072.88,1113.78,1096.64,34.76,34.77,34.87,34.72,35.11,35.26,35.12,34.76
9000,1090.32,1132.36,1107.70,1102.62,998.48,1073.32,1114.80,1097.92,34.98,34.95,35.04,34.92,35.28,35.40,35.30,34.95
9120,1090.86,1132.88,1108.06,1103.22,998.72,1073.48,1115.22,1098.14,35.05,35.13,35.12,35.02,35.34,35.47,35.38,35.05
9240,1090.96,1132.92,1108.66,1103.30,998.30,1072.86,1115.26,1098.12,34.96,35.16,35.06,34.96,35.29,35.42,35.32,34.98
9360,1090.30,1132.22,1108.66,1103.28,998.00,1072.18,1115.58,1097.94,34.74,34.97,34.91,34.83,35.18,35.26,35.17,34.85
9480,1090.88,1132.00,1108.70,1103.02,998.02,1072.06,1115.82,1098.30,34.75,34.84,34.89,34.80,35.21,35.28,35.15,34.82
9600,1091.54,1132.44,1109.06,1103.02,998.16,1071.94,1116.54,1098.96,34.87,34.87,34.99,34.88,35.29,35.38,35.24,34.91
9720,1091.60,1132.82,1109.34,1103.26,998.14,1071.76,1116.60,1098.96,34.88,34.96,35.00,34.89,35.30,35.41,35.27,34.93
9840,1091.64,1132.48,1109.48,1103.08,997.90,1071.18,1116.80,1098.72,34.75,34.92,34.89,34.81,35.23,35.32,35.21,34.83
9960,1091.32,1131.72,1109.64,1102.84,997.30,1070.48,1117.16,1098.66,34.61,34.74,34.78,34.69,35.16,35.17,35.10,34.73
10080,1091.48,1131.86,1109.82,1102.52,997.62,1070.26,1117.40,1099.00,34.63,34.65,34.79,34.69,35.20,35.21,35.08,34.72
10200,1091.80,1131.90,1109.88,1102.54,997.66,1070.14,1117.76,1099.44,34.67,34.67,34.82,34.71,35.23,35.26,35.12,34.75
10320,1092.60,1132.26,1110.34,1102.86,997.80,1070.08,1118.38,1100.12,34.83,34.77,34.94,34.82,35.34,35.39,35.23,34.86
10440,1093.22,1132.94,1110.74,1103.08,998.04,1070.02,1118.66,1100.82,34.94,34.95,35.05,34.93,35.40,35.48,35.33,34.96
10560,1093.28,1133.02,1110.94,1103.50,997.86,1069.76,1118.88,1100.74,34.89,35.02,35.02,34.92,35.38,35.44,35.32,34.94
10680,1092.78,1132.48,1111.04,1103.30,997.58,1068.96,1118.78,1100.34,34.73,34.91,34.89,34.82,35.28,35.27,35.25,34.83
10800,1092.82,1132.00,1110.88,1102.94,997.62,1068.52,1118.88,1100.22,34.68,34.75,34.85,34.75,35.29,35.26,35.18,34.78
10920,1092.96,1131.80,1111.02,1102.96,997.52,1068.18,1119.20,1100.72,34.71,34.73,34.88,34.77,35.33,35.30,35.19,34.79
11040,1093.30,1132.12,1111.22,1102.94,997.64,1068.22,1119.64,1101.18,34.80,34.77,34.96,34.84,35.38,35.39,35.25,34.85
11160,1093.76,1132.98,1111.56,1103.22,997.74,1068.16,1120.18,1101.70,34.91,34.89,35.06,34.94,35.46,35.50,35.35,34.96
11280,1093.58,1132.90,1111.98,1103.54,997.78,1067.96,1120.36,1101.74,34.92,35.00,35.06,34.96,35.47,35.49,35.37,34.98
11400,1092.48,1132.40,1112.00,1103.40,997.54,1067.68,1120.42,1101.54,34.79,34.92,34.94,34.87,35.38,35.36,35.30,34.87
11520,1091.46,1131.54,1111.94,1103.02,997.40,1066.78,1120.48,1101.64,34.70,34.75,34.89,34.80,35.36,35.31,35.24,34.82
11640,1091.26,1131.64,1112.04,1103.02,997.50,1066.40,1120.84,1101.88,34.76,34.75,34.93,34.82,35.41,35.38,35.25,34.85
11760,1091.38,1131.82,1111.94,1103.02,997.52,1066.22,1121.26,1102.12,34.80,34.81,34.96,34.88,35.45,35.42,35.29,34.87
11880,1095.00,1132.08,1112.28,1103.06,997.62,1066.14,1121.40,1102.82,34.94,34.91,35.09,34.97,35.53,35.56,35.38,34.98
12000,1095.10,1132.68,1112.72,1103.28,997.60,1066.28,1121.82,1103.14,35.01,35.05,35.14,35.03,35.58,35.60,35.46,35.04
12120,1095.24,1132.18,1113.06,1103.50,997.46,1065.74,1121.74,1102.92,34.92,35.05,35.08,34.99,35.52,35.52,35.42,35.00
12240,1095.04,1131.56,1113.14,1103.16,997.22,1064.86,1121.76,1102.46,34.78,34.89,34.95,34.88,35.45,35.37,35.33,34.88
12360,1094.96,1131.26,1113.18,1103.18,997.32,1064.50,1122.18,1102.60,34.77,34.80,34.95,34.85,35.48,35.38,35.30,34.87
12480,1095.24,1131.20,1113.10,1102.88,997.26,1064.08,1122.54,1102.78,34.80,34.80,34.98,34.87,35.50,35.41,35.31,34.87
12600,1095.40,1131.28,1113.14,1102.90,997.48,1064.04,1122.56,1103.32,34.87,34.84,35.04,34.92,35.56,35.48,35.35,34.92
12720,1095.66,1131.52,1113.32,1103.10,997.40,1063.98,1123.00,1103.46,34.92,34.91,35.07,34.98,35.59,35.53,35.38,34.97
12840,1096.36,1132.00,1113.74,1103.18,997.76,1064.00,1123.48,1104.60,35.11,35.04,35.23,35.13,35.71,35.71,35.53,35.11
12960,1096.98,1132.58,1114.34,1103.86,998.16,1064.16,1123.78,1105.30,35.30,35.25,35.42,35.27,35.82,35.87,35.68,35.28
13080,1097.20,1132.86,1114.78,1104.34,998.12,1064.12,1124.28,1105.50,35.34,35.41,35.44,35.33,35.85,35.89,35.75,35.34
13200,1097.02,1132.34,1114.86,1104.34,997.48,1063.46,1124.34,1105.24,35.19,35.37,35.32,35.24,35.78,35.77,35.70,35.28
13320,1096.90,1131.32,1114.90,1103.80,997.32,1062.84,1124.38,1104.96,35.05,35.15,35.21,35.14,35.71,35.61,35.58,35.14
13440,1096.80,1131.28,1115.06,1103.72,997.18,1062.36,1124.26,1104.98,35.05,35.06,35.21,35.12,35.74,35.64,35.55,35.13
13560,1096.72,1131.26,1115.12,1103.40,997.34,1062.20,1124.42,1104.94,35.03,35.04,35.19,35.10,35.73,35.62,35.54,35.10
13680,1097.08,1130.98,1115.24,1103.44,997.18,1061.68,1124.58,1104.90,35.04,35.03,35.20,35.11,35.75,35.64,35.55,35.11
13800,1096.96,1130.78,1115.32,1103.42,997.02,1061.40,1124.60,1105.08,35.06,35.04,35.21,35.12,35.75,35.65,35.55,35.11
13920,1097.20,1130.72,1115.34,1103.34,997.06,1061.04,1124.96,1105.32,35.08,35.05,35.24,35.13,35.76,35.66,35.56,35.12
14040,1097.30,1130.82,1115.48,1103.46,997.50,1060.96,1125.12,1105.60,35.17,35.11,35.30,35.20,35.83,35.76,35.63,35.19
14160,1097.70,1130.86,1115.74,1103.56,997.46,1060.86,1125.26,1105.88,35.21,35.18,35.34,35.24,35.85,35.78,35.67,35.23
14280,1098.10,1131.06,1116.30,1103.82,997.46,1060.80,1125.78,1106.40,35.30,35.24,35.42,35.30,35.92,35.86,35.73,35.29
14400,1098.58,1131.08,1116.56,1104.06,997.52,1060.66,1125.94,1106.54,35.34,35.31,35.44,35.34,35.94,35.90,35.77,35.34
14520,1098.78,1131.04,1116.58,1103.84,997.54,1060.42,1126.30,1106.64,35.35,35.33,35.46,35.35,35.96,35.92,35.79,35.34
14640,1099.06,1131.08,1116.90,1104.04,997.72,1060.22,1126.56,1107.22,35.46,35.40,35.57,35.45,36.05,36.02,35.87,35.45
14760,1099.52,1131.40,1117.40,1104.36,997.82,1060.16,1126.80,1107.78,35.53,35.54,35.63,35.52,36.09,36.08,35.94,35.51
14880,1099.60,1131.24,1117.48,1104.78,997.42,1059.72,1126.90,1107.50,35.47,35.52,35.57,35.47,36.03,35.99,35.90,35.47
15000,1099.14,1130.32,1117.40,1104.32,997.14,1058.78,1126.50,1106.90,35.25,35.32,35.38,35.32,35.90,35.79,35.77,35.33
15120,1098.92,1129.46,1117.22,1103.70,997.00,1058.26,1126.68,1106.82,35.16,35.16,35.32,35.23,35.91,35.74,35.70,35.25
15240,1099.02,1129.28,1117.22,1103.42,997.46,1058.10,1126.78,1107.02,35.20,35.15,35.35,35.24,35.95,35.79,35.70,35.25
15360,1099.50,1129.56,1117.36,1103.34,997.46,1057.90,1127.24,1107.34,35.28,35.20,35.42,35.30,36.00,35.86,35.74,35.30
15480,1099.60,1129.78,1117.38,1103.70,997.76,1057.84,1127.56,1107.82,35.40,35.32,35.50,35.37,36.05,35.94,35.83,35.38
15600,1099.54,1129.62,1117.68,1103.78,997.70,1057.64,1127.62,1107.70,35.37,35.37,35.48,35.38,36.03,35.92,35.83,35.37
15720,1099.48,1128.90,1117.70,1103.42,997.10,1056.98,1127.22,1107.30,35.21,35.24,35.34,35.26,35.91,35.75,35.75,35.28
15840,1099.22,1128.26,1117.48,1103.18,996.94,1056.18,1127.06,1107.12,35.09,35.07,35.26,35.16,35.88,35.65,35.66,35.18
15960,1099.18,1128.14,1117.66,1102.94,997.34,1055.88,1127.36,1107.36,35.18,35.10,35.34,35.21,35.97,35.79,35.68,35.22
16080,1099.54,1128.12,1117.60,1102.88,997.34,1055.80,1127.52,1107.48,35.23,35.18,35.37,35.26,35.97,35.83,35.72,35.25
16200,1099.30,1127.90,1117.68,1102.86,997.18,1055.20,1127.34,1107.40,35.14,35.11,35.28,35.21,35.89,35.73,35.68,35.19
16320,1098.76,1127.04,1117.32,1102.50,997.26,1054.72,1127.20,1106.68,34.99,34.95,35.15,35.08,35.82,35.56,35.58,35.09
16440,1098.74,1126.92,1117.32,1102.12,997.40,1054.20,1127.42,1106.86,35.03,34.92,35.20,35.07,35.87,35.63,35.56,35.08
16560,1099.06,1126.78,1117.38,1101.74,997.46,1053.82,1127.46,1107.08,35.07,34.97,35.24,35.11,35.89,35.68,35.60,35.10
16680,1099.48,1126.70,1117.52,1101.80,997.60,1053.66,1127.72,1107.64,35.18,35.06,35.32,35.18,35.96,35.77,35.66,35.17
16800,1099.50,1126.88,1117.72,1102.10,997.68,1053.66,1127.84,1107.80,35.26,35.17,35.38,35.26,35.99,35.82,35.72,35.23
16920,1099.48,1126.76,1117.80,1102.00,997.60,1053.30,1127.74,1107.64,35.19,35.18,35.32,35.23,35.94,35.75,35.71,35.21
17040,1099.14,1125.76,1117.58,1101.72,997.28,1052.58,1127.54,1107.06,35.02,35.00,35.18,35.11,35.83,35.59,35.60,35.10
17160,1099.18,1125.36,1117.58,1101.34,997.26,1051.88,1127.56,1106.94,34.99,34.91,35.16,35.06,35.84,35.57,35.55,35.05
17280,1098.96,1125.10,1117.36,1100.96,997.32,1051.50,1127.58,1106.84,34.98,34.89,35.15,35.05,35.83,35.57,35.52,35.03
17400,1099.02,1124.84,1117.40,1100.74,997.44,1051.28,1127.60,1107.22,35.03,34.92,35.19,35.08,35.87,35.61,35.55,35.05
17520,1099.38,1124.80,1117.62,1100.78,997.92,1051.00,1127.50,1107.30,35.09,35.00,35.24,35.14,35.91,35.68,35.59,35.10
17640,1099.40,1124.90,1117.60,1100.72,997.68,1050.80,1127.72,1107.64,35.15,35.06,35.29,35.18,35.95,35.71,35.62,35.15
17760,1099.86,1124.94,1117.80,1101.08,997.88,1050.80,1127.88,1108.18,35.28,35.15,35.39,35.27,36.02,35.84,35.70,35.22
17880,1100.02,1124.90,1117.96,1101.16,997.82,1050.56,1128.00,1108.30,35.29,35.23,35.39,35.30,36.00,35.82,35.74,35.24
18000,1099.54,1124.36,1118.04,1101.08,997.62,1049.80,1128.00,1108.08,35.16,35.14,35.27,35.20,35.89,35.70,35.67,35.17
18120,1099.56,1123.54,1117.88,1100.42,997.22,1049.16,1127.66,1107.66,35.04,34.98,35.17,35.10,35.87,35.60,35.57,35.09
18240,1099.46,1123.50,1117.70,1100.18,997.32,1048.98,1127.76,1107.68,35.07,34.97,35.21,35.11,35.91,35.66,35.57,35.09
18360,1099.58,1123.42,1117.56,1100.00,997.56,1048.74,1127.70,1107.56,35.11,34.99,35.23,35.14,35.91,35.68,35.59,35.10
18480,1099.80,1123.22,1117.58,1100.00,997.62,1048.50,1128.12,1107.78,35.20,35.05,35.30,35.20,35.97,35.76,35.65,35.15
18600,1099.88,1123.28,1117.88,1100.02,997.54,1048.42,1128.22,1107.94,35.23,35.13,35.34,35.25,35.99,35.80,35.69,35.20
18720,1100.46,1123.48,1118.04,1100.08,997.88,1048.42,1128.28,1108.60,35.34,35.22,35.44,35.34,36.07,35.89,35.75,35.26
18840,1100.52,1123.54,1118.38,1100.28,997.68,1048.12,1128.42,1108.82,35.37,35.29,35.46,35.37,36.09,35.91,35.80,35.30
18960,1100.28,1122.98,1118.40,1100.14,997.58,1047.68,1128.42,1108.30,35.27,35.23,35.36,35.28,36.00,35.78,35.77,35.24
19080,1099.98,1122.12,1118.18,1099.64,997.26,1046.84,1127.94,1107.84,35.12,35.05,35.23,35.17,35.93,35.63,35.64,35.14
19200,1099.98,1121.92,1118.14,1099.36,997.48,1046.66,1128.18,1108.16,35.18,35.03,35.29,35.19,35.98,35.71,35.64,35.15
19320,1100.16,1121.90,1118.26,1099.44,997.38,1046.52,1128.28,1108.14,35.24,35.12,35.34,35.24,36.02,35.78,35.68,35.20
19440,1100.58,1121.98,1118.14,1099.20,997.64,1046.44,1128.52,1108.64,35.33,35.19,35.40,35.29,36.05,35.85,35.74,35.25
19560,1100.62,1122.12,1118.52,1099.74,997.92,1046.54,1128.72,1109.22,35.43,35.28,35.49,35.38,36.12,35.94,35.82,35.33
19680,1100.74,1122.00,1118.76,1099.82,997.84,1046.24,1128.60,1109.16,35.41,35.33,35.46,35.38,36.08,35.90,35.83,35.33
19800,1100.24,1121.36,1118.74,1099.28,997.38,1045.74,1128.38,1108.48,35.25,35.18,35.33,35.27,35.96,35.74,35.72,35.22
19920,1100.10,1120.58,1118.54,1098.86,997.24,1045.14,1128.28,1108.14,35.13,35.03,35.23,35.15,35.95,35.64,35.63,35.14
20040,1100.20,1120.44,1118.50,1098.80,997.22,1044.52,1128.30,1108.34,35.18,35.02,35.27,35.17,36.00,35.72,35.64,35.15
20160,1100.50,1120.50,1118.38,1098.60,997.70,1044.42,1128.56,1108.66,35.23,35.07,35.33,35.22,36.02,35.78,35.68,35.18
20280,1100.94,1120.70,1118.68,1098.84,997.90,1044.50,1128.68,1109.40,35.39,35.20,35.44,35.33,36.12,35.91,35.79,35.28
20400,1101.00,1121.02,1118.88,1098.98,997.76,1044.48,1128.78,1109.90,35.48,35.35,35.52,35.41,36.14,35.97,35.85,35.36
20520,1101.14,1120.86,1118.78,1099.00,997.38,1044.18,1128.74,1109.50,35.41,35.34,35.45,35.37,36.09,35.89,35.84,35.33
20640,1100.58,1119.94,1118.76,1098.50,997.12,1043.06,1128.18,1108.74,35.23,35.15,35.30,35.23,35.96,35.71,35.72,35.22
20760,1100.52,1119.34,1118.74,1098.20,997.08,1042.58,1128.08,1108.74,35.20,35.06,35.27,35.19,35.97,35.69,35.65,35.17
20880,1100.44,1119.24,1118.62,1098.08,997.18,1042.48,1128.18,1108.74,35.23,35.07,35.31,35.21,36.00,35.74,35.66,35.18
21000,1100.84,1119.14,1118.66,1097.94,997.64,1042.36,1128.48,1109.08,35.30,35.14,35.39,35.28,36.05,35.82,35.71,35.23
21120,1101.06,1119.54,1118.76,1098.10,997.78,1042.36,1128.60,1109.24,35.42,35.24,35.46,35.37,36.12,35.92,35.79,35.30
21240,1101.26,1119.38,1118.90,1098.14,997.58,1041.92,1128.64,1109.56,35.40,35.29,35.43,35.37,36.08,35.90,35.82,35.30
21360,1100.86,1118.64,1118.86,1097.90,997.28,1041.24,1128.44,1108.88,35.25,35.16,35.28,35.25,35.95,35.72,35.73,35.21
21480,1100.64,1117.98,1118.76,1097.30,997.24,1040.68,1128.16,1108.66,35.13,35.00,35.21,35.15,35.94,35.62,35.63,35.13
21600,1100.48,1117.54,1118.50,1097.18,997.36,1040.34,1128.04,1108.64,35.14,34.97,35.22,35.13,35.95,35.63,35.61,35.10
21720,1100.60,1117.54,1118.42,1096.68,997.42,1040.16,1128.08,1108.70,35.18,35.01,35.28,35.18,35.99,35.68,35.62,35.13
21840,1101.22,1118.06,1118.88,1097.08,997.92,1040.18,1128.40,1109.74,35.43,35.19,35.47,35.33,36.12,35.88,35.77,35.29
21960,1101.50,1118.44,1119.20,1097.64,997.88,1040.40,1128.48,1110.20,35.56,35.39,35.57,35.47,36.18,36.02,35.88,35.41
22080,1101.60,1118.34,1119.48,1097.66,997.52,1040.30,1128.58,1110.24,35.53,35.46,35.53,35.48,36.14,35.98,35.90,35.40
22200,1101.20,1117.20,1119.40,1097.22,997.42,1039.68,1128.14,1109.60,35.36,35.29,35.36,35.33,36.02,35.80,35.80,35.29
22320,1100.92,1116.70,1119.04,1096.84,997.34,1039.04,1128.26,1109.28,35.27,35.14,35.32,35.24,36.03,35.73,35.73,35.22
22440,1101.16,1116.68,1119.04,1096.54,997.48,1038.96,1128.48,1109.56,35.35,35.17,35.40,35.29,36.10,35.86,35.76,35.26
22560,1101.28,1116.88,1119.12,1096.74,997.52,1038.74,1128.48,1109.68,35.38,35.24,35.43,35.33,36.10,35.87,35.79,35.27
22680,1101.10,1116.38,1118.96,1096.32,997.42,1038.14,1128.06,1109.28,35.28,35.14,35.32,35.24,35.98,35.74,35.73,35.20
22800,1100.46,1115.76,1118.76,1095.80,997.24,1037.52,1127.62,1108.96,35.11,34.98,35.18,35.12,35.91,35.58,35.61,35.10
22920,1100.48,1115.20,1118.50,1095.38,997.28,1037.08,1127.68,1108.82,35.09,34.92,35.17,35.10,35.92,35.58,35.57,35.06
23040,1100.20,1114.80,1118.40,1095.34,997.18,1036.68,1127.62,1108.70,35.05,34.87,35.14,35.07,35.90,35.53,35.53,35.02
23160,1100.22,1114.70,1118.36,1095.00,997.16,1036.30,1127.54,1108.70,35.07,34.88,35.17,35.08,35.91,35.55,35.52,35.02
23280,1100.20,1114.52,1118.26,1094.80,997.12,1036.28,1127.28,1108.68,35.08,34.90,35.15,35.09,35.89,35.56,35.53,35.01
23400,1100.46,1114.52,1118.24,1094.96,997.42,1036.26,1127.48,1109.02,35.19,34.96,35.24,35.15,35.94,35.67,35.57,35.06
23520,1100.88,1114.62,1118.50,1094.96,997.70,1036.12,1127.56,1109.48,35.30,35.09,35.33,35.25,36.03,35.79,35.66,35.16
23640,1100.88,1114.64,1118.60,1095.14,997.62,1036.20,1127.58,1109.50,35.30,35.17,35.33,35.26,36.01,35.76,35.68,35.17
23760,1100.60,1113.80,1118.46,1094.86,997.18,1035.50,1127.30,1108.88,35.17,35.06,35.17,35.15,35.90,35.62,35.59,35.09
23880,1100.46,1113.34,1118.28,1094.58,997.34,1034.78,1127.18,1108.82,35.12,34.96,35.15,35.10,35.91,35.60,35.55,35.05
24000,1100.64,1113.40,1118.52,1094.44,997.40,1034.74,1127.20,1109.12,35.25,35.04,35.26,35.17,36.01,35.73,35.61,35.11
24120,1100.58,1113.42,1118.68,1094.32,997.40,1034.72,1127.28,1109.30,35.29,35.12,35.30,35.22,35.99,35.77,35.65,35.14
24240,1100.78,1113.00,1118.54,1094.20,997.04,1034.30,1127.26,1108.82,35.20,35.05,35.22,35.16,35.90,35.64,35.62,35.09
24360,1100.20,1112.16,1118.10,1093.74,997.02,1033.62,1126.90,1108.42,35.07,34.92,35.10,35.04,35.83,35.52,35.53,34.99
24480,1100.12,1111.64,1118.20,1093.16,997.04,1033.20,1126.80,1108.32,35.05,34.86,35.09,35.03,35.85,35.54,35.49,34.97
24600,1099.96,1111.58,1118.10,1092.96,997.08,1032.94,1126.78,1108.30,35.03,34.84,35.08,35.02,35.82,35.51,35.46,34.95
24720,1100.32,1111.56,1117.96,1092.94,997.20,1032.86,1126.72,1108.40,35.12,34.90,35.16,35.08,35.89,35.60,35.50,34.99
24840,1100.22,1111.56,1118.04,1092.94,997.26,1032.78,1126.66,1108.68,35.16,34.97,35.19,35.12,35.90,35.62,35.54,35.02
24960,1100.54,1111.46,1118.00,1093.00,997.28,1032.68,1126.80,1109.44,35.27,35.05,35.27,35.21,35.97,35.73,35.60,35.10
25080,1100.98,1112.20,1118.48,1093.28,997.52,1032.80,1127.32,1109.98,35.46,35.22,35.44,35.34,36.07,35.88,35.74,35.24
25200,1101.20,1112.10,1118.78,1093.46,997.52,1032.84,1127.26,1110.24,35.50,35.35,35.46,35.39,36.07,35.90,35.79,35.29
25320,1101.02,1111.58,1118.72,1093.50,997.28,1032.36,1127.16,1109.96,35.36,35.28,35.36,35.29,35.98,35.77,35.75,35.23
25440,1100.74,1110.60,1118.10,1092.98,997.16,1031.72,1126.64,1109.48,35.21,35.08,35.21,35.17,35.91,35.62,35.63,35.11
25560,1100.74,1110.28,1118.08,1092.42,997.10,1031.34,1126.56,1109.06,35.21,35.01,35.22,35.16,35.94,35.65,35.60,35.09
25680,1100.72,1110.36,1118.10,1092.12,997.26,1031.10,1126.60,1109.16,35.22,35.00,35.22,35.16,35.93,35.66,35.59,35.09
25800,1100.82,1110.32,1117.98,1092.20,997.38,1031.06,1126.86,1109.46,35.30,35.07,35.30,35.21,35.99,35.75,35.63,35.13
25920,1101.02,1110.36,1118.28,1092.28,997.52,1031.10,1126.92,1109.66,35.37,35.14,35.34,35.26,36.02,35.79,35.68,35.18
26040,1101.30,1110.66,1118.50,1092.68,997.72,1030.98,1126.98,1110.28,35.50,35.24,35.45,35.38,36.11,35.91,35.77,35.29
26160,1101.60,1110.74,1118.74,1092.74,997.70,1031.00,1126.94,1110.38,35.57,35.37,35.51,35.45,36.14,35.97,35.85,35.34
26280,1101.52,1110.44,1118.78,1092.52,997.32,1030.84,1126.96,1110.42,35.49,35.35,35.42,35.40,36.07,35.88,35.83,35.30
26400,1101.26,1109.56,1118.68,1092.18,997.20,1030.06,1126.40,1109.66,35.29,35.15,35.28,35.26,35.96,35.68,35.71,35.18
26520,1100.90,1108.92,1118.04,1091.78,997.06,1029.54,1126.34,1109.44,35.24,35.04,35.24,35.20,35.97,35.67,35.65,35.12
26640,1100.60,1108.66,1118.08,1091.58,997.04,1029.06,1126.28,1109.18,35.21,34.99,35.21,35.16,35.95,35.65,35.60,35.10
26760,1100.84,1108.54,1118.28,1091.50,997.00,1028.92,1126.28,1109.44,35.27,35.02,35.26,35.19,35.99,35.71,35.62,35.12
26880,1101.32,1108.76,1118.44,1091.58,997.16,1028.96,1126.64,1110.00,35.40,35.16,35.36,35.28,36.06,35.83,35.70,35.20
27000,1101.34,1108.82,1118.38,1091.58,997.18,1028.78,1126.56,1110.00,35.38,35.21,35.36,35.29,36.03,35.82,35.71,35.21
27120,1101.04,1108.14,1118.24,1091.12,997.00,1028.24,1126.00,1109.32,35.26,35.10,35.21,35.18,35.92,35.65,35.64,35.13
27240,1100.64,1107.40,1118.12,1090.54,996.88,1027.88,1125.70,1109.22,35.18,34.98,35.17,35.13,35.92,35.60,35.57,35.06
27360,1100.94,1107.32,1118.10,1090.54,997.02,1027.76,1125.72,1109.48,35.30,35.05,35.28,35.19,35.99,35.74,35.61,35.12
27480,1101.10,1107.42,1118.32,1090.38,997.10,1027.64,1125.76,1109.68,35.35,35.13,35.31,35.25,36.02,35.78,35.66,35.16
27600,1100.88,1107.20,1118.24,1090.44,996.92,1027.16,1125.56,1109.72,35.26,35.10,35.21,35.19,35.94,35.68,35.63,35.12
27720,1100.44,1106.26,1117.92,1090.16,996.72,1026.26,1125.20,1109.04,35.11,34.93,35.10,35.08,35.85,35.52,35.52,35.01
27840,1100.56,1106.08,1117.64,1089.76,996.74,1025.96,1124.96,1109.02,35.11,34.88,35.11,35.06,35.89,35.55,35.49,34.99
27960,1100.48,1105.88,1117.50,1089.10,996.72,1025.58,1124.94,1108.96,35.10,34.88,35.12,35.06,35.88,35.54,35.48,34.97
28080,1100.84,1105.72,1117.38,1089.18,996.76,1025.54,1125.14,1109.56,35.23,34.99,35.25,35.13,35.96,35.66,35.56,35.05
28200,1101.40,1106.50,1117.94,1089.54,997.40,1025.90,1125.50,1110.46,35.49,35.21,35.44,35.34,36.10,35.90,35.74,35.23
28320,1101.82,1106.92,1117.98,1089.94,997.30,1025.82,1125.56,1111.06,35.62,35.42,35.54,35.47,36.16,35.99,35.84,35.35
28440,1101.62,1106.58,1118.02,1090.24,996.90,1025.60,1125.38,1110.84,35.53,35.43,35.46,35.42,36.08,35.91,35.85,35.33
28560,1101.20,1105.82,1117.96,1089.72,996.76,1024.84,1125.06,1110.26,35.37,35.23,35.30,35.30,35.99,35.74,35.72,35.22
28680,1101.20,1105.18,1117.80,1089.36,996.76,1024.52,1124.94,1110.20,35.35,35.14,35.31,35.27,36.03,35.76,35.69,35.18
28800,1101.30,1105.04,1117.50,1089.34,996.74,1024.10,1124.84,1110.12,35.37,35.14,35.32,35.27,36.03,35.77,35.69,35.17
28920,1101.28,1104.68,1117.42,1088.74,996.74,1023.80,1124.58,1110.18,35.35,35.11,35.30,35.25,36.02,35.73,35.66,35.16
29040,1101.62,1104.62,1117.32,1088.68,996.80,1023.48,1124.60,1110.20,35.37,35.12,35.32,35.28,36.04,35.76,35.67,35.17
29160,1101.38,1104.54,1117.42,1088.50,996.80,1023.06,1124.20,1110.34,35.33,35.12,35.29,35.26,35.99,35.73,35.66,35.15
29280,1101.50,1104.14,1117.22,1088.34,996.76,1022.94,1124.32,1110.26,35.40,35.15,35.36,35.31,36.05,35.79,35.70,35.19
29400,1101.52,1104.22,1117.40,1088.24,996.76,1022.88,1124.12,1110.42,35.48,35.25,35.42,35.36,36.09,35.88,35.76,35.24
29520,1101.70,1104.12,1117.38,1088.24,996.64,1022.52,1124.26,1110.64,35.46,35.26,35.40,35.35,36.06,35.84,35.76,35.24
29640,1101.78,1103.84,1117.38,1088.18,996.86,1022.30,1124.10,1110.68,35.49,35.25,35.41,35.37,36.09,35.87,35.76,35.26
29760,1101.78,1103.66,1117.46,1088.18,996.78,1021.86,1123.68,1110.74,35.45,35.24,35.39,35.36,36.07,35.82,35.76,35.24
29880,1101.64,1103.08,1117.30,1087.88,996.86,1021.46,1123.54,1110.70,35.41,35.20,35.35,35.32,36.05,35.78,35.73,35.21
30000,1101.70,1102.90,1117.30,1087.64,996.72,1020.84,1123.26,1110.52,35.39,35.17,35.34,35.31,36.04,35.77,35.72,35.19
30120,1101.68,1102.60,1116.88,1087.20,996.60,1020.48,1122.68,1110.34,35.31,35.09,35.27,35.23,35.97,35.68,35.66,35.14
30240,1101.66,1102.28,1116.84,1087.08,996.56,1019.96,1122.72,1110.32,35.33,35.07,35.28,35.24,36.02,35.71,35.64,35.14
30360,1101.58,1102.22,1116.60,1086.94,996.60,1019.54,1122.74,1110.22,35.32,35.09,35.28,35.23,36.02,35.71,35.65,35.13
30480,1101.16,1101.80,1116.46,1086.74,996.50,1019.02,1122.38,1110.30,35.26,35.02,35.23,35.20,35.98,35.65,35.61,35.10
30600,1101.70,1101.44,1116.40,1086.20,996.70,1018.64,1122.22,1110.44,35.37,35.09,35.31,35.27,36.05,35.76,35.66,35.14
30720,1101.62,1101.48,1116.30,1086.38,996.62,1018.72,1122.10,1110.78,35.42,35.17,35.35,35.32,36.08,35.81,35.70,35.19
30840,1101.82,1101.12,1116.16,1086.36,996.56,1018.18,1121.64,1110.74,35.39,35.16,35.32,35.29,36.02,35.76,35.69,35.17
30960,1101.86,1100.88,1115.98,1085.84,996.50,1017.64,1121.58,1110.90,35.41,35.16,35.34,35.31,36.05,35.79,35.69,35.18
31080,1101.56,1100.86,1116.08,1085.82,996.38,1017.28,1121.24,1110.66,35.37,35.14,35.32,35.29,36.03,35.76,35.67,35.16
31200,1101.50,1100.14,1115.74,1085.42,996.40,1016.84,1121.08,1110.52,35.34,35.09,35.29,35.26,36.02,35.73,35.64,35.14
31320,1101.82,1100.18,1115.80,1085.18,996.64,1016.82,1120.92,1110.94,35.45,35.17,35.39,35.34,36.10,35.84,35.71,35.20
31440,1101.94,1100.26,1115.72,1085.38,996.58,1016.48,1120.72,1110.96,35.49,35.25,35.41,35.37,36.12,35.87,35.75,35.24
31560,1102.22,1099.94,1115.72,1084.98,996.40,1016.10,1120.68,1111.24,35.53,35.29,35.46,35.40,36.15,35.92,35.79,35.27
31680,1102.64,1099.76,1115.68,1085.14,996.68,1016.14,1120.54,1111.70,35.61,35.37,35.52,35.46,36.19,35.97,35.85,35.33
31800,1102.64,1099.74,1115.74,1085.20,996.46,1015.48,1120.20,1111.54,35.57,35.37,35.48,35.45,36.14,35.92,35.84,35.32
31920,1102.62,1099.44,1115.68,1084.98,996.56,1015.02,1120.02,1111.70,35.60,35.34,35.49,35.46,36.18,35.95,35.85,35.33
32040,1102.62,1099.30,1115.66,1084.82,996.44,1014.66,1119.58,1111.72,35.61,35.36,35.51,35.48,36.20,35.96,35.86,35.34
32160,1102.58,1098.92,1115.38,1084.94,996.42,1014.32,1119.26,1111.70,35.53,35.33,35.45,35.44,36.15,35.89,35.83,35.30
32280,1102.64,1098.44,1115.22,1084.44,996.22,1013.68,1119.08,1111.68,35.53,35.29,35.45,35.43,36.16,35.89,35.81,35.29
32400,1102.28,1098.04,1114.86,1084.04,996.16,1013.10,1118.82,1111.50,35.47,35.25,35.40,35.39,36.12,35.84,35.78,35.26
32520,1102.36,1097.68,1114.80,1083.88,996.12,1012.46,1118.24,1111.16,35.41,35.16,35.35,35.34,36.11,35.79,35.73,35.21
32640,1102.04,1097.24,1114.54,1083.30,996.22,1011.96,1117.66,1111.18,35.39,35.13,35.32,35.31,36.08,35.76,35.70,35.18
32760,1101.94,1096.74,1114.26,1082.96,996.26,1011.46,1117.10,1111.44,35.31,35.04,35.26,35.26,36.03,35.69,35.64,35.13
32880,1102.08,1096.52,1113.96,1082.82,996.32,1011.02,1116.82,1111.74,35.37,35.05,35.30,35.28,36.09,35.77,35.65,35.15
33000,1102.16,1096.44,1113.84,1082.80,996.24,1010.76,1116.68,1111.96,35.40,35.12,35.34,35.30,36.10,35.79,35.69,35.17
33120,1102.24,1096.18,1113.78,1082.28,996.18,1010.16,1116.26,1112.08,35.39,35.14,35.33,35.30,36.09,35.77,35.70,35.16
33240,1102.28,1095.68,1113.68,1082.26,996.28,1009.58,1115.70,1111.94,35.40,35.15,35.35,35.30,36.09,35.77,35.69,35.17
33360,1102.08,1095.22,1113.36,1081.94,996.14,1008.82,1115.38,1111.94,35.34,35.09,35.29,35.26,36.04,35.71,35.66,35.13
33480,1102.08,1094.88,1113.06,1081.40,996.14,1008.40,1114.78,1111.84,35.38,35.10,35.32,35.28,36.08,35.76,35.66,35.15
33600,1102.08,1094.86,1112.82,1081.14,996.20,1008.18,1114.32,1111.84,35.38,35.12,35.32,35.28,36.08,35.76,35.67,35.14
33720,1101.92,1094.12,1112.42,1080.96,996.12,1007.38,1113.90,1111.92,35.33,35.08,35.28,35.25,36.05,35.69,35.64,35.11
33840,1102.02,1094.06,1112.42,1080.80,996.16,1007.02,1113.60,1112.02,35.41,35.12,35.35,35.30,36.11,35.79,35.68,35.16
33960,1102.04,1093.86,1112.46,1080.62,996.16,1006.46,1113.14,1112.20,35.44,35.18,35.37,35.34,36.11,35.83,35.73,35.18
34080,1102.32,1093.66,1112.28,1080.30,996.08,1006.28,1112.68,1112.48,35.50,35.23,35.41,35.37,36.14,35.87,35.76,35.22
34200,1102.16,1093.24,1112.24,1080.26,996.14,1005.80,1112.52,1112.52,35.50,35.25,35.42,35.40,36.13,35.87,35.79,35.23
34320,1102.50,1093.12,1112.08,1080.00,996.02,1005.50,1112.34,1112.70,35.57,35.29,35.46,35.44,36.17,35.92,35.81,35.27
34440,1102.72,1093.08,1111.76,1079.86,996.34,1004.94,1111.88,1113.30,35.64,35.35,35.52,35.50,36.23,36.00,35.86,35.32
34560,1102.80,1092.60,1111.78,1079.68,996.20,1004.56,1111.32,1113.22,35.62,35.36,35.50,35.50,36.20,35.97,35.87,35.33
34680,1102.90,1092.18,1111.76,1079.60,996.28,1004.38,1111.16,1113.30,35.67,35.38,35.54,35.53,36.25,36.01,35.88,35.36
34800,1103.04,1092.02,1111.60,1079.20,996.22,1004.00,1110.36,1113.24,35.68,35.41,35.54,35.53,36.23,36.01,35.91,35.36
34920,1102.76,1091.78,1111.24,1078.88,996.10,1003.28,1109.94,1113.16,35.62,35.37,35.51,35.49,36.21,35.96,35.90,35.34
35040,1102.74,1091.52,1110.90,1078.46,996.02,1002.68,1109.62,1113.24,35.62,35.34,35.50,35.48,36.21,35.96,35.88,35.33
35160,1102.80,1091.16,1110.74,1078.10,996.06,1002.12,1108.96,1112.82,35.54,35.27,35.43,35.42,36.15,35.88,35.81,35.28
35280,1102.66,1090.62,1110.48,1077.56,995.76,1001.70,1108.28,1112.94,35.53,35.23,35.42,35.41,36.17,35.88,35.79,35.27
35400,1102.62,1090.14,1109.98,1077.42,995.82,1000.88,1107.76,1112.74,35.47,35.20,35.38,35.37,36.13,35.83,35.75,35.24
35520,1102.54,1089.60,1109.56,1076.98,995.96,1000.40,1106.92,1112.38,35.41,35.13,35.33,35.32,36.12,35.77,35.70,35.19
35640,1102.24,1088.98,1109.14,1076.60,995.88,999.58,1106.24,1112.34,35.37,35.09,35.29,35.29,36.09,35.74,35.67,35.15
35760,1102.12,1088.38,1108.76,1075.98,995.82,999.00,1105.68,1112.08,35.31,35.01,35.24,35.24,36.04,35.67,35.62,35.11
35880,1101.84,1088.06,1108.38,1075.68,995.82,998.42,1105.10,1111.92,35.33,35.02,35.25,35.25,36.06,35.72,35.63,35.10
36000,1101.62,1087.56,1108.06,1075.04,995.66,997.50,1104.28,1111.76,35.28,34.99,35.21,35.20,36.01,35.67,35.58,35.07
36120,1101.56,1087.14,1107.76,1074.94,995.70,997.12,1103.80,1111.76,35.28,34.97,35.20,35.19,36.02,35.65,35.57,35.06
36240,1101.58,1086.76,1107.52,1074.42,995.86,996.68,1103.04,1111.66,35.27,34.95,35.19,35.18,36.01,35.64,35.56,35.03
36360,1101.48,1085.98,1106.78,1073.82,995.70,995.90,1102.58,1111.48,35.21,34.91,35.14,35.14,35.97,35.58,35.53,35.00
36480,1101.34,1085.44,1106.52,1073.30,995.78,995.64,1101.66,1111.16,35.21,34.89,35.15,35.13,35.98,35.58,35.52,34.98
36600,1101.00,1084.92,1103.20,1072.98,995.34,994.62,1100.98,1111.20,35.13,34.83,35.09,35.08,35.92,35.50,35.47,34.94
36720,1100.98,1084.30,1102.58,1072.26,995.32,994.00,1100.32,1111.24,35.14,34.81,35.08,35.07,35.93,35.52,35.45,34.93
36840,1100.90,1084.24,1100.80,1071.98,995.36,993.40,1099.40,1111.12,35.10,34.81,35.06,35.04,35.89,35.49,35.44,34.90
36960,1100.96,1083.30,1099.02,1071.60,995.50,993.10,1098.90,1111.34,35.09,34.79,35.05,35.02,35.89,35.47,35.42,34.89
37080,1101.06,1083.08,1101.42,1071.22,995.78,992.64,1098.46,1111.52,35.19,34.87,35.12,35.09,35.93,35.58,35.48,34.94
37200,1100.96,1082.82,1101.58,1070.72,995.56,992.22,1097.62,1111.56,35.20,34.92,35.13,35.11,35.91,35.59,35.49,34.95
37320,1100.94,1082.38,1102.52,1070.46,995.54,991.66,1097.46,1111.88,35.25,34.97,35.18,35.14,35.95,35.64,35.52,34.98
37440,1101.50,1082.28,1103.96,1070.48,995.76,991.52,1096.96,1112.32,35.43,35.10,35.32,35.27,36.06,35.82,35.62,35.10
37560,1101.88,1082.32,1103.94,1070.58,995.92,991.36,1096.48,1112.78,35.50,35.24,35.36,35.33,36.06,35.84,35.69,35.16
37680,1101.62,1081.86,1103.64,1069.86,995.70,990.74,1095.58,1112.58,35.39,35.19,35.25,35.26,35.97,35.73,35.64,35.12
37800,1101.58,1080.54,1102.94,1069.30,995.58,989.84,1094.82,1111.92,35.26,35.00,35.13,35.14,35.91,35.59,35.53,35.02
37920,1101.40,1080.22,1102.52,1068.76,995.66,989.44,1094.32,1111.98,35.30,35.00,35.20,35.16,35.99,35.68,35.55,35.03
38040,1101.68,1080.04,1102.22,1068.60,995.84,989.34,1093.84,1112.18,35.38,35.07,35.24,35.22,36.02,35.75,35.59,35.07
38160,1101.84,1079.94,1102.26,1068.52,995.92,989.18,1093.34,1112.82,35.49,35.18,35.35,35.32,36.09,35.86,35.67,35.16
38280,1102.32,1079.90,1102.18,1068.22,996.02,989.02,1092.86,1113.40,35.60,35.31,35.43,35.40,36.14,35.93,35.74,35.24
38400,1102.18,1079.72,1101.90,1067.98,995.84,988.78,1091.90,1113.06,35.55,35.30,35.38,35.38,36.09,35.87,35.74,35.22
38520,1101.88,1078.72,1101.34,1067.48,995.52,987.54,1091.08,1112.34,35.34,35.13,35.23,35.24,35.96,35.68,35.64,35.11
38640,1101.60,1077.72,1100.76,1066.88,995.46,987.02,1090.42,1112.06,35.29,35.01,35.18,35.18,35.96,35.65,35.58,35.04
38760,1101.24,1077.26,1100.20,1066.36,995.56,986.40,1089.42,1111.92,35.24,34.95,35.14,35.15,35.94,35.61,35.53,35.00
38880,1101.62,1076.70,1099.92,1065.76,995.58,986.08,1089.00,1111.88,35.27,34.94,35.16,35.15,35.97,35.62,35.51,35.00
39000,1101.60,1076.50,1099.56,1065.68,995.60,985.98,1088.36,1111.88,35.31,35.00,35.20,35.18,35.97,35.67,35.54,35.02
39120,1101.76,1076.24,1099.32,1065.36,995.80,985.40,1087.66,1112.10,35.33,35.02,35.23,35.21,36.00,35.68,35.57,35.05
39240,1101.86,1076.06,1099.12,1064.96,996.02,985.20,1087.40,1112.32,35.44,35.12,35.31,35.27,36.05,35.78,35.63,35.11
39360,1101.96,1075.70,1098.80,1064.68,995.90,985.16,1086.78,1112.52,35.46,35.18,35.32,35.29,36.06,35.80,35.66,35.13
39480,1102.64,1075.82,1098.78,1064.50,996.10,984.96,1086.34,1113.46,35.61,35.29,35.44,35.42,36.14,35.96,35.75,35.24
39600,1103.16,1076.02,1098.64,1064.66,996.04,985.18,1086.18,1114.06,35.78,35.47,35.58,35.55,36.25,36.10,35.87,35.38
39720,1103.30,1075.52,1098.54,1064.68,996.14,985.10,1085.38,1114.40,35.80,35.58,35.59,35.59,36.23,36.11,35.94,35.42
39840,1103.26,1074.68,1098.40,1064.14,995.70,984.42,1084.50,1113.74,35.65,35.49,35.47,35.49,36.10,35.95,35.89,35.34
39960,1102.88,1073.82,1097.98,1063.30,995.48,983.58,1083.60,1112.98,35.46,35.26,35.31,35.34,36.03,35.78,35.75,35.21
40080,1102.82,1073.16,1097.18,1062.82,995.94,983.38,1083.14,1112.96,35.50,35.21,35.36,35.34,36.10,35.85,35.72,35.21
40200,1103.08,1073.10,1096.90,1062.66,995.92,983.16,1082.60,1113.20,35.58,35.29,35.41,35.40,36.15,35.93,35.77,35.24
40320,1103.72,1073.22,1096.88,1062.50,996.26,983.18,1082.40,1113.90,35.74,35.39,35.57,35.52,36.25,36.09,35.87,35.37
40440,1104.04,1073.20,1096.84,1062.72,996.50,983.38,1081.94,1114.46,35.87,35.60,35.68,35.65,36.32,36.20,35.97,35.48
40560,1104.08,1072.96,1096.80,1062.36,996.32,983.14,1081.48,1114.40,35.83,35.63,35.62,35.63,36.27,36.13,35.98,35.47
40680,1103.50,1071.60,1096.34,1061.90,995.68,982.34,1080.32,1113.62,35.62,35.42,35.46,35.49,36.16,35.94,35.89,35.35
40800,1103.12,1070.84,1095.72,1061.06,995.60,981.60,1079.40,1113.02,35.50,35.25,35.35,35.36,36.12,35.82,35.76,35.23
40920,1103.38,1070.26,1095.06,1060.54,995.74,981.38,1079.00,1112.94,35.51,35.22,35.36,35.36,36.16,35.86,35.73,35.22
41040,1103.38,1069.86,1094.66,1060.10,995.96,981.06,1078.50,1112.90,35.52,35.23,35.37,35.38,36.15,35.87,35.74,35.22
41160,1104.12,1069.86,1094.62,1059.76,996.20,980.86,1078.22,1113.32,35.64,35.33,35.48,35.47,36.22,35.97,35.81,35.29
41280,1103.90,1069.84,1094.30,1059.72,996.28,980.92,1077.66,1113.46,35.67,35.39,35.51,35.51,36.21,35.99,35.85,35.32
41400,1103.58,1069.06,1093.86,1059.28,996.02,980.40,1076.58,1113.24,35.56,35.33,35.39,35.42,36.13,35.87,35.78,35.26
41520,1103.32,1068.00,1093.12,1058.08,995.66,979.96,1075.72,1112.60,35.38,35.12,35.23,35.27,36.02,35.70,35.65,35.13
41640,1103.28,1067.26,1092.70,1057.90,995.92,979.60,1075.20,1112.58,35.41,35.08,35.26,35.26,36.07,35.78,35.62,35.12
41760,1103.06,1067.32,1092.46,1057.44,995.88,979.48,1074.62,1112.70,35.44,35.13,35.31,35.30,36.09,35.83,35.66,35.13
41880,1103.24,1067.16,1092.36,1057.16,996.20,979.38,1074.28,1113.08,35.52,35.19,35.39,35.37,36.13,35.90,35.71,35.19
42000,1103.86,1067.04,1092.22,1056.94,996.54,979.44,1074.04,1113.78,35.70,35.35,35.51,35.48,36.23,36.04,35.82,35.30
42120,1104.20,1066.98,1091.90,1056.86,996.38,979.34,1073.58,1114.00,35.73,35.47,35.53,35.53,36.23,36.06,35.88,35.35
42240,1103.94,1066.18,1091.58,1056.42,995.84,979.04,1072.42,1113.54,35.60,35.40,35.40,35.45,36.13,35.92,35.85,35.28
42360,1103.34,1064.86,1091.02,1055.42,995.88,978.64,1071.68,1112.74,35.43,35.19,35.26,35.30,36.02,35.75,35.70,35.16
42480,1103.30,1064.26,1090.64,1054.96,996.08,978.12,1071.18,1112.74,35.44,35.14,35.29,35.29,36.08,35.80,35.68,35.14
42600,1103.26,1063.92,1090.18,1054.34,996.12,977.78,1070.64,1112.72,35.45,35.14,35.31,35.30,36.08,35.82,35.68,35.14
42720,1103.38,1063.68,1089.72,1054.14,996.60,977.66,1070.38,1113.08,35.49,35.17,35.35,35.34,36.11,35.87,35.71,35.17
42840,1103.34,1063.34,1089.40,1053.88,996.50,977.72,1069.88,1113.02,35.55,35.24,35.40,35.39,36.14,35.90,35.75,35.20
42960,1103.58,1063.10,1089.16,1053.86,996.56,977.68,1069.16,1113.64,35.59,35.31,35.43,35.45,36.17,35.95,35.79,35.25
43080,1103.94,1063.00,1088.96,1053.60,996.64,977.86,1068.94,1114.04,35.73,35.41,35.55,35.55,36.27,36.07,35.88,35.34
43200,1104.00,1062.84,1088.92,1053.54,996.46,977.86,1068.48,1113.86,35.74,35.49,35.57,35.58,36.25,36.09,35.92,35.37
43320,1103.98,1062.06,1088.54,1052.98,996.16,977.32,1067.56,1113.62,35.63,35.41,35.45,35.49,36.13,35.92,35.89,35.30
43440,1103.66,1061.02,1087.78,1052.26,996.06,976.96,1066.86,1112.96,35.46,35.21,35.30,35.34,36.06,35.77,35.77,35.18
43560,1103.70,1060.68,1087.58,1051.44,996.12,976.80,1066.42,1112.74,35.50,35.19,35.34,35.34,36.12,35.85,35.74,35.18
43680,1103.66,1060.36,1086.98,1051.38,996.26,976.66,1065.84,1112.74,35.52,35.22,35.37,35.36,36.12,35.87,35.74,35.19
43800,1103.88,1060.14,1086.84,1051.06,996.42,976.66,1065.50,1113.28,35.60,35.28,35.45,35.42,36.16,35.94,35.78,35.25
43920,1104.00,1060.16,1086.66,1050.76,996.32,976.64,1065.10,1113.48,35.68,35.37,35.50,35.49,36.20,36.00,35.84,35.30
44040,1103.92,1059.30,1086.26,1050.20,996.26,976.54,1064.60,1113.34,35.62,35.38,35.43,35.46,36.13,35.94,35.82,35.27
44160,1103.58,1058.50,1085.90,1049.78,995.96,975.88,1063.64,1112.54,35.43,35.20,35.27,35.30,36.03,35.76,35.73,35.16
44280,1103.30,1057.72,1085.36,1049.00,996.16,975.48,1062.96,1112.46,35.38,35.09,35.25,35.26,36.04,35.76,35.66,35.11
44400,1103.38,1057.32,1084.86,1048.50,996.32,975.54,1062.48,1112.42,35.39,35.08,35.26,35.27,36.04,35.76,35.64,35.10
44520,1103.28,1056.98,1084.58,1047.98,996.48,975.46,1061.84,1112.56,35.40,35.08,35.27,35.28,36.04,35.77,35.64,35.10
44640,1103.30,1056.70,1083.98,1047.70,996.48,975.34,1061.54,1112.64,35.46,35.13,35.31,35.31,36.07,35.81,35.66,35.13
44760,1103.32,1056.28,1083.70,1047.48,996.46,975.26,1061.12,1112.72,35.47,35.15,35.32,35.33,36.07,35.81,35.67,35.14
44880,1103.40,1055.98,1083.46,1046.96,996.62,975.36,1060.62,1112.76,35.55,35.22,35.38,35.38,36.11,35.88,35.72,35.19
45000,1103.54,1055.62,1083.34,1046.78,996.74,975.20,1060.08,1113.02,35.56,35.26,35.39,35.40,36.12,35.88,35.74,35.21
45120,1103.78,1055.38,1083.14,1046.56,996.78,975.28,1059.76,1113.32,35.63,35.30,35.44,35.44,36.17,35.94,35.77,35.25
45240,1103.80,1055.08,1082.70,1046.30,996.74,975.16,1059.42,1113.12,35.62,35.33,35.44,35.45,36.16,35.93,35.79,35.26
45360,1103.96,1054.62,1082.66,1045.92,996.74,975.26,1059.10,1113.50,35.67,35.36,35.50,35.49,36.21,36.00,35.83,35.31
45480,1104.04,1054.52,1082.48,1045.86,996.88,975.32,1058.78,1113.64,35.75,35.44,35.55,35.56,36.24,36.05,35.88,35.35
45600,1103.82,1054.26,1082.18,1045.78,996.64,975.34,1057.98,1113.56,35.69,35.44,35.48,35.53,36.16,35.98,35.87,35.32
45720,1103.40,1053.24,1081.88,1044.86,996.34,974.72,1057.32,1112.84,35.51,35.25,35.32,35.38,36.04,35.78,35.74,35.21
45840,1103.10,1052.36,1081.14,1044.12,996.42,974.18,1056.84,1112.52,35.41,35.10,35.24,35.29,36.04,35.73,35.64,35.13
45960,1102.96,1051.68,1080.68,1043.46,996.20,973.98,1056.26,1112.40,35.37,35.03,35.22,35.26,36.03,35.70,35.59,35.09
46080,1103.04,1051.28,1080.14,1043.28,996.52,974.08,1055.92,1112.46,35.42,35.05,35.25,35.27,36.04,35.74,35.60,35.11
46200,1103.12,1051.28,1080.10,1043.06,997.18,974.44,1055.56,1113.04,35.59,35.19,35.40,35.42,36.16,35.92,35.72,35.22
46320,1103.64,1051.54,1080.06,1043.00,997.08,974.64,1055.32,1113.58,35.71,35.39,35.50,35.51,36.19,36.02,35.80,35.31
46440,1103.50,1051.14,1079.86,1042.92,996.82,974.66,1054.64,1113.24,35.63,35.40,35.45,35.47,36.13,35.92,35.80,35.29
46560,1103.14,1050.24,1079.32,1042.24,996.30,974.04,1053.64,1112.38,35.44,35.20,35.27,35.33,36.00,35.75,35.71,35.16
46680,1103.00,1049.26,1078.84,1041.42,996.50,973.66,1053.42,1112.34,35.41,35.10,35.24,35.27,36.03,35.75,35.64,35.11
46800,1102.96,1048.98,1078.48,1041.20,996.82,973.80,1053.14,1112.38,35.45,35.11,35.29,35.30,36.07,35.79,35.65,35.12
46920,1103.44,1048.98,1078.18,1041.02,997.04,974.46,1052.96,1112.98,35.62,35.22,35.44,35.43,36.18,35.92,35.76,35.21
47040,1103.96,1049.30,1078.24,1040.98,997.16,975.00,1052.78,1114.08,35.81,35.46,35.62,35.59,36.27,36.12,35.90,35.39
47160,1104.08,1049.36,1078.32,1041.14,997.20,974.98,1052.26,1114.34,35.87,35.60,35.65,35.66,36.28,36.17,35.97,35.45
47280,1104.06,1048.68,1078.04,1040.86,996.80,974.78,1051.74,1113.84,35.73,35.54,35.53,35.57,36.19,36.04,35.93,35.39
47400,1103.36,1047.60,1077.64,1039.90,996.42,974.38,1051.00,1112.90,35.53,35.31,35.35,35.41,36.08,35.82,35.78,35.24
47520,1103.34,1047.12,1077.04,1039.36,996.76,974.28,1050.62,1112.88,35.56,35.25,35.37,35.40,36.13,35.91,35.75,35.23
47640,1103.56,1047.26,1076.84,1039.32,996.78,974.32,1050.56,1113.12,35.69,35.35,35.48,35.48,36.21,36.03,35.81,35.30
47760,1103.54,1046.98,1076.78,1039.12,996.94,974.36,1050.14,1113.34,35.69,35.41,35.48,35.51,36.17,36.01,35.84,35.32
47880,1103.40,1046.32,1076.38,1038.56,996.68,974.36,1049.38,1112.70,35.56,35.30,35.35,35.42,36.06,35.87,35.77,35.23
48000,1102.90,1045.44,1075.82,1037.92,996.56,973.86,1048.42,1112.06,35.39,35.11,35.21,35.27,36.00,35.71,35.65,35.11
48120,1102.56,1044.80,1075.34,1037.30,996.52,973.86,1048.06,1111.84,35.35,35.03,35.20,35.24,36.00,35.71,35.61,35.07
48240,1102.62,1044.14,1074.76,1036.96,996.78,973.78,1047.80,1111.74,35.33,35.02,35.19,35.22,35.99,35.69,35.58,35.05
48360,1102.74,1044.10,1074.40,1036.44,997.02,973.92,1047.70,1112.50,35.47,35.13,35.31,35.32,36.09,35.83,35.66,35.12
48480,1103.08,1044.12,1074.42,1036.50,997.10,974.12,1047.42,1112.80,35.57,35.26,35.38,35.41,36.11,35.90,35.73,35.19
48600,1103.00,1043.62,1074.14,1036.24,996.94,973.96,1046.74,1112.62,35.50,35.24,35.32,35.38,36.04,35.78,35.71,35.16
48720,1102.56,1042.84,1073.84,1035.76,996.54,973.56,1045.94,1111.82,35.35,35.08,35.18,35.24,35.95,35.64,35.61,35.05
48840,1102.44,1042.34,1073.06,1035.08,996.68,973.66,1045.64,1111.94,35.35,35.03,35.18,35.23,35.98,35.67,35.57,35.03
48960,1102.32,1041.96,1072.76,1034.56,996.66,973.54,1045.38,1111.76,35.36,35.03,35.21,35.24,35.97,35.69,35.57,35.02
49080,1102.34,1041.58,1072.50,1034.52,997.00,973.62,1045.10,1111.92,35.41,35.06,35.24,35.27,35.99,35.71,35.58,35.05
49200,1102.50,1041.50,1072.24,1034.48,997.00,973.74,1044.66,1112.34,35.48,35.13,35.30,35.32,36.04,35.78,35.63,35.10
49320,1102.60,1041.30,1072.00,1034.10,997.12,973.96,1044.56,1112.44,35.53,35.19,35.33,35.36,36.05,35.84,35.67,35.14
49440,1103.14,1041.34,1072.00,1034.10,997.34,974.34,1044.54,1112.80,35.65,35.32,35.45,35.46,36.14,35.94,35.74,35.23
49560,1103.24,1041.38,1071.82,1034.02,997.30,974.48,1044.00,1112.92,35.67,35.38,35.45,35.49,36.13,35.96,35.78,35.26
49680,1102.98,1040.50,1071.72,1033.58,996.90,974.30,1043.46,1112.62,35.51,35.28,35.34,35.38,36.02,35.81,35.72,35.19
49800,1102.54,1039.52,1071.26,1032.72,996.92,974.04,1042.84,1112.14,35.40,35.10,35.22,35.27,35.97,35.69,35.62,35.10
49920,1102.60,1039.26,1070.90,1032.38,997.08,974.20,1042.68,1112.04,35.44,35.10,35.26,35.29,36.02,35.76,35.62,35.10
50040,1102.62,1039.02,1070.58,1032.18,997.24,974.10,1042.26,1112.06,35.45,35.12,35.28,35.31,36.02,35.76,35.62,35.10
50160,1102.64,1038.74,1070.16,1031.96,997.36,974.04,1041.98,1112.36,35.53,35.16,35.35,35.36,36.06,35.80,35.66,35.14
50280,1102.94,1038.68,1070.00,1031.90,997.54,974.30,1041.82,1112.60,35.61,35.27,35.41,35.43,36.10,35.89,35.73,35.20
50400,1102.96,1038.30,1069.74,1031.58,997.50,974.64,1041.66,1112.54,35.60,35.29,35.40,35.44,36.09,35.88,35.74,35.21
50520,1103.26,1038.16,1069.48,1031.44,997.56,974.78,1041.30,1112.84,35.65,35.31,35.45,35.48,36.13,35.95,35.76,35.26
50640,1103.14,1037.98,1069.32,1031.28,997.54,974.86,1040.98,1112.92,35.64,35.33,35.42,35.48,36.10,35.91,35.77,35.26
50760,1103.16,1037.52,1069.06,1031.04,997.34,974.82,1040.62,1113.00,35.63,35.32,35.43,35.48,36.11,35.91,35.76,35.26
50880,1103.32,1037.44,1068.82,1030.68,997.40,974.90,1040.42,1113.02,35.65,35.33,35.44,35.50,36.12,35.93,35.78,35.27
51000,1103.32,1036.94,1068.70,1030.56,997.54,974.98,1040.04,1112.76,35.62,35.30,35.42,35.48,36.11,35.90,35.78,35.26
51120,1103.30,1036.92,1068.36,1030.52,997.68,975.26,1040.08,1113.04,35.71,35.36,35.49,35.55,36.17,35.98,35.82,35.32
51240,1103.54,1036.78,1068.24,1030.28,997.68,975.48,1039.60,1113.10,35.73,35.41,35.51,35.56,36.17,35.99,35.84,35.33
51360,1103.60,1036.38,1068.08,1030.28,997.68,975.62,1039.46,1113.28,35.75,35.42,35.52,35.57,36.18,36.00,35.86,35.34
51480,1103.58,1036.36,1068.00,1029.96,997.70,976.02,1039.18,1113.44,35.83,35.50,35.59,35.64,36.24,36.10,35.91,35.41
51600,1103.96,1036.34,1067.86,1029.74,997.70,976.08,1039.06,1113.40,35.81,35.54,35.57,35.64,36.21,36.08,35.93,35.41
51720,1103.38,1035.50,1067.46,1029.42,997.54,975.94,1038.34,1112.88,35.66,35.41,35.44,35.54,36.12,35.91,35.85,35.32
51840,1102.92,1034.40,1066.92,1028.70,997.40,975.72,1037.98,1112.20,35.52,35.22,35.31,35.40,36.05,35.79,35.71,35.21
51960,1103.02,1034.30,1066.84,1028.28,997.58,975.62,1037.66,1112.34,35.53,35.19,35.34,35.40,36.08,35.84,35.70,35.20
52080,1103.14,1034.02,1066.30,1028.06,997.50,975.72,1037.28,1112.22,35.52,35.19,35.35,35.40,36.07,35.83,35.70,35.18
52200,1103.30,1034.02,1066.12,1027.90,997.72,976.02,1037.40,1112.28,35.62,35.24,35.43,35.46,36.13,35.91,35.76,35.24
52320,1103.32,1033.96,1066.00,1027.76,997.70,976.32,1037.06,1112.46,35.69,35.34,35.48,35.51,36.16,35.98,35.80,35.29
52440,1103.32,1033.66,1065.76,1027.52,997.54,976.28,1036.66,1112.34,35.62,35.31,35.41,35.47,36.07,35.87,35.78,35.25
52560,1102.60,1032.60,1065.08,1026.86,997.56,975.94,1035.96,1111.70,35.43,35.14,35.22,35.31,35.96,35.70,35.66,35.13
52680,1102.66,1031.96,1064.84,1026.36,997.66,975.88,1035.44,1111.44,35.41,35.06,35.21,35.26,35.98,35.71,35.61,35.10
52800,1102.74,1031.92,1064.34,1026.14,997.76,975.82,1035.42,1111.70,35.48,35.12,35.29,35.32,36.03,35.80,35.64,35.12
52920,1102.90,1031.78,1064.26,1025.96,998.12,976.16,1035.78,1112.16,35.60,35.24,35.41,35.44,36.10,35.89,35.72,35.21
53040,1103.36,1032.48,1064.28,1026.28,998.36,977.14,1035.76,1113.20,35.82,35.42,35.58,35.57,36.23,36.09,35.87,35.36
53160,1103.80,1032.62,1064.22,1026.44,998.44,977.54,1035.56,1113.62,35.90,35.60,35.63,35.68,36.25,36.15,35.94,35.45
53280,1103.68,1032.04,1064.22,1026.40,997.96,977.54,1035.24,1113.26,35.78,35.57,35.56,35.63,36.17,36.02,35.93,35.40
53400,1102.98,1030.98,1063.88,1025.68,997.92,977.24,1034.24,1112.34,35.56,35.34,35.36,35.46,36.04,35.84,35.80,35.26
53520,1103.06,1030.66,1063.22,1025.32,997.86,977.18,1034.06,1112.26,35.52,35.23,35.33,35.39,36.05,35.83,35.73,35.19
53640,1102.88,1030.30,1063.12,1024.86,998.14,977.00,1033.94,1112.12,35.52,35.19,35.34,35.37,36.07,35.83,35.70,35.18
53760,1102.90,1030.20,1062.86,1024.60,998.30,977.40,1033.94,1112.20,35.63,35.26,35.44,35.45,36.13,35.91,35.76,35.24
53880,1103.46,1030.32,1062.98,1024.66,998.54,977.94,1033.84,1112.84,35.79,35.41,35.57,35.58,36.21,36.07,35.85,35.35
54000,1103.54,1030.42,1063.08,1024.74,998.50,978.06,1033.74,1113.12,35.80,35.50,35.56,35.61,36.18,36.06,35.88,35.38
54120,1103.40,1029.60,1062.68,1024.64,998.32,977.80,1033.04,1112.54,35.67,35.39,35.41,35.52,36.08,35.87,35.80,35.30
54240,1102.92,1028.72,1062.18,1023.72,998.14,977.38,1032.52,1111.98,35.49,35.19,35.29,35.37,36.01,35.76,35.68,35.18
54360,1103.02,1028.58,1061.86,1023.46,998.40,977.44,1032.22,1112.06,35.53,35.17,35.31,35.38,36.05,35.82,35.66,35.18
54480,1103.02,1028.44,1061.64,1023.44,998.50,977.66,1032.10,1111.96,35.56,35.19,35.34,35.41,36.07,35.84,35.67,35.19
54600,1103.14,1028.46,1061.52,1023.54,998.54,978.02,1031.86,1112.48,35.69,35.29,35.46,35.52,36.16,35.96,35.77,35.27
54720,1103.52,1029.04,1061.62,1023.52,998.74,978.60,1031.92,1112.68,35.83,35.47,35.57,35.62,36.23,36.09,35.85,35.37
54840,1103.60,1028.76,1061.34,1023.50,998.80,978.94,1031.82,1112.80,35.79,35.50,35.54,35.62,36.18,36.03,35.87,35.37
54960,1103.30,1027.78,1060.96,1023.18,998.34,978.62,1031.26,1112.18,35.63,35.34,35.38,35.47,36.06,35.85,35.76,35.28
55080,1102.78,1027.04,1060.58,1022.46,998.32,978.58,1030.72,1111.62,35.52,35.18,35.30,35.37,36.04,35.78,35.67,35.18
55200,1102.84,1027.14,1060.34,1022.08,998.48,978.68,1030.68,1111.76,35.58,35.22,35.37,35.41,36.10,35.89,35.70,35.20
55320,1102.84,1026.94,1060.08,1022.00,998.54,978.88,1030.78,1111.92,35.61,35.27,35.40,35.45,36.10,35.91,35.73,35.22
55440,1103.40,1026.94,1059.96,1022.04,998.64,979.28,1030.48,1112.52,35.73,35.37,35.50,35.55,36.17,35.99,35.80,35.29
55560,1103.54,1027.26,1060.00,1022.18,998.74,979.84,1030.56,1112.84,35.84,35.50,35.59,35.64,36.24,36.10,35.89,35.39
55680,1103.56,1027.08,1059.84,1022.14,998.88,980.00,1030.40,1112.90,35.82,35.54,35.55,35.62,36.19,36.07,35.91,35.37
55800,1103.14,1026.14,1059.66,1021.60,998.16,979.62,1029.68,1111.92,35.63,35.37,35.38,35.50,36.06,35.88,35.81,35.27
55920,1102.90,1025.50,1059.02,1021.06,998.26,979.44,1029.32,1111.66,35.52,35.23,35.32,35.40,36.05,35.79,35.71,35.18
56040,1102.92,1025.44,1058.92,1020.94,998.48,979.50,1029.26,1111.72,35.62,35.27,35.41,35.45,36.13,35.91,35.74,35.23
56160,1102.98,1025.46,1058.54,1020.78,998.46,979.82,1029.22,1111.86,35.64,35.32,35.44,35.48,36.11,35.92,35.78,35.24
56280,1102.70,1025.18,1058.44,1020.50,998.42,979.84,1028.78,1111.68,35.52,35.25,35.31,35.40,36.01,35.76,35.72,35.19
56400,1102.38,1024.26,1057.86,1020.06,998.30,979.66,1028.32,1110.98,35.37,35.06,35.18,35.25,35.92,35.63,35.59,35.08
56520,1102.42,1024.10,1057.48,1019.54,998.44,979.76,1028.02,1110.96,35.43,35.07,35.23,35.27,35.99,35.73,35.58,35.08
56640,1102.36,1023.96,1057.34,1019.46,998.34,979.80,1028.16,1111.24,35.50,35.14,35.29,35.33,36.02,35.78,35.62,35.11
56760,1102.58,1023.90,1057.34,1019.34,998.68,980.16,1027.82,1111.52,35.60,35.24,35.38,35.41,36.08,35.88,35.68,35.17
56880,1102.80,1024.10,1057.26,1019.38,998.60,980.46,1027.78,1111.76,35.66,35.33,35.42,35.47,36.11,35.92,35.74,35.23
57000,1103.22,1024.00,1057.26,1019.46,999.00,980.98,1028.06,1112.44,35.79,35.42,35.54,35.56,36.19,36.02,35.83,35.33
57120,1103.40,1024.24,1057.44,1019.52,999.12,981.40,1028.08,1112.66,35.91,35.58,35.64,35.68,36.27,36.14,35.92,35.43
57240,1103.74,1024.22,1057.10,1019.76,999.08,981.48,1027.72,1112.64,35.89,35.62,35.62,35.69,36.25,36.12,35.95,35.44
57360,1103.44,1023.52,1056.94,1019.02,998.50,981.50,1027.14,1112.36,35.73,35.49,35.47,35.57,36.13,35.94,35.86,35.34
57480,1103.10,1022.54,1056.74,1018.80,998.50,981.18,1026.70,1111.74,35.57,35.29,35.34,35.44,36.06,35.80,35.74,35.23
57600,1103.06,1022.48,1056.30,1018.28,998.48,981.24,1026.76,1111.50,35.61,35.27,35.39,35.45,36.11,35.88,35.73,35.22
57720,1103.06,1022.38,1056.24,1018.16,998.62,981.66,1026.50,1111.44,35.65,35.29,35.41,35.48,36.12,35.91,35.75,35.24
57840,1103.40,1022.48,1056.16,1018.20,999.16,982.10,1026.68,1112.26,35.79,35.40,35.56,35.59,36.21,36.02,35.85,35.34
57960,1103.72,1022.82,1056.02,1018.22,999.16,982.14,1026.78,1112.82,35.89,35.57,35.63,35.68,36.26,36.11,35.93,35.42
58080,1103.72,1022.82,1056.02,1018.44,998.68,982.50,1026.56,1112.36,35.84,35.58,35.57,35.67,36.19,36.04,35.94,35.40
58200,1103.20,1021.92,1055.84,1017.94,998.46,982.32,1025.92,1111.64,35.64,35.41,35.42,35.51,36.06,35.86,35.82,35.29
58320,1102.86,1021.14,1055.28,1017.54,998.52,982.10,1025.72,1111.44,35.54,35.27,35.34,35.42,36.04,35.82,35.75,35.20
58440,1102.90,1021.14,1055.06,1017.18,998.70,982.16,1025.56,1111.40,35.58,35.25,35.38,35.44,36.09,35.86,35.74,35.21
58560,1102.78,1021.00,1054.74,1016.94,998.66,982.40,1025.52,1111.52,35.61,35.29,35.42,35.47,36.11,35.89,35.76,35.22
58680,1103.36,1021.24,1054.70,1016.90,998.94,982.46,1025.46,1111.76,35.73,35.39,35.51,35.54,36.17,35.98,35.82,35.30
58800,1103.26,1021.04,1054.78,1016.90,998.84,983.02,1025.36,1111.94,35.74,35.45,35.50,35.56,36.16,35.99,35.85,35.32
58920,1103.26,1020.50,1054.58,1016.68,998.72,982.98,1024.92,1111.18,35.60,35.33,35.38,35.46,36.05,35.82,35.76,35.25
59040,1102.52,1019.76,1053.88,1016.04,998.34,982.50,1024.16,1110.72,35.46,35.15,35.24,35.34,35.98,35.68,35.63,35.13
59160,1102.36,1019.52,1053.62,1015.70,998.48,982.38,1024.20,1110.68,35.42,35.08,35.22,35.30,35.98,35.68,35.59,35.09
59280,1102.46,1019.20,1053.40,1015.32,998.46,982.54,1024.30,1110.78,35.42,35.05,35.22,35.29,35.99,35.68,35.58,35.08
59400,1102.52,1019.26,1052.98,1015.36,998.68,982.66,1024.08,1110.76,35.51,35.14,35.31,35.36,36.04,35.76,35.63,35.13
59520,1102.68,1019.20,1052.96,1015.34,998.82,983.00,1023.84,1111.08,35.58,35.21,35.37,35.41,36.05,35.82,35.68,35.16
59640,1103.02,1019.40,1053.02,1015.50,999.32,983.72,1024.00,1111.98,35.74,35.35,35.52,35.55,36.15,35.96,35.81,35.30
59760,1103.24,1019.96,1053.16,1015.64,999.52,984.22,1024.08,1112.48,35.88,35.53,35.60,35.66,36.23,36.10,35.90,35.41
59880,1103.62,1019.86,1053.16,1015.76,999.04,984.42,1024.08,1112.32,35.85,35.60,35.56,35.66,36.19,36.07,35.93,35.40
60000,1103.22,1019.12,1052.92,1015.48,998.70,984.26,1023.44,1111.68,35.66,35.44,35.42,35.53,36.08,35.87,35.83,35.30
60120,1102.88,1018.50,1052.58,1014.94,998.58,983.96,1023.08,1111.12,35.56,35.28,35.33,35.43,36.05,35.79,35.74,35.22
60240,1102.74,1018.02,1052.18,1014.58,998.58,983.98,1022.88,1111.00,35.53,35.21,35.32,35.40,36.06,35.79,35.69,35.18
60360,1102.90,1017.80,1051.80,1014.28,998.78,984.06,1022.78,1110.94,35.53,35.18,35.32,35.40,36.04,35.78,35.67,35.17
60480,1103.00,1017.74,1051.84,1014.26,998.94,984.34,1022.72,1111.18,35.63,35.27,35.41,35.46,36.11,35.87,35.73,35.21
60600,1103.08,1017.98,1051.82,1014.38,999.24,984.68,1022.72,1111.32,35.67,35.33,35.44,35.50,36.11,35.89,35.75,35.24
60720,1103.26,1017.94,1051.86,1014.54,999.36,985.12,1022.66,1111.88,35.78,35.42,35.54,35.59,36.20,36.00,35.83,35.33
60840,1103.58,1018.26,1051.88,1014.76,999.44,985.48,1022.64,1112.26,35.89,35.54,35.62,35.68,36.24,36.11,35.91,35.42
60960,1103.62,1018.18,1052.10,1014.80,999.20,985.54,1022.58,1112.16,35.86,35.56,35.59,35.66,36.20,36.05,35.91,35.41
61080,1103.50,1017.30,1051.50,1014.32,998.86,985.42,1022.20,1111.52,35.67,35.40,35.40,35.52,36.07,35.86,35.81,35.29
61200,1102.98,1016.64,1051.10,1013.68,998.74,984.96,1021.78,1110.96,35.54,35.24,35.33,35.41,36.04,35.78,35.71,35.20
61320,1103.00,1016.62,1050.76,1013.50,998.80,984.94,1021.74,1110.98,35.57,35.24,35.36,35.42,36.07,35.82,35.70,35.19
61440,1103.24,1016.58,1050.78,1013.46,999.20,985.28,1021.70,1111.12,35.62,35.28,35.40,35.46,36.08,35.86,35.73,35.22
61560,1103.48,1016.66,1050.78,1013.66,999.24,985.66,1021.72,1111.58,35.73,35.37,35.49,35.53,36.15,35.94,35.79,35.29
61680,1103.42,1016.74,1050.48,1013.68,999.08,985.98,1021.56,1111.46,35.73,35.42,35.47,35.54,36.10,35.93,35.82,35.30
61800,1102.90,1016.32,1050.44,1013.14,998.98,985.60,1021.20,1111.04,35.58,35.29,35.31,35.44,36.00,35.77,35.73,35.22
61920,1102.56,1015.44,1049.82,1012.74,998.70,985.44,1021.00,1110.62,35.44,35.14,35.21,35.31,35.93,35.65,35.63,35.11
62040,1102.32,1014.90,1049.56,1012.60,998.82,985.24,1020.76,1110.28,35.42,35.07,35.21,35.29,35.95,35.66,35.58,35.07
62160,1102.52,1014.90,1049.16,1012.18,998.90,985.40,1020.70,1110.28,35.43,35.07,35.24,35.29,35.97,35.68,35.58,35.07
62280,1102.54,1014.88,1049.20,1012.00,998.90,985.48,1020.66,1110.54,35.51,35.15,35.30,35.35,36.02,35.76,35.64,35.12
62400,1102.70,1014.96,1048.98,1012.12,999.04,985.88,1020.44,1110.72,35.59,35.23,35.36,35.43,36.06,35.84,35.70,35.16
62520,1103.10,1015.42,1049.10,1012.14,999.26,986.52,1020.72,1111.56,35.75,35.38,35.50,35.56,36.15,36.00,35.80,35.30
62640,1103.34,1015.70,1049.28,1012.42,999.28,986.94,1020.98,1112.04,35.87,35.56,35.60,35.65,36.20,36.08,35.89,35.39
62760,1103.46,1015.52,1049.34,1012.62,999.24,986.90,1020.46,1111.94,35.80,35.56,35.53,35.61,36.14,35.99,35.87,35.37
62880,1103.02,1014.36,1048.98,1012.36,998.76,986.58,1019.98,1111.12,35.63,35.38,35.37,35.48,36.02,35.82,35.77,35.26
63000,1103.06,1014.26,1048.54,1011.90,999.02,986.72,1019.98,1111.14,35.59,35.28,35.34,35.43,36.06,35.82,35.71,35.21
63120,1102.96,1014.06,1048.28,1011.80,998.96,986.74,1019.94,1110.98,35.60,35.28,35.37,35.45,36.07,35.83,35.71,35.21
63240,1102.98,1013.96,1048.24,1011.62,999.14,986.98,1020.00,1111.04,35.60,35.28,35.36,35.45,36.06,35.83,35.71,35.21
63360,1103.16,1014.02,1048.36,1011.56,999.36,987.48,1020.00,1111.34,35.75,35.37,35.51,35.56,36.16,35.98,35.81,35.30
63480,1103.50,1014.58,1048.26,1011.86,999.26,987.96,1020.26,1111.94,35.86,35.54,35.60,35.64,36.20,36.07,35.88,35.40
63600,1103.64,1014.08,1048.28,1011.80,999.24,987.98,1019.96,1111.78,35.80,35.54,35.55,35.62,36.14,35.99,35.87,35.37
63720,1103.18,1013.30,1048.16,1011.46,998.94,987.76,1019.26,1110.96,35.62,35.37,35.38,35.46,36.03,35.83,35.75,35.26
63840,1102.98,1012.70,1047.82,1011.04,998.74,987.78,1019.44,1110.58,35.55,35.24,35.34,35.41,36.03,35.79,35.69,35.19
63960,1102.84,1012.68,1047.44,1010.68,999.10,987.80,1019.26,1110.84,35.60,35.26,35.38,35.43,36.07,35.85,35.69,35.21
64080,1103.12,1012.64,1047.46,1010.76,999.16,988.06,1019.32,1111.10,35.66,35.31,35.44,35.48,36.10,35.88,35.74,35.25
64200,1103.44,1012.72,1047.36,1010.78,999.36,988.36,1019.44,1111.60,35.78,35.42,35.54,35.58,36.17,35.99,35.82,35.33
64320,1103.50,1013.16,1047.34,1010.92,999.16,988.56,1018.94,1111.58,35.80,35.48,35.53,35.60,36.15,35.99,35.85,35.34
64440,1103.28,1012.66,1047.32,1010.82,998.82,988.62,1018.82,1111.02,35.64,35.37,35.39,35.50,36.04,35.83,35.77,35.26
64560,1102.98,1011.88,1046.96,1010.16,998.86,988.32,1018.64,1110.42,35.50,35.20,35.28,35.38,35.99,35.72,35.66,35.15
64680,1103.00,1011.70,1046.42,1009.88,999.04,988.32,1018.58,1110.38,35.52,35.18,35.30,35.36,36.02,35.76,35.65,35.15
64800,1103.02,1011.54,1046.28,1009.74,999.08,988.26,1018.38,1110.30,35.53,35.18,35.32,35.36,36.02,35.75,35.64,35.15
64920,1103.20,1011.58,1046.12,1009.86,999.24,988.72,1018.52,1110.86,35.67,35.27,35.44,35.47,36.11,35.89,35.73,35.24
65040,1103.44,1012.06,1046.34,1010.04,999.34,989.18,1018.50,1111.58,35.79,35.44,35.53,35.58,36.17,36.00,35.82,35.34
65160,1103.42,1011.92,1046.36,1010.08,999.24,989.26,1018.56,1111.28,35.76,35.49,35.50,35.57,36.12,35.97,35.84,35.33
65280,1102.86,1011.54,1045.96,1009.78,998.74,989.34,1017.96,1110.76,35.58,35.32,35.36,35.46,36.00,35.78,35.75,35.23
65400,1102.76,1010.58,1045.74,1009.14,998.76,989.12,1017.94,1110.54,35.51,35.21,35.29,35.38,35.99,35.74,35.67,35.17
65520,1102.80,1010.76,1045.52,1009.00,998.94,989.20,1017.62,1110.48,35.54,35.20,35.32,35.38,36.02,35.78,35.66,35.16
65640,1102.88,1010.58,1045.36,1009.00,999.16,989.36,1017.66,1110.50,35.58,35.22,35.35,35.40,36.03,35.79,35.67,35.18
65760,1103.08,1010.84,1045.18,1009.12,999.32,989.76,1017.86,1111.18,35.76,35.35,35.49,35.52,36.13,35.95,35.77,35.29
65880,1103.50,1011.26,1045.34,1009.56,999.30,990.24,1017.88,1111.86,35.85,35.52,35.58,35.63,36.17,36.06,35.85,35.38
66000,1103.50,1010.96,1045.34,1009.62,999.30,990.34,1017.88,1111.46,35.80,35.55,35.52,35.60,36.11,36.01,35.86,35.35
66120,1103.02,1010.28,1045.08,1009.24,998.84,990.14,1017.14,1110.82,35.62,35.39,35.36,35.48,36.01,35.81,35.75,35.25
66240,1102.70,1009.66,1044.82,1008.84,999.02,989.90,1016.94,1110.54,35.55,35.26,35.31,35.40,36.01,35.77,35.68,35.19
66360,1102.86,1009.66,1044.72,1008.50,998.92,989.82,1016.94,1110.22,35.53,35.21,35.31,35.38,36.00,35.76,35.65,35.16
66480,1102.64,1009.40,1044.42,1008.44,999.34,989.92,1016.96,1110.40,35.58,35.22,35.35,35.40,36.03,35.79,35.67,35.18
66600,1103.18,1009.72,1044.48,1008.62,999.32,990.50,1016.96,1110.82,35.71,35.35,35.48,35.52,36.12,35.94,35.76,35.28
66720,1103.16,1009.74,1044.48,1008.80,999.04,990.78,1017.06,1111.10,35.77,35.47,35.51,35.57,36.12,35.96,35.82,35.32
66840,1103.08,1009.26,1044.22,1008.44,998.96,990.72,1016.64,1110.86,35.63,35.40,35.41,35.50,36.02,35.86,35.77,35.26
66960,1102.70,1008.62,1044.02,1007.96,998.70,990.42,1016.30,1110.40,35.50,35.24,35.29,35.37,35.95,35.73,35.67,35.16
67080,1102.48,1008.24,1043.82,1007.92,998.64,990.48,1016.16,1110.10,35.49,35.19,35.28,35.35,35.98,35.74,35.64,35.13
67200,1102.56,1008.22,1043.54,1007.62,999.06,990.44,1016.16,1109.96,35.46,35.16,35.26,35.34,35.97,35.71,35.60,35.11
67320,1102.60,1008.26,1043.26,1007.56,999.38,990.72,1016.30,1110.20,35.58,35.23,35.37,35.42,36.04,35.84,35.66,35.17
67440,1103.00,1008.48,1043.20,1007.88,999.52,991.22,1016.18,1110.54,35.71,35.38,35.45,35.51,36.11,35.95,35.75,35.26
67560,1102.84,1008.34,1043.26,1008.12,999.24,991.58,1016.20,1110.60,35.67,35.41,35.42,35.50,36.06,35.89,35.77,35.26
67680,1102.52,1007.52,1043.24,1007.62,999.10,991.12,1016.16,1110.08,35.52,35.26,35.29,35.38,35.94,35.73,35.67,35.16
67800,1102.16,1006.96,1042.78,1007.50,998.92,990.92,1015.64,1109.62,35.45,35.14,35.24,35.32,35.95,35.69,35.60,35.11
67920,1102.16,1006.70,1042.58,1007.20,999.04,990.92,1015.44,1109.62,35.43,35.10,35.23,35.31,35.93,35.67,35.57,35.08
68040,1102.26,1006.56,1042.40,1007.10,999.22,991.04,1015.40,1109.56,35.45,35.11,35.25,35.32,35.95,35.68,35.57,35.08
68160,1102.42,1006.68,1042.20,1006.98,999.22,991.40,1015.46,1109.78,35.54,35.19,35.32,35.39,35.99,35.77,35.62,35.13
68280,1102.64,1006.56,1042.10,1007.06,999.46,991.72,1015.48,1109.94,35.59,35.25,35.36,35.43,36.00,35.81,35.65,35.17
68400,1102.74,1006.60,1042.36,1007.00,999.56,991.96,1015.68,1110.46,35.68,35.34,35.43,35.49,36.07,35.90,35.73,35.23
68520,1103.20,1006.72,1042.24,1007.12,999.58,992.12,1015.66,1110.68,35.71,35.42,35.47,35.53,36.07,35.92,35.77,35.27
68640,1103.44,1006.94,1042.56,1007.60,999.56,992.72,1015.68,1111.16,35.84,35.50,35.58,35.64,36.16,36.03,35.85,35.36
68760,1103.86,1007.14,1042.60,1007.76,999.56,992.98,1015.80,1111.44,35.92,35.62,35.65,35.70,36.20,36.09,35.93,35.44
68880,1103.68,1007.00,1042.48,1007.70,999.36,992.84,1015.76,1111.10,35.86,35.63,35.57,35.67,36.13,36.02,35.93,35.41
69000,1103.18,1006.14,1042.22,1007.44,999.22,992.66,1015.24,1110.46,35.68,35.45,35.42,35.53,36.04,35.82,35.81,35.29
69120,1103.04,1005.58,1042.02,1007.12,999.16,992.62,1015.14,1110.54,35.63,35.34,35.38,35.48,36.06,35.85,35.74,35.25
69240,1103.04,1005.68,1041.92,1007.16,999.08,992.84,1015.28,1110.46,35.67,35.35,35.43,35.50,36.08,35.89,35.74,35.26
69360,1103.28,1005.60,1041.88,1007.28,999.38,993.00,1015.32,1110.68,35.74,35.40,35.49,35.55,36.12,35.96,35.79,35.30
69480,1103.36,1005.76,1041.90,1007.24,999.30,993.32,1015.46,1111.04,35.80,35.49,35.53,35.59,36.15,36.00,35.84,35.34
69600,1103.60,1005.82,1042.00,1007.22,999.40,993.66,1015.58,1111.40,35.87,35.55,35.59,35.64,36.19,36.06,35.90,35.40
69720,1103.90,1005.76,1042.10,1007.46,999.44,993.88,1015.76,1111.66,35.95,35.63,35.65,35.72,36.24,36.12,35.93,35.46
69840,1104.00,1005.82,1041.80,1007.68,999.40,994.20,1015.70,1111.36,35.88,35.63,35.59,35.69,36.19,36.04,35.94,35.44
69960,1103.48,1005.06,1041.72,1007.34,999.16,993.60,1015.28,1110.76,35.70,35.43,35.44,35.54,36.07,35.86,35.80,35.33
70080,1103.30,1004.56,1041.42,1006.92,999.18,993.56,1015.06,1110.56,35.62,35.33,35.39,35.47,36.08,35.83,35.73,35.26
70200,1103.12,1004.44,1041.12,1006.76,999.20,993.54,1015.02,1110.12,35.60,35.27,35.37,35.45,36.08,35.81,35.69,35.23
70320,1103.20,1004.22,1041.04,1006.52,999.26,993.64,1014.80,1110.00,35.64,35.29,35.41,35.48,36.09,35.84,35.71,35.24
70440,1103.34,1004.26,1041.08,1006.52,999.44,994.22,1015.14,1110.76,35.75,35.40,35.50,35.55,36.15,35.96,35.79,35.32
70560,1103.42,1004.46,1041.08,1006.58,999.26,994.40,1014.98,1110.80,35.76,35.48,35.50,35.58,36.12,35.96,35.81,35.34
70680,1103.10,1004.06,1040.80,1006.56,999.34,994.30,1014.70,1110.14,35.64,35.38,35.37,35.47,36.02,35.82,35.74,35.27
70800,1102.76,1003.10,1040.80,1006.26,999.12,994.14,1014.36,1109.68,35.52,35.25,35.30,35.38,35.98,35.73,35.66,35.18
70920,1102.70,1002.86,1040.34,1006.02,999.10,994.08,1014.38,1109.62,35.52,35.22,35.32,35.38,36.00,35.75,35.65,35.16
71040,1102.74,1002.72,1040.10,1006.02,999.30,994.04,1014.26,1109.64,35.52,35.22,35.33,35.39,36.00,35.74,35.65,35.15
71160,1102.74,1002.68,1040.10,1006.00,999.44,994.14,1014.52,1109.78,35.60,35.29,35.40,35.44,36.05,35.83,35.69,35.20
71280,1102.96,1002.72,1040.18,1005.90,999.66,994.42,1014.34,1110.14,35.64,35.34,35.42,35.47,36.04,35.84,35.72,35.22
71400,1103.28,1002.72,1040.18,1006.22,999.50,994.90,1014.72,1110.54,35.76,35.44,35.52,35.55,36.14,35.96,35.79,35.32
71520,1103.72,1003.66,1040.48,1006.76,999.56,995.58,1014.98,1111.50,35.98,35.66,35.69,35.72,36.24,36.14,35.94,35.47
71640,1104.16,1003.56,1040.86,1006.84,999.50,995.84,1015.10,1111.62,36.03,35.79,35.73,35.79,36.25,36.19,36.00,35.53
71760,1103.90,1003.20,1040.70,1006.86,999.42,995.82,1014.92,1111.42,35.91,35.71,35.64,35.70,36.17,36.07,35.96,35.47
71880,1103.46,1002.22,1040.66,1006.66,999.34,995.28,1014.72,1110.48,35.72,35.48,35.47,35.56,36.07,35.88,35.81,35.35
72000,1103.44,1001.84,1039.94,1006.12,999.38,995.30,1014.68,1110.52,35.72,35.42,35.48,35.55,36.11,35.94,35.78,35.33
72120,1103.56,1001.88,1039.90,1006.10,999.48,995.50,1014.78,1110.66,35.76,35.44,35.52,35.57,36.13,35.98,35.79,35.35
72240,1103.72,1001.86,1039.88,1006.22,999.56,995.74,1014.76,1111.12,35.84,35.52,35.63,35.63,36.18,36.08,35.88,35.42
72360,1104.42,1002.64,1040.06,1006.50,999.86,996.18,1014.96,1111.74,36.06,35.71,35.77,35.79,36.29,36.25,36.00,35.57
72480,1104.70,1002.92,1040.32,1006.82,999.60,996.58,1015.26,1112.34,36.13,35.84,35.83,35.86,36.33,36.30,36.08,35.65
72600,1104.74,1002.54,1040.42,1006.86,999.28,996.64,1015.34,1112.12,36.00,35.79,35.73,35.80,36.24,36.19,36.02,35.60
72720,1104.22,1001.56,1040.12,1006.50,999.08,996.18,1014.78,1111.06,35.82,35.56,35.56,35.64,36.13,35.98,35.86,35.48
72840,1103.98,1000.94,1039.76,1006.22,999.08,996.00,1014.72,1110.88,35.76,35.45,35.51,35.57,36.14,35.97,35.79,35.41
72960,1103.70,1000.98,1039.50,1005.92,999.22,995.88,1014.58,1110.80,35.73,35.42,35.51,35.54,36.12,35.95,35.78,35.39
73080,1103.74,1001.00,1039.36,1005.82,999.44,996.16,1014.84,1111.00,35.79,35.46,35.54,35.58,36.17,36.01,35.82,35.42
73200,1103.98,1001.18,1039.50,1005.90,999.30,996.54,1014.76,1111.40,35.87,35.54,35.60,35.63,36.19,36.07,35.87,35.46
73320,1103.36,1001.08,1039.58,1005.98,999.24,996.74,1014.78,1111.20,35.83,35.51,35.54,35.60,36.13,36.00,35.83,35.43
73440,1102.76,1000.56,1039.24,1005.58,999.00,996.30,1014.54,1110.38,35.65,35.35,35.40,35.47,36.01,35.81,35.72,35.32
73560,1102.74,999.68,1038.86,1005.30,999.14,996.30,1014.46,1110.34,35.62,35.31,35.38,35.42,36.04,35.84,35.68,35.29
73680,1102.90,999.92,1038.96,1005.28,999.30,996.50,1014.46,1110.32,35.71,35.37,35.46,35.48,36.09,35.94,35.73,35.33
73800,1103.12,1000.08,1039.10,1005.34,999.40,996.74,1014.50,1110.92,35.79,35.46,35.54,35.55,36.15,36.01,35.78,35.37
73920,1103.80,1000.52,1039.16,1005.44,999.52,997.14,1014.64,1111.46,35.97,35.59,35.67,35.67,36.23,36.13,35.91,35.50
74040,1103.80,1000.52,1039.16,1005.78,999.38,997.60,1014.82,1111.76,36.02,35.72,35.71,35.73,36.24,36.16,35.97,35.56
74160,1103.10,1000.20,1039.26,1005.96,998.96,997.54,1014.72,1111.22,35.93,35.67,35.60,35.67,36.16,36.06,35.91,35.51
74280,1101.86,999.32,1038.98,1005.88,998.76,997.14,1014.48,1110.66,35.74,35.46,35.46,35.54,36.07,35.88,35.79,35.38
74400,1101.88,999.24,1038.98,1005.68,998.80,997.08,1014.34,1110.58,35.73,35.42,35.47,35.53,36.12,35.91,35.77,35.37
74520,1101.58,999.14,1038.74,1005.42,998.86,997.46,1014.26,1110.60,35.75,35.44,35.50,35.53,36.12,35.95,35.78,35.36
74640,1102.12,999.02,1038.74,1005.68,999.12,997.38,1014.36,1110.66,35.83,35.51,35.59,35.59,36.17,36.01,35.83,35.41
74760,1102.80,999.88,1038.76,1006.18,999.32,998.08,1014.86,1111.82,36.03,35.67,35.74,35.75,36.27,36.18,35.97,35.55
74880,1102.82,1000.00,1038.94,1006.32,999.32,998.34,1014.86,1111.84,36.09,35.82,35.77,35.81,36.29,36.24,36.04,35.61
75000,1102.06,999.66,1038.96,1006.44,998.82,998.28,1014.62,1111.58,36.00,35.77,35.68,35.77,36.22,36.11,36.01,35.57
75120,1100.84,998.86,1038.94,1006.08,998.68,997.96,1014.46,1110.80,35.82,35.58,35.54,35.63,36.14,35.96,35.90,35.45
75240,1100.46,998.46,1038.62,1005.80,998.72,997.84,1014.52,1110.64,35.79,35.51,35.53,35.60,36.15,35.97,35.85,35.41
75360,1099.88,998.52,1038.58,1005.82,998.60,997.86,1014.34,1110.58,35.74,35.47,35.50,35.58,36.13,35.94,35.82,35.37
75480,1099.56,998.06,1038.54,1005.82,998.76,997.90,1014.38,1110.64,35.76,35.48,35.52,35.59,36.15,35.98,35.83,35.39
75600,1100.08,998.34,1038.40,1005.62,998.98,998.24,1014.64,1110.70,35.84,35.55,35.59,35.64,36.20,36.04,35.87,35.42
75720,1099.86,998.14,1038.50,1005.96,998.90,998.40,1014.74,1110.68,35.85,35.56,35.58,35.65,36.18,36.03,35.89,35.43
75840,1099.96,998.04,1038.64,1006.10,998.90,998.70,1014.60,1111.22,35.92,35.62,35.65,35.72,36.25,36.12,35.94,35.48
75960,1099.94,998.40,1038.78,1006.20,998.94,998.96,1014.66,1111.28,35.97,35.70,35.70,35.76,36.27,36.15,35.98,35.52
76080,1101.00,998.24,1038.76,1006.18,998.76,999.02,1014.82,1111.34,35.97,35.70,35.70,35.77,36.26,36.14,35.99,35.52
76200,1101.22,998.16,1038.72,1006.42,998.88,998.98,1014.66,1111.40,35.98,35.70,35.71,35.78,36.27,36.14,35.99,35.53
76320,1101.70,997.84,1038.72,1006.34,998.86,999.00,1014.84,1111.14,35.94,35.68,35.67,35.75,36.24,36.09,35.97,35.51
76440,1101.62,997.74,1038.48,1006.22,998.90,999.30,1014.80,1111.34,35.98,35.68,35.71,35.77,36.28,36.13,35.99,35.53
76560,1101.80,997.66,1038.64,1006.42,998.86,999.30,1014.80,1111.20,35.98,35.69,35.70,35.77,36.28,36.12,36.00,35.53
76680,1101.94,997.56,1038.62,1006.38,998.76,999.24,1014.56,1111.16,35.96,35.68,35.69,35.76,36.27,36.11,35.98,35.53
76800,1102.24,997.54,1038.64,1006.50,998.82,999.22,1014.58,1111.10,35.95,35.67,35.69,35.76,36.27,36.10,35.98,35.52
76920,1102.22,997.30,1038.68,1006.58,998.82,999.24,1014.52,1111.14,35.90,35.62,35.65,35.72,36.24,36.06,35.94,35.49
77040,1101.96,997.22,1038.38,1006.50,998.74,999.44,1014.50,1110.94,35.91,35.62,35.66,35.72,36.26,36.07,35.95,35.49
77160,1101.84,996.96,1038.32,1006.30,998.58,999.30,1014.44,1110.78,35.86,35.58,35.62,35.67,36.22,36.01,35.92,35.45
77280,1102.28,996.62,1038.12,1006.22,998.48,999.50,1014.40,1110.76,35.89,35.59,35.64,35.69,36.25,36.04,35.92,35.48
77400,1102.26,996.80,1038.20,1006.22,998.52,999.90,1014.52,1110.84,35.95,35.66,35.68,35.74,36.28,36.10,35.97,35.51
77520,1102.18,996.82,1038.28,1006.40,998.52,999.94,1014.58,1111.02,35.98,35.70,35.72,35.77,36.30,36.15,36.00,35.54
77640,1102.40,997.20,1038.40,1006.64,998.76,1000.18,1015.02,1111.54,36.08,35.79,35.79,35.84,36.35,36.22,36.06,35.61
77760,1102.44,997.20,1038.34,1006.66,998.90,1000.38,1015.18,1111.94,36.12,35.86,35.83,35.87,36.38,36.24,36.11,35.64
77880,1103.02,997.40,1038.68,1007.10,999.30,1000.84,1015.32,1112.36,36.24,35.94,35.95,35.99,36.47,36.36,36.19,35.74
78000,1103.42,997.68,1039.02,1007.58,999.26,1001.24,1015.44,1112.62,36.30,36.06,35.99,36.04,36.50,36.44,36.26,35.80
78120,1103.40,997.66,1038.86,1007.70,998.90,1001.26,1015.38,1112.24,36.23,36.04,35.90,35.98,36.43,36.33,36.24,35.76
78240,1102.82,996.82,1038.62,1007.28,998.54,1000.92,1015.06,1111.48,36.02,35.85,35.74,35.84,36.32,36.16,36.13,35.61
78360,1102.84,996.32,1038.48,1006.94,998.64,1000.70,1014.92,1111.18,35.96,35.72,35.70,35.77,36.33,36.15,36.06,35.56
78480,1102.86,996.32,1038.26,1006.90,998.66,1000.72,1015.02,1111.46,35.99,35.72,35.74,35.79,36.35,36.19,36.06,35.56
78600,1102.92,996.28,1038.30,1007.10,999.10,1001.04,1015.08,1111.52,36.03,35.76,35.79,35.83,36.37,36.21,36.09,35.59
78720,1103.76,996.74,1038.48,1007.28,999.14,1001.40,1015.48,1112.30,36.20,35.89,35.92,35.95,36.48,36.37,36.20,35.73
78840,1103.88,997.26,1038.54,1007.52,999.14,1001.66,1015.64,1112.56,36.29,36.03,35.99,36.04,36.51,36.43,36.27,35.81
78960,1103.36,997.08,1038.76,1007.54,998.94,1001.82,1015.42,1112.34,36.22,36.03,35.91,36.00,36.44,36.36,36.25,35.78
79080,1102.84,996.14,1038.48,1007.54,998.48,1001.40,1015.10,1111.90,36.04,35.87,35.76,35.86,36.32,36.17,36.11,35.66
79200,1102.82,995.62,1038.24,1007.20,998.54,1001.30,1015.08,1110.98,35.96,35.71,35.70,35.78,36.32,36.11,36.04,35.58
79320,1102.74,995.76,1038.24,1006.86,998.64,1001.22,1014.96,1111.12,35.92,35.66,35.67,35.74,36.29,36.08,36.00,35.54
79440,1103.08,995.72,1037.92,1006.76,998.66,1001.18,1014.86,1111.04,35.92,35.65,35.69,35.74,36.32,36.10,36.01,35.54
79560,1104.08,995.72,1038.00,1006.70,998.86,1001.42,1015.08,1111.50,36.05,35.74,35.78,35.83,36.39,36.23,36.07,35.62
79680,1103.56,995.96,1038.08,1006.92,998.74,1001.50,1015.12,1111.52,36.10,35.84,35.82,35.89,36.39,36.26,36.12,35.65
79800,1103.22,995.72,1038.12,1006.98,998.44,1001.44,1014.56,1111.46,36.00,35.79,35.71,35.81,36.29,36.13,36.08,35.59
79920,1102.66,995.14,1037.84,1006.76,998.38,1001.28,1014.46,1110.74,35.83,35.62,35.58,35.69,36.22,35.99,35.97,35.47
80040,1103.06,995.08,1037.72,1006.72,998.54,1001.18,1014.60,1110.66,35.86,35.60,35.63,35.68,36.28,36.06,35.95,35.47
80160,1102.98,995.28,1037.72,1006.74,998.54,1001.22,1014.50,1110.72,35.92,35.66,35.68,35.73,36.30,36.12,35.98,35.51
80280,1103.26,995.28,1037.66,1006.82,998.94,1001.46,1014.56,1111.10,36.00,35.72,35.74,35.78,36.33,36.17,36.04,35.55
80400,1103.40,995.58,1037.92,1006.94,998.96,1001.96,1014.84,1111.50,36.10,35.81,35.81,35.86,36.39,36.26,36.10,35.63
80520,1103.46,995.52,1037.84,1007.02,998.78,1001.84,1014.76,1111.72,36.07,35.86,35.80,35.85,36.36,36.21,36.11,35.63
80640,1103.50,994.82,1037.88,1007.16,998.40,1001.32,1014.48,1111.08,35.92,35.73,35.66,35.74,36.25,36.07,36.03,35.54
80760,1103.70,994.54,1037.34,1006.58,998.48,1001.36,1014.26,1110.72,35.85,35.61,35.61,35.68,36.24,36.02,35.96,35.48
80880,1103.88,994.66,1037.44,1006.62,998.46,1001.42,1014.44,1110.74,35.92,35.65,35.68,35.72,36.31,36.10,35.98,35.51
81000,1104.08,994.68,1037.46,1006.80,998.54,1001.76,1014.54,1110.92,35.96,35.71,35.72,35.75,36.31,36.13,36.01,35.54
81120,1105.02,995.12,1037.70,1007.06,998.92,1002.04,1014.90,1111.52,36.12,35.82,35.87,35.86,36.40,36.26,36.12,35.65
81240,1105.70,995.80,1037.84,1007.60,999.12,1002.58,1015.08,1112.18,36.31,35.99,35.99,36.01,36.50,36.42,36.22,35.78
81360,1105.58,995.86,1037.98,1007.76,998.78,1002.64,1015.14,1112.38,36.32,36.10,35.99,36.04,36.48,36.40,36.27,35.82
81480,1104.70,995.54,1037.98,1007.78,998.50,1002.56,1014.88,1111.78,36.14,35.97,35.85,35.95,36.37,36.27,36.21,35.74
81600,1103.98,994.82,1037.86,1007.38,998.24,1002.22,1014.50,1110.96,35.99,35.80,35.73,35.81,36.32,36.12,36.08,35.62
81720,1104.24,994.76,1037.80,1007.48,998.36,1002.36,1014.78,1111.34,36.05,35.78,35.78,35.82,36.39,36.21,36.07,35.62
81840,1104.20,994.88,1037.80,1007.52,998.46,1002.40,1014.80,1111.26,36.08,35.83,35.81,35.86,36.40,36.25,36.11,35.64
81960,1104.62,994.92,1037.80,1007.60,998.54,1002.70,1014.98,1111.80,36.18,35.89,35.89,35.95,36.47,36.33,36.18,35.71
82080,1105.02,995.42,1037.90,1007.96,998.78,1003.18,1015.30,1112.58,36.31,36.03,36.01,36.05,36.54,36.46,36.27,35.81
82200,1104.80,995.50,1038.08,1008.00,998.52,1003.40,1015.24,1112.66,36.31,36.10,36.00,36.06,36.52,36.46,36.30,35.83
82320,1103.48,995.10,1038.16,1007.92,998.08,1003.10,1015.16,1111.78,36.16,35.99,35.87,35.95,36.42,36.25,36.21,35.73
82440,1102.18,994.22,1037.68,1007.74,998.10,1002.54,1014.56,1110.82,35.98,35.80,35.74,35.79,36.33,36.12,36.07,35.59
82560,1101.64,994.06,1037.68,1007.52,997.86,1002.34,1013.96,1109.56,35.71,35.63,35.69,35.69,36.24,35.97,35.91,35.31
82680,1101.54,993.88,1037.70,1007.50,998.10,1002.56,1014.12,1109.56,35.71,35.65,35.66,35.68,36.25,35.97,35.94,35.28
82800,1102.56,993.98,1037.42,1007.48,998.44,1002.70,1014.34,1110.16,35.88,35.72,35.74,35.76,36.33,36.10,36.01,35.39
82920,1102.78,994.60,1037.60,1007.70,998.38,1003.12,1014.52,1111.10,36.02,35.85,35.83,35.85,36.39,36.22,36.09,35.51
83040,1102.36,994.42,1037.60,1007.66,998.32,1003.18,1014.54,1111.14,36.00,35.84,35.78,35.82,36.34,36.17,36.08,35.52
83160,1101.04,993.80,1037.42,1007.52,998.02,1002.88,1014.22,1110.52,35.84,35.69,35.63,35.70,36.23,36.01,35.97,35.45
83280,1100.78,993.40,1037.14,1006.98,998.14,1002.52,1014.24,1110.28,35.81,35.59,35.59,35.64,36.25,36.00,35.91,35.42
83400,1100.72,993.48,1036.82,1006.62,998.08,1002.40,1014.20,1110.06,35.81,35.57,35.61,35.63,36.26,36.00,35.91,35.42
83520,1100.96,993.46,1036.76,1006.78,998.34,1002.46,1014.22,1110.46,35.88,35.62,35.66,35.69,36.31,36.08,35.95,35.46
83640,1101.98,994.00,1036.92,1007.04,998.40,1002.96,1014.46,1111.28,36.05,35.75,35.80,35.80,36.40,36.24,36.05,35.58
83760,1102.12,994.22,1037.16,1007.48,998.50,1003.14,1014.48,1111.70,36.14,35.89,35.85,35.88,36.41,36.29,36.11,35.66
83880,1101.42,994.18,1036.96,1007.38,998.12,1003.18,1014.32,1111.44,36.06,35.86,35.75,35.82,36.33,36.19,36.08,35.62
84000,1100.32,993.78,1036.76,1007.24,998.00,1002.64,1014.06,1110.90,35.90,35.69,35.62,35.71,36.25,36.03,35.97,35.52
84120,1100.76,993.52,1036.74,1007.00,998.04,1002.78,1014.32,1111.00,35.93,35.67,35.68,35.70,36.31,36.09,35.97,35.53
84240,1100.96,993.50,1036.64,1007.20,998.08,1002.84,1014.26,1111.00,36.02,35.74,35.74,35.77,36.34,36.17,36.02,35.57
84360,1101.30,993.78,1036.96,1007.24,998.12,1003.10,1014.40,1111.28,36.09,35.81,35.80,35.83,36.37,36.22,36.08,35.62
84480,1101.42,994.06,1036.90,1007.38,998.24,1003.18,1014.64,1111.80,36.16,35.88,35.87,35.89,36.42,36.31,36.14,35.68
84600,1101.54,994.14,1036.86,1007.46,998.34,1003.44,1014.62,1111.88,36.19,35.92,35.90,35.93,36.44,36.32,36.17,35.72
84720,1101.76,994.42,1037.20,1007.66,998.50,1004.06,1014.72,1112.44,36.29,35.99,35.99,36.00,36.51,36.42,36.23,35.79
84840,1102.96,994.52,1037.22,1007.74,998.46,1003.94,1014.90,1112.44,36.30,36.04,35.99,36.03,36.51,36.43,36.26,35.82
84960,1103.50,994.44,1037.22,1007.64,998.32,1003.58,1014.76,1112.18,36.15,35.96,35.87,35.94,36.42,36.31,36.20,35.75
85080,1102.94,993.56,1036.94,1007.40,997.64,1003.26,1014.54,1111.38,35.98,35.74,35.70,35.78,36.31,36.11,36.04,35.62
85200,1102.62,993.56,1036.86,1007.30,997.86,1002.96,1014.50,1111.10,35.96,35.68,35.69,35.74,36.33,36.13,36.00,35.59
85320,1102.50,993.70,1036.72,1007.16,998.00,1002.94,1014.60,1110.94,35.98,35.69,35.73,35.76,36.35,36.16,36.01,35.59
85440,1103.48,993.86,1036.68,1007.14,998.18,1003.16,1014.92,1111.88,36.13,35.79,35.86,35.88,36.45,36.28,36.11,35.68
85560,1104.58,994.58,1036.98,1007.74,998.48,1003.98,1015.14,1112.74,36.34,35.98,36.01,36.02,36.53,36.47,36.25,35.83
85680,1104.44,994.94,1037.34,1008.08,998.44,1004.28,1015.26,1112.98,36.39,36.12,36.05,36.08,36.54,36.51,36.30,35.90
85800,1103.68,994.56,1037.32,1008.10,997.88,1004.16,1015.08,1112.42,36.26,36.06,35.93,36.02,36.45,36.38,36.25,35.84
85920,1103.02,993.82,1037.10,1007.82,997.80,1003.42,1014.86,1111.74,36.06,35.84,35.77,35.85,36.34,36.19,36.09,35.70
86040,1102.92,993.58,1036.88,1007.48,997.80,1003.34,1014.76,1111.62,36.04,35.76,35.75,35.79,36.36,36.20,36.05,35.65
86160,1102.86,993.56,1036.70,1007.32,997.84,1003.34,1014.68,1111.34,36.05,35.76,35.78,35.80,36.37,36.21,36.05,35.65
86280,1103.48,993.82,1036.84,1007.38,998.04,1003.54,1015.06,1111.76,36.15,35.82,35.88,35.87,36.43,36.30,36.13,35.72
86400,1103.92,994.30,1036.74,1007.82,998.20,1003.96,1015.40,1112.14,36.28,35.96,35.97,35.97,36.50,36.39,36.22,35.81
86520,1103.60,994.48,1036.78,1007.94,998.02,1003.88,1015.24,1112.10,36.26,35.98,35.94,35.96,36.47,36.34,36.21,35.80
86640,1102.66,993.88,1036.80,1007.88,997.60,1003.66,1015.08,1111.40,36.09,35.85,35.80,35.82,36.35,36.17,36.10,35.71
86760,1102.14,993.24,1036.64,1007.54,997.60,1003.48,1014.52,1110.90,35.95,35.69,35.67,35.72,36.29,36.08,35.99,35.60
86880,1102.18,993.10,1036.62,1007.22,997.46,1003.38,1014.66,1111.02,35.96,35.67,35.70,35.72,36.32,36.12,35.98,35.58
87000,1102.56,993.34,1036.28,1007.20,997.80,1003.58,1014.78,1111.08,35.98,35.68,35.73,35.76,36.34,36.16,35.99,35.60
87120,1103.28,993.72,1036.52,1007.70,998.02,1003.92,1015.32,1111.52,36.14,35.81,35.87,35.86,36.44,36.30,36.12,35.69
87240,1103.18,994.18,1036.76,1008.06,998.08,1004.08,1015.30,1111.68,36.24,35.96,35.93,35.96,36.47,36.37,36.20,35.76
87360,1102.80,994.22,1036.74,1008.08,997.92,1004.16,1015.28,1111.78,36.19,35.96,35.87,35.92,36.42,36.29,36.18,35.74
87480,1102.12,993.52,1036.66,1007.84,997.66,1003.88,1014.88,1110.88,35.99,35.80,35.71,35.79,36.30,36.12,36.07,35.61
87600,1102.38,993.14,1036.60,1007.64,997.64,1003.66,1014.94,1110.58,35.92,35.68,35.66,35.72,36.30,36.08,36.01,35.55
87720,1101.96,993.08,1036.38,1007.48,997.64,1003.56,1014.86,1110.56,35.92,35.66,35.67,35.71,36.32,36.10,35.99,35.54
87840,1102.22,993.34,1036.24,1007.48,997.88,1003.68,1014.84,1110.76,35.97,35.71,35.73,35.75,36.35,36.13,36.02,35.56
87960,1102.82,993.54,1036.48,1007.60,997.90,1003.98,1015.14,1111.24,36.10,35.82,35.83,35.85,36.42,36.24,36.10,35.64
88080,1102.70,993.58,1036.48,1007.96,998.04,1004.06,1015.00,1111.34,36.12,35.88,35.83,35.86,36.39,36.22,36.12,35.66
88200,1101.98,993.34,1036.42,1007.70,997.52,1003.84,1014.90,1110.64,35.98,35.77,35.68,35.75,36.29,36.08,36.04,35.58
88320,1101.24,992.74,1036.06,1007.34,997.54,1003.52,1014.58,1110.28,35.85,35.62,35.59,35.66,36.23,35.97,35.94,35.48
88440,1101.18,992.88,1035.96,1007.38,997.62,1003.50,1014.64,1110.38,35.90,35.64,35.64,35.68,36.29,36.05,35.94,35.50
88560,1101.18,992.92,1036.02,1007.32,997.60,1003.62,1014.80,1110.60,35.94,35.68,35.68,35.70,36.30,36.08,35.97,35.51
88680,1102.16,993.20,1035.92,1007.58,998.02,1004.10,1015.06,1110.90,36.07,35.77,35.79,35.81,36.39,36.19,36.07,35.61
88800,1102.54,993.48,1036.22,1007.88,998.22,1004.50,1015.44,1111.44,36.21,35.93,35.91,35.94,36.48,36.34,36.17,35.71
88920,1102.36,993.84,1036.52,1007.96,998.04,1004.64,1015.40,1111.48,36.22,36.01,35.91,35.96,36.46,36.32,36.21,35.73
89040,1101.86,993.38,1036.42,1007.92,997.62,1004.30,1015.42,1110.92,36.03,35.87,35.76,35.84,36.33,36.16,36.15,35.65
89160,1101.72,992.80,1036.34,1007.66,997.52,1004.06,1015.08,1110.56,35.93,35.72,35.67,35.73,36.29,36.05,36.04,35.54
89280,1102.26,992.80,1036.38,1007.52,997.86,1004.14,1015.24,1110.72,36.02,35.76,35.76,35.79,36.37,36.18,36.06,35.60
89400,1102.38,993.12,1036.46,1007.78,998.14,1004.34,1015.38,1110.96,36.10,35.84,35.82,35.84,36.41,36.26,36.10,35.64
89520,1101.72,993.14,1036.30,1008.14,997.96,1004.44,1015.32,1110.94,36.05,35.82,35.75,35.81,36.34,36.19,36.08,35.61
89640,1101.20,992.76,1036.14,1007.80,997.46,1003.86,1014.92,1110.08,35.87,35.68,35.60,35.69,36.24,36.00,35.98,35.50
89760,1101.24,992.32,1036.22,1007.60,997.52,1003.82,1015.02,1109.82,35.84,35.61,35.60,35.65,36.26,36.02,35.94,35.46
89880,1101.16,992.38,1035.88,1007.58,997.74,1004.00,1015.18,1109.86,35.90,35.63,35.65,35.68,36.29,36.06,35.96,35.47
90000,1101.34,992.40,1036.04,1007.58,997.82,1004.02,1015.38,1109.80,35.92,35.68,35.68,35.73,36.31,36.09,35.99,35.50
90120,1102.32,992.86,1035.98,1007.88,998.14,1004.50,1015.60,1111.10,36.12,35.81,35.85,35.86,36.44,36.25,36.11,35.64
90240,1102.86,993.64,1036.32,1008.24,998.08,1005.14,1015.88,1111.52,36.26,36.00,35.96,35.99,36.49,36.37,36.22,35.76
90360,1102.62,993.76,1036.46,1008.40,997.92,1005.18,1015.90,1111.62,36.25,36.07,35.93,35.98,36.45,36.35,36.24,35.76
90480,1101.56,993.14,1036.38,1008.42,997.40,1004.74,1015.94,1110.64,36.08,35.93,35.78,35.85,36.32,36.15,36.14,35.65
90600,1101.70,992.76,1035.86,1008.10,997.44,1004.56,1015.54,1110.68,35.98,35.77,35.70,35.76,36.33,36.09,36.07,35.57
90720,1102.16,992.84,1036.04,1008.20,997.86,1004.80,1015.96,1111.00,36.11,35.83,35.83,35.83,36.41,36.25,36.12,35.64
90840,1102.36,993.56,1036.36,1008.50,997.98,1004.80,1016.04,1111.40,36.21,35.97,35.91,35.92,36.45,36.32,36.18,35.72
90960,1101.84,993.38,1036.34,1008.38,997.86,1004.84,1016.18,1111.24,36.16,35.94,35.84,35.88,36.40,36.24,36.15,35.70
91080,1100.94,992.88,1036.12,1008.10,997.42,1004.58,1015.66,1110.56,35.96,35.76,35.69,35.75,36.28,36.08,36.01,35.58
91200,1100.88,992.30,1035.90,1007.92,997.40,1004.28,1015.62,1110.08,35.89,35.64,35.62,35.66,36.28,36.02,35.93,35.52
91320,1100.80,992.36,1035.84,1007.56,997.48,1004.30,1015.70,1110.04,35.91,35.63,35.65,35.67,36.29,36.05,35.93,35.51
91440,1101.34,992.34,1035.74,1007.84,997.76,1004.30,1016.12,1110.28,35.98,35.69,35.72,35.73,36.32,36.14,35.98,35.56
91560,1102.08,993.16,1035.92,1008.08,997.90,1004.84,1016.40,1111.28,36.16,35.85,35.89,35.87,36.43,36.30,36.10,35.68
91680,1102.42,993.74,1036.20,1008.44,997.80,1005.10,1016.72,1111.26,36.24,35.98,35.92,35.94,36.45,36.35,36.17,35.75
91800,1101.20,993.42,1036.00,1008.56,997.76,1005.12,1016.74,1111.16,36.13,35.92,35.82,35.89,36.37,36.24,36.13,35.70
91920,1099.84,992.56,1035.72,1008.22,997.08,1004.58,1016.18,1110.24,35.93,35.71,35.64,35.71,36.26,36.04,35.98,35.58
92040,1100.08,992.52,1035.64,1007.62,997.40,1004.42,1016.06,1110.14,35.94,35.65,35.66,35.68,36.29,36.10,35.94,35.55
92160,1100.28,992.58,1035.62,1008.00,997.64,1004.74,1016.36,1110.40,36.04,35.73,35.75,35.76,36.35,36.20,36.01,35.60
92280,1100.04,992.86,1035.80,1007.98,997.56,1004.76,1016.44,1110.42,36.03,35.78,35.75,35.76,36.33,36.19,36.04,35.60
92400,1099.52,992.38,1035.72,1008.00,997.42,1004.38,1016.00,1109.82,35.89,35.68,35.61,35.64,36.23,36.01,35.97,35.52
92520,1099.06,991.96,1035.34,1007.78,997.36,1004.28,1015.92,1109.48,35.76,35.52,35.51,35.55,36.18,35.90,35.87,35.42
92640,1098.90,991.78,1035.26,1007.38,997.32,1004.16,1015.80,1109.40,35.77,35.51,35.53,35.56,36.22,35.95,35.86,35.40
92760,1098.84,991.80,1035.22,1007.36,997.58,1004.06,1015.80,1109.34,35.78,35.51,35.55,35.56,36.20,35.93,35.86,35.39
92880,1099.08,991.88,1035.14,1007.60,997.54,1004.26,1016.26,1109.56,35.86,35.57,35.61,35.63,36.26,36.01,35.91,35.44
93000,1099.08,992.06,1035.20,1007.80,997.64,1004.38,1016.20,1109.74,35.91,35.66,35.66,35.68,36.27,36.04,35.95,35.46
93120,1099.74,992.48,1035.48,1007.98,997.94,1004.80,1016.54,1110.48,36.03,35.75,35.78,35.76,36.34,36.15,36.04,35.55
93240,1100.24,993.22,1035.62,1008.44,997.94,1005.22,1016.74,1111.04,36.18,35.90,35.88,35.89,36.43,36.28,36.14,35.67
93360,1100.20,993.28,1035.94,1008.68,997.80,1005.36,1016.64,1111.16,36.19,36.01,35.88,35.92,36.42,36.27,36.18,35.69
93480,1099.16,992.92,1035.94,1008.68,997.36,1005.10,1016.68,1110.64,36.02,35.90,35.72,35.81,36.31,36.13,36.12,35.61
93600,1098.60,992.04,1035.68,1008.32,997.40,1004.88,1016.54,1109.98,35.87,35.72,35.61,35.67,36.24,35.98,35.98,35.50
93720,1098.26,992.14,1035.54,1008.24,997.42,1004.76,1016.42,1109.80,35.87,35.66,35.62,35.66,36.27,36.01,35.97,35.47
93840,1098.24,992.02,1035.38,1008.16,997.54,1004.82,1016.48,1109.56,35.86,35.64,35.62,35.65,36.27,36.02,35.96,35.46
93960,1099.02,992.42,1035.44,1008.30,997.96,1004.94,1016.72,1110.12,36.00,35.74,35.77,35.75,36.37,36.17,36.04,35.55
94080,1100.00,993.36,1035.86,1008.82,998.16,1005.62,1017.12,1111.28,36.21,35.96,35.92,35.92,36.46,36.34,36.19,35.70
94200,1099.98,993.62,1036.12,1009.24,997.98,1005.84,1017.28,1111.30,36.26,36.10,35.94,35.98,36.47,36.38,36.23,35.76
94320,1098.98,993.34,1035.88,1009.30,997.52,1005.60,1017.22,1110.96,36.14,36.04,35.84,35.90,36.37,36.22,36.20,35.69
94440,1097.60,992.66,1035.84,1009.08,997.50,1005.28,1016.92,1110.14,35.93,35.81,35.66,35.74,36.28,36.05,36.08,35.56
94560,1097.72,992.40,1035.78,1008.66,997.56,1005.30,1016.88,1110.22,35.96,35.77,35.70,35.74,36.35,36.13,36.07,35.55
94680,1097.70,992.94,1035.78,1009.06,997.50,1005.32,1017.08,1110.38,36.05,35.84,35.78,35.80,36.39,36.19,36.11,35.59
94800,1097.32,992.94,1035.76,1009.06,997.40,1005.34,1017.00,1110.12,36.01,35.83,35.74,35.79,36.35,36.13,36.09,35.57
94920,1097.34,992.32,1035.68,1008.80,996.96,1005.04,1016.70,1109.38,35.84,35.66,35.58,35.65,36.22,35.95,35.96,35.46
95040,1098.78,991.78,1035.44,1008.16,997.10,1004.78,1016.60,1109.18,35.75,35.54,35.52,35.56,36.19,35.88,35.88,35.39
95160,1098.78,992.04,1035.36,1008.36,997.06,1004.76,1016.60,1109.24,35.82,35.57,35.57,35.59,36.25,35.97,35.90,35.41
95280,1099.02,992.22,1035.22,1008.34,997.32,1004.88,1016.82,1109.30,35.84,35.61,35.59,35.62,36.25,35.98,35.92,35.42
95400,1099.74,992.52,1035.28,1008.52,997.70,1005.20,1016.88,1110.28,36.01,35.72,35.73,35.73,36.35,36.13,36.02,35.54
95520,1100.38,993.08,1035.52,1008.86,997.94,1005.68,1017.22,1110.78,36.18,35.91,35.89,35.90,36.44,36.28,36.13,35.67
95640,1100.38,993.52,1035.90,1009.08,997.90,1005.72,1017.28,1111.06,36.19,36.01,35.89,35.92,36.42,36.30,36.17,35.69
95760,1099.48,993.08,1035.96,1009.06,997.24,1005.60,1017.10,1110.26,36.06,35.91,35.76,35.79,36.30,36.14,36.12,35.61
95880,1099.30,992.48,1035.38,1008.72,997.16,1005.12,1016.92,1109.74,35.89,35.71,35.60,35.67,36.25,35.99,36.01,35.49
96000,1099.42,992.18,1035.30,1008.44,997.14,1004.94,1016.78,1109.50,35.86,35.63,35.60,35.64,36.27,36.00,35.96,35.45
96120,1099.36,992.18,1035.26,1008.44,997.24,1004.96,1016.76,1109.46,35.83,35.61,35.59,35.63,36.26,35.98,35.94,35.43
96240,1099.20,992.26,1035.38,1008.48,997.46,1005.18,1016.80,1109.60,35.89,35.66,35.65,35.67,36.29,36.04,35.97,35.46
96360,1099.08,992.28,1035.36,1008.62,997.56,1005.32,1016.90,1109.58,35.92,35.71,35.68,35.69,36.30,36.06,35.99,35.47
96480,1099.42,992.62,1035.40,1009.06,997.64,1005.44,1017.12,1110.18,36.02,35.77,35.76,35.77,36.37,36.17,36.07,35.55
96600,1099.78,993.12,1035.72,1009.34,997.80,1006.06,1017.44,1110.62,36.15,35.91,35.85,35.87,36.43,36.26,36.14,35.63
96720,1099.56,993.18,1035.84,1009.40,997.56,1005.90,1017.48,1110.42,36.10,35.94,35.81,35.85,36.37,36.20,36.13,35.62
96840,1099.46,992.70,1035.72,1009.10,997.38,1005.46,1017.00,1109.84,35.91,35.79,35.66,35.73,36.26,36.02,36.02,35.52
96960,1099.46,992.18,1035.34,1008.72,997.36,1005.22,1017.08,1109.28,35.82,35.65,35.58,35.63,36.23,35.95,35.94,35.44
97080,1099.34,992.46,1035.22,1008.80,997.42,1005.36,1017.24,1109.38,35.88,35.67,35.64,35.66,36.28,36.03,35.95,35.45
97200,1099.46,992.48,1035.34,1008.78,997.60,1005.30,1017.08,1109.48,35.90,35.69,35.66,35.68,36.28,36.05,35.97,35.47
97320,1099.66,992.44,1035.26,1008.88,997.78,1005.48,1017.04,1109.82,36.01,35.76,35.74,35.75,36.34,36.13,36.02,35.53
97440,1099.84,993.00,1035.26,1009.02,997.66,1005.66,1017.24,1110.16,36.04,35.83,35.76,35.79,36.35,36.16,36.06,35.56
97560,1099.54,992.88,1035.28,1009.14,997.52,1005.58,1017.20,1109.66,35.92,35.76,35.65,35.71,36.25,36.05,36.00,35.50
97680,1099.36,991.96,1035.34,1008.96,997.20,1005.44,1016.90,1109.16,35.77,35.59,35.50,35.57,36.17,35.87,35.88,35.39
97800,1099.32,992.06,1035.04,1008.70,997.52,1005.40,1016.82,1109.28,35.81,35.57,35.56,35.58,36.23,35.98,35.87,35.40
97920,1099.26,992.34,1035.10,1008.62,997.58,1005.52,1017.04,1109.52,35.92,35.66,35.64,35.65,36.30,36.07,35.94,35.46
98040,1099.16,992.32,1035.22,1008.78,997.38,1005.54,1016.90,1109.34,35.89,35.71,35.62,35.65,36.25,36.03,35.97,35.45
98160,1099.28,991.92,1034.86,1008.60,997.44,1005.08,1016.52,1108.80,35.75,35.57,35.49,35.51,36.13,35.88,35.87,35.35
98280,1099.62,991.60,1034.74,1008.08,997.44,1004.90,1016.48,1108.52,35.66,35.45,35.41,35.46,36.12,35.82,35.79,35.29
98400,1099.88,991.72,1034.78,1008.00,997.44,1004.94,1016.70,1108.54,35.72,35.47,35.47,35.50,36.17,35.90,35.80,35.30
98520,1100.34,991.76,1034.46,1008.14,997.38,1004.88,1016.78,1108.90,35.76,35.53,35.52,35.54,36.17,35.90,35.83,35.32
98640,1101.52,992.08,1034.64,1008.46,997.84,1005.50,1016.80,1109.58,35.96,35.67,35.68,35.71,36.30,36.10,35.95,35.46
98760,1102.36,993.28,1035.16,1008.96,997.82,1006.32,1017.10,1110.60,36.17,35.91,35.87,35.85,36.42,36.30,36.11,35.63
98880,1102.16,993.50,1035.40,1009.46,997.86,1006.58,1017.16,1110.82,36.22,36.05,35.89,35.92,36.42,36.32,36.18,35.69
99000,1101.16,993.26,1035.40,1009.62,997.28,1006.34,1017.12,1110.34,36.08,35.98,35.75,35.81,36.32,36.18,36.12,35.62
99120,1100.40,992.40,1035.26,1009.00,997.36,1005.76,1016.72,1109.44,35.88,35.75,35.60,35.67,36.23,35.99,36.01,35.47
99240,1100.24,992.10,1035.26,1008.84,997.64,1005.66,1016.78,1109.24,35.84,35.64,35.59,35.63,36.25,35.98,35.95,35.43
99360,1100.22,992.16,1034.96,1008.90,997.40,1005.50,1016.78,1109.20,35.81,35.60,35.58,35.60,36.24,35.96,35.92,35.40
99480,1100.70,992.26,1034.96,1008.84,997.56,1005.44,1016.78,1109.26,35.88,35.63,35.63,35.65,36.28,36.03,35.95,35.44
99600,1100.68,992.44,1034.90,1008.86,997.54,1005.90,1016.74,1109.38,35.94,35.72,35.68,35.69,36.30,36.08,36.00,35.47
99720,1101.24,992.74,1034.94,1009.12,997.48,1006.06,1016.82,1109.78,35.99,35.78,35.72,35.75,36.33,36.14,36.05,35.51
99840,1101.98,992.98,1035.10,1009.38,997.86,1006.22,1017.04,1110.30,36.14,35.89,35.84,35.85,36.42,36.26,36.12,35.62
99960,1102.26,993.24,1035.42,1009.60,997.76,1006.34,1017.16,1110.30,36.15,35.98,35.84,35.89,36.41,36.26,36.16,35.64
100080,1101.38,993.32,1035.40,1009.70,997.42,1006.26,1016.84,1109.80,36.04,35.91,35.74,35.78,36.31,36.10,36.11,35.57
100200,1100.32,992.48,1035.18,1009.36,997.40,1005.52,1016.62,1109.08,35.83,35.69,35.57,35.63,36.18,35.92,35.96,35.44
100320,1100.36,992.28,1035.12,1008.98,997.46,1005.60,1016.74,1108.90,35.84,35.62,35.57,35.60,36.24,35.97,35.92,35.41
100440,1100.46,992.40,1034.94,1008.94,997.48,1005.66,1016.84,1109.08,35.86,35.64,35.61,35.62,36.26,36.00,35.94,35.42
100560,1101.06,992.78,1034.96,1009.04,997.58,1005.68,1016.88,1109.34,35.96,35.71,35.70,35.69,36.33,36.09,35.99,35.50
100680,1101.72,993.38,1035.02,1009.18,997.80,1006.20,1016.86,1109.90,36.08,35.84,35.78,35.79,36.37,36.19,36.06,35.57
100800,1101.46,993.18,1035.32,1009.58,997.32,1006.30,1017.10,1109.92,36.04,35.86,35.73,35.77,36.32,36.12,36.06,35.56
100920,1100.20,992.74,1035.16,1009.44,997.34,1006.08,1016.80,1108.96,35.86,35.70,35.58,35.63,36.19,35.93,35.95,35.45
101040,1099.92,992.26,1034.90,1009.24,997.36,1005.68,1016.44,1108.98,35.77,35.57,35.52,35.55,36.19,35.89,35.87,35.38
101160,1100.38,992.24,1034.92,1009.14,997.68,1005.92,1016.42,1109.08,35.86,35.60,35.59,35.61,36.26,36.02,35.91,35.42
101280,1100.72,992.66,1034.94,1009.04,997.72,1005.90,1016.52,1109.42,35.91,35.69,35.64,35.67,36.29,36.07,35.95,35.45
101400,1101.28,992.82,1035.10,1009.64,997.72,1006.00,1016.86,1109.56,36.00,35.76,35.70,35.73,36.34,36.12,35.99,35.51
101520,1101.54,993.02,1035.16,1009.58,997.70,1006.24,1017.06,1109.66,36.02,35.81,35.73,35.76,36.34,36.13,36.04,35.53
101640,1102.22,993.46,1035.50,1009.92,997.78,1006.52,1017.16,1110.52,36.15,35.89,35.86,35.85,36.44,36.26,36.13,35.63
101760,1102.44,994.10,1035.60,1010.40,997.92,1006.76,1017.22,1110.82,36.25,36.04,35.95,35.94,36.48,36.35,36.22,35.72
101880,1102.12,994.06,1035.78,1010.48,997.62,1007.00,1017.32,1110.78,36.19,36.07,35.89,35.91,36.43,36.27,36.22,35.71
102000,1100.74,993.40,1035.60,1010.28,997.22,1006.56,1016.96,1109.72,36.00,35.88,35.70,35.75,36.28,36.09,36.10,35.58
102120,1100.40,992.74,1035.36,1009.86,997.34,1006.20,1016.80,1109.26,35.84,35.68,35.60,35.63,36.24,35.97,35.97,35.46
102240,1100.04,992.70,1035.28,1009.74,997.36,1005.96,1016.50,1108.80,35.81,35.60,35.59,35.60,36.25,35.97,35.93,35.42
102360,1100.26,992.88,1035.16,1009.64,997.62,1005.96,1016.76,1109.14,35.84,35.61,35.63,35.63,36.28,35.99,35.94,35.42
102480,1101.32,993.14,1035.36,1009.64,997.84,1006.20,1016.96,1109.64,36.00,35.73,35.76,35.75,36.37,36.15,36.03,35.53
102600,1101.58,993.68,1035.58,1010.06,998.18,1006.56,1016.98,1109.86,36.09,35.88,35.81,35.82,36.39,36.20,36.11,35.59
102720,1101.02,993.24,1035.52,1010.12,997.72,1006.46,1017.02,1109.48,36.01,35.86,35.73,35.77,36.30,36.11,36.10,35.55
102840,1099.86,992.84,1035.50,1009.84,997.58,1006.00,1016.54,1108.52,35.81,35.64,35.55,35.58,36.18,35.91,36.00,35.42
102960,1100.12,992.34,1035.32,1009.78,997.46,1006.08,1016.58,1108.56,35.78,35.58,35.55,35.57,36.23,35.95,35.93,35.38
103080,1100.22,992.50,1035.16,1009.68,997.56,1006.14,1016.64,1108.52,35.86,35.63,35.62,35.62,36.28,36.02,35.94,35.41
103200,1100.76,992.80,1034.98,1009.60,997.92,1006.38,1016.66,1109.02,35.92,35.70,35.68,35.67,36.30,36.07,36.00,35.46
103320,1102.18,993.56,1035.14,1010.06,998.20,1006.76,1017.18,1109.90,36.12,35.86,35.85,35.82,36.42,36.25,36.11,35.61
103440,1102.42,994.02,1035.64,1010.44,998.12,1007.02,1017.46,1110.32,36.23,36.02,35.93,35.93,36.47,36.34,36.20,35.70
103560,1101.76,993.94,1035.74,1010.36,997.98,1007.00,1017.34,1110.36,36.16,36.03,35.86,35.90,36.39,36.25,36.19,35.68
103680,1100.48,993.32,1035.46,1010.40,997.60,1006.76,1016.68,1109.30,35.97,35.85,35.67,35.75,36.27,36.06,36.08,35.54
103800,1100.22,993.00,1035.24,1010.06,997.68,1006.36,1016.60,1108.92,35.87,35.69,35.62,35.65,36.25,36.00,35.98,35.46
103920,1100.46,993.00,1035.18,1009.82,997.76,1006.54,1016.76,1108.88,35.91,35.69,35.65,35.67,36.30,36.07,35.98,35.47
104040,1100.80,992.96,1035.16,1009.84,998.04,1006.62,1016.98,1109.08,35.96,35.76,35.71,35.71,36.33,36.12,36.02,35.51
104160,1101.98,993.80,1035.36,1010.18,998.10,1007.06,1017.40,1110.14,36.15,35.90,35.85,35.84,36.44,36.26,36.13,35.64
104280,1102.28,994.22,1035.74,1010.76,998.18,1007.60,1017.48,1110.56,36.25,36.05,35.93,35.93,36.49,36.34,36.22,35.71
104400,1101.92,994.10,1035.76,1011.02,997.98,1007.48,1017.32,1110.30,36.18,36.03,35.87,35.89,36.41,36.27,36.20,35.68
104520,1100.80,993.54,1035.52,1010.70,997.76,1006.86,1016.60,1109.26,35.98,35.83,35.67,35.73,36.29,36.05,36.07,35.55
104640,1100.60,992.98,1035.32,1010.18,997.70,1006.64,1016.64,1108.98,35.88,35.68,35.60,35.63,36.29,36.01,35.99,35.46
104760,1100.66,993.14,1035.32,1010.10,997.74,1006.60,1016.68,1108.86,35.91,35.68,35.65,35.66,36.33,36.07,35.99,35.46
104880,1100.84,993.22,1035.20,1010.04,998.00,1006.62,1016.80,1109.04,35.96,35.73,35.71,35.69,36.35,36.10,36.03,35.49
105000,1101.38,993.80,1035.44,1010.38,998.14,1007.06,1016.90,1109.56,36.07,35.83,35.80,35.78,36.41,36.19,36.08,35.56
105120,1101.36,993.74,1035.48,1010.62,998.04,1007.04,1017.06,1109.72,36.08,35.88,35.79,35.79,36.38,36.19,36.11,35.58
105240,1100.44,993.14,1035.32,1010.62,997.86,1006.96,1016.78,1109.08,35.94,35.76,35.67,35.70,36.27,36.02,36.03,35.50
105360,1099.60,992.90,1035.02,1010.16,997.82,1006.30,1016.40,1108.56,35.76,35.57,35.53,35.56,36.20,35.88,35.91,35.39
105480,1099.08,992.70,1035.00,1009.82,997.84,1006.20,1016.16,1108.14,35.71,35.46,35.48,35.50,36.19,35.85,35.84,35.31
105600,1098.36,992.46,1034.48,1009.52,997.56,1005.60,1015.96,1107.64,35.59,35.35,35.36,35.39,36.10,35.71,35.75,35.24
105720,1097.90,991.96,1034.44,1009.02,997.50,1005.54,1015.74,1107.10,35.47,35.23,35.28,35.31,36.04,35.63,35.64,35.15
105840,1097.78,991.72,1034.02,1008.84,997.52,1005.42,1015.64,1106.80,35.42,35.15,35.26,35.28,36.01,35.57,35.58,35.09
105960,1096.94,991.26,1033.42,1008.46,997.62,1004.94,1015.32,1106.34,35.31,35.05,35.14,35.17,35.90,35.45,35.50,35.01
106080,1096.74,990.82,1032.90,1008.00,997.56,1004.80,1015.04,1105.92,35.24,34.96,35.05,35.08,35.86,35.39,35.42,34.94
106200,1096.46,990.80,1032.86,1007.90,997.58,1004.68,1014.66,1105.84,35.22,34.95,35.04,35.06,35.85,35.37,35.40,34.90
106320,1096.08,990.34,1032.44,1007.60,997.50,1004.26,1014.36,1105.30,35.14,34.88,34.95,34.98,35.77,35.28,35.35,34.84
106440,1095.92,990.14,1032.38,1007.46,997.38,1004.24,1014.34,1105.24,35.11,34.85,34.93,34.95,35.75,35.27,35.31,34.80
106560,1095.34,990.10,1032.06,1007.24,997.38,1004.12,1014.28,1104.96,35.09,34.85,34.92,34.95,35.72,35.27,35.29,34.77
106680,1095.22,989.86,1031.88,1006.84,997.36,1003.66,1013.84,1104.60,35.01,34.78,34.85,34.89,35.65,35.18,35.23,34.72
106800,1095.48,989.54,1031.62,1006.66,997.42,1003.72,1013.76,1104.50,35.05,34.81,34.88,34.91,35.68,35.23,35.24,34.72
106920,1095.34,989.40,1031.56,1006.64,997.58,1003.54,1013.50,1104.46,35.06,34.80,34.90,34.91,35.67,35.24,35.23,34.71
107040,1095.58,989.42,1031.30,1006.62,997.64,1003.52,1013.46,1104.44,35.06,34.80,34.88,34.90,35.65,35.23,35.23,34.70
107160,1095.76,989.32,1031.14,1006.58,997.84,1003.60,1013.48,1104.84,35.17,34.90,34.98,34.97,35.71,35.34,35.29,34.76
107280,1096.00,989.84,1031.12,1006.50,997.64,1003.60,1013.54,1105.00,35.22,34.99,35.01,35.02,35.72,35.37,35.33,34.80
107400,1096.40,989.86,1031.34,1006.58,997.80,1003.68,1013.62,1105.38,35.30,35.06,35.08,35.09,35.76,35.43,35.39,34.85
107520,1096.38,989.78,1031.38,1006.58,997.78,1003.82,1013.76,1105.44,35.29,35.10,35.08,35.09,35.73,35.43,35.41,34.86
107640,1096.14,989.66,1031.16,1006.62,997.72,1003.70,1013.62,1105.44,35.25,35.07,35.05,35.07,35.72,35.38,35.38,34.85
107760,1096.30,989.72,1030.92,1006.54,997.80,1003.74,1013.34,1105.44,35.30,35.08,35.09,35.09,35.76,35.44,35.39,34.87
107880,1096.16,989.80,1031.04,1006.66,997.80,1003.76,1013.24,1105.42,35.29,35.08,35.06,35.07,35.74,35.42,35.38,34.86
108000,1096.20,989.48,1030.72,1006.80,997.80,1003.70,1013.24,1105.46,35.28,35.06,35.06,35.06,35.75,35.41,35.37,34.87
108120,1096.18,989.40,1030.82,1006.62,997.72,1003.72,1013.14,1105.52,35.29,35.08,35.07,35.07,35.75,35.42,35.38,34.86
108240,1095.74,989.28,1030.82,1006.70,997.64,1003.50,1013.06,1105.24,35.23,35.03,35.00,35.03,35.66,35.35,35.34,34.82
108360,1095.86,989.20,1030.68,1006.60,997.46,1003.62,1013.00,1105.12,35.22,34.99,35.00,35.01,35.68,35.35,35.33,34.82
108480,1095.84,989.38,1030.60,1006.34,997.60,1003.48,1012.96,1105.06,35.20,34.99,35.00,35.01,35.66,35.35,35.33,34.80
108600,1095.24,989.04,1030.32,1006.28,997.52,1003.42,1012.74,1104.58,35.13,34.93,34.91,34.95,35.62,35.27,35.28,34.75
108720,1095.90,988.88,1030.26,1006.38,997.70,1003.36,1012.80,1104.84,35.18,34.95,34.97,34.98,35.68,35.34,35.29,34.77
108840,1095.78,989.08,1030.20,1006.34,997.76,1003.40,1012.78,1104.96,35.22,35.01,35.00,35.01,35.68,35.37,35.31,34.79
108960,1095.94,989.02,1030.08,1006.40,997.70,1003.40,1012.80,1104.62,35.22,35.01,34.98,35.01,35.66,35.36,35.32,34.79
109080,1096.36,989.12,1030.08,1006.24,998.02,1003.60,1012.82,1105.10,35.31,35.07,35.06,35.07,35.71,35.44,35.37,34.84
109200,1096.36,989.52,1030.14,1006.28,997.84,1003.70,1012.88,1105.08,35.32,35.12,35.07,35.10,35.70,35.44,35.40,34.85
109320,1095.84,989.26,1030.08,1006.30,997.82,1003.74,1012.62,1105.06,35.25,35.08,35.01,35.05,35.65,35.37,35.38,34.82
109440,1095.64,989.08,1030.22,1006.26,997.82,1003.54,1012.60,1105.08,35.25,35.05,35.01,35.05,35.67,35.38,35.36,34.82
109560,1095.26,989.00,1029.86,1006.24,997.48,1003.50,1012.42,1104.72,35.20,35.00,34.96,35.01,35.61,35.29,35.33,34.77
109680,1094.84,988.74,1029.62,1005.80,997.46,1003.26,1012.42,1104.78,35.11,34.92,34.90,34.94,35.58,35.23,35.27,34.72
109800,1095.28,988.72,1029.50,1005.82,997.58,1003.22,1012.32,1104.74,35.15,34.93,34.93,34.95,35.62,35.29,35.27,34.74
109920,1095.00,988.74,1029.38,1005.82,997.68,1003.14,1012.10,1104.56,35.14,34.93,34.90,34.93,35.59,35.26,35.26,34.72
110040,1094.92,988.78,1029.48,1005.84,997.54,1003.14,1011.90,1104.64,35.11,34.90,34.89,34.91,35.58,35.25,35.23,34.71
110160,1095.34,988.92,1029.38,1005.70,997.50,1003.36,1012.04,1104.76,35.19,34.95,34.96,34.97,35.64,35.34,35.26,34.75
110280,1095.10,989.00,1029.36,1005.72,997.68,1003.42,1011.88,1104.58,35.20,34.99,34.94,34.98,35.61,35.33,35.29,34.76
110400,1094.98,988.86,1029.22,1005.82,997.48,1003.40,1011.90,1104.48,35.15,34.95,34.91,34.95,35.58,35.29,35.27,34.73
110520,1095.30,988.76,1029.32,1005.86,997.68,1003.44,1012.00,1104.46,35.20,34.98,34.96,34.99,35.62,35.36,35.30,34.76
110640,1095.24,988.80,1029.16,1005.84,997.78,1003.48,1011.92,1104.32,35.18,34.98,34.93,34.97,35.59,35.32,35.30,34.74
110760,1094.80,988.76,1029.18,1005.74,997.74,1003.38,1011.92,1104.30,35.12,34.93,34.88,34.92,35.54,35.25,35.24,34.71
110880,1095.32,988.76,1029.16,1005.78,997.80,1003.16,1011.68,1104.38,35.17,34.95,34.93,34.94,35.58,35.30,35.24,34.72
111000,1094.92,988.74,1029.12,1005.86,997.86,1003.24,1011.66,1104.10,35.14,34.94,34.90,34.93,35.55,35.27,35.24,34.71
111120,1095.04,988.72,1029.00,1005.90,997.80,1003.26,1011.66,1104.16,35.14,34.93,34.91,34.93,35.58,35.28,35.24,34.71
111240,1095.38,988.82,1028.98,1005.86,997.78,1003.30,1011.66,1104.44,35.20,34.97,34.95,34.97,35.61,35.33,35.26,34.74
111360,1095.14,988.86,1029.02,1005.92,997.78,1003.36,1011.62,1104.36,35.16,34.96,34.90,34.94,35.56,35.27,35.24,34.72
111480,1095.08,988.74,1029.00,1005.82,997.74,1003.38,1011.70,1104.36,35.16,34.94,34.91,34.96,35.58,35.30,35.23,34.74
111600,1095.20,988.74,1028.92,1005.90,997.92,1003.46,1011.64,1104.34,35.22,34.99,34.95,34.99,35.60,35.35,35.26,34.76
111720,1095.22,988.84,1029.04,1006.10,997.72,1003.30,1011.54,1104.36,35.16,34.98,34.91,34.95,35.55,35.30,35.26,34.73
111840,1095.36,988.80,1028.96,1006.02,997.84,1003.68,1011.90,1104.40,35.21,34.99,34.97,34.98,35.60,35.34,35.29,34.76
111960,1095.94,989.24,1029.02,1006.26,997.72,1004.00,1011.82,1104.82,35.32,35.09,35.06,35.06,35.67,35.45,35.35,34.83
112080,1095.80,989.36,1028.98,1006.38,997.80,1004.06,1011.74,1104.76,35.33,35.15,35.05,35.07,35.64,35.43,35.37,34.85
112200,1095.80,989.34,1029.12,1006.40,997.86,1004.10,1011.72,1104.86,35.30,35.12,35.04,35.06,35.64,35.41,35.37,34.84
112320,1095.72,989.42,1029.12,1006.50,998.04,1004.14,1011.86,1104.74,35.30,35.11,35.03,35.07,35.64,35.40,35.37,34.84
112440,1095.34,989.22,1029.10,1006.36,997.92,1004.14,1011.82,1104.40,35.23,35.05,34.98,35.01,35.58,35.33,35.33,34.80
112560,1095.48,988.98,1029.08,1006.22,997.82,1003.94,1011.80,1104.32,35.26,35.04,35.01,35.03,35.62,35.36,35.33,34.81
112680,1095.28,989.22,1028.86,1006.08,997.74,1003.92,1011.84,1104.72,35.26,35.06,35.00,35.04,35.61,35.37,35.32,34.80
112800,1094.90,989.10,1028.98,1006.24,997.64,1003.74,1011.70,1104.38,35.18,35.01,34.95,34.98,35.56,35.29,35.28,34.77
112920,1094.76,989.04,1028.94,1006.14,997.54,1003.88,1011.54,1104.12,35.17,34.98,34.94,34.96,35.57,35.29,35.26,34.75
113040,1094.40,988.94,1028.90,1006.12,997.36,1003.76,1011.38,1103.86,35.11,34.94,34.89,34.91,35.52,35.22,35.23,34.71
113160,1094.08,988.62,1028.68,1005.96,997.46,1003.58,1011.32,1103.78,35.09,34.88,34.86,34.88,35.52,35.19,35.20,34.68
113280,1094.14,988.72,1028.60,1005.94,997.50,1003.46,1011.26,1103.66,35.10,34.89,34.88,34.89,35.53,35.22,35.20,34.68
113400,1094.04,988.76,1028.42,1005.98,997.70,1003.60,1011.08,1103.44,35.06,34.86,34.83,34.85,35.48,35.17,35.18,34.64
113520,1094.08,988.56,1028.50,1006.02,997.76,1003.60,1010.96,1103.60,35.07,34.86,34.85,34.86,35.50,35.20,35.18,34.64
113640,1093.82,988.70,1028.44,1005.88,997.52,1003.58,1010.94,1103.48,35.05,34.84,34.82,34.84,35.47,35.16,35.16,34.62
113760,1093.80,988.44,1028.16,1005.54,997.64,1003.44,1010.80,1103.20,34.98,34.78,34.76,34.78,35.43,35.10,35.11,34.58
113880,1094.12,988.52,1027.96,1005.64,997.90,1003.70,1010.86,1103.32,35.06,34.82,34.83,34.84,35.49,35.20,35.13,34.62
114000,1094.22,988.58,1028.14,1005.68,997.80,1003.74,1010.98,1103.62,35.09,34.90,34.85,34.86,35.49,35.22,35.17,34.63
114120,1094.04,988.66,1028.14,1005.70,997.80,1003.70,1010.98,1103.54,35.08,34.90,34.84,34.86,35.47,35.20,35.17,34.64
114240,1094.02,988.68,1028.14,1005.62,997.84,1003.94,1010.94,1103.50,35.12,34.92,34.87,34.89,35.50,35.23,35.19,34.66
114360,1093.90,988.56,1028.22,1005.54,997.74,1003.80,1010.76,1103.08,35.05,34.88,34.82,34.85,35.45,35.17,35.18,34.63
114480,1094.14,988.62,1028.26,1005.60,997.74,1003.72,1010.84,1103.40,35.08,34.87,34.83,34.85,35.48,35.19,35.17,34.63
114600,1094.78,988.92,1028.24,1005.88,997.92,1004.06,1011.00,1103.60,35.20,34.96,34.94,34.94,35.55,35.33,35.24,34.71
114720,1094.74,989.26,1028.18,1006.12,997.88,1004.16,1011.10,1103.90,35.23,35.06,34.97,34.97,35.55,35.35,35.27,34.74
114840,1094.80,989.20,1028.22,1005.94,997.94,1004.18,1011.06,1103.98,35.22,35.05,34.95,34.97,35.55,35.33,35.29,34.74
114960,1095.32,989.40,1028.26,1006.20,997.90,1004.42,1011.00,1104.08,35.27,35.08,35.00,35.00,35.59,35.39,35.31,34.78
115080,1094.96,989.26,1028.30,1006.30,997.72,1004.40,1011.02,1104.14,35.25,35.08,34.97,34.99,35.56,35.35,35.29,34.77
115200,1094.72,989.16,1028.34,1006.28,997.80,1004.36,1011.02,1103.96,35.19,35.01,34.92,34.96,35.53,35.29,35.26,34.74
115320,1094.42,989.16,1028.16,1006.28,997.64,1004.12,1010.96,1103.88,35.16,34.96,34.91,34.94,35.52,35.26,35.25,34.72
115440,1093.76,989.06,1028.04,1006.26,997.76,1004.02,1010.60,1103.32,35.06,34.87,34.82,34.86,35.45,35.17,35.17,34.65
115560,1093.54,988.96,1027.92,1005.96,997.74,1004.04,1010.64,1103.36,35.01,34.80,34.78,34.82,35.45,35.14,35.13,34.61
115680,1093.40,988.80,1027.78,1005.94,997.62,1004.08,1010.54,1102.94,34.99,34.78,34.77,34.79,35.44,35.12,35.10,34.59
115800,1093.16,988.64,1027.56,1005.54,997.78,1003.90,1010.38,1102.72,34.90,34.71,34.69,34.71,35.36,35.02,35.03,34.53
115920,1092.86,988.26,1027.46,1005.46,997.70,1003.82,1010.16,1102.44,34.86,34.66,34.66,34.68,35.34,35.00,35.01,34.49
116040,1092.22,988.22,1027.26,1005.44,997.76,1003.56,1009.98,1102.00,34.80,34.60,34.60,34.64,35.31,34.94,34.97,34.45
116160,1091.90,987.68,1027.00,1005.02,997.46,1003.22,1009.42,1101.80,34.71,34.50,34.51,34.55,35.23,34.85,34.89,34.38
116280,1092.22,987.56,1026.92,1004.58,997.78,1003.24,1009.48,1101.54,34.74,34.49,34.54,34.55,35.25,34.88,34.87,34.37
116400,1092.08,987.54,1026.74,1004.62,997.68,1003.34,1009.38,1101.30,34.72,34.50,34.52,34.53,35.23,34.85,34.85,34.35
116520,1092.08,987.58,1026.60,1004.62,997.76,1003.18,1009.16,1101.28,34.73,34.50,34.53,34.53,35.23,34.87,34.85,34.34
116640,1092.40,987.64,1026.60,1004.40,997.86,1003.28,1009.12,1101.68,34.80,34.56,34.58,34.58,35.26,34.93,34.89,34.38
116760,1092.46,987.58,1026.30,1004.52,997.88,1003.22,1009.32,1101.60,34.80,34.57,34.56,34.57,35.23,34.90,34.89,34.37
116880,1092.42,987.52,1026.28,1004.62,998.00,1003.36,1009.26,1101.46,34.82,34.59,34.59,34.60,35.26,34.94,34.89,34.39
117000,1092.86,987.90,1026.46,1004.60,998.08,1003.50,1009.36,1102.08,34.91,34.66,34.66,34.67,35.31,35.02,34.95,34.44
117120,1092.88,987.96,1026.40,1004.80,998.04,1003.54,1009.50,1102.10,34.90,34.70,34.65,34.67,35.29,35.01,34.97,34.45
117240,1093.36,988.00,1026.46,1005.02,998.20,1003.58,1009.56,1102.38,34.97,34.74,34.73,34.73,35.35,35.08,35.00,34.49
117360,1093.90,988.32,1026.58,1005.18,998.20,1004.16,1009.38,1102.64,35.07,34.83,34.80,34.80,35.41,35.18,35.06,34.57
117480,1093.88,988.32,1026.64,1005.28,998.18,1004.16,1009.56,1102.60,35.07,34.88,34.78,34.80,35.37,35.16,35.08,34.57
117600,1093.90,988.36,1026.68,1005.30,998.18,1004.14,1009.40,1102.80,35.08,34.88,34.80,34.82,35.40,35.18,35.09,34.58
117720,1093.94,988.34,1026.70,1005.30,998.24,1004.14,1009.40,1102.74,35.08,34.89,34.81,34.84,35.40,35.17,35.11,34.59
117840,1093.28,988.40,1026.54,1005.32,998.08,1004.10,1009.48,1102.54,34.98,34.85,34.75,34.78,35.35,35.09,35.08,34.55
117960,1093.54,988.36,1026.38,1005.40,998.02,1004.28,1009.20,1102.54,35.01,34.82,34.77,34.78,35.38,35.12,35.07,34.55
118080,1093.62,988.40,1026.60,1005.46,998.04,1004.14,1009.18,1102.58,35.03,34.84,34.77,34.79,35.39,35.14,35.08,34.56
118200,1093.24,988.50,1026.54,1005.40,997.90,1004.30,1009.18,1102.32,34.98,34.81,34.72,34.75,35.34,35.08,35.05,34.53
118320,1093.16,988.28,1026.50,1005.36,998.10,1003.98,1009.30,1102.26,34.96,34.76,34.71,34.74,35.33,35.06,35.03,34.51
118440,1092.54,988.16,1026.40,1005.22,997.84,1003.88,1008.88,1101.96,34.87,34.69,34.64,34.66,35.28,34.98,34.99,34.46
118560,1092.30,987.92,1026.02,1005.06,998.04,1003.90,1008.74,1101.80,34.82,34.62,34.60,34.62,35.26,34.95,34.94,34.42
118680,1092.68,988.10,1025.94,1005.12,998.04,1004.12,1008.86,1101.88,34.90,34.67,34.66,34.68,35.33,35.05,34.97,34.46
118800,1092.62,987.88,1025.96,1005.14,998.02,1004.10,1008.90,1101.82,34.89,34.70,34.67,34.68,35.30,35.02,34.98,34.45
118920,1092.20,987.70,1025.82,1005.14,997.84,1003.86,1008.90,1101.64,34.86,34.66,34.63,34.65,35.27,34.97,34.95,34.43
119040,1092.68,988.06,1025.80,1005.04,997.98,1003.92,1008.84,1101.82,34.90,34.69,34.66,34.68,35.30,35.01,34.96,34.45
119160,1092.46,988.14,1025.76,1005.00,997.80,1004.22,1008.68,1101.52,34.87,34.69,34.63,34.65,35.26,34.97,34.95,34.43
119280,1092.14,987.94,1025.62,1005.06,997.80,1004.16,1008.58,1101.32,34.82,34.63,34.59,34.61,35.22,34.92,34.92,34.40
119400,1092.16,987.78,1025.54,1004.82,997.70,1004.02,1008.40,1101.36,34.80,34.59,34.57,34.60,35.21,34.91,34.89,34.38
119520,1091.58,987.58,1025.52,1004.74,997.72,1003.66,1008.30,1101.00,34.70,34.48,34.48,34.51,35.15,34.81,34.81,34.31
119640,1091.18,987.28,1025.42,1004.58,997.80,1003.66,1008.06,1100.76,34.65,34.43,34.43,34.46,35.13,34.76,34.77,34.27
119760,1090.70,987.24,1025.24,1004.16,997.60,1003.34,1007.78,1100.36,34.60,34.37,34.39,34.41,35.09,34.71,34.75,34.23
119880,1090.28,986.88,1025.04,1003.92,997.52,1003.28,1007.58,1100.16,34.50,34.29,34.29,34.33,35.02,34.62,34.66,34.16
120000,1090.28,986.86,1024.82,1003.86,997.60,1003.18,1007.56,1100.08,34.51,34.26,34.30,34.32,35.03,34.65,34.64,34.13
120120,1090.08,986.78,1024.60,1003.70,997.66,1002.82,1007.30,1099.62,34.47,34.23,34.26,34.29,34.98,34.61,34.61,34.10
120240,1089.68,986.60,1024.24,1003.58,997.54,1002.74,1006.98,1099.50,34.40,34.17,34.20,34.23,34.96,34.55,34.55,34.06
120360,1090.22,986.52,1024.24,1003.48,997.62,1002.72,1007.00,1099.72,34.49,34.24,34.28,34.29,35.02,34.66,34.59,34.10
120480,1090.66,986.66,1024.18,1003.60,997.58,1002.94,1007.02,1099.74,34.55,34.33,34.33,34.34,35.03,34.70,34.64,34.14
120600,1090.94,986.58,1024.14,1003.54,997.92,1003.02,1006.94,1100.10,34.60,34.38,34.37,34.39,35.06,34.74,34.68,34.17
120720,1091.04,986.72,1024.16,1003.70,997.78,1003.20,1006.86,1100.30,34.67,34.45,34.42,34.43,35.09,34.79,34.72,34.21
120840,1090.72,986.84,1024.04,1003.84,997.68,1003.22,1006.80,1100.22,34.64,34.43,34.38,34.41,35.03,34.74,34.71,34.19
120960,1090.78,986.78,1023.98,1003.90,997.64,1003.30,1006.76,1100.12,34.63,34.41,34.38,34.40,35.04,34.74,34.70,34.19
121080,1090.78,986.72,1023.92,1003.78,997.56,1003.28,1006.70,1099.94,34.60,34.39,34.35,34.39,35.01,34.71,34.69,34.17
121200,1090.20,986.56,1023.78,1003.76,997.56,1003.18,1006.40,1099.56,34.51,34.32,34.28,34.31,34.98,34.63,34.63,34.12
121320,1090.64,986.42,1023.78,1003.76,997.76,1003.12,1006.22,1099.90,34.59,34.35,34.34,34.36,35.04,34.73,34.65,34.16
121440,1091.00,986.64,1023.66,1003.82,997.90,1003.10,1006.32,1100.04,34.64,34.43,34.40,34.41,35.05,34.78,34.70,34.19
121560,1091.08,986.80,1023.62,1003.92,998.02,1003.36,1006.34,1100.44,34.68,34.47,34.43,34.45,35.07,34.82,34.73,34.22
121680,1091.62,986.88,1024.10,1004.02,998.12,1003.56,1006.46,1100.70,34.76,34.55,34.50,34.50,35.12,34.89,34.79,34.27
121800,1091.58,987.00,1023.94,1004.24,998.02,1003.62,1006.52,1100.56,34.76,34.59,34.49,34.51,35.10,34.87,34.81,34.28
121920,1091.86,987.12,1024.04,1004.20,998.20,1003.62,1006.60,1100.74,34.81,34.62,34.54,34.55,35.15,34.92,34.84,34.32
122040,1091.80,987.36,1024.08,1004.28,998.18,1003.86,1006.72,1100.90,34.83,34.66,34.56,34.57,35.15,34.94,34.86,34.34
122160,1091.84,987.40,1024.06,1004.58,998.06,1003.90,1006.66,1100.94,34.79,34.63,34.53,34.56,35.13,34.90,34.86,34.33
122280,1092.36,987.44,1024.04,1004.56,998.14,1004.10,1006.72,1101.20,34.88,34.67,34.60,34.62,35.18,34.98,34.90,34.38
122400,1092.74,987.66,1024.16,1004.60,998.12,1004.16,1006.54,1101.22,34.91,34.72,34.63,34.64,35.18,34.99,34.93,34.41
122520,1092.90,987.58,1024.04,1004.86,998.02,1004.30,1006.76,1101.54,34.94,34.74,34.66,34.67,35.22,35.01,34.94,34.44
122640,1093.06,988.08,1024.32,1004.88,997.96,1004.28,1006.84,1101.86,35.00,34.78,34.71,34.72,35.26,35.07,34.98,34.48
122760,1092.88,988.24,1024.40,1005.02,998.02,1004.48,1006.90,1101.70,34.98,34.81,34.68,34.70,35.23,35.05,34.99,34.48
122880,1093.06,988.20,1024.40,1005.20,998.00,1004.78,1006.88,1101.96,35.02,34.81,34.71,34.72,35.27,35.10,35.01,34.51
123000,1093.34,988.50,1024.46,1005.52,998.14,1005.02,1006.90,1102.02,35.06,34.87,34.77,34.77,35.31,35.15,35.04,34.55
123120,1093.16,988.76,1024.50,1005.62,998.02,1005.08,1006.94,1101.92,35.02,34.86,34.73,34.74,35.27,35.10,35.03,34.53
123240,1093.30,988.62,1024.48,1005.72,998.14,1005.12,1006.88,1102.00,35.03,34.84,34.75,34.76,35.32,35.13,35.04,34.55
123360,1093.46,988.68,1024.44,1005.82,998.04,1005.16,1006.82,1102.04,35.06,34.87,34.78,34.79,35.34,35.16,35.06,34.57
123480,1093.10,988.68,1024.36,1005.82,997.96,1005.30,1006.78,1102.10,35.02,34.85,34.74,34.76,35.30,35.10,35.05,34.55
123600,1092.96,988.62,1024.48,1005.76,998.06,1005.18,1006.72,1102.10,35.02,34.82,34.73,34.76,35.30,35.10,35.04,34.54
123720,1092.60,988.60,1024.42,1005.76,997.94,1005.10,1006.66,1101.90,34.95,34.78,34.68,34.71,35.24,35.05,35.02,34.50
123840,1092.14,988.50,1024.40,1005.64,997.96,1005.10,1006.66,1101.44,34.88,34.70,34.62,34.65,35.21,34.98,34.97,34.44
123960,1092.14,988.66,1024.52,1005.56,998.00,1005.06,1006.50,1101.16,34.86,34.67,34.61,34.63,35.22,34.97,34.94,34.43
124080,1091.44,988.34,1024.38,1005.52,997.88,1004.98,1006.26,1101.00,34.77,34.59,34.53,34.56,35.16,34.87,34.87,34.36
124200,1091.86,988.08,1024.04,1005.42,997.90,1004.88,1006.30,1101.02,34.77,34.56,34.54,34.56,35.18,34.90,34.86,34.36
124320,1092.48,988.42,1024.14,1005.52,998.26,1005.10,1006.42,1101.38,34.91,34.65,34.64,34.65,35.26,35.03,34.91,34.44
124440,1092.84,988.64,1024.02,1005.72,998.18,1005.12,1006.50,1101.48,34.96,34.77,34.67,34.68,35.26,35.07,34.96,34.47
124560,1093.24,988.62,1024.28,1005.92,998.14,1005.46,1006.48,1101.92,35.02,34.81,34.73,34.74,35.30,35.12,35.01,34.53
124680,1093.76,989.42,1024.48,1006.26,998.40,1005.86,1006.58,1102.46,35.15,34.91,34.83,34.83,35.38,35.24,35.09,34.62
124800,1093.82,989.60,1024.64,1006.36,998.22,1005.92,1006.88,1102.60,35.16,35.00,34.85,34.86,35.38,35.24,35.13,34.65
124920,1093.72,989.38,1024.78,1006.50,998.08,1006.06,1006.86,1102.44,35.11,34.97,34.82,34.85,35.35,35.20,35.12,34.63
125040,1093.78,989.42,1024.76,1006.56,998.22,1006.16,1006.86,1102.44,35.15,34.97,34.86,34.88,35.41,35.25,35.13,34.66
125160,1093.42,989.68,1024.86,1006.76,998.28,1006.18,1006.88,1102.34,35.11,34.96,34.83,34.86,35.38,35.21,35.14,34.63
125280,1093.16,989.26,1024.72,1006.78,998.20,1006.14,1006.68,1102.10,35.03,34.90,34.77,34.81,35.34,35.14,35.12,34.59
125400,1092.96,989.22,1024.74,1006.38,998.12,1006.08,1006.58,1101.92,35.02,34.84,34.76,34.79,35.34,35.11,35.09,34.56
125520,1092.12,989.26,1024.74,1006.40,997.88,1005.90,1006.34,1101.62,34.92,34.76,34.67,34.71,35.27,35.00,35.02,34.49
125640,1092.12,989.18,1024.24,1006.20,998.12,1005.66,1006.18,1101.38,34.85,34.66,34.61,34.64,35.24,34.96,34.94,34.44
125760,1091.96,989.04,1024.18,1006.10,998.02,1005.64,1006.16,1101.08,34.84,34.64,34.61,34.62,35.24,34.94,34.92,34.41
125880,1091.46,988.66,1023.88,1006.06,997.90,1005.34,1005.86,1100.94,34.74,34.55,34.51,34.54,35.16,34.84,34.84,34.35
126000,1091.40,988.54,1023.74,1005.80,998.04,1005.40,1005.90,1100.66,34.73,34.51,34.51,34.52,35.18,34.84,34.82,34.33
126120,1091.36,988.56,1023.68,1005.82,997.94,1005.50,1005.82,1100.44,34.73,34.52,34.50,34.51,35.17,34.85,34.82,34.32
126240,1091.40,988.42,1023.52,1005.70,997.90,1005.46,1005.58,1100.28,34.69,34.48,34.46,34.49,35.14,34.81,34.79,34.29
126360,1091.34,988.40,1023.54,1005.48,998.06,1005.44,1005.52,1100.34,34.69,34.48,34.48,34.49,35.13,34.82,34.80,34.28
126480,1090.84,988.28,1023.24,1005.38,997.82,1005.10,1005.26,1100.14,34.63,34.42,34.42,34.43,35.07,34.73,34.76,34.24
126600,1090.74,988.08,1023.26,1005.12,997.94,1005.10,1005.24,1099.68,34.60,34.38,34.39,34.41,35.08,34.72,34.73,34.20
126720,1090.78,988.02,1023.32,1005.12,998.00,1005.10,1005.12,1099.68,34.62,34.40,34.41,34.42,35.09,34.75,34.73,34.21
126840,1090.38,988.06,1023.02,1005.14,997.76,1005.02,1004.72,1099.44,34.55,34.36,34.34,34.35,35.02,34.68,34.69,34.15
126960,1090.50,987.66,1022.68,1005.02,998.12,1005.12,1005.06,1099.46,34.57,34.36,34.38,34.38,35.04,34.71,34.71,34.16
127080,1091.12,988.00,1022.98,1004.96,998.36,1005.08,1004.88,1099.98,34.70,34.47,34.47,34.45,35.12,34.84,34.77,34.24
127200,1091.16,988.42,1023.00,1005.28,998.18,1005.32,1004.88,1099.84,34.72,34.54,34.48,34.48,35.11,34.84,34.80,34.27
127320,1091.20,988.36,1022.98,1005.34,998.08,1005.24,1004.78,1099.78,34.71,34.52,34.46,34.48,35.11,34.83,34.79,34.26
127440,1091.34,988.14,1022.94,1005.34,998.20,1005.32,1004.78,1100.16,34.76,34.55,34.51,34.51,35.15,34.88,34.80,34.29
127560,1090.98,988.26,1022.68,1005.32,998.10,1005.26,1004.80,1100.06,34.72,34.55,34.47,34.48,35.10,34.83,34.80,34.26
127680,1090.80,988.12,1022.66,1005.30,998.06,1005.36,1004.78,1099.96,34.66,34.49,34.43,34.45,35.07,34.79,34.78,34.24
127800,1090.88,988.12,1022.52,1005.26,998.02,1005.28,1004.60,1099.94,34.66,34.47,34.43,34.44,35.08,34.79,34.77,34.23
127920,1090.20,987.92,1022.56,1005.34,997.92,1005.06,1004.46,1099.32,34.59,34.40,34.36,34.39,35.01,34.71,34.71,34.19
128040,1090.10,987.78,1022.44,1005.06,997.98,1004.80,1004.38,1099.22,34.56,34.35,34.34,34.36,35.01,34.69,34.68,34.16
128160,1089.98,987.94,1022.24,1005.06,997.96,1004.70,1004.32,1099.08,34.57,34.35,34.35,34.36,35.01,34.69,34.67,34.15
128280,1089.64,987.60,1022.06,1005.14,997.88,1004.76,1003.96,1098.78,34.49,34.29,34.26,34.29,34.94,34.61,34.62,34.10
128400,1089.92,987.40,1021.94,1004.82,997.96,1004.78,1003.88,1098.72,34.50,34.27,34.28,34.29,34.96,34.64,34.60,34.09
128520,1089.90,987.34,1021.90,1004.62,998.02,1004.90,1004.06,1098.66,34.52,34.30,34.30,34.30,34.97,34.66,34.61,34.10
128640,1089.62,987.42,1021.90,1004.80,998.04,1004.86,1003.76,1098.64,34.47,34.28,34.27,34.28,34.95,34.61,34.60,34.07
128760,1090.02,987.46,1021.82,1004.80,997.98,1004.80,1003.76,1098.84,34.55,34.31,34.32,34.33,34.99,34.68,34.62,34.10
128880,1090.14,987.70,1021.62,1004.82,997.92,1004.82,1003.90,1098.90,34.57,34.36,34.33,34.34,34.97,34.68,34.64,34.11
129000,1089.90,987.28,1021.52,1004.72,998.04,1004.88,1003.94,1098.90,34.53,34.35,34.31,34.32,34.95,34.66,34.62,34.10
129120,1090.32,987.48,1021.68,1004.76,998.28,1004.92,1003.74,1099.08,34.60,34.38,34.37,34.36,35.00,34.73,34.65,34.14
129240,1090.40,987.80,1021.66,1004.94,998.18,1004.88,1003.66,1098.98,34.62,34.43,34.36,34.37,34.99,34.72,34.68,34.14
129360,1090.10,987.76,1021.52,1005.12,998.06,1004.88,1003.42,1098.90,34.58,34.40,34.32,34.35,34.96,34.68,34.67,34.13
129480,1090.32,987.68,1021.28,1005.10,998.14,1004.78,1003.42,1099.02,34.61,34.41,34.36,34.37,35.00,34.73,34.68,34.15
129600,1090.30,987.64,1021.36,1005.06,998.10,1004.86,1003.48,1098.90,34.58,34.39,34.33,34.34,34.97,34.68,34.66,34.13
129720,1090.00,987.58,1021.36,1004.66,998.10,1004.88,1003.40,1098.74,34.53,34.34,34.29,34.32,34.94,34.65,34.63,34.11
129840,1089.90,987.52,1021.20,1004.62,998.16,1004.86,1003.24,1098.84,34.53,34.33,34.30,34.33,34.94,34.64,34.62,34.09
129960,1089.22,987.30,1021.14,1004.60,997.76,1004.80,1003.16,1098.52,34.46,34.24,34.23,34.26,34.88,34.54,34.57,34.05
130080,1089.22,987.06,1021.12,1004.44,997.92,1004.76,1003.14,1098.30,34.45,34.22,34.22,34.24,34.89,34.56,34.54,34.03
130200,1089.36,987.06,1021.14,1004.42,998.10,1004.88,1003.02,1098.36,34.47,34.24,34.25,34.26,34.90,34.59,34.56,34.04
130320,1089.24,987.12,1021.06,1004.46,998.08,1004.76,1003.02,1098.50,34.46,34.25,34.23,34.25,34.89,34.57,34.55,34.04
130440,1089.50,987.14,1020.90,1004.52,998.14,1004.92,1002.94,1098.42,34.49,34.27,34.25,34.26,34.90,34.60,34.55,34.05
130560,1089.32,987.18,1020.88,1004.30,998.04,1004.70,1002.68,1098.20,34.46,34.26,34.22,34.24,34.86,34.56,34.54,34.04
130680,1089.80,987.26,1020.70,1004.44,998.10,1005.00,1003.00,1098.60,34.53,34.29,34.28,34.29,34.91,34.63,34.57,34.07
130800,1090.26,987.54,1020.86,1004.76,998.10,1005.14,1002.98,1098.94,34.63,34.40,34.35,34.35,34.97,34.73,34.64,34.14
130920,1090.12,987.78,1020.96,1004.74,998.32,1005.06,1002.96,1098.92,34.63,34.45,34.35,34.36,34.95,34.71,34.66,34.15
131040,1090.16,987.68,1020.90,1004.96,998.28,1005.30,1003.30,1098.92,34.66,34.46,34.37,34.39,34.98,34.74,34.68,34.17
131160,1090.24,987.66,1020.88,1005.16,998.14,1005.36,1003.04,1098.76,34.63,34.47,34.36,34.38,34.96,34.73,34.70,34.17
131280,1089.88,987.44,1020.80,1004.96,998.18,1005.16,1003.02,1098.80,34.57,34.41,34.31,34.34,34.91,34.67,34.66,34.13
131400,1089.76,987.52,1020.62,1004.88,998.24,1005.24,1003.00,1098.74,34.57,34.38,34.30,34.33,34.91,34.67,34.64,34.12
131520,1089.28,987.46,1020.60,1004.84,997.88,1005.00,1002.80,1098.44,34.50,34.34,34.25,34.28,34.86,34.60,34.61,34.07
131640,1089.30,987.36,1020.54,1004.60,998.00,1005.14,1002.76,1098.32,34.47,34.28,34.23,34.26,34.85,34.60,34.58,34.06
131760,1089.80,987.60,1020.50,1004.80,998.38,1005.14,1002.64,1098.58,34.60,34.35,34.32,34.32,34.94,34.72,34.62,34.12
131880,1089.78,987.56,1020.60,1004.82,998.10,1005.28,1002.76,1098.54,34.60,34.41,34.33,34.35,34.91,34.71,34.65,34.13
132000,1089.98,987.56,1020.46,1004.94,998.08,1005.28,1002.78,1098.82,34.59,34.39,34.32,34.34,34.89,34.69,34.64,34.13
132120,1090.18,987.78,1020.44,1004.94,998.12,1005.42,1003.22,1099.00,34.67,34.44,34.38,34.39,34.95,34.75,34.67,34.18
132240,1090.14,987.94,1020.48,1005.10,998.14,1005.68,1003.02,1098.82,34.65,34.45,34.38,34.39,34.94,34.72,34.67,34.17
132360,1090.08,987.66,1020.46,1005.06,997.98,1005.64,1002.88,1098.72,34.61,34.42,34.33,34.37,34.92,34.69,34.64,34.16
132480,1090.32,988.00,1020.50,1005.12,998.04,1005.58,1003.02,1098.78,34.65,34.43,34.38,34.40,34.97,34.74,34.66,34.17
132600,1090.04,987.86,1020.38,1005.14,997.98,1005.52,1002.96,1098.88,34.62,34.42,34.34,34.37,34.94,34.71,34.65,34.16
132720,1089.84,987.80,1020.30,1005.12,998.04,1005.58,1003.02,1098.92,34.59,34.38,34.32,34.35,34.91,34.67,34.63,34.14
132840,1090.44,987.92,1020.36,1005.26,998.34,1005.56,1003.04,1099.04,34.68,34.44,34.39,34.41,34.99,34.78,34.67,34.20
132960,1090.34,988.22,1020.72,1005.32,998.10,1005.88,1003.02,1099.04,34.71,34.52,34.43,34.44,34.99,34.80,34.72,34.22
133080,1090.26,988.10,1020.70,1005.42,998.22,1005.98,1003.40,1099.10,34.69,34.52,34.42,34.43,34.99,34.78,34.73,34.22
133200,1090.80,988.42,1020.78,1005.80,998.30,1006.26,1003.26,1099.32,34.78,34.56,34.49,34.49,35.06,34.88,34.77,34.28
133320,1090.80,988.62,1021.06,1005.90,998.18,1006.22,1003.26,1099.54,34.79,34.61,34.49,34.51,35.05,34.87,34.79,34.29
133440,1090.82,988.58,1020.94,1005.70,998.36,1006.32,1003.44,1099.66,34.80,34.61,34.51,34.52,35.06,34.87,34.81,34.32
133560,1091.38,989.00,1020.94,1005.96,998.34,1006.42,1003.48,1099.80,34.86,34.66,34.56,34.57,35.12,34.94,34.84,34.35
133680,1091.02,989.04,1021.18,1006.28,998.24,1006.46,1003.46,1099.74,34.82,34.68,34.53,34.55,35.07,34.88,34.84,34.34
133800,1090.94,988.96,1021.08,1005.96,998.18,1006.40,1003.46,1099.62,34.78,34.62,34.49,34.52,35.05,34.87,34.82,34.32
133920,1091.06,989.10,1021.14,1006.20,998.24,1006.62,1003.46,1099.54,34.83,34.63,34.54,34.55,35.11,34.92,34.83,34.34
134040,1091.06,989.10,1021.20,1006.34,998.42,1006.66,1003.28,1099.50,34.81,34.64,34.52,34.54,35.08,34.89,34.83,34.33
134160,1091.66,989.28,1021.34,1006.38,998.56,1006.76,1003.64,1099.90,34.88,34.67,34.59,34.60,35.15,34.97,34.87,34.38
134280,1092.56,989.84,1021.68,1006.86,998.64,1007.46,1003.86,1101.04,35.06,34.80,34.75,34.72,35.25,35.14,34.98,34.51
134400,1092.68,990.40,1021.68,1007.16,998.68,1007.44,1004.06,1101.18,35.11,34.94,34.78,34.78,35.26,35.17,35.04,34.57
134520,1092.02,990.06,1021.96,1007.14,998.40,1007.30,1004.02,1100.80,35.01,34.90,34.68,34.72,35.19,35.06,35.01,34.51
134640,1091.98,989.74,1021.70,1007.24,998.44,1007.34,1003.90,1100.84,34.94,34.80,34.65,34.68,35.20,35.02,34.97,34.47
134760,1092.00,989.82,1021.84,1007.32,998.56,1007.24,1004.08,1100.78,34.98,34.80,34.69,34.70,35.24,35.07,34.98,34.49
134880,1092.16,990.16,1021.82,1007.32,998.64,1007.40,1004.16,1100.76,35.00,34.83,34.72,34.74,35.26,35.11,35.01,34.50
135000,1092.94,990.56,1022.04,1007.66,998.62,1007.88,1004.54,1101.52,35.12,34.90,34.82,34.81,35.34,35.21,35.08,34.60
135120,1093.36,991.04,1022.24,1008.06,998.68,1008.02,1004.78,1101.58,35.19,35.01,34.86,34.87,35.36,35.26,35.13,34.65
135240,1093.94,991.38,1022.52,1008.42,998.60,1008.52,1005.06,1102.18,35.29,35.09,34.94,34.96,35.43,35.34,35.20,34.72
135360,1094.54,992.04,1022.70,1008.78,998.96,1009.00,1005.28,1102.74,35.41,35.21,35.07,35.06,35.52,35.47,35.29,34.84
135480,1094.52,992.08,1023.14,1009.12,998.78,1009.08,1005.28,1102.86,35.42,35.29,35.05,35.08,35.51,35.45,35.32,34.85
135600,1093.56,991.98,1023.30,1008.94,998.36,1008.94,1005.42,1102.06,35.26,35.20,34.94,34.97,35.39,35.30,35.27,34.77
135720,1093.08,991.36,1023.12,1008.70,998.42,1008.66,1005.20,1101.76,35.15,35.03,34.85,34.89,35.37,35.21,35.18,34.69
135840,1094.04,991.74,1023.06,1008.64,998.68,1008.78,1005.28,1102.50,35.26,35.05,34.96,34.95,35.46,35.35,35.22,34.75
135960,1094.30,992.30,1023.14,1009.06,998.96,1009.22,1005.58,1102.56,35.35,35.17,35.03,35.02,35.51,35.43,35.28,34.83
136080,1093.60,992.28,1023.50,1009.40,998.60,1009.24,1005.70,1102.22,35.30,35.18,34.99,34.99,35.45,35.36,35.27,34.80
136200,1092.90,991.70,1023.50,1009.22,998.46,1008.92,1005.66,1101.96,35.14,35.04,34.85,34.88,35.37,35.20,35.18,34.69
136320,1093.42,991.80,1023.32,1009.02,998.68,1008.96,1005.74,1102.04,35.16,34.98,34.88,34.89,35.43,35.27,35.17,34.70
136440,1093.94,992.10,1023.36,1009.14,998.74,1009.16,1005.84,1102.14,35.25,35.04,34.95,34.94,35.48,35.35,35.21,34.74
136560,1094.28,992.38,1023.52,1009.26,999.12,1009.50,1006.02,1102.42,35.32,35.11,34.99,34.99,35.52,35.40,35.26,34.79
136680,1094.74,992.84,1023.70,1009.46,998.98,1009.82,1006.30,1102.82,35.42,35.20,35.08,35.08,35.59,35.49,35.32,34.88
136800,1095.16,992.94,1023.90,1009.94,998.74,1009.96,1006.54,1103.08,35.45,35.27,35.11,35.12,35.60,35.51,35.37,34.91
136920,1095.86,993.48,1024.18,1010.36,999.40,1010.44,1006.84,1103.86,35.59,35.37,35.24,35.24,35.71,35.64,35.48,35.03
137040,1096.36,994.30,1024.70,1010.54,999.40,1011.10,1006.84,1104.48,35.72,35.52,35.36,35.34,35.80,35.76,35.58,35.15
137160,1096.18,994.46,1025.12,1011.02,999.30,1011.22,1007.28,1104.54,35.71,35.60,35.33,35.34,35.78,35.72,35.59,35.16
137280,1094.92,993.98,1025.16,1011.06,998.72,1010.76,1007.30,1104.02,35.53,35.47,35.20,35.23,35.65,35.57,35.52,35.04
137400,1094.58,993.52,1024.90,1010.98,998.78,1010.52,1007.10,1103.44,35.42,35.27,35.11,35.14,35.64,35.48,35.44,34.96
137520,1094.46,993.60,1024.90,1010.74,999.08,1010.52,1007.14,1103.42,35.42,35.23,35.12,35.13,35.66,35.50,35.42,34.94
137640,1094.48,993.60,1024.90,1010.60,999.08,1010.46,1007.16,1103.28,35.40,35.21,35.11,35.12,35.66,35.49,35.40,34.93
137760,1095.82,994.02,1024.92,1011.10,999.48,1010.90,1007.54,1104.00,35.56,35.31,35.25,35.24,35.77,35.66,35.52,35.05
137880,1096.92,995.04,1025.42,1011.66,999.74,1011.90,1007.94,1104.86,35.77,35.54,35.42,35.41,35.89,35.87,35.67,35.21
138000,1096.90,995.58,1025.90,1012.08,999.60,1012.04,1008.08,1105.12,35.81,35.70,35.46,35.46,35.90,35.88,35.72,35.27
138120,1096.20,995.22,1025.96,1012.28,999.12,1012.02,1008.10,1104.62,35.69,35.66,35.33,35.39,35.81,35.73,35.69,35.20
138240,1094.94,994.32,1025.68,1012.08,999.10,1011.30,1007.98,1103.98,35.50,35.44,35.21,35.25,35.73,35.57,35.57,35.07
138360,1095.26,994.20,1025.78,1012.00,999.34,1011.30,1008.12,1103.92,35.52,35.36,35.24,35.24,35.79,35.61,35.54,35.05
138480,1095.36,994.48,1025.66,1011.88,999.42,1011.44,1008.24,1103.90,35.52,35.36,35.24,35.24,35.79,35.62,35.54,35.04
138600,1095.62,994.58,1025.72,1011.90,999.66,1011.54,1008.34,1104.06,35.57,35.39,35.29,35.29,35.83,35.68,35.57,35.07
138720,1096.34,994.86,1025.86,1012.20,999.60,1011.88,1008.44,1104.40,35.67,35.47,35.37,35.36,35.89,35.76,35.63,35.15
138840,1096.06,995.20,1026.02,1012.48,999.30,1011.68,1008.44,1104.30,35.66,35.51,35.34,35.35,35.85,35.71,35.63,35.14
138960,1094.92,995.02,1026.08,1012.44,999.28,1011.60,1008.32,1103.50,35.49,35.35,35.20,35.23,35.75,35.54,35.55,35.03
139080,1094.54,994.38,1025.76,1012.04,999.02,1011.32,1008.20,1103.32,35.40,35.22,35.13,35.15,35.73,35.50,35.47,34.96
139200,1095.04,994.54,1025.60,1012.04,999.30,1011.14,1008.30,1103.14,35.44,35.23,35.18,35.17,35.77,35.56,35.47,34.97
139320,1094.86,994.60,1025.78,1011.90,999.28,1011.12,1008.30,1103.26,35.45,35.26,35.19,35.17,35.77,35.56,35.47,34.98
139440,1095.28,995.04,1025.82,1012.20,999.34,1011.42,1008.52,1103.32,35.52,35.31,35.25,35.24,35.83,35.62,35.52,35.02
139560,1095.36,994.88,1026.14,1012.28,999.28,1011.46,1008.60,1103.66,35.54,35.36,35.26,35.26,35.83,35.63,35.55,35.04
139680,1096.06,995.26,1026.08,1012.48,999.40,1011.84,1008.84,1104.26,35.63,35.42,35.34,35.33,35.89,35.72,35.60,35.11
139800,1096.82,995.96,1026.22,1012.86,999.54,1012.20,1009.06,1104.78,35.76,35.54,35.45,35.43,35.96,35.85,35.69,35.21
139920,1096.78,995.96,1026.50,1013.36,999.38,1012.28,1009.06,1104.86,35.76,35.61,35.43,35.43,35.94,35.81,35.71,35.21
140040,1095.56,995.54,1026.52,1013.24,999.06,1012.06,1008.94,1104.18,35.60,35.50,35.26,35.30,35.81,35.65,35.64,35.11
140160,1095.20,994.98,1026.46,1012.98,999.16,1011.54,1008.92,1103.74,35.48,35.32,35.19,35.21,35.80,35.55,35.53,35.03
140280,1095.60,995.10,1026.32,1012.96,999.60,1011.72,1008.96,1103.76,35.56,35.34,35.28,35.25,35.86,35.66,35.55,35.06
140400,1095.72,995.64,1026.36,1012.98,999.60,1011.74,1008.98,1103.98,35.59,35.41,35.31,35.29,35.89,35.69,35.59,35.09
140520,1096.48,995.50,1026.40,1013.30,999.58,1012.08,1009.34,1104.58,35.68,35.48,35.38,35.36,35.95,35.76,35.65,35.15
140640,1096.68,996.30,1026.90,1013.40,999.70,1012.26,1009.42,1104.58,35.73,35.55,35.43,35.41,35.98,35.81,35.70,35.19
140760,1097.18,996.58,1027.02,1013.96,999.64,1012.50,1009.66,1104.98,35.82,35.63,35.50,35.49,36.04,35.89,35.77,35.27
140880,1097.30,996.90,1027.36,1014.26,999.80,1012.50,1010.00,1105.00,35.84,35.67,35.50,35.50,36.05,35.89,35.79,35.29
141000,1096.32,996.40,1027.24,1014.12,999.56,1012.52,1009.60,1104.50,35.70,35.60,35.39,35.41,35.92,35.76,35.74,35.22
141120,1095.48,995.80,1027.12,1013.80,999.36,1012.08,1009.42,1104.04,35.52,35.39,35.25,35.27,35.84,35.58,35.64,35.09
141240,1095.36,995.76,1027.16,1013.36,999.32,1011.98,1009.60,1103.92,35.51,35.33,35.26,35.25,35.88,35.62,35.60,35.07
141360,1095.40,995.64,1026.96,1013.26,999.56,1011.92,1009.70,1103.88,35.49,35.32,35.25,35.23,35.86,35.61,35.59,35.05
141480,1095.54,995.68,1026.76,1013.24,999.64,1011.96,1009.62,1104.00,35.53,35.33,35.28,35.25,35.88,35.65,35.60,35.07
141600,1095.56,995.82,1026.92,1013.56,999.62,1011.80,1009.64,1103.90,35.55,35.36,35.30,35.27,35.89,35.65,35.62,35.07
141720,1095.86,995.96,1027.00,1013.56,999.58,1011.86,1009.66,1104.22,35.57,35.38,35.33,35.31,35.91,35.69,35.63,35.10
141840,1096.20,996.16,1027.12,1013.90,999.68,1012.26,1009.80,1104.38,35.66,35.45,35.39,35.36,35.95,35.74,35.67,35.15
141960,1096.22,996.04,1027.22,1013.90,999.72,1012.40,1009.70,1104.34,35.66,35.48,35.38,35.38,35.95,35.73,35.69,35.16
142080,1096.62,996.24,1027.40,1013.90,999.80,1012.38,1010.02,1104.58,35.72,35.52,35.43,35.42,36.00,35.79,35.72,35.20
142200,1096.50,996.42,1027.40,1014.22,999.44,1012.36,1010.08,1104.70,35.71,35.52,35.42,35.42,35.99,35.78,35.72,35.20
142320,1097.04,996.62,1027.44,1014.40,999.96,1012.56,1010.26,1105.06,35.77,35.55,35.49,35.48,36.04,35.83,35.77,35.25
142440,1098.08,997.48,1027.80,1014.68,1000.04,1013.00,1010.70,1105.72,35.96,35.72,35.64,35.60,36.16,36.00,35.88,35.39
142560,1098.20,997.88,1028.24,1014.92,1000.00,1013.36,1010.60,1106.06,36.02,35.86,35.69,35.66,36.18,36.06,35.95,35.47
142680,1097.46,997.76,1028.26,1015.02,999.50,1013.02,1010.80,1105.98,35.92,35.85,35.58,35.59,36.09,35.97,35.92,35.41
142800,1096.34,996.92,1028.14,1014.66,999.46,1012.56,1010.54,1104.94,35.71,35.62,35.42,35.43,35.97,35.74,35.82,35.27
142920,1096.40,996.68,1027.96,1014.62,999.54,1012.60,1010.38,1104.84,35.68,35.51,35.41,35.39,36.01,35.77,35.76,35.23
143040,1096.40,996.84,1027.98,1014.76,999.56,1012.76,1010.26,1104.78,35.71,35.52,35.43,35.41,36.03,35.79,35.75,35.23
143160,1096.30,997.16,1027.82,1014.88,999.60,1012.72,1010.50,1104.86,35.70,35.53,35.45,35.43,36.04,35.80,35.75,35.24
143280,1097.36,997.40,1028.18,1014.94,999.82,1013.06,1011.02,1105.52,35.86,35.61,35.56,35.52,36.13,35.94,35.83,35.32
143400,1097.58,997.86,1028.24,1015.18,999.72,1013.46,1011.12,1105.80,35.92,35.73,35.61,35.59,36.15,35.98,35.88,35.38
143520,1097.02,997.74,1028.46,1015.22,999.62,1013.10,1010.80,1105.46,35.82,35.69,35.52,35.54,36.05,35.87,35.85,35.34
143640,1095.84,997.12,1028.08,1015.06,999.08,1012.64,1010.46,1104.64,35.63,35.48,35.33,35.36,35.95,35.67,35.70,35.20
143760,1096.10,997.00,1028.00,1014.54,999.48,1012.74,1010.46,1104.66,35.62,35.43,35.36,35.36,36.01,35.75,35.69,35.18
143880,1097.34,997.22,1028.12,1014.70,999.54,1012.92,1010.72,1105.32,35.81,35.55,35.51,35.48,36.12,35.93,35.78,35.31
144000,1097.58,997.86,1028.34,1015.18,999.74,1013.26,1011.16,1105.68,35.89,35.69,35.57,35.55,36.14,35.99,35.85,35.37
144120,1097.06,997.90,1028.16,1015.30,999.48,1012.92,1011.14,1105.64,35.82,35.68,35.49,35.49,36.07,35.88,35.83,35.33
144240,1095.62,997.04,1028.20,1015.08,999.10,1012.46,1010.62,1104.50,35.59,35.47,35.30,35.34,35.92,35.67,35.73,35.17
144360,1095.68,996.80,1028.14,1014.78,999.30,1012.38,1010.58,1104.28,35.58,35.38,35.31,35.31,35.96,35.70,35.66,35.14
144480,1096.40,996.98,1028.04,1014.80,999.48,1012.38,1011.14,1104.50,35.66,35.43,35.40,35.36,36.03,35.79,35.69,35.18
144600,1096.34,997.02,1028.04,1014.98,999.30,1012.42,1010.72,1104.64,35.64,35.45,35.38,35.35,35.99,35.76,35.69,35.17
144720,1095.34,996.76,1027.84,1014.74,999.28,1012.12,1010.36,1103.72,35.49,35.32,35.21,35.24,35.87,35.58,35.60,35.07
144840,1095.04,996.30,1027.80,1014.34,999.16,1011.76,1010.22,1103.44,35.38,35.18,35.14,35.14,35.82,35.49,35.52,34.99
144960,1095.06,996.22,1027.76,1014.18,999.22,1011.84,1010.38,1103.32,35.41,35.18,35.17,35.16,35.87,35.54,35.50,34.98
145080,1095.10,996.36,1027.64,1014.20,999.36,1011.90,1010.48,1103.52,35.43,35.21,35.21,35.18,35.89,35.59,35.52,35.00
145200,1096.50,996.74,1027.66,1014.36,999.72,1012.18,1010.62,1104.60,35.66,35.39,35.41,35.36,36.02,35.79,35.65,35.15
145320,1097.40,997.84,1028.12,1015.00,999.74,1012.76,1011.12,1105.38,35.86,35.60,35.55,35.51,36.12,35.94,35.80,35.30
145440,1097.62,997.92,1028.34,1015.30,999.48,1013.08,1011.26,1105.70,35.87,35.72,35.55,35.53,36.08,35.93,35.84,35.33
145560,1096.32,997.46,1028.38,1015.20,999.20,1012.86,1011.20,1105.06,35.70,35.61,35.39,35.43,35.96,35.75,35.78,35.24
145680,1095.66,996.98,1028.00,1014.92,999.32,1012.18,1010.86,1104.26,35.56,35.41,35.27,35.29,35.91,35.64,35.67,35.13
145800,1095.82,996.88,1027.82,1014.86,999.24,1012.10,1010.76,1104.50,35.60,35.37,35.33,35.30,35.97,35.71,35.65,35.14
145920,1096.04,996.98,1027.80,1014.86,999.36,1012.30,1010.92,1104.60,35.64,35.42,35.38,35.35,36.01,35.74,35.68,35.18
146040,1097.22,997.74,1027.98,1015.36,999.72,1012.82,1011.20,1105.46,35.83,35.55,35.54,35.48,36.12,35.91,35.79,35.30
146160,1097.88,998.40,1028.46,1018.52,999.88,1013.42,1011.36,1106.10,35.97,35.73,35.64,35.60,36.18,36.04,35.90,35.42
146280,1097.80,998.34,1028.62,1017.24,999.62,1013.32,1011.38,1106.02,35.94,35.78,35.60,35.60,36.13,35.98,35.90,35.41
146400,1096.70,997.82,1028.58,1015.62,999.04,1012.80,1011.08,1105.18,35.75,35.63,35.44,35.46,36.01,35.79,35.80,35.29
146520,1096.10,997.38,1028.18,1015.16,999.06,1012.50,1010.88,1104.94,35.63,35.45,35.35,35.36,35.99,35.70,35.71,35.19
146640,1096.56,997.56,1028.16,1015.02,999.32,1012.58,1011.10,1104.94,35.71,35.49,35.44,35.42,36.07,35.85,35.73,35.24
146760,1096.80,997.72,1028.28,1015.00,999.30,1012.44,1010.92,1104.88,35.73,35.54,35.46,35.45,36.06,35.86,35.76,35.25
146880,1095.74,997.62,1028.04,1014.94,999.24,1012.24,1010.86,1104.60,35.62,35.46,35.35,35.38,35.97,35.72,35.72,35.18
147000,1095.32,996.94,1027.90,1015.04,999.08,1011.82,1010.58,1103.88,35.45,35.28,35.21,35.24,35.88,35.56,35.61,35.06
147120,1095.12,996.70,1027.60,1014.68,999.20,1011.86,1010.66,1103.76,35.44,35.22,35.21,35.21,35.90,35.58,35.57,35.03
147240,1095.08,996.68,1027.66,1014.48,999.52,1011.76,1010.56,1103.72,35.45,35.21,35.22,35.23,35.90,35.59,35.56,35.03
147360,1095.96,997.04,1027.62,1014.72,999.52,1012.08,1010.82,1104.14,35.59,35.31,35.35,35.31,35.98,35.72,35.63,35.11
147480,1096.40,997.72,1027.60,1014.84,999.64,1012.26,1010.78,1104.86,35.69,35.45,35.41,35.39,36.03,35.80,35.70,35.18
147600,1095.94,997.38,1027.78,1014.92,999.18,1012.50,1010.82,1104.60,35.64,35.45,35.34,35.35,35.95,35.71,35.68,35.16
147720,1095.34,996.92,1027.62,1014.86,999.04,1011.90,1010.54,1104.06,35.46,35.30,35.21,35.23,35.87,35.55,35.59,35.07
147840,1095.68,996.90,1027.48,1014.66,999.12,1011.90,1010.64,1104.10,35.50,35.27,35.25,35.25,35.93,35.62,35.58,35.07
147960,1096.18,997.24,1027.62,1014.74,999.14,1011.84,1010.94,1104.66,35.64,35.38,35.39,35.34,36.01,35.79,35.65,35.17
148080,1096.00,997.32,1027.58,1015.00,999.28,1012.00,1010.74,1104.70,35.66,35.46,35.39,35.37,35.98,35.79,35.69,35.17
148200,1095.40,997.10,1027.38,1014.86,999.16,1011.54,1010.68,1104.24,35.53,35.34,35.26,35.26,35.88,35.63,35.59,35.10
148320,1094.96,996.78,1027.32,1014.36,999.06,1011.26,1010.44,1103.94,35.43,35.20,35.18,35.16,35.84,35.55,35.50,35.02
148440,1095.38,996.76,1027.20,1014.32,999.06,1011.14,1010.54,1103.86,35.47,35.21,35.24,35.19,35.88,35.62,35.51,35.04
148560,1095.38,996.74,1027.22,1014.34,999.16,1011.18,1010.38,1103.84,35.53,35.25,35.28,35.22,35.89,35.65,35.54,35.06
148680,1095.94,997.10,1027.20,1014.52,999.24,1011.40,1010.58,1104.24,35.62,35.33,35.35,35.29,35.95,35.73,35.60,35.13
148800,1096.14,997.14,1027.20,1014.46,999.18,1011.74,1010.68,1104.44,35.67,35.41,35.38,35.33,35.97,35.77,35.63,35.17
148920,1097.16,997.60,1027.42,1014.96,999.30,1011.90,1011.06,1105.28,35.79,35.51,35.50,35.43,36.05,35.90,35.73,35.26
149040,1097.56,998.12,1027.70,1015.12,999.40,1012.22,1011.06,1105.48,35.88,35.63,35.56,35.50,36.08,35.95,35.79,35.34
149160,1096.88,998.02,1027.72,1015.20,999.02,1011.98,1011.16,1105.32,35.82,35.60,35.48,35.46,36.00,35.87,35.78,35.32
149280,1095.78,997.42,1027.66,1014.94,998.72,1011.52,1010.72,1104.70,35.62,35.41,35.31,35.32,35.90,35.68,35.64,35.20
149400,1095.68,997.40,1027.36,1014.84,999.02,1011.44,1010.78,1104.58,35.57,35.32,35.31,35.28,35.91,35.68,35.60,35.17
149520,1096.06,997.20,1027.36,1014.54,999.08,1011.30,1010.86,1104.56,35.60,35.35,35.36,35.30,35.94,35.73,35.61,35.17
149640,1096.28,997.36,1027.38,1014.68,999.16,1011.30,1011.08,1104.48,35.64,35.38,35.39,35.33,35.96,35.75,35.62,35.19
149760,1097.22,997.62,1027.64,1014.96,999.18,1011.80,1011.16,1105.06,35.78,35.50,35.51,35.45,36.07,35.91,35.73,35.29
149880,1097.30,998.10,1027.68,1015.40,999.10,1012.06,1011.04,1105.48,35.84,35.60,35.55,35.51,36.06,35.94,35.79,35.34
150000,1096.64,998.06,1027.72,1015.24,998.96,1011.72,1010.94,1105.02,35.75,35.57,35.46,35.44,35.97,35.82,35.76,35.28
150120,1095.90,997.28,1027.50,1015.02,998.80,1011.58,1010.74,1104.68,35.59,35.39,35.32,35.32,35.90,35.67,35.63,35.18
150240,1095.88,997.46,1027.52,1014.96,998.86,1011.20,1010.90,1104.62,35.62,35.37,35.35,35.32,35.96,35.75,35.63,35.18
150360,1096.18,997.46,1027.44,1014.78,999.14,1011.28,1010.84,1104.74,35.66,35.41,35.39,35.35,35.99,35.77,35.66,35.19
150480,1097.02,997.72,1027.44,1015.12,999.26,1011.52,1010.98,1105.02,35.76,35.50,35.48,35.45,36.05,35.85,35.73,35.28
150600,1097.76,998.48,1027.78,1015.62,999.28,1012.06,1011.46,1105.74,35.94,35.63,35.61,35.56,36.14,35.98,35.83,35.40
150720,1097.66,998.46,1028.04,1015.96,999.24,1012.08,1011.42,1105.84,35.93,35.73,35.61,35.58,36.11,35.98,35.87,35.41
150840,1096.60,998.00,1027.90,1015.82,999.06,1011.80,1011.32,1105.26,35.78,35.60,35.47,35.49,36.00,35.83,35.80,35.34
150960,1096.24,997.46,1027.66,1015.44,998.74,1011.48,1011.10,1104.66,35.64,35.43,35.37,35.36,35.96,35.71,35.69,35.23
151080,1096.10,997.52,1027.50,1015.14,998.96,1011.42,1010.84,1104.54,35.64,35.39,35.37,35.34,35.99,35.74,35.67,35.21
151200,1096.18,997.58,1027.56,1015.16,999.10,1011.30,1011.16,1104.68,35.64,35.40,35.39,35.37,35.99,35.74,35.68,35.21
151320,1096.88,997.86,1027.56,1015.50,999.26,1011.80,1011.08,1105.18,35.78,35.49,35.49,35.46,36.07,35.87,35.76,35.30
151440,1097.18,998.04,1027.78,1015.68,999.28,1011.82,1011.12,1105.30,35.86,35.61,35.55,35.53,36.10,35.92,35.81,35.35
151560,1096.74,998.10,1027.86,1015.86,999.22,1011.74,1011.12,1104.94,35.78,35.56,35.47,35.46,36.02,35.83,35.78,35.30
151680,1095.90,997.72,1027.62,1015.56,998.86,1011.26,1010.86,1104.24,35.62,35.39,35.32,35.35,35.94,35.67,35.66,35.20
151800,1095.92,997.46,1027.64,1015.30,999.00,1011.22,1011.00,1104.08,35.58,35.32,35.31,35.31,35.95,35.66,35.61,35.15
151920,1095.60,997.12,1027.68,1015.18,999.08,1010.78,1010.70,1104.14,35.54,35.28,35.28,35.28,35.92,35.63,35.59,35.12
152040,1096.32,997.54,1027.44,1015.26,999.10,1011.08,1010.90,1104.58,35.64,35.36,35.38,35.36,36.00,35.72,35.65,35.18
152160,1097.02,998.14,1027.84,1015.52,999.34,1011.66,1010.90,1105.16,35.81,35.51,35.52,35.47,36.08,35.89,35.76,35.31
152280,1097.20,998.04,1027.92,1015.76,999.22,1011.78,1011.20,1105.18,35.83,35.61,35.54,35.51,36.07,35.89,35.78,35.33
152400,1096.24,997.86,1027.98,1015.56,998.86,1011.52,1010.94,1104.94,35.71,35.52,35.43,35.42,35.97,35.76,35.72,35.26
152520,1095.86,997.60,1027.60,1015.52,998.94,1011.12,1010.82,1104.42,35.60,35.37,35.33,35.34,35.94,35.68,35.64,35.18
152640,1096.52,997.44,1027.64,1015.38,998.96,1011.16,1010.78,1104.78,35.68,35.41,35.40,35.38,36.00,35.78,35.68,35.22
152760,1096.56,997.78,1027.64,1015.40,999.16,1011.20,1010.92,1104.70,35.73,35.48,35.44,35.42,36.02,35.84,35.71,35.26
152880,1097.12,998.16,1027.88,1015.80,999.30,1011.56,1011.00,1105.32,35.83,35.57,35.54,35.49,36.09,35.92,35.78,35.32
153000,1097.60,998.70,1028.00,1016.16,999.20,1011.62,1011.46,1105.66,35.93,35.69,35.61,35.58,36.14,35.99,35.85,35.40
153120,1097.26,998.56,1028.24,1016.26,999.10,1011.74,1011.24,1105.48,35.89,35.70,35.57,35.55,36.08,35.93,35.85,35.39
153240,1096.14,997.98,1028.10,1016.00,999.18,1011.30,1010.96,1104.56,35.70,35.54,35.41,35.43,35.97,35.77,35.74,35.25
153360,1095.76,997.54,1027.90,1015.80,999.12,1011.00,1010.66,1104.10,35.60,35.41,35.37,35.34,35.95,35.71,35.66,35.15
153480,1095.74,997.46,1027.96,1015.66,999.08,1011.10,1010.96,1104.06,35.56,35.36,35.35,35.32,35.94,35.67,35.62,35.12
153600,1095.92,997.44,1027.54,1015.48,999.10,1011.06,1010.80,1104.22,35.58,35.36,35.35,35.34,35.96,35.71,35.63,35.14
153720,1096.68,997.96,1027.64,1015.64,999.12,1011.16,1011.02,1104.76,35.74,35.46,35.49,35.43,36.06,35.86,35.71,35.24
153840,1096.92,998.28,1027.96,1015.92,999.06,1011.28,1011.12,1105.08,35.82,35.58,35.53,35.49,36.07,35.89,35.78,35.31
153960,1096.36,998.10,1027.82,1015.74,999.12,1011.30,1011.04,1104.84,35.74,35.51,35.43,35.43,35.98,35.78,35.75,35.27
154080,1095.58,997.46,1027.78,1015.56,999.12,1011.02,1010.74,1104.36,35.60,35.38,35.34,35.34,35.94,35.69,35.66,35.19
154200,1096.22,997.56,1027.74,1015.60,999.12,1010.98,1010.72,1104.78,35.67,35.40,35.41,35.37,36.01,35.77,35.69,35.22
154320,1096.50,997.84,1027.72,1015.80,999.14,1011.18,1010.66,1104.90,35.74,35.48,35.46,35.43,36.03,35.83,35.73,35.27
154440,1097.12,997.90,1027.78,1015.84,999.18,1011.34,1011.06,1105.16,35.78,35.53,35.49,35.46,36.06,35.89,35.76,35.30
154560,1097.98,998.70,1027.88,1016.22,999.06,1011.66,1011.36,1105.98,35.98,35.66,35.66,35.62,36.18,36.05,35.88,35.45
154680,1098.80,999.32,1028.34,1016.84,999.06,1012.20,1011.48,1106.66,36.12,35.85,35.78,35.74,36.23,36.15,35.99,35.57
154800,1098.70,999.24,1028.60,1016.90,999.16,1012.26,1011.42,1106.54,36.08,35.89,35.74,35.73,36.19,36.11,36.00,35.57
154920,1097.46,998.76,1028.62,1016.86,999.08,1011.90,1011.54,1105.92,35.91,35.73,35.58,35.59,36.09,35.93,35.90,35.45
155040,1097.06,998.34,1028.44,1016.40,998.94,1011.54,1011.20,1105.48,35.79,35.56,35.49,35.49,36.08,35.85,35.80,35.36
155160,1097.40,998.30,1028.44,1016.42,999.04,1011.60,1011.14,1105.64,35.84,35.58,35.55,35.52,36.12,35.91,35.81,35.37
155280,1097.60,998.82,1028.40,1016.52,999.18,1011.62,1011.38,1105.80,35.90,35.63,35.61,35.58,36.17,35.98,35.85,35.41
155400,1098.56,999.36,1028.64,1016.82,999.22,1012.14,1011.68,1106.60,36.09,35.77,35.77,35.70,36.27,36.13,35.98,35.55
155520,1099.06,999.78,1029.24,1017.08,999.20,1012.56,1011.88,1107.02,36.17,35.92,35.82,35.80,36.29,36.21,36.05,35.62
155640,1098.34,999.78,1029.30,1017.20,999.24,1012.40,1011.74,1106.76,36.08,35.91,35.73,35.74,36.22,36.12,36.02,35.59
155760,1097.20,998.94,1029.04,1016.84,999.22,1011.82,1011.30,1105.96,35.87,35.69,35.58,35.59,36.10,35.92,35.89,35.45
155880,1097.26,998.72,1028.62,1016.58,999.08,1011.70,1011.42,1105.72,35.82,35.59,35.55,35.53,36.12,35.93,35.84,35.40
156000,1097.68,998.94,1028.62,1016.86,999.20,1011.92,1011.80,1105.84,35.91,35.64,35.63,35.60,36.19,36.02,35.88,35.44
156120,1097.62,998.86,1028.94,1016.88,999.18,1011.94,1011.54,1105.58,35.91,35.67,35.61,35.60,36.14,35.98,35.89,35.44
156240,1097.24,998.64,1028.84,1016.70,999.14,1011.52,1011.30,1105.06,35.73,35.54,35.47,35.49,36.04,35.84,35.81,35.35
156360,1097.44,998.42,1028.62,1016.24,999.08,1011.30,1011.34,1104.82,35.64,35.41,35.41,35.40,36.02,35.76,35.70,35.26
156480,1098.08,998.50,1028.48,1016.32,999.14,1011.24,1011.40,1105.00,35.74,35.47,35.48,35.45,36.10,35.88,35.75,35.30
156600,1098.66,998.78,1028.40,1016.36,999.12,1011.56,1011.38,1105.16,35.80,35.54,35.54,35.51,36.11,35.92,35.79,35.34
156720,1099.22,998.94,1028.58,1016.68,998.90,1011.70,1011.66,1105.62,35.91,35.62,35.62,35.58,36.17,36.00,35.86,35.41
156840,1099.66,999.42,1028.76,1016.96,998.96,1011.78,1011.78,1105.94,35.98,35.72,35.67,35.65,36.19,36.06,35.91,35.47
156960,1099.22,999.12,1028.90,1016.98,998.96,1011.78,1011.64,1105.78,35.91,35.71,35.58,35.60,36.12,35.95,35.91,35.42
157080,1097.84,998.80,1028.86,1016.66,998.82,1011.34,1011.36,1105.08,35.74,35.53,35.45,35.46,36.03,35.80,35.79,35.32
157200,1097.92,998.66,1028.74,1016.54,998.76,1011.32,1011.36,1104.94,35.71,35.47,35.45,35.43,36.06,35.81,35.74,35.28
157320,1097.98,998.64,1028.60,1016.56,998.82,1011.20,1011.30,1104.88,35.71,35.45,35.46,35.42,36.06,35.80,35.73,35.27
157440,1098.64,998.56,1028.50,1016.46,998.82,1011.24,1011.74,1105.46,35.79,35.51,35.55,35.48,36.14,35.89,35.78,35.33
157560,1099.94,999.32,1028.62,1017.08,998.84,1011.74,1011.74,1106.22,36.00,35.69,35.70,35.64,36.23,36.05,35.91,35.49
157680,1100.16,999.96,1028.98,1017.12,998.68,1012.06,1011.82,1106.32,36.06,35.83,35.76,35.72,36.25,36.12,35.98,35.55
157800,1099.68,999.68,1029.10,1017.28,998.58,1011.92,1011.80,1105.90,35.98,35.81,35.68,35.65,36.18,36.03,35.95,35.50
157920,1098.64,998.96,1028.74,1016.80,998.70,1011.42,1011.48,1105.26,35.80,35.62,35.51,35.52,36.08,35.85,35.84,35.37
158040,1098.88,998.82,1028.68,1016.72,998.90,1011.42,1011.74,1105.46,35.82,35.57,35.55,35.52,36.13,35.92,35.82,35.36
158160,1099.08,999.18,1028.70,1016.86,998.78,1011.66,1011.96,1105.60,35.90,35.64,35.62,35.57,36.18,36.01,35.87,35.41
158280,1099.06,999.20,1028.76,1016.88,998.68,1011.66,1011.76,1105.58,35.88,35.64,35.59,35.56,36.13,35.97,35.87,35.40
158400,1097.78,998.76,1028.74,1016.72,998.64,1011.24,1011.30,1104.90,35.70,35.50,35.44,35.43,36.02,35.80,35.77,35.31
158520,1097.52,998.34,1028.50,1016.40,998.62,1010.86,1011.26,1104.52,35.63,35.40,35.40,35.37,36.00,35.73,35.70,35.24
158640,1097.54,998.28,1028.38,1016.36,998.58,1010.78,1011.22,1104.68,35.64,35.38,35.41,35.37,36.02,35.75,35.69,35.23
158760,1098.06,998.32,1028.42,1016.32,998.56,1010.84,1011.32,1104.72,35.68,35.41,35.46,35.40,36.06,35.79,35.71,35.26
158880,1098.60,998.84,1028.46,1016.60,998.66,1011.12,1011.40,1104.98,35.79,35.52,35.53,35.49,36.11,35.89,35.78,35.32
159000,1099.10,998.98,1028.52,1016.56,998.66,1011.08,1011.46,1105.34,35.86,35.61,35.59,35.57,36.15,35.96,35.84,35.37
159120,1100.16,999.46,1028.72,1016.98,998.70,1011.74,1011.78,1106.02,36.04,35.72,35.72,35.69,36.24,36.11,35.94,35.49
159240,1100.46,999.92,1028.80,1017.32,998.64,1012.00,1011.84,1106.40,36.12,35.87,35.79,35.75,36.27,36.17,36.02,35.58
159360,1100.00,999.82,1029.24,1017.38,998.90,1011.92,1011.84,1106.38,36.05,35.85,35.71,35.73,36.20,36.10,36.00,35.55
159480,1098.70,999.16,1029.30,1017.36,998.60,1011.44,1011.90,1105.74,35.84,35.67,35.56,35.58,36.11,35.90,35.88,35.42
159600,1098.58,999.32,1028.92,1017.02,998.44,1011.34,1011.46,1105.48,35.80,35.56,35.52,35.52,36.14,35.90,35.82,35.38
159720,1098.58,999.02,1028.80,1016.84,998.46,1011.34,1011.62,1105.42,35.80,35.54,35.54,35.52,36.14,35.90,35.81,35.36
159840,1099.06,999.04,1028.92,1016.90,998.54,1011.16,1011.66,1105.40,35.86,35.59,35.59,35.56,36.17,35.96,35.84,35.39
159960,1099.50,999.28,1028.98,1017.30,998.44,1011.22,1011.88,1105.68,35.93,35.66,35.63,35.61,36.19,36.01,35.89,35.43
160080,1099.82,999.84,1029.18,1017.32,998.50,1011.60,1011.78,1106.02,36.00,35.74,35.71,35.69,36.24,36.07,35.96,35.49
160200,1100.46,1000.34,1029.38,1017.48,998.34,1012.00,1012.14,1106.52,36.10,35.83,35.78,35.76,36.30,36.17,36.02,35.58
160320,1100.08,1000.32,1029.48,1017.68,998.44,1011.94,1012.14,1106.42,36.06,35.86,35.75,35.75,36.25,36.11,36.03,35.57
160440,1099.04,999.80,1029.60,1017.64,998.38,1011.44,1011.92,1105.58,35.90,35.71,35.60,35.60,36.14,35.95,35.94,35.47
160560,1098.50,999.26,1029.26,1017.34,998.20,1010.94,1011.80,1105.50,35.78,35.58,35.53,35.53,36.12,35.87,35.84,35.38
160680,1098.02,999.20,1029.18,1017.06,998.32,1010.82,1011.30,1105.14,35.74,35.49,35.49,35.48,36.10,35.82,35.78,35.33
160800,1097.18,998.98,1028.82,1016.68,998.40,1010.62,1011.08,1104.70,35.60,35.35,35.37,35.37,36.00,35.68,35.68,35.24
160920,1096.82,998.36,1028.52,1016.34,998.38,1010.10,1010.98,1104.02,35.48,35.21,35.25,35.26,35.94,35.59,35.57,35.14
161040,1096.72,998.24,1028.46,1016.34,998.36,1010.02,1010.88,1103.70,35.47,35.18,35.25,35.23,35.94,35.59,35.54,35.11
161160,1096.24,997.98,1028.48,1015.94,998.40,1009.84,1010.68,1103.54,35.39,35.11,35.17,35.15,35.86,35.50,35.47,35.04
161280,1096.44,997.50,1027.74,1015.72,998.52,1009.58,1010.28,1102.86,35.26,34.99,35.06,35.06,35.77,35.38,35.39,34.95
161400,1097.68,997.56,1027.66,1015.54,998.14,1009.58,1010.46,1103.08,35.35,35.07,35.14,35.12,35.83,35.49,35.44,34.99
161520,1098.26,997.82,1027.46,1015.68,998.08,1009.80,1010.38,1103.64,35.51,35.20,35.28,35.22,35.91,35.63,35.53,35.06
161640,1099.40,998.44,1027.64,1016.04,997.90,1010.44,1010.96,1104.36,35.72,35.40,35.47,35.39,36.03,35.79,35.67,35.21
161760,1100.34,999.24,1028.06,1016.40,997.90,1010.82,1011.12,1105.26,35.91,35.62,35.60,35.53,36.10,35.96,35.79,35.35
161880,1100.18,999.30,1028.40,1016.74,998.06,1010.82,1011.04,1105.36,35.91,35.71,35.59,35.55,36.08,35.93,35.84,35.38
162000,1099.06,998.62,1028.50,1016.70,998.06,1010.50,1010.82,1104.60,35.74,35.57,35.45,35.45,35.97,35.77,35.78,35.29
162120,1099.12,998.20,1028.08,1016.30,997.82,1010.42,1010.82,1104.40,35.67,35.46,35.40,35.39,35.98,35.74,35.72,35.23
162240,1099.44,998.42,1028.10,1016.30,997.88,1010.30,1010.86,1104.96,35.79,35.52,35.51,35.46,36.06,35.86,35.77,35.30
162360,1099.84,998.72,1028.32,1016.42,997.90,1010.48,1010.86,1105.20,35.83,35.61,35.55,35.50,36.07,35.91,35.81,35.34
162480,1099.08,998.52,1028.36,1016.64,997.74,1010.38,1010.86,1104.72,35.74,35.56,35.47,35.45,35.99,35.79,35.75,35.29
162600,1098.48,998.22,1028.02,1016.30,997.72,1010.12,1010.60,1104.28,35.59,35.40,35.33,35.33,35.92,35.67,35.66,35.19
162720,1097.02,997.86,1027.90,1016.18,997.78,1009.40,1009.64,1102.68,35.44,35.28,35.30,35.25,35.86,35.60,35.53,34.95
162840,1097.04,998.02,1027.92,1016.16,997.64,1009.58,1009.86,1102.74,35.30,35.29,35.24,35.19,35.81,35.47,35.49,34.81
162960,1098.06,998.46,1028.00,1016.38,997.46,1010.02,1010.80,1103.32,35.44,35.47,35.29,35.27,35.96,35.55,35.61,34.91
163080,1098.60,998.66,1028.28,1016.54,997.58,1010.02,1011.18,1103.56,35.53,35.72,35.31,35.30,36.01,35.57,35.73,34.98
163200,1097.98,998.70,1028.40,1016.98,997.50,1009.78,1011.20,1103.16,35.48,35.85,35.22,35.17,35.91,35.43,35.75,34.94
163320,1097.14,998.02,1028.16,1016.52,997.52,1009.56,1010.70,1102.46,35.35,35.78,35.07,35.02,35.74,35.26,35.68,34.81
163440,1096.82,997.94,1028.18,1016.54,997.52,1009.44,1010.74,1102.12,35.26,35.61,35.00,34.98,35.80,35.23,35.66,34.76
163560,1096.80,997.92,1028.00,1016.38,997.66,1009.30,1010.82,1101.88,35.24,35.58,34.92,34.92,35.78,35.14,35.64,34.71
163680,1096.84,997.64,1027.98,1016.24,997.48,1009.40,1010.74,1101.84,35.23,35.59,34.89,34.90,35.81,35.14,35.66,34.70
163800,1096.62,997.80,1027.94,1016.42,997.60,1009.40,1010.52,1101.60,35.23,35.68,34.86,34.86,35.78,35.10,35.65,34.67
163920,1097.00,997.78,1028.06,1016.46,997.48,1009.38,1010.60,1101.58,35.25,35.76,34.90,34.90,35.85,35.16,35.67,34.68
164040,1096.84,998.02,1028.28,1016.60,997.46,1009.64,1010.70,1101.62,35.29,35.87,34.94,34.93,35.85,35.18,35.69,34.71
164160,1096.80,997.92,1028.08,1016.78,997.48,1009.54,1010.76,1101.52,35.29,35.96,34.96,34.94,35.87,35.21,35.71,34.71
164280,1097.40,998.56,1028.44,1017.18,997.48,1010.00,1011.32,1102.34,35.43,36.05,35.13,35.09,36.03,35.36,35.79,34.83
164400,1097.42,999.22,1028.68,1017.84,997.50,1010.34,1011.42,1102.68,35.48,36.20,35.19,35.16,36.07,35.44,35.85,34.91
164520,1096.84,999.14,1028.66,1018.02,997.48,1010.20,1010.92,1102.52,35.39,36.18,35.17,35.10,35.90,35.37,35.79,34.86
164640,1095.42,998.12,1028.56,1017.94,997.46,1009.40,1008.88,1100.96,35.19,35.99,35.27,34.96,35.63,35.21,35.52,34.65
164760,1094.66,996.90,1028.48,1017.84,997.40,1009.30,1007.74,1100.32,35.02,35.74,35.34,34.87,35.53,35.10,35.28,34.49
164880,1094.06,997.28,1028.38,1017.84,997.40,1009.12,1007.60,1099.60,34.93,35.74,35.23,34.76,35.49,35.00,35.25,34.41
165000,1093.36,997.20,1028.26,1017.84,997.32,1009.10,1007.50,1099.36,34.84,35.69,35.16,34.68,35.46,34.95,35.19,34.33
165120,1093.12,997.24,1028.24,1018.04,997.36,1008.88,1007.06,1099.26,34.79,35.67,35.11,34.64,35.40,34.93,35.15,34.29
165240,1092.48,996.82,1028.20,1017.90,997.32,1008.48,1005.96,1098.38,34.68,35.54,35.23,34.63,35.27,34.92,34.98,34.18
165360,1091.26,995.82,1027.98,1017.68,997.28,1007.80,1003.96,1097.06,34.52,35.26,35.42,34.65,34.98,34.82,34.66,34.01
165480,1090.78,994.68,1027.66,1017.40,997.10,1007.58,1003.64,1096.60,34.41,35.09,35.46,34.62,34.93,34.75,34.51,33.88
165600,1090.10,994.50,1027.22,1017.10,997.10,1007.58,1003.60,1096.08,34.36,35.12,35.21,34.50,34.96,34.65,34.55,33.82
165720,1089.92,994.48,1026.98,1016.74,997.06,1007.42,1004.02,1095.98,34.33,35.16,35.05,34.41,35.02,34.60,34.62,33.81
165840,1089.86,995.00,1026.96,1016.74,996.64,1007.38,1004.00,1096.12,34.33,35.22,34.94,34.36,35.05,34.58,34.68,33.83
165960,1089.98,994.90,1026.68,1016.68,994.56,1007.26,1004.34,1096.00,34.34,35.27,34.84,34.34,35.06,34.58,34.72,33.83
166080,1090.02,995.00,1026.70,1016.98,995.36,1007.60,1004.86,1096.52,34.40,35.34,34.87,34.41,35.19,34.65,34.80,33.92
166200,1090.08,995.22,1026.64,1016.88,995.96,1007.50,1004.72,1096.60,34.41,35.34,34.89,34.40,35.15,34.69,34.80,33.93
166320,1089.48,994.44,1026.54,1016.90,995.86,1007.00,1003.06,1096.20,34.35,35.15,35.06,34.43,34.97,34.67,34.59,33.85
166440,1088.70,993.22,1026.04,1016.60,996.32,1006.54,1001.76,1095.06,34.22,34.94,35.21,34.44,34.79,34.58,34.32,33.69
166560,1088.20,993.14,1025.98,1016.46,996.40,1006.46,1002.04,1094.86,34.17,34.90,35.16,34.39,34.87,34.52,34.31,33.65
166680,1088.02,993.10,1025.72,1016.48,996.38,1006.06,1001.56,1094.74,34.13,34.86,35.20,34.35,34.87,34.52,34.26,33.62
166800,1087.94,992.94,1025.62,1016.56,996.44,1006.32,1001.76,1094.72,34.13,34.87,35.15,34.34,34.89,34.59,34.29,33.63
166920,1087.76,993.14,1025.68,1016.68,996.28,1006.20,1001.78,1094.76,34.12,34.86,35.12,34.33,34.92,34.61,34.28,33.62
167040,1087.86,993.10,1025.56,1016.68,996.50,1006.24,1001.76,1094.86,34.14,34.85,35.19,34.38,34.92,34.68,34.29,33.64
167160,1087.76,993.02,1025.54,1016.62,996.44,1006.20,1001.76,1094.76,34.15,34.85,35.17,34.38,34.94,34.74,34.29,33.65
167280,1087.70,992.94,1025.44,1016.60,996.44,1006.22,1001.40,1094.88,34.16,34.82,35.25,34.45,34.92,34.80,34.27,33.66
167400,1087.94,993.34,1025.48,1016.78,996.68,1006.36,1001.38,1094.90,34.20,34.88,35.18,34.44,34.96,34.86,34.33,33.71
167520,1087.82,993.16,1025.36,1017.00,996.62,1006.22,1001.28,1094.84,34.19,34.84,35.18,34.48,34.89,34.83,34.30,33.70
167640,1087.18,992.10,1025.04,1016.84,996.04,1005.58,999.88,1094.02,34.10,34.69,35.16,34.58,34.64,34.67,34.10,33.57
167760,1086.52,991.42,1024.62,1016.44,996.14,1005.34,999.82,1093.58,33.99,34.57,35.20,34.58,34.53,34.53,33.97,33.45
167880,1086.30,991.60,1024.62,1016.22,996.38,1005.38,999.64,1093.52,33.96,34.58,35.16,34.47,34.67,34.50,34.00,33.44
168000,1086.18,991.74,1024.58,1016.32,996.32,1005.30,999.54,1093.28,33.95,34.54,35.23,34.47,34.64,34.53,33.98,33.43
168120,1086.12,991.88,1024.38,1016.22,996.20,1005.26,999.42,1093.26,33.97,34.57,35.20,34.42,34.72,34.62,34.02,33.46
168240,1086.24,991.78,1024.16,1016.36,996.54,1005.12,999.58,1093.34,33.97,34.55,35.22,34.41,34.73,34.63,34.03,33.47
168360,1086.34,991.76,1024.14,1016.40,996.60,1005.36,999.92,1093.64,34.02,34.63,35.21,34.44,34.83,34.70,34.12,33.54
168480,1086.90,992.58,1024.24,1016.30,996.52,1005.72,999.92,1093.94,34.10,34.74,35.13,34.41,34.87,34.75,34.19,33.62
168600,1086.86,992.34,1024.18,1016.58,996.52,1005.28,999.54,1093.68,34.10,34.72,35.10,34.43,34.81,34.74,34.16,33.62
168720,1086.20,991.46,1023.84,1016.26,996.08,1004.74,998.74,1093.28,34.02,34.58,35.11,34.46,34.58,34.61,34.00,33.51
168840,1086.20,990.82,1023.62,1015.62,996.08,1004.70,998.88,1092.44,33.97,34.53,35.11,34.39,34.56,34.53,33.96,33.44
168960,1086.20,991.22,1023.42,1015.48,996.40,1004.98,999.16,1092.70,33.96,34.61,34.99,34.31,34.68,34.45,34.04,33.46
169080,1086.50,991.46,1023.46,1015.46,996.68,1005.42,999.54,1093.28,34.01,34.71,34.87,34.26,34.75,34.46,34.14,33.53
169200,1087.34,992.30,1023.84,1015.82,996.68,1006.02,1000.08,1093.54,34.13,34.85,34.90,34.32,34.94,34.57,34.27,33.67
169320,1087.46,992.48,1023.88,1016.12,996.66,1005.74,1000.00,1093.52,34.19,34.87,34.90,34.34,34.91,34.67,34.30,33.72
169440,1087.32,991.84,1023.68,1016.08,996.12,1005.08,999.08,1093.16,34.13,34.72,34.98,34.41,34.73,34.63,34.15,33.64
169560,1086.36,990.82,1023.38,1015.62,996.12,1004.74,998.06,1092.16,34.02,34.57,35.03,34.39,34.53,34.51,33.99,33.50
169680,1086.52,990.72,1023.38,1015.54,996.14,1004.90,998.70,1092.44,34.04,34.63,34.97,34.34,34.74,34.51,34.06,33.53
169800,1086.74,991.28,1023.38,1015.66,996.46,1005.22,998.92,1092.70,34.10,34.74,34.89,34.31,34.86,34.53,34.19,33.63
169920,1086.60,991.44,1023.38,1015.68,996.20,1004.94,998.70,1092.64,34.09,34.74,34.85,34.26,34.78,34.51,34.19,33.62
170040,1086.24,990.98,1023.20,1015.24,995.92,1004.38,997.88,1092.00,34.01,34.61,34.94,34.25,34.62,34.46,34.03,33.51
170160,1085.78,990.10,1022.90,1014.86,995.94,1004.36,997.62,1091.46,33.93,34.51,34.96,34.21,34.54,34.43,33.94,33.42
170280,1085.94,990.32,1022.98,1014.68,996.06,1004.50,998.04,1091.66,33.95,34.60,34.83,34.16,34.66,34.40,34.02,33.45
170400,1085.98,990.92,1022.74,1014.82,996.18,1004.74,998.62,1092.12,33.97,34.69,34.72,34.12,34.72,34.38,34.13,33.51
170520,1086.72,991.32,1023.14,1015.30,996.30,1005.04,998.80,1092.74,34.07,34.79,34.75,34.18,34.83,34.48,34.23,33.61
170640,1086.80,991.86,1023.12,1015.38,996.38,1005.10,998.84,1092.48,34.12,34.81,34.76,34.19,34.82,34.57,34.25,33.66
170760,1086.44,991.14,1023.12,1015.38,995.82,1004.64,997.86,1091.92,34.06,34.69,34.83,34.25,34.64,34.55,34.09,33.57
170880,1085.68,990.06,1022.48,1015.02,995.86,1004.36,997.24,1091.20,33.94,34.50,34.88,34.26,34.44,34.42,33.91,33.42
171000,1085.52,990.12,1022.40,1014.92,996.00,1004.38,997.54,1091.06,33.92,34.52,34.79,34.19,34.53,34.37,33.94,33.40
171120,1085.78,990.16,1022.38,1014.78,996.10,1004.48,997.84,1091.14,33.94,34.61,34.68,34.12,34.63,34.33,34.03,33.44
171240,1086.26,991.00,1022.58,1014.88,996.16,1004.98,998.08,1091.96,34.04,34.72,34.71,34.17,34.81,34.42,34.18,33.56
171360,1087.02,991.60,1022.94,1015.26,996.34,1005.26,997.88,1092.26,34.13,34.81,34.75,34.23,34.85,34.54,34.25,33.68
171480,1086.72,991.50,1022.94,1015.64,995.84,1005.14,998.10,1092.04,34.13,34.75,34.78,34.27,34.76,34.58,34.18,33.67
171600,1086.34,990.42,1022.66,1015.18,995.64,1004.46,997.36,1091.22,34.04,34.57,34.86,34.32,34.53,34.48,34.01,33.53
171720,1086.12,990.04,1022.40,1015.02,995.64,1004.38,997.36,1091.00,33.97,34.51,34.88,34.29,34.51,34.42,33.93,33.45
171840,1086.36,990.50,1022.40,1014.82,995.92,1004.88,997.68,1091.28,34.04,34.62,34.82,34.26,34.74,34.45,34.07,33.55
171960,1086.36,990.86,1022.42,1015.02,996.06,1004.80,997.62,1091.56,34.07,34.69,34.78,34.21,34.75,34.50,34.13,33.58
172080,1086.14,990.78,1022.46,1015.02,995.52,1004.70,997.44,1091.06,34.02,34.59,34.84,34.22,34.62,34.47,34.03,33.52
172200,1085.80,989.90,1022.14,1014.60,995.46,1004.14,996.70,1090.42,33.91,34.44,34.88,34.22,34.45,34.40,33.87,33.38
172320,1085.34,989.48,1022.02,1014.22,995.50,1004.18,996.78,1090.06,33.87,34.44,34.80,34.15,34.51,34.35,33.89,33.35
172440,1085.12,989.74,1021.82,1013.82,995.64,1004.30,996.76,1089.84,33.84,34.48,34.63,34.01,34.50,34.25,33.91,33.33
172560,1085.44,990.06,1021.82,1014.04,996.04,1004.42,996.96,1090.52,33.89,34.57,34.58,34.01,34.67,34.28,34.03,33.39
172680,1086.00,990.76,1021.96,1014.46,996.00,1004.82,997.10,1091.24,33.98,34.67,34.62,34.07,34.75,34.40,34.12,33.52
172800,1085.96,990.70,1021.96,1014.48,995.86,1004.74,996.96,1091.34,33.99,34.62,34.67,34.11,34.66,34.45,34.08,33.53
172920,1085.46,990.04,1021.54,1014.42,995.38,1004.06,996.32,1090.38,33.91,34.46,34.74,34.21,34.44,34.37,33.91,33.42
173040,1085.12,989.34,1021.48,1014.06,995.44,1003.84,996.24,1090.26,33.85,34.38,34.78,34.19,34.39,34.30,33.83,33.32
173160,1085.20,989.78,1021.56,1014.06,995.74,1004.16,996.30,1090.58,33.89,34.50,34.70,34.15,34.56,34.32,33.93,33.39
173280,1085.24,990.10,1021.58,1014.14,995.82,1004.32,996.34,1090.56,33.91,34.56,34.65,34.08,34.57,34.31,33.98,33.43
173400,1084.96,989.82,1021.26,1014.10,995.38,1003.88,995.98,1090.20,33.86,34.46,34.69,34.09,34.46,34.29,33.86,33.37
173520,1084.48,988.98,1021.18,1013.80,995.18,1003.44,995.70,1089.60,33.76,34.28,34.74,34.11,34.26,34.17,33.72,33.23
173640,1084.44,988.80,1021.14,1013.44,995.42,1003.58,995.42,1089.60,33.77,34.30,34.66,34.06,34.40,34.16,33.81,33.25
173760,1084.62,989.54,1021.14,1013.60,995.58,1003.74,995.36,1089.70,33.80,34.38,34.57,34.00,34.50,34.22,33.89,33.31
173880,1084.82,989.72,1021.08,1013.78,995.94,1004.14,995.38,1089.70,33.83,34.36,34.56,34.08,34.59,34.30,33.90,33.33
174000,1086.22,990.22,1021.28,1013.88,996.06,1004.68,995.82,1090.84,34.06,34.51,34.58,34.22,34.77,34.47,34.08,33.53
174120,1087.10,989.96,1021.28,1014.00,995.88,1004.72,996.06,1091.84,34.21,34.63,34.53,34.26,34.82,34.58,34.21,33.68
174240,1087.48,989.86,1021.18,1013.52,995.78,1004.62,996.42,1092.08,34.24,34.64,34.47,34.25,34.82,34.59,34.31,33.73
174360,1088.62,989.78,1021.00,1013.02,995.76,1004.82,996.86,1093.06,34.42,34.64,34.53,34.39,34.93,34.76,34.45,33.88
174480,1089.86,990.46,1021.10,1013.14,996.02,1004.86,997.20,1093.62,34.65,34.77,34.61,34.52,35.05,34.91,34.62,34.08
174600,1090.80,991.10,1021.28,1013.26,996.08,1005.64,997.78,1094.74,34.83,34.93,34.70,34.65,35.14,35.02,34.77,34.25
174720,1091.68,991.58,1021.60,1013.70,996.18,1006.08,998.22,1095.68,35.11,35.09,34.87,34.82,35.27,35.19,34.96,34.47
174840,1091.26,992.36,1021.92,1014.16,996.10,1006.48,998.38,1096.08,35.20,35.30,34.94,34.91,35.33,35.26,35.05,34.61
174960,1090.70,992.40,1021.90,1014.40,996.24,1006.48,998.78,1096.20,35.15,35.33,34.89,34.89,35.29,35.22,35.05,34.59
175080,1089.98,991.86,1021.72,1014.04,996.00,1006.26,998.98,1095.74,35.03,35.21,34.83,34.81,35.25,35.16,35.02,34.52
175200,1090.78,991.84,1021.70,1014.04,995.98,1006.60,999.38,1096.52,35.12,35.14,34.90,34.88,35.32,35.31,35.07,34.58
175320,1091.04,992.78,1022.24,1014.14,996.12,1006.84,999.74,1097.00,35.22,35.23,34.97,34.94,35.40,35.38,35.14,34.68
175440,1091.72,993.12,1022.34,1014.42,996.06,1007.24,1000.30,1097.36,35.29,35.32,35.02,35.02,35.45,35.44,35.19,34.74
175560,1093.16,993.96,1022.46,1014.62,996.14,1007.78,1000.58,1098.60,35.51,35.46,35.19,35.18,35.58,35.59,35.35,34.93
175680,1093.64,994.48,1023.10,1015.32,996.24,1008.12,1001.56,1099.26,35.64,35.61,35.32,35.30,35.64,35.67,35.46,35.07
175800,1093.54,994.58,1023.28,1015.58,996.04,1008.22,1001.44,1099.24,35.60,35.70,35.29,35.28,35.63,35.63,35.45,35.06
175920,1092.28,994.38,1023.20,1015.66,995.62,1008.06,1001.34,1098.70,35.42,35.57,35.14,35.16,35.53,35.47,35.36,34.92
176040,1091.94,993.58,1023.22,1015.12,995.72,1007.74,1001.56,1098.64,35.32,35.35,35.08,35.08,35.52,35.44,35.30,34.84
176160,1092.56,994.26,1023.22,1015.00,996.04,1007.98,1002.20,1098.92,35.42,35.32,35.16,35.14,35.60,35.56,35.34,34.90
176280,1092.92,994.44,1023.42,1015.20,995.98,1008.40,1002.30,1099.30,35.47,35.42,35.19,35.18,35.61,35.60,35.37,34.95
176400,1092.46,994.28,1023.54,1015.32,995.78,1008.24,1002.50,1099.30,35.38,35.41,35.11,35.10,35.53,35.52,35.34,34.89
176520,1091.44,994.12,1023.54,1014.98,995.72,1008.20,1002.62,1098.58,35.21,35.24,34.98,35.00,35.45,35.33,35.25,34.76
176640,1092.08,993.78,1023.60,1014.68,995.86,1007.88,1002.68,1098.74,35.25,35.15,35.02,35.01,35.52,35.41,35.24,34.76
176760,1092.58,994.54,1023.56,1014.78,996.04,1008.20,1002.94,1099.44,35.36,35.21,35.09,35.08,35.58,35.51,35.29,34.84
176880,1093.50,995.44,1023.78,1014.98,996.20,1008.58,1003.26,1100.32,35.50,35.35,35.20,35.18,35.67,35.61,35.41,34.95
177000,1094.20,995.84,1024.40,1015.44,996.34,1009.00,1004.00,1101.18,35.66,35.53,35.32,35.31,35.76,35.74,35.53,35.10
177120,1094.14,996.26,1024.60,1015.62,996.22,1009.30,1004.14,1101.08,35.66,35.67,35.33,35.34,35.75,35.73,35.55,35.13
177240,1093.30,996.04,1024.42,1015.80,995.88,1009.14,1004.08,1100.58,35.50,35.62,35.22,35.23,35.65,35.58,35.50,35.03
177360,1093.12,995.34,1024.32,1015.42,995.86,1008.96,1004.10,1100.12,35.38,35.40,35.13,35.15,35.61,35.48,35.42,34.92
177480,1092.96,995.40,1024.28,1015.40,995.96,1008.88,1004.36,1099.86,35.39,35.31,35.12,35.13,35.63,35.51,35.39,34.90
177600,1093.10,995.46,1024.36,1015.40,995.92,1008.86,1004.66,1100.10,35.36,35.27,35.11,35.11,35.62,35.48,35.37,34.88
177720,1093.64,995.78,1024.48,1015.52,996.18,1008.98,1004.84,1100.56,35.47,35.29,35.19,35.17,35.69,35.58,35.42,34.96
177840,1094.16,996.34,1024.74,1015.66,996.18,1008.98,1005.18,1101.02,35.54,35.40,35.24,35.22,35.71,35.63,35.46,35.00
177960,1094.54,996.62,1024.82,1015.82,996.14,1009.32,1005.78,1101.38,35.61,35.46,35.29,35.28,35.76,35.69,35.51,35.07
178080,1094.94,997.10,1025.06,1016.18,996.42,1009.50,1005.94,1101.84,35.68,35.54,35.36,35.34,35.80,35.75,35.59,35.13
178200,1094.96,997.08,1025.14,1016.22,996.32,1009.76,1006.18,1101.98,35.69,35.58,35.37,35.36,35.82,35.76,35.60,35.15
178320,1095.74,997.22,1025.50,1016.64,996.32,1010.12,1006.24,1102.44,35.79,35.62,35.46,35.44,35.91,35.86,35.66,35.24
178440,1096.08,998.08,1025.92,1016.96,996.36,1010.32,1006.76,1102.48,35.84,35.72,35.51,35.50,35.94,35.92,35.72,35.30
178560,1095.58,997.90,1025.86,1016.98,996.30,1010.24,1006.82,1102.46,35.77,35.73,35.45,35.45,35.87,35.81,35.69,35.25
178680,1094.64,997.26,1025.78,1016.62,995.84,1009.72,1006.80,1101.76,35.55,35.54,35.28,35.30,35.76,35.63,35.59,35.11
178800,1095.34,997.04,1025.68,1016.66,996.00,1009.74,1006.72,1101.74,35.54,35.41,35.28,35.27,35.78,35.64,35.55,35.08
178920,1095.58,997.20,1025.92,1016.56,996.34,1009.94,1006.92,1102.02,35.64,35.45,35.35,35.33,35.85,35.74,35.59,35.13
179040,1095.44,997.56,1025.76,1016.60,996.34,1009.72,1007.32,1101.92,35.62,35.48,35.32,35.32,35.83,35.71,35.59,35.12
179160,1095.06,997.44,1025.88,1016.58,996.18,1009.52,1007.06,1101.70,35.47,35.39,35.19,35.21,35.71,35.55,35.52,35.02
179280,1094.36,997.02,1025.78,1016.08,996.10,1009.36,1007.08,1101.38,35.37,35.24,35.11,35.12,35.69,35.46,35.44,34.93
179400,1094.10,996.80,1025.58,1015.72,996.08,1009.06,1007.12,1101.04,35.33,35.16,35.08,35.08,35.67,35.44,35.38,34.88
179520,1093.38,996.54,1025.44,1015.66,996.14,1008.78,1007.00,1100.42,35.20,35.04,34.97,34.99,35.57,35.32,35.31,34.80
179640,1092.66,996.32,1025.10,1015.26,995.74,1008.48,1006.88,1100.04,35.07,34.91,34.87,34.89,35.52,35.20,35.20,34.70
179760,1092.46,996.20,1024.88,1014.90,995.86,1008.14,1006.80,1099.50,35.04,34.84,34.84,34.84,35.49,35.16,35.15,34.64
179880,1091.98,995.76,1024.72,1014.76,995.76,1007.74,1006.74,1098.98,34.93,34.74,34.71,34.75,35.38,35.03,35.06,34.56
180000,1091.94,995.36,1024.24,1014.36,995.82,1007.84,1006.86,1098.98,34.91,34.68,34.69,34.69,35.38,35.03,35.01,34.52
180120,1093.02,995.56,1024.46,1014.34,996.22,1008.10,1006.90,1099.70,35.06,34.80,34.85,34.80,35.51,35.23,35.10,34.62
180240,1093.72,996.28,1024.48,1014.36,996.28,1008.36,1007.20,1100.20,35.22,35.00,34.99,34.92,35.59,35.38,35.20,34.72
180360,1094.90,996.86,1024.94,1015.02,996.52,1008.78,1007.72,1101.02,35.42,35.19,35.15,35.07,35.70,35.51,35.34,34.89
180480,1095.50,997.46,1025.22,1015.32,996.56,1009.42,1007.86,1101.48,35.55,35.38,35.23,35.19,35.76,35.63,35.45,35.00
180600,1095.44,997.40,1025.36,1015.64,996.20,1009.28,1007.72,1101.44,35.51,35.42,35.20,35.18,35.72,35.57,35.47,34.98
180720,1094.36,997.12,1025.24,1015.50,996.08,1008.78,1007.66,1100.94,35.36,35.29,35.08,35.08,35.62,35.42,35.41,34.89
180840,1094.36,997.00,1025.20,1015.38,996.14,1008.80,1007.68,1100.98,35.40,35.23,35.13,35.11,35.67,35.48,35.40,34.91
180960,1095.42,997.52,1025.46,1015.38,996.30,1009.08,1007.84,1101.58,35.52,35.31,35.23,35.18,35.75,35.62,35.46,35.01
181080,1095.44,997.48,1025.44,1015.62,996.44,1009.22,1008.28,1101.54,35.53,35.39,35.22,35.20,35.73,35.61,35.50,35.01
181200,1094.60,997.16,1025.32,1015.58,996.38,1009.08,1007.96,1101.26,35.40,35.29,35.11,35.11,35.65,35.48,35.45,34.94
181320,1094.32,997.00,1025.20,1015.32,996.10,1008.72,1007.92,1100.94,35.34,35.18,35.07,35.07,35.65,35.44,35.40,34.89
181440,1094.42,997.04,1025.20,1015.28,996.22,1008.82,1008.04,1101.18,35.39,35.19,35.12,35.10,35.70,35.50,35.40,34.92
181560,1094.66,997.56,1025.44,1015.34,996.30,1009.06,1008.40,1101.44,35.44,35.24,35.17,35.13,35.71,35.54,35.43,34.94
181680,1095.34,997.78,1025.38,1015.50,996.34,1009.36,1008.52,1101.80,35.55,35.34,35.26,35.22,35.79,35.65,35.50,35.02
181800,1096.00,998.16,1025.58,1015.78,996.30,1009.44,1008.62,1102.14,35.62,35.41,35.31,35.28,35.83,35.68,35.55,35.09
181920,1096.76,998.68,1025.98,1016.02,996.40,1009.58,1009.38,1102.78,35.75,35.52,35.44,35.38,35.93,35.81,35.64,35.20
182040,1097.14,999.00,1026.42,1016.66,996.26,1009.94,1009.44,1102.96,35.82,35.64,35.48,35.45,35.95,35.86,35.71,35.26
182160,1096.62,998.90,1026.46,1016.70,996.50,1009.92,1009.22,1102.74,35.74,35.63,35.40,35.38,35.88,35.76,35.68,35.21
182280,1095.64,998.26,1026.42,1016.58,996.28,1009.42,1009.28,1102.10,35.55,35.45,35.25,35.28,35.79,35.60,35.57,35.09
182400,1094.74,998.04,1025.92,1016.30,996.16,1009.06,1009.02,1101.70,35.43,35.27,35.15,35.18,35.74,35.48,35.48,35.00
182520,1093.50,997.54,1025.82,1015.88,996.10,1008.68,1008.94,1101.00,35.27,35.09,35.03,35.04,35.64,35.31,35.36,34.87
182640,1093.22,997.16,1025.72,1015.60,996.20,1008.26,1008.68,1100.24,35.14,34.92,34.90,34.92,35.58,35.22,35.24,34.78
182760,1094.00,997.22,1025.40,1015.42,996.36,1008.56,1008.76,1100.78,35.30,35.02,35.04,35.02,35.69,35.44,35.30,34.86
182880,1095.14,997.88,1025.22,1015.60,996.46,1008.86,1009.22,1101.44,35.48,35.22,35.17,35.14,35.78,35.58,35.42,34.97
183000,1095.08,997.92,1025.74,1015.72,996.28,1009.00,1009.14,1101.50,35.49,35.33,35.19,35.17,35.74,35.58,35.47,35.01
183120,1094.44,997.88,1025.80,1015.88,996.34,1008.86,1009.06,1101.08,35.37,35.25,35.07,35.08,35.64,35.43,35.42,34.92
183240,1094.26,997.18,1025.70,1015.54,996.44,1008.96,1009.10,1101.10,35.34,35.15,35.07,35.05,35.67,35.43,35.39,34.89
183360,1094.88,997.64,1025.76,1015.52,996.34,1008.96,1009.08,1101.20,35.43,35.20,35.15,35.12,35.75,35.53,35.43,34.94
183480,1095.24,998.06,1025.88,1015.78,996.28,1008.92,1009.42,1101.66,35.50,35.27,35.21,35.19,35.79,35.58,35.47,35.00
183600,1096.18,998.50,1026.36,1016.06,996.20,1009.58,1009.76,1102.52,35.68,35.42,35.35,35.31,35.88,35.75,35.58,35.14
183720,1096.84,999.16,1026.58,1016.46,996.26,1010.00,1009.96,1103.00,35.78,35.59,35.44,35.41,35.93,35.83,35.67,35.23
183840,1096.20,999.00,1026.68,1016.72,996.28,1009.94,1009.96,1102.88,35.70,35.61,35.39,35.39,35.87,35.75,35.67,35.19
183960,1095.66,998.38,1026.54,1016.42,996.28,1009.46,1009.80,1102.24,35.56,35.46,35.27,35.26,35.79,35.60,35.62,35.10
184080,1095.58,998.32,1026.54,1016.38,996.38,1009.62,1009.94,1102.18,35.57,35.39,35.29,35.27,35.86,35.67,35.59,35.10
184200,1096.00,998.88,1026.56,1016.50,996.28,1009.82,1009.96,1102.46,35.63,35.43,35.34,35.32,35.89,35.74,35.61,35.14
184320,1096.42,998.92,1026.48,1016.72,996.40,1009.76,1010.26,1102.86,35.71,35.48,35.41,35.37,35.94,35.78,35.65,35.19
184440,1096.78,999.22,1026.80,1016.80,996.34,1009.98,1010.36,1103.30,35.79,35.56,35.46,35.44,35.97,35.85,35.71,35.25
184560,1097.18,999.52,1026.90,1016.78,996.40,1010.34,1010.34,1103.36,35.83,35.62,35.50,35.48,36.01,35.88,35.75,35.30
184680,1097.44,999.94,1027.18,1017.10,996.50,1010.38,1010.56,1103.94,35.90,35.70,35.57,35.55,36.07,35.95,35.81,35.36
184800,1097.52,1000.16,1027.30,1017.60,996.50,1010.60,1010.88,1103.96,35.93,35.75,35.59,35.59,36.09,35.98,35.85,35.39
184920,1098.60,1000.74,1027.64,1017.74,996.70,1011.28,1011.08,1104.70,36.07,35.84,35.75,35.70,36.19,36.11,35.95,35.51
185040,1099.04,1001.24,1028.08,1018.46,996.60,1011.54,1011.30,1105.18,36.16,35.97,35.81,35.77,36.24,36.18,36.03,35.60
185160,1098.58,1001.02,1028.26,1018.56,996.86,1011.38,1011.32,1104.90,36.10,36.00,35.74,35.73,36.18,36.10,36.01,35.57
185280,1097.28,1000.64,1028.36,1018.30,996.84,1010.98,1011.34,1104.18,35.90,35.83,35.59,35.60,36.07,35.92,35.91,35.44
185400,1097.04,1000.28,1027.94,1018.04,996.72,1010.66,1011.22,1103.86,35.81,35.66,35.54,35.53,36.08,35.88,35.84,35.37
185520,1097.04,1000.28,1028.08,1018.04,996.70,1010.58,1011.38,1103.74,35.85,35.66,35.57,35.54,36.11,35.93,35.83,35.38
185640,1097.54,1000.46,1028.32,1018.16,996.76,1010.56,1011.62,1104.14,35.89,35.68,35.61,35.58,36.15,35.96,35.85,35.40
185760,1098.66,1001.00,1028.54,1018.50,996.68,1011.02,1011.78,1104.86,36.08,35.81,35.76,35.72,36.24,36.13,35.96,35.53
185880,1099.20,1001.84,1029.06,1018.82,996.68,1011.56,1012.22,1105.56,36.19,35.98,35.85,35.81,36.30,36.23,36.06,35.63
186000,1098.90,1001.92,1029.22,1019.02,996.90,1011.60,1012.30,1105.34,36.13,36.01,35.79,35.79,36.25,36.15,36.05,35.62
186120,1097.72,1001.24,1029.20,1018.98,996.74,1011.06,1012.14,1104.54,35.96,35.85,35.65,35.66,36.13,35.96,35.95,35.49
186240,1097.38,1000.86,1029.02,1018.88,996.78,1011.08,1012.12,1104.28,35.87,35.70,35.60,35.59,36.15,35.95,35.88,35.43
186360,1097.60,1000.94,1028.80,1018.60,996.78,1011.04,1012.12,1104.24,35.92,35.70,35.65,35.61,36.20,36.02,35.89,35.45
186480,1097.66,1000.96,1028.82,1018.72,996.96,1011.14,1012.48,1104.20,35.92,35.72,35.64,35.62,36.18,36.02,35.90,35.45
186600,1098.16,1001.26,1028.76,1018.68,996.94,1011.26,1012.36,1104.58,36.00,35.76,35.69,35.68,36.22,36.07,35.93,35.49
186720,1098.16,1001.40,1029.16,1018.94,997.08,1011.44,1012.50,1104.66,36.02,35.81,35.71,35.69,36.23,36.09,35.95,35.51
186840,1098.50,1001.62,1029.36,1018.96,997.08,1011.68,1012.66,1104.88,36.05,35.85,35.74,35.72,36.26,36.13,35.99,35.54
186960,1098.68,1001.98,1029.60,1019.10,997.04,1012.00,1012.94,1105.14,36.12,35.92,35.82,35.77,36.32,36.19,36.04,35.60
187080,1098.48,1001.80,1029.80,1019.24,996.96,1011.88,1012.92,1105.10,36.08,35.91,35.77,35.75,36.28,36.12,36.05,35.57
187200,1097.42,1001.40,1029.84,1019.08,996.88,1011.54,1012.68,1104.36,35.91,35.76,35.61,35.63,36.13,35.95,35.93,35.46
187320,1096.70,1001.00,1029.40,1018.78,996.92,1010.96,1012.32,1103.78,35.78,35.60,35.51,35.51,36.09,35.85,35.84,35.36
187440,1097.44,1001.12,1029.20,1018.62,996.90,1011.00,1012.54,1104.04,35.88,35.63,35.61,35.56,36.18,35.97,35.86,35.41
187560,1097.54,1001.28,1029.16,1018.74,996.94,1011.28,1012.58,1104.28,35.93,35.71,35.64,35.61,36.19,36.03,35.90,35.44
187680,1097.06,1001.32,1029.14,1018.64,997.02,1011.22,1012.62,1104.02,35.86,35.67,35.56,35.54,36.10,35.93,35.88,35.40
187800,1096.06,1000.76,1029.16,1018.46,997.02,1010.64,1012.00,1103.40,35.69,35.51,35.40,35.42,36.02,35.75,35.75,35.28
187920,1096.48,1000.64,1028.94,1018.40,997.10,1010.82,1012.50,1103.46,35.72,35.48,35.45,35.43,36.10,35.85,35.75,35.30
188040,1097.32,1001.20,1028.94,1018.46,997.04,1010.98,1012.66,1104.04,35.86,35.60,35.58,35.53,36.17,36.01,35.82,35.38
188160,1097.40,1001.42,1028.96,1018.68,997.16,1010.92,1012.80,1104.00,35.88,35.68,35.57,35.57,36.13,35.99,35.85,35.40
188280,1096.72,1001.12,1028.92,1018.60,997.12,1010.78,1012.70,1103.62,35.78,35.59,35.46,35.49,36.03,35.84,35.79,35.33
188400,1096.14,1000.40,1028.90,1018.18,997.20,1010.44,1012.54,1103.14,35.67,35.45,35.38,35.38,36.01,35.75,35.70,35.25
188520,1096.26,1000.44,1028.58,1018.02,997.34,1010.48,1012.54,1103.16,35.72,35.47,35.45,35.42,36.06,35.82,35.71,35.27
188640,1096.66,1000.78,1028.60,1018.12,997.32,1010.56,1012.76,1103.30,35.75,35.51,35.50,35.46,36.07,35.85,35.74,35.29
188760,1097.34,1000.88,1028.64,1018.26,997.34,1010.74,1012.70,1103.60,35.87,35.60,35.58,35.53,36.13,35.95,35.80,35.36
188880,1097.76,1001.20,1028.80,1018.42,997.42,1010.84,1012.92,1103.96,35.93,35.69,35.63,35.58,36.15,35.99,35.86,35.42
189000,1098.56,1001.68,1028.76,1018.68,997.30,1011.10,1013.12,1104.56,36.02,35.77,35.73,35.67,36.23,36.08,35.94,35.50
189120,1099.08,1002.08,1029.04,1019.10,997.26,1011.44,1013.32,1105.22,36.16,35.91,35.82,35.78,36.31,36.19,36.02,35.62
189240,1099.04,1002.16,1029.12,1019.24,997.18,1011.54,1013.28,1105.20,36.14,35.97,35.80,35.78,36.28,36.17,36.04,35.62
189360,1097.76,1001.80,1029.12,1019.14,997.20,1011.18,1013.06,1104.76,36.00,35.85,35.68,35.68,36.17,36.02,35.97,35.53
189480,1097.02,1001.32,1029.10,1018.92,997.08,1010.78,1013.02,1104.04,35.83,35.66,35.56,35.56,36.11,35.89,35.87,35.42
189600,1096.18,1000.80,1029.08,1018.62,997.24,1010.40,1012.92,1103.62,35.69,35.48,35.46,35.44,36.04,35.76,35.76,35.32
189720,1095.98,1000.30,1028.46,1018.14,997.24,1009.78,1012.52,1102.62,35.50,35.29,35.28,35.29,35.94,35.59,35.62,35.19
189840,1096.22,1000.26,1028.30,1017.62,997.28,1009.92,1012.42,1102.78,35.53,35.26,35.30,35.25,35.96,35.63,35.58,35.17
189960,1096.48,1000.46,1028.18,1017.50,997.24,1010.06,1012.38,1102.86,35.63,35.35,35.37,35.32,36.01,35.74,35.63,35.20
190080,1097.26,1000.62,1028.24,1017.70,997.18,1010.12,1012.62,1103.42,35.71,35.45,35.46,35.41,36.05,35.82,35.69,35.25
190200,1098.46,1001.14,1028.26,1018.08,997.28,1010.30,1012.82,1104.20,35.87,35.58,35.57,35.51,36.14,35.94,35.78,35.37
190320,1098.42,1001.34,1028.48,1018.62,997.28,1010.34,1012.90,1104.50,35.92,35.70,35.62,35.56,36.15,35.98,35.84,35.41
190440,1097.56,1000.94,1028.62,1018.22,997.24,1010.44,1012.72,1103.90,35.82,35.63,35.51,35.49,36.06,35.86,35.80,35.35
190560,1096.86,1000.36,1028.38,1018.14,997.08,1010.02,1012.44,1103.62,35.70,35.49,35.43,35.42,36.03,35.76,35.71,35.27
190680,1096.86,1000.38,1028.22,1017.86,997.16,1009.86,1012.72,1103.36,35.68,35.46,35.43,35.40,36.05,35.77,35.68,35.25
190800,1096.38,1000.46,1028.12,1017.82,997.06,1009.72,1012.46,1103.32,35.61,35.39,35.35,35.34,35.98,35.67,35.64,35.20
190920,1096.16,1000.16,1027.86,1017.62,997.16,1009.52,1012.18,1102.82,35.51,35.28,35.28,35.26,35.92,35.59,35.56,35.13
191040,1095.68,999.94,1027.90,1017.28,997.16,1009.14,1012.18,1102.58,35.47,35.20,35.24,35.22,35.88,35.54,35.51,35.08
191160,1095.00,999.52,1027.84,1016.76,997.18,1008.72,1011.50,1102.06,35.36,35.09,35.11,35.12,35.80,35.40,35.40,35.00
191280,1095.20,999.14,1027.36,1016.58,997.20,1008.70,1011.64,1102.22,35.32,35.08,35.12,35.09,35.82,35.44,35.39,34.98
191400,1096.84,999.64,1027.36,1016.88,997.28,1009.56,1012.10,1103.24,35.62,35.29,35.41,35.27,35.98,35.74,35.56,35.16
191520,1098.50,1000.74,1027.60,1017.26,997.14,1009.84,1012.58,1104.78,35.93,35.62,35.64,35.52,36.12,35.98,35.79,35.40
191640,1099.14,1001.28,1028.08,1018.06,997.16,1010.28,1012.54,1105.24,36.04,35.84,35.71,35.65,36.15,36.08,35.89,35.51
191760,1098.34,1001.08,1028.16,1018.14,997.12,1010.22,1012.60,1104.94,35.97,35.80,35.63,35.61,36.08,35.96,35.89,35.47
191880,1097.82,1000.42,1028.22,1018.08,997.24,1010.02,1012.36,1104.28,35.82,35.64,35.53,35.50,36.04,35.85,35.81,35.38
192000,1097.74,1000.54,1027.96,1018.00,997.26,1009.92,1012.60,1104.30,35.84,35.59,35.55,35.51,36.09,35.91,35.79,35.37
192120,1097.64,1000.80,1028.00,1018.04,997.24,1009.90,1012.46,1104.38,35.85,35.60,35.56,35.52,36.09,35.91,35.80,35.37
192240,1098.36,1000.90,1028.02,1018.06,997.14,1010.06,1012.70,1104.46,35.91,35.63,35.61,35.56,36.14,35.97,35.84,35.41
192360,1098.62,1001.22,1028.46,1018.20,997.14,1010.12,1012.70,1104.58,35.96,35.70,35.64,35.61,36.16,36.00,35.87,35.44
192480,1098.88,1001.34,1028.50,1018.16,997.38,1010.52,1012.88,1105.00,36.02,35.73,35.69,35.66,36.20,36.05,35.90,35.48
192600,1099.20,1001.44,1028.44,1018.54,997.40,1010.60,1013.10,1105.38,36.07,35.79,35.73,35.70,36.22,36.09,35.94,35.53
192720,1099.56,1001.56,1028.46,1018.66,997.44,1010.54,1013.24,1105.38,36.09,35.82,35.74,35.72,36.23,36.10,35.97,35.56
192840,1099.78,1001.82,1028.80,1018.90,997.24,1010.64,1013.42,1105.82,36.16,35.87,35.81,35.78,36.30,36.18,36.02,35.61
192960,1099.80,1002.16,1028.88,1019.12,997.38,1010.86,1013.60,1105.66,36.15,35.91,35.81,35.80,36.30,36.17,36.04,35.62
193080,1099.98,1002.28,1029.12,1019.34,997.24,1011.14,1013.78,1106.18,36.21,35.94,35.87,35.84,36.34,36.23,36.09,35.67
193200,1100.50,1002.68,1029.38,1019.48,997.30,1011.16,1013.98,1106.44,36.29,36.02,35.94,35.91,36.40,36.30,36.15,35.74
193320,1100.22,1002.74,1029.62,1019.68,997.38,1011.28,1013.86,1106.52,36.26,36.04,35.90,35.88,36.36,36.25,36.14,35.73
193440,1099.10,1002.28,1029.56,1019.54,997.46,1011.00,1013.82,1105.46,36.08,35.86,35.76,35.76,36.22,36.08,36.04,35.61
193560,1098.20,1001.82,1029.40,1019.14,997.28,1010.52,1013.62,1105.16,35.93,35.71,35.63,35.63,36.19,35.97,35.92,35.51
193680,1098.58,1001.66,1029.08,1019.00,997.20,1010.48,1013.76,1105.14,35.96,35.69,35.67,35.64,36.24,36.03,35.91,35.50
193800,1098.90,1001.82,1029.02,1019.04,997.16,1010.60,1013.84,1105.00,36.00,35.72,35.73,35.67,36.27,36.08,35.94,35.53
193920,1099.72,1002.46,1029.24,1019.38,997.18,1010.88,1014.18,1105.70,36.16,35.84,35.84,35.78,36.35,36.22,36.04,35.63
194040,1099.88,1002.72,1029.60,1019.52,997.12,1011.22,1014.26,1105.86,36.22,35.96,35.88,35.84,36.37,36.25,36.10,35.68
194160,1099.24,1002.46,1029.54,1019.80,997.22,1010.94,1014.22,1105.56,36.13,35.90,35.79,35.77,36.28,36.14,36.06,35.63
194280,1098.04,1001.86,1029.54,1019.32,997.18,1010.28,1013.70,1104.80,35.93,35.72,35.63,35.63,36.18,35.96,35.94,35.50
194400,1098.28,1001.82,1029.24,1019.12,997.12,1010.30,1013.68,1104.92,35.90,35.64,35.61,35.60,36.21,35.99,35.89,35.47
194520,1098.56,1001.92,1028.98,1019.04,997.10,1010.58,1013.94,1105.06,35.93,35.65,35.65,35.62,36.23,36.02,35.90,35.47
194640,1099.48,1002.14,1029.32,1019.42,997.08,1010.70,1014.12,1105.40,36.08,35.74,35.78,35.71,36.32,36.13,35.99,35.56
194760,1100.48,1002.92,1029.54,1019.92,997.04,1011.56,1014.54,1106.68,36.28,35.95,35.94,35.89,36.42,36.32,36.13,35.73
194880,1100.80,1003.42,1030.14,1020.38,997.24,1011.90,1014.62,1106.94,36.36,36.12,36.02,35.96,36.45,36.40,36.21,35.81
195000,1100.26,1003.36,1030.04,1020.20,997.24,1011.64,1014.58,1106.52,36.27,36.10,35.93,35.90,36.36,36.31,36.17,35.76
195120,1098.80,1002.50,1029.90,1019.84,997.12,1011.16,1014.40,1105.74,36.05,35.87,35.76,35.76,36.25,36.08,36.05,35.63
195240,1098.84,1002.18,1029.68,1019.66,997.04,1010.80,1014.44,1105.54,36.02,35.79,35.76,35.73,36.29,36.11,36.01,35.60
195360,1099.56,1002.80,1029.76,1019.68,997.10,1011.02,1014.36,1105.80,36.13,35.84,35.84,35.79,36.36,36.21,36.06,35.64
195480,1099.60,1002.88,1029.82,1019.78,996.92,1011.14,1014.54,1105.80,36.12,35.91,35.84,35.80,36.33,36.19,36.08,35.63
195600,1098.46,1002.78,1029.76,1019.80,996.88,1011.02,1014.38,1105.16,36.00,35.79,35.71,35.70,36.23,36.05,36.01,35.56
195720,1097.74,1001.78,1029.60,1019.44,996.90,1010.46,1014.34,1104.50,35.83,35.61,35.58,35.56,36.16,35.90,35.88,35.43
195840,1098.12,1001.84,1029.56,1019.20,996.92,1010.52,1014.20,1104.46,35.89,35.62,35.64,35.59,36.23,36.00,35.88,35.46
195960,1098.36,1002.16,1029.44,1019.10,996.72,1010.46,1014.38,1104.76,35.97,35.69,35.70,35.65,36.27,36.06,35.93,35.49
196080,1099.50,1002.70,1029.44,1019.58,996.92,1011.06,1014.38,1105.84,36.14,35.84,35.83,35.76,36.35,36.21,36.03,35.62
196200,1099.94,1003.08,1029.88,1019.76,996.98,1011.12,1014.80,1106.12,36.23,35.97,35.91,35.86,36.39,36.27,36.11,35.70
196320,1099.50,1003.04,1029.92,1019.96,996.80,1011.22,1014.72,1106.02,36.18,35.99,35.85,35.83,36.32,36.19,36.11,35.67
196440,1098.44,1002.44,1029.64,1019.72,996.76,1010.72,1014.44,1105.24,35.99,35.80,35.67,35.68,36.23,36.01,35.98,35.56
196560,1098.42,1002.10,1029.64,1019.38,996.74,1010.50,1014.42,1105.24,35.94,35.69,35.66,35.63,36.25,36.00,35.94,35.51
196680,1098.70,1002.24,1029.72,1019.42,996.70,1010.60,1014.42,1105.34,36.01,35.73,35.73,35.68,36.31,36.11,35.97,35.54
196800,1099.58,1002.64,1029.62,1019.56,996.68,1010.86,1014.80,1105.78,36.11,35.82,35.83,35.77,36.36,36.19,36.04,35.60
196920,1100.00,1003.16,1029.84,1019.98,996.64,1011.28,1015.04,1106.48,36.24,35.95,35.92,35.86,36.43,36.29,36.12,35.71
197040,1099.94,1003.36,1030.06,1019.98,996.58,1011.12,1015.06,1106.52,36.22,35.99,35.90,35.87,36.38,36.26,36.14,35.72
197160,1098.80,1002.84,1030.02,1019.82,996.50,1010.88,1014.72,1105.52,36.06,35.84,35.75,35.76,36.28,36.10,36.05,35.61
197280,1098.36,1002.32,1029.84,1019.82,996.66,1010.54,1014.54,1105.32,35.94,35.70,35.67,35.66,36.25,36.00,35.95,35.52
197400,1098.20,1002.32,1029.62,1019.30,996.78,1010.40,1014.52,1105.18,35.93,35.66,35.67,35.63,36.26,36.02,35.92,35.50
197520,1097.48,1002.36,1029.64,1019.30,996.82,1010.26,1014.32,1104.80,35.85,35.58,35.59,35.57,36.20,35.92,35.88,35.44
197640,1100.70,1001.72,1029.42,1019.02,996.94,1009.86,1014.18,1103.98,35.68,35.42,35.44,35.44,36.08,35.77,35.76,35.32
197760,1101.68,1001.26,1029.02,1018.76,996.80,1009.64,1013.82,1104.12,35.60,35.34,35.39,35.37,36.06,35.71,35.68,35.26
197880,1101.62,1000.96,1028.92,1018.56,997.00,1009.26,1013.56,1104.60,35.53,35.24,35.34,35.30,36.00,35.64,35.60,35.19
198000,1100.90,1000.66,1028.36,1018.12,996.68,1008.80,1013.48,1104.36,35.41,35.12,35.20,35.18,35.89,35.50,35.50,35.09
198120,1100.98,1000.50,1028.24,1018.00,996.72,1008.80,1013.42,1104.80,35.49,35.20,35.28,35.20,35.96,35.62,35.53,35.12
198240,1101.42,1001.06,1028.38,1018.00,996.68,1009.18,1013.76,1105.96,35.75,35.39,35.47,35.41,36.08,35.90,35.70,35.28
198360,1101.82,1001.66,1028.42,1018.48,997.00,1009.70,1014.08,1106.42,35.91,35.62,35.61,35.54,36.14,36.00,35.82,35.41
198480,1101.98,1001.84,1028.56,1018.76,997.02,1009.78,1013.96,1106.24,35.89,35.68,35.59,35.55,36.09,35.95,35.85,35.40
198600,1101.58,1001.48,1028.56,1018.66,996.94,1009.42,1013.78,1105.86,35.75,35.56,35.48,35.46,36.02,35.81,35.77,35.32
198720,1101.30,1001.06,1028.28,1018.16,996.82,1009.36,1013.82,1105.86,35.73,35.50,35.48,35.44,36.06,35.83,35.74,35.29
198840,1101.30,1001.36,1028.36,1018.20,996.78,1009.28,1013.88,1105.84,35.76,35.50,35.49,35.45,36.07,35.85,35.75,35.30
198960,1101.56,1001.30,1028.38,1018.14,996.82,1009.40,1013.92,1106.32,35.85,35.56,35.58,35.52,36.14,35.95,35.82,35.37
199080,1102.02,1001.96,1028.64,1018.54,996.84,1009.80,1014.18,1106.86,36.03,35.72,35.73,35.66,36.22,36.10,35.92,35.50
199200,1102.30,1002.20,1029.08,1018.86,996.78,1010.10,1014.12,1107.00,36.06,35.83,35.74,35.71,36.23,36.12,35.98,35.54
199320,1102.00,1002.10,1028.90,1019.00,996.88,1009.96,1014.10,1106.62,35.95,35.76,35.65,35.62,36.14,36.00,35.92,35.48
199440,1101.68,1001.48,1028.72,1018.86,997.04,1009.78,1013.98,1106.28,35.82,35.60,35.55,35.53,36.12,35.88,35.84,35.40
199560,1101.96,1001.64,1028.80,1018.86,997.04,1009.78,1014.16,1106.56,35.91,35.62,35.62,35.58,36.19,36.01,35.87,35.45
199680,1102.12,1001.96,1028.70,1019.00,996.90,1009.80,1014.08,1106.80,35.98,35.72,35.68,35.64,36.22,36.06,35.91,35.48
199800,1102.12,1002.00,1028.84,1018.82,996.90,1009.56,1014.08,1106.44,35.92,35.69,35.63,35.59,36.14,35.97,35.90,35.45
199920,1101.74,1001.42,1028.52,1018.72,996.78,1009.52,1013.86,1106.08,35.78,35.54,35.47,35.46,36.05,35.81,35.79,35.35
200040,1101.48,1001.28,1028.52,1018.50,996.70,1009.24,1013.80,1105.78,35.75,35.48,35.47,35.44,36.07,35.82,35.75,35.31
200160,1101.38,1001.18,1028.24,1018.38,996.78,1009.14,1013.62,1105.30,35.70,35.45,35.45,35.42,36.04,35.79,35.72,35.28
200280,1100.86,1000.86,1028.20,1018.06,996.90,1008.76,1013.36,1105.04,35.58,35.34,35.33,35.31,35.96,35.65,35.63,35.20
200400,1100.72,1000.68,1027.90,1017.88,996.88,1008.78,1013.34,1104.88,35.56,35.29,35.33,35.30,35.97,35.66,35.60,35.17
200520,1100.74,1000.70,1027.74,1017.98,996.94,1008.56,1013.28,1105.00,35.59,35.32,35.35,35.31,35.98,35.68,35.61,35.17
200640,1100.74,1000.54,1027.72,1017.76,996.92,1008.56,1012.88,1104.46,35.52,35.28,35.30,35.26,35.91,35.60,35.58,35.12
200760,1100.52,1000.48,1027.68,1017.38,997.06,1008.62,1012.92,1104.52,35.53,35.25,35.30,35.27,35.93,35.63,35.56,35.12
200880,1100.46,1000.50,1027.52,1017.38,996.94,1008.34,1012.94,1104.48,35.58,35.29,35.34,35.30,35.96,35.70,35.58,35.14
201000,1100.28,1000.48,1027.40,1017.34,996.90,1008.36,1012.92,1104.32,35.53,35.25,35.28,35.26,35.89,35.62,35.56,35.11
201120,1100.20,1000.20,1027.46,1017.26,996.92,1008.14,1012.70,1104.02,35.48,35.20,35.25,35.22,35.87,35.57,35.51,35.07
201240,1100.08,1000.14,1027.12,1017.32,997.00,1008.06,1012.70,1104.08,35.50,35.21,35.27,35.23,35.87,35.59,35.52,35.06
201360,1099.70,1000.22,1027.12,1017.12,996.88,1007.90,1012.50,1103.86,35.41,35.15,35.21,35.18,35.80,35.52,35.48,35.02
201480,1099.62,999.86,1026.86,1016.80,996.94,1007.56,1012.38,1103.38,35.36,35.07,35.14,35.11,35.78,35.45,35.41,34.97
201600,1099.72,999.64,1026.82,1016.58,996.74,1007.56,1012.28,1103.48,35.36,35.07,35.14,35.11,35.79,35.45,35.40,34.95
201720,1099.30,999.56,1026.56,1016.42,996.74,1007.42,1011.98,1103.12,35.29,35.02,35.06,35.05,35.73,35.36,35.35,34.91
201840,1098.90,999.12,1026.20,1016.10,996.94,1007.10,1011.72,1102.90,35.21,34.93,34.99,34.97,35.68,35.30,35.28,34.84
201960,1098.86,999.18,1026.12,1016.24,996.86,1006.82,1011.64,1102.98,35.22,34.94,35.01,34.97,35.69,35.33,35.28,34.84
202080,1098.64,998.82,1025.98,1015.88,996.88,1006.82,1011.52,1102.64,35.17,34.88,34.97,34.94,35.63,35.26,35.24,34.79
202200,1098.10,998.34,1025.54,1015.36,996.84,1006.54,1011.10,1102.40,35.10,34.82,34.91,34.87,35.59,35.19,35.18,34.74
202320,1098.00,998.58,1025.56,1015.36,996.80,1006.44,1011.28,1102.40,35.13,34.84,34.94,34.89,35.61,35.23,35.18,34.75
202440,1097.92,998.38,1025.56,1015.20,996.94,1006.32,1010.88,1102.34,35.10,34.82,34.90,34.87,35.56,35.20,35.16,34.72
202560,1097.52,998.06,1025.18,1014.96,997.00,1006.22,1010.54,1101.98,35.02,34.73,34.82,34.79,35.49,35.12,35.10,34.66
202680,1097.88,998.06,1025.18,1015.06,996.96,1006.22,1010.78,1102.56,35.20,34.86,34.97,34.91,35.59,35.30,35.19,34.75
202800,1098.56,998.94,1025.14,1015.64,996.80,1006.92,1011.00,1103.60,35.49,35.15,35.19,35.11,35.77,35.55,35.39,34.96
202920,1098.70,999.78,1025.54,1016.18,996.92,1007.32,1011.26,1104.34,35.65,35.40,35.32,35.25,35.82,35.68,35.51,35.11
203040,1098.92,999.72,1025.76,1016.16,996.80,1007.30,1011.28,1104.32,35.61,35.44,35.29,35.26,35.76,35.62,35.54,35.10
203160,1098.50,999.04,1025.92,1016.30,996.84,1007.22,1011.12,1103.84,35.47,35.30,35.18,35.16,35.70,35.49,35.47,35.01
203280,1098.72,999.02,1025.68,1016.08,996.68,1007.36,1011.38,1104.08,35.52,35.28,35.24,35.18,35.77,35.58,35.47,35.04
203400,1098.88,999.40,1025.92,1016.10,996.64,1007.62,1011.48,1104.58,35.64,35.38,35.34,35.28,35.85,35.71,35.55,35.13
203520,1099.14,999.70,1026.00,1016.36,996.78,1007.60,1011.36,1104.48,35.66,35.44,35.34,35.29,35.82,35.69,35.57,35.14
203640,1099.10,999.44,1026.08,1016.28,996.86,1007.66,1011.38,1104.26,35.50,35.33,35.23,35.21,35.72,35.56,35.51,35.06
203760,1098.68,998.92,1025.80,1016.18,996.88,1007.32,1011.38,1104.20,35.48,35.24,35.21,35.18,35.75,35.55,35.47,35.03
203880,1098.96,999.42,1025.90,1016.16,996.78,1007.68,1011.52,1104.30,35.61,35.32,35.34,35.27,35.85,35.68,35.54,35.11
204000,1099.28,999.92,1026.08,1016.36,996.80,1007.88,1011.60,1104.66,35.68,35.42,35.37,35.33,35.87,35.73,35.60,35.16
204120,1099.16,999.80,1026.04,1016.28,996.74,1007.60,1011.48,1104.24,35.58,35.38,35.28,35.27,35.77,35.64,35.56,35.12
204240,1099.12,999.28,1026.06,1016.28,996.74,1007.54,1011.20,1104.06,35.46,35.25,35.20,35.18,35.74,35.53,35.48,35.04
204360,1099.16,999.34,1025.74,1016.12,996.84,1007.66,1011.28,1104.08,35.56,35.27,35.27,35.23,35.83,35.63,35.52,35.07
204480,1099.38,999.62,1026.00,1016.34,996.94,1007.74,1011.54,1104.42,35.63,35.36,35.33,35.28,35.86,35.70,35.57,35.13
204600,1099.60,1000.06,1026.10,1016.52,997.04,1007.94,1011.90,1104.86,35.73,35.46,35.43,35.38,35.93,35.79,35.64,35.20
204720,1099.80,1000.72,1026.42,1016.86,996.90,1008.32,1011.90,1105.46,35.84,35.55,35.50,35.46,35.99,35.87,35.71,35.29
204840,1099.68,1000.42,1026.42,1017.08,996.84,1008.30,1011.84,1105.40,35.80,35.58,35.47,35.44,35.93,35.80,35.71,35.27
204960,1099.40,1000.14,1026.44,1017.04,996.90,1008.06,1011.82,1104.88,35.62,35.45,35.33,35.33,35.83,35.67,35.61,35.18
205080,1099.40,999.64,1026.48,1016.96,996.86,1007.82,1011.76,1104.72,35.60,35.35,35.30,35.28,35.86,35.66,35.56,35.14
205200,1099.44,999.74,1026.34,1016.74,996.98,1007.84,1011.66,1104.68,35.62,35.35,35.34,35.29,35.88,35.68,35.57,35.14
205320,1099.36,1000.04,1026.30,1016.74,997.00,1008.16,1011.92,1104.80,35.65,35.39,35.38,35.33,35.90,35.72,35.60,35.17
205440,1099.86,1000.60,1026.64,1017.20,996.92,1008.54,1012.32,1105.56,35.84,35.52,35.53,35.46,35.99,35.86,35.72,35.30
205560,1100.08,1001.36,1026.90,1017.48,996.98,1008.94,1012.40,1105.86,35.94,35.67,35.61,35.55,36.04,35.96,35.80,35.39
205680,1100.18,1001.28,1027.08,1017.72,997.06,1008.82,1012.56,1105.60,35.87,35.67,35.54,35.51,35.99,35.87,35.78,35.36
205800,1099.64,1000.42,1027.02,1017.46,997.10,1008.28,1012.24,1105.02,35.67,35.51,35.39,35.38,35.89,35.70,35.68,35.24
205920,1099.64,1000.42,1027.04,1017.30,996.94,1008.24,1012.32,1104.98,35.69,35.46,35.43,35.39,35.95,35.77,35.66,35.23
206040,1100.22,1000.86,1027.14,1017.40,996.94,1008.62,1012.36,1105.54,35.87,35.57,35.55,35.50,36.04,35.93,35.76,35.34
206160,1100.52,1001.50,1027.30,1017.84,997.06,1009.02,1012.56,1105.88,35.94,35.69,35.60,35.57,36.06,35.99,35.82,35.41
206280,1100.36,1001.40,1027.16,1018.02,996.98,1009.00,1012.70,1105.66,35.81,35.66,35.51,35.48,35.98,35.88,35.78,35.35
206400,1099.80,1000.62,1027.14,1017.82,996.72,1008.66,1012.52,1105.00,35.65,35.49,35.37,35.36,35.90,35.72,35.68,35.23
206520,1099.82,1000.60,1027.12,1017.52,996.76,1008.48,1012.62,1104.94,35.65,35.42,35.38,35.35,35.94,35.77,35.64,35.20
206640,1100.08,1000.62,1027.20,1017.58,997.00,1008.44,1012.54,1104.88,35.70,35.45,35.42,35.38,35.97,35.81,35.67,35.22
206760,1100.34,1001.34,1027.14,1017.72,996.94,1008.90,1012.78,1105.48,35.82,35.54,35.54,35.47,36.05,35.93,35.75,35.30
206880,1100.70,1001.72,1027.44,1018.26,996.88,1009.46,1012.98,1106.22,35.97,35.70,35.65,35.60,36.13,36.05,35.86,35.43
207000,1100.80,1001.94,1027.60,1018.38,996.84,1009.54,1012.96,1106.16,35.97,35.76,35.64,35.63,36.10,36.02,35.88,35.44
207120,1100.72,1001.58,1027.54,1018.32,996.76,1009.16,1012.78,1105.70,35.82,35.66,35.50,35.50,35.99,35.83,35.80,35.35
207240,1100.42,1000.90,1027.54,1018.02,996.86,1008.96,1012.70,1105.14,35.68,35.48,35.41,35.39,35.94,35.73,35.71,35.25
207360,1100.22,1001.00,1027.56,1018.06,996.80,1008.90,1012.60,1104.94,35.70,35.44,35.44,35.39,35.99,35.78,35.69,35.24
207480,1100.42,1001.10,1027.30,1017.78,996.82,1008.94,1012.80,1105.14,35.76,35.48,35.47,35.43,36.02,35.82,35.71,35.26
207600,1100.70,1001.80,1027.54,1018.16,996.76,1009.12,1013.08,1105.72,35.90,35.59,35.59,35.53,36.12,35.94,35.80,35.36
207720,1101.08,1002.06,1027.62,1018.48,996.64,1009.54,1013.10,1106.08,35.97,35.72,35.64,35.60,36.13,35.99,35.86,35.43
207840,1100.82,1001.96,1027.80,1018.54,996.60,1009.46,1013.10,1105.86,35.89,35.68,35.55,35.54,36.05,35.89,35.84,35.39
207960,1100.46,1001.22,1027.48,1018.34,996.66,1008.94,1012.74,1104.94,35.70,35.51,35.41,35.40,35.95,35.73,35.72,35.26
208080,1100.22,1001.12,1027.42,1018.20,996.64,1008.92,1012.78,1105.12,35.71,35.47,35.43,35.40,36.01,35.77,35.69,35.25
208200,1100.42,1001.36,1027.58,1018.22,996.68,1009.28,1013.02,1105.26,35.78,35.52,35.49,35.45,36.05,35.84,35.73,35.29
208320,1100.54,1001.74,1027.54,1018.18,996.66,1009.38,1013.26,1105.58,35.86,35.58,35.56,35.52,36.10,35.92,35.78,35.34
208440,1101.06,1002.14,1027.76,1018.64,996.76,1009.66,1013.32,1106.00,35.96,35.69,35.65,35.59,36.15,36.00,35.86,35.43
208560,1101.08,1002.56,1028.00,1018.70,996.72,1009.60,1013.38,1106.16,35.94,35.72,35.62,35.59,36.11,35.97,35.86,35.42
208680,1100.82,1001.86,1027.92,1018.80,996.74,1009.50,1013.18,1105.30,35.78,35.57,35.50,35.46,35.99,35.80,35.80,35.32
208800,1100.60,1001.38,1027.64,1018.30,996.66,1008.98,1013.00,1105.08,35.69,35.45,35.42,35.38,35.98,35.74,35.71,35.25
208920,1100.56,1001.54,1027.64,1018.20,996.90,1009.02,1013.02,1104.82,35.71,35.45,35.44,35.38,36.02,35.78,35.70,35.24
209040,1100.66,1001.54,1027.58,1018.14,996.76,1009.06,1013.12,1104.90,35.73,35.46,35.44,35.40,36.03,35.80,35.70,35.25
209160,1100.68,1001.74,1027.64,1018.32,996.68,1009.42,1013.50,1105.30,35.87,35.57,35.58,35.51,36.11,35.94,35.80,35.35
209280,1101.06,1002.42,1027.74,1018.52,996.80,1009.78,1013.44,1106.10,35.98,35.71,35.65,35.59,36.14,36.00,35.87,35.43
209400,1100.94,1002.26,1027.88,1018.70,996.62,1009.66,1013.54,1105.50,35.91,35.71,35.58,35.56,36.08,35.94,35.86,35.40
209520,1100.68,1001.76,1027.82,1018.34,996.60,1009.34,1013.50,1104.84,35.73,35.55,35.45,35.43,35.99,35.76,35.77,35.28
209640,1100.46,1001.54,1027.70,1018.18,996.50,1009.26,1013.50,1104.80,35.72,35.47,35.44,35.40,36.03,35.78,35.72,35.26
209760,1100.48,1001.78,1027.76,1018.18,996.54,1009.22,1013.54,1104.82,35.76,35.50,35.48,35.43,36.05,35.83,35.73,35.27
209880,1100.60,1001.82,1027.80,1018.14,996.70,1009.38,1013.60,1105.22,35.82,35.56,35.54,35.48,36.08,35.88,35.78,35.33
210000,1101.32,1002.66,1028.24,1018.76,996.68,1010.00,1013.68,1106.36,36.09,35.74,35.74,35.65,36.24,36.10,35.94,35.50
210120,1101.96,1003.38,1028.70,1019.50,996.66,1010.78,1014.10,1107.18,36.25,35.96,35.90,35.81,36.31,36.25,36.10,35.66
210240,1102.04,1003.82,1028.66,1019.92,996.62,1010.80,1014.16,1107.24,36.24,36.05,35.88,35.84,36.28,36.23,36.10,35.67
210360,1101.58,1003.10,1028.66,1019.62,996.70,1010.32,1014.00,1106.52,36.03,35.91,35.72,35.72,36.15,36.04,36.00,35.57
210480,1101.48,1002.24,1028.38,1019.36,996.84,1009.96,1013.84,1105.72,35.88,35.69,35.60,35.59,36.10,35.91,35.90,35.43
210600,1101.54,1002.30,1028.32,1019.22,996.64,1010.06,1014.16,1106.18,35.99,35.71,35.68,35.63,36.19,36.03,35.91,35.48
210720,1101.74,1003.10,1028.60,1019.44,996.62,1010.12,1014.14,1106.28,36.06,35.80,35.75,35.69,36.24,36.12,35.97,35.54
210840,1101.68,1003.02,1028.74,1019.44,996.82,1010.16,1014.16,1106.14,36.01,35.80,35.70,35.66,36.18,36.04,35.97,35.51
210960,1101.30,1002.50,1028.70,1019.30,996.68,1009.78,1013.96,1105.34,35.81,35.62,35.54,35.52,36.04,35.86,35.85,35.38
211080,1100.94,1002.12,1028.24,1018.86,996.74,1009.26,1013.94,1104.84,35.71,35.49,35.46,35.42,36.05,35.78,35.75,35.29
211200,1100.88,1001.98,1028.00,1018.94,996.60,1009.18,1013.78,1104.76,35.73,35.47,35.49,35.42,36.08,35.82,35.74,35.28
211320,1100.88,1002.22,1028.12,1019.04,996.48,1009.52,1013.86,1105.04,35.80,35.51,35.54,35.49,36.12,35.88,35.78,35.32
211440,1101.20,1002.82,1028.40,1019.14,996.46,1009.94,1013.98,1105.96,35.97,35.66,35.67,35.61,36.21,36.03,35.87,35.43
211560,1101.36,1003.02,1028.48,1019.48,996.32,1010.02,1014.28,1105.92,36.00,35.77,35.70,35.65,36.21,36.06,35.93,35.47
211680,1101.22,1002.60,1028.50,1019.40,996.46,1009.78,1013.86,1105.66,35.90,35.71,35.59,35.56,36.12,35.93,35.88,35.41
211800,1100.60,1002.04,1028.46,1018.96,996.46,1009.34,1013.60,1104.86,35.71,35.51,35.43,35.43,36.01,35.76,35.76,35.28
211920,1100.58,1001.78,1028.14,1018.62,996.66,1009.28,1013.60,1104.86,35.70,35.44,35.45,35.41,36.06,35.81,35.72,35.26
212040,1100.70,1001.98,1028.10,1018.82,996.50,1009.26,1013.54,1104.80,35.73,35.46,35.48,35.42,36.07,35.84,35.72,35.27
212160,1100.64,1002.24,1028.08,1018.88,996.44,1009.54,1013.78,1105.36,35.85,35.55,35.58,35.53,36.15,35.95,35.81,35.35
212280,1101.20,1002.70,1028.34,1019.20,996.34,1009.94,1014.04,1105.62,35.98,35.69,35.67,35.62,36.21,36.04,35.90,35.44
212400,1101.30,1002.82,1028.28,1019.20,996.38,1009.96,1013.92,1105.68,35.93,35.74,35.64,35.59,36.16,35.98,35.91,35.43
212520,1100.66,1002.34,1028.36,1019.08,996.44,1009.66,1013.74,1105.02,35.76,35.58,35.47,35.46,36.04,35.81,35.82,35.32
212640,1100.72,1001.90,1028.28,1018.70,996.42,1009.24,1013.52,1104.78,35.68,35.45,35.43,35.40,36.04,35.77,35.74,35.25
212760,1100.62,1001.96,1028.16,1018.70,996.56,1009.34,1013.64,1104.66,35.73,35.46,35.47,35.42,36.09,35.82,35.74,35.27
212880,1100.74,1001.92,1028.18,1018.82,996.38,1009.32,1013.98,1104.90,35.79,35.50,35.52,35.48,36.10,35.88,35.76,35.29
213000,1101.26,1002.76,1028.32,1019.16,996.46,1009.82,1014.06,1105.88,35.99,35.68,35.70,35.63,36.23,36.06,35.91,35.45
213120,1101.92,1003.52,1028.78,1019.64,996.50,1010.62,1014.46,1106.62,36.18,35.89,35.83,35.79,36.31,36.21,36.04,35.61
213240,1102.02,1003.68,1028.80,1019.90,996.64,1010.68,1014.64,1106.72,36.17,36.00,35.82,35.80,36.29,36.19,36.06,35.62
213360,1101.86,1002.90,1028.92,1019.64,996.60,1010.46,1014.26,1106.10,35.98,35.87,35.69,35.67,36.18,36.03,35.99,35.53
213480,1101.24,1002.50,1028.80,1019.38,996.48,1009.86,1014.02,1105.42,35.84,35.65,35.54,35.54,36.11,35.88,35.88,35.40
213600,1101.20,1002.60,1028.36,1019.06,996.34,1010.00,1014.08,1105.56,35.84,35.59,35.56,35.52,36.17,35.92,35.84,35.38
213720,1101.30,1002.52,1028.46,1019.22,996.48,1009.92,1014.12,1105.42,35.85,35.60,35.58,35.54,36.17,35.93,35.86,35.38
213840,1101.54,1002.88,1028.48,1019.22,996.40,1010.08,1014.20,1106.02,35.98,35.68,35.71,35.61,36.26,36.04,35.92,35.45
213960,1101.90,1003.42,1028.70,1019.54,996.22,1010.68,1014.32,1106.52,36.11,35.84,35.80,35.72,36.32,36.17,36.02,35.55
214080,1101.90,1003.36,1029.06,1019.86,996.32,1010.66,1014.28,1106.24,36.08,35.89,35.77,35.72,36.25,36.13,36.02,35.55
214200,1101.40,1003.04,1028.86,1019.60,996.32,1010.20,1014.32,1105.48,35.90,35.75,35.62,35.59,36.13,35.94,35.95,35.42
214320,1100.94,1002.38,1028.68,1018.90,996.56,1009.68,1014.10,1105.12,35.77,35.57,35.52,35.48,36.09,35.84,35.83,35.33
214440,1101.04,1002.38,1028.50,1018.98,996.60,1009.88,1014.28,1105.22,35.88,35.61,35.60,35.53,36.18,35.95,35.86,35.37
214560,1101.28,1002.76,1028.62,1019.24,996.64,1010.26,1014.28,1105.36,35.92,35.69,35.64,35.58,36.19,36.00,35.89,35.41
214680,1101.20,1002.86,1028.76,1019.20,996.40,1010.24,1014.06,1105.06,35.84,35.62,35.56,35.50,36.10,35.91,35.83,35.36
214800,1100.62,1002.12,1028.34,1018.88,996.38,1009.50,1013.86,1104.38,35.64,35.44,35.38,35.36,36.00,35.70,35.70,35.24
214920,1100.54,1001.82,1028.14,1018.72,996.40,1009.20,1013.82,1104.24,35.64,35.36,35.36,35.32,36.02,35.71,35.65,35.20
215040,1100.48,1001.82,1028.10,1018.50,996.50,1009.08,1013.80,1104.38,35.66,35.39,35.39,35.35,36.03,35.76,35.67,35.21
215160,1100.72,1001.82,1028.04,1018.62,996.44,1009.40,1013.96,1104.68,35.77,35.45,35.48,35.41,36.10,35.84,35.72,35.26
215280,1100.70,1002.34,1028.14,1018.72,996.48,1009.44,1013.98,1104.98,35.85,35.57,35.55,35.49,36.13,35.91,35.79,35.32
215400,1100.78,1002.24,1028.32,1018.94,996.60,1009.44,1013.88,1104.80,35.80,35.57,35.50,35.47,36.06,35.84,35.78,35.29
215520,1100.36,1001.54,1028.16,1018.70,996.66,1009.08,1013.50,1104.28,35.61,35.40,35.34,35.32,35.95,35.67,35.66,35.20
215640,1100.22,1001.52,1027.94,1018.58,996.60,1008.82,1013.40,1103.94,35.57,35.30,35.32,35.29,35.97,35.66,35.60,35.15
215760,1100.16,1001.52,1027.84,1018.32,996.32,1008.94,1013.42,1103.72,35.59,35.32,35.36,35.31,35.99,35.68,35.61,35.14
215880,1100.20,1001.66,1027.74,1018.32,996.04,1008.90,1013.52,1104.04,35.65,35.37,35.43,35.37,36.03,35.76,35.65,35.17
216000,1100.66,1002.12,1027.88,1018.64,996.44,1009.04,1013.70,1104.76,35.83,35.52,35.55,35.49,36.12,35.89,35.76,35.30
216120,1100.84,1002.36,1027.94,1018.72,996.42,1009.48,1013.72,1105.00,35.89,35.65,35.59,35.53,36.12,35.93,35.82,35.35
216240,1100.58,1002.36,1027.98,1018.80,996.36,1009.34,1013.60,1104.64,35.75,35.58,35.47,35.46,36.01,35.79,35.79,35.29
216360,1099.96,1001.40,1027.98,1018.52,996.34,1008.82,1013.30,1104.08,35.59,35.39,35.35,35.32,35.94,35.65,35.69,35.18
216480,1100.14,1001.40,1027.56,1018.04,996.18,1008.74,1013.26,1104.02,35.58,35.33,35.34,35.29,35.96,35.66,35.63,35.14
216600,1100.00,1001.22,1027.50,1018.02,996.06,1008.74,1013.24,1103.84,35.57,35.31,35.34,35.29,35.95,35.64,35.63,35.13
216720,1100.02,1001.40,1027.58,1018.18,996.12,1008.82,1013.52,1104.10,35.66,35.37,35.40,35.34,36.01,35.73,35.66,35.17
216840,1100.14,1001.84,1027.46,1018.24,996.22,1008.74,1013.70,1104.22,35.71,35.46,35.45,35.39,36.01,35.78,35.70,35.21
216960,1100.50,1001.78,1027.42,1018.46,996.12,1009.14,1013.78,1104.72,35.81,35.53,35.53,35.47,36.09,35.85,35.76,35.29
217080,1100.78,1002.14,1027.76,1018.74,996.40,1009.40,1014.04,1105.12,35.91,35.63,35.61,35.55,36.14,35.95,35.82,35.36
217200,1100.64,1002.16,1027.64,1018.72,996.40,1009.44,1013.92,1105.00,35.86,35.65,35.54,35.52,36.09,35.92,35.82,35.34
217320,1100.28,1001.86,1027.70,1018.54,996.18,1009.08,1013.54,1104.40,35.67,35.51,35.38,35.39,35.96,35.72,35.73,35.24
217440,1100.12,1001.20,1027.84,1018.36,996.08,1008.86,1013.50,1104.06,35.62,35.39,35.36,35.33,35.97,35.69,35.66,35.18
217560,1100.14,1001.36,1027.62,1018.30,996.18,1009.00,1013.54,1104.12,35.67,35.41,35.41,35.37,36.01,35.74,35.67,35.19
217680,1100.06,1001.58,1027.72,1018.38,996.22,1008.96,1013.62,1104.20,35.70,35.45,35.44,35.38,36.03,35.78,35.68,35.21
217800,1100.40,1002.02,1027.78,1018.48,996.30,1009.36,1013.72,1104.92,35.85,35.54,35.54,35.48,36.11,35.88,35.76,35.30
217920,1100.70,1002.24,1027.92,1018.76,996.18,1009.58,1013.82,1104.94,35.89,35.63,35.57,35.52,36.11,35.92,35.81,35.35
218040,1100.52,1002.08,1027.92,1018.70,996.16,1009.20,1013.68,1104.92,35.77,35.57,35.46,35.47,36.00,35.80,35.75,35.30
218160,1100.08,1001.44,1027.52,1018.38,996.02,1008.88,1013.20,1104.20,35.60,35.40,35.33,35.32,35.94,35.65,35.64,35.18
218280,1100.06,1001.26,1027.70,1018.28,996.24,1008.88,1013.36,1104.24,35.65,35.38,35.38,35.34,36.01,35.75,35.63,35.20
218400,1099.92,1001.18,1027.52,1018.28,996.26,1009.02,1013.50,1104.40,35.71,35.44,35.44,35.38,36.04,35.81,35.68,35.23
218520,1100.38,1001.66,1027.64,1018.36,996.18,1009.12,1013.82,1104.46,35.78,35.50,35.50,35.42,36.06,35.85,35.72,35.27
218640,1100.64,1001.94,1027.88,1018.58,996.36,1009.52,1013.92,1104.84,35.88,35.59,35.59,35.50,36.12,35.94,35.79,35.35
218760,1100.50,1002.24,1027.84,1018.74,996.40,1009.58,1013.78,1104.94,35.87,35.65,35.58,35.53,36.10,35.93,35.82,35.36
218880,1100.34,1001.74,1027.86,1018.58,996.22,1009.18,1013.52,1104.14,35.73,35.55,35.45,35.42,35.97,35.77,35.76,35.27
219000,1099.80,1001.12,1027.44,1018.26,996.32,1009.00,1013.36,1103.74,35.56,35.34,35.32,35.29,35.91,35.63,35.64,35.15
219120,1099.62,1001.14,1027.40,1018.14,996.42,1008.70,1013.12,1103.54,35.56,35.32,35.33,35.28,35.95,35.68,35.61,35.13
219240,1099.56,1001.12,1027.44,1017.94,996.36,1008.76,1013.24,1103.74,35.60,35.34,35.37,35.30,35.97,35.70,35.62,35.14
219360,1099.92,1001.64,1027.36,1018.00,996.12,1009.04,1013.34,1104.22,35.74,35.44,35.47,35.39,36.04,35.80,35.69,35.22
219480,1100.30,1001.70,1027.68,1018.38,996.20,1009.02,1013.38,1104.20,35.79,35.54,35.51,35.45,36.05,35.86,35.74,35.27
219600,1100.04,1001.66,1027.66,1018.36,996.38,1009.12,1013.28,1104.16,35.69,35.48,35.42,35.39,35.95,35.73,35.70,35.22
219720,1099.58,1001.18,1027.48,1018.08,996.38,1008.80,1013.08,1103.50,35.53,35.31,35.27,35.25,35.87,35.58,35.60,35.10
219840,1099.40,1000.86,1027.34,1017.84,996.28,1008.56,1013.00,1103.38,35.52,35.26,35.27,35.23,35.89,35.61,35.55,35.07
219960,1099.36,1000.82,1027.14,1017.72,996.30,1008.34,1012.88,1103.44,35.53,35.26,35.28,35.23,35.90,35.62,35.55,35.07
220080,1099.80,1000.88,1027.26,1017.72,996.34,1008.54,1013.10,1103.66,35.62,35.33,35.36,35.29,35.96,35.71,35.60,35.13
220200,1099.82,1001.48,1027.26,1017.96,996.36,1008.68,1013.22,1104.04,35.69,35.43,35.41,35.34,35.99,35.76,35.64,35.18
220320,1100.22,1001.54,1027.44,1018.12,996.50,1008.94,1013.26,1104.22,35.79,35.49,35.49,35.41,36.06,35.84,35.72,35.25
220440,1100.32,1002.22,1027.72,1018.38,996.46,1009.38,1013.44,1104.88,35.91,35.62,35.59,35.52,36.13,35.94,35.79,35.35
220560,1100.32,1002.24,1027.70,1018.54,996.50,1009.46,1013.40,1105.04,35.89,35.69,35.58,35.52,36.09,35.91,35.83,35.35
220680,1100.44,1001.96,1027.60,1018.52,996.58,1009.06,1013.12,1104.18,35.73,35.57,35.42,35.40,35.98,35.73,35.76,35.25
220800,1099.74,1001.26,1027.28,1018.28,996.48,1008.58,1012.78,1103.66,35.59,35.39,35.30,35.28,35.94,35.65,35.63,35.15
220920,1099.88,1001.56,1027.16,1018.18,996.42,1008.66,1013.08,1104.04,35.71,35.43,35.43,35.35,36.03,35.81,35.68,35.22
221040,1100.24,1001.88,1027.18,1018.22,996.34,1009.00,1013.26,1104.50,35.84,35.58,35.53,35.46,36.09,35.93,35.76,35.31
221160,1100.32,1002.12,1027.58,1018.66,996.34,1009.06,1013.16,1104.68,35.82,35.61,35.49,35.45,36.05,35.87,35.78,35.31
221280,1099.92,1001.56,1027.34,1018.36,996.26,1008.86,1012.90,1103.78,35.66,35.47,35.35,35.34,35.90,35.70,35.66,35.20
221400,1099.68,1001.04,1027.16,1017.96,996.42,1008.32,1012.82,1103.74,35.54,35.31,35.28,35.24,35.90,35.61,35.58,35.12
221520,1099.76,1000.92,1026.88,1017.92,996.44,1008.24,1012.82,1103.26,35.57,35.31,35.30,35.24,35.93,35.66,35.56,35.11
221640,1099.66,1001.16,1027.00,1017.80,996.56,1008.50,1013.00,1103.58,35.62,35.33,35.37,35.29,35.96,35.72,35.58,35.14
221760,1099.98,1001.74,1027.22,1017.96,996.42,1008.90,1013.10,1104.12,35.78,35.47,35.49,35.42,36.06,35.86,35.70,35.25
221880,1100.00,1001.90,1027.32,1018.34,996.52,1009.18,1013.26,1104.52,35.85,35.59,35.54,35.49,36.08,35.90,35.75,35.31
222000,1100.08,1002.00,1027.42,1018.22,996.34,1009.18,1013.18,1104.26,35.74,35.53,35.46,35.42,35.97,35.80,35.72,35.26
222120,1099.54,1001.38,1027.26,1017.96,996.34,1008.64,1012.68,1103.62,35.58,35.36,35.30,35.29,35.89,35.64,35.60,35.14
222240,1099.54,1001.12,1027.02,1017.94,996.28,1008.50,1012.72,1103.28,35.58,35.31,35.31,35.27,35.93,35.67,35.58,35.12
222360,1099.58,1001.28,1027.00,1017.64,996.22,1008.52,1012.94,1103.44,35.58,35.32,35.32,35.28,35.92,35.68,35.59,35.12
222480,1099.50,1001.34,1026.98,1017.78,996.42,1008.68,1013.16,1103.98,35.68,35.40,35.41,35.35,35.99,35.76,35.64,35.18
222600,1100.08,1001.98,1027.26,1018.24,996.22,1009.24,1013.14,1104.38,35.80,35.51,35.50,35.44,36.06,35.88,35.72,35.26
222720,1100.08,1002.04,1027.38,1018.58,996.42,1009.12,1013.28,1104.34,35.77,35.54,35.46,35.43,36.01,35.83,35.73,35.26
222840,1099.62,1001.44,1027.10,1018.20,996.36,1008.68,1013.12,1103.56,35.59,35.42,35.33,35.31,35.89,35.66,35.66,35.15
222960,1099.50,1000.98,1026.92,1017.76,996.36,1008.46,1012.82,1103.30,35.51,35.29,35.26,35.23,35.89,35.59,35.58,35.08
223080,1099.16,1000.86,1026.72,1017.54,996.40,1008.30,1012.46,1102.80,35.46,35.23,35.22,35.20,35.86,35.55,35.52,35.04
223200,1098.72,1000.60,1026.80,1017.50,996.34,1007.96,1012.38,1102.70,35.34,35.10,35.12,35.10,35.78,35.43,35.42,34.95
223320,1098.76,1000.40,1026.64,1017.36,996.32,1007.78,1012.26,1102.52,35.34,35.06,35.12,35.07,35.79,35.44,35.38,34.93
223440,1098.60,1000.38,1026.24,1017.10,996.50,1007.60,1012.34,1102.14,35.34,35.06,35.12,35.07,35.78,35.44,35.36,34.91
223560,1098.54,1000.20,1026.22,1017.04,996.56,1007.52,1012.00,1101.94,35.25,34.99,35.04,35.01,35.72,35.34,35.31,34.86
223680,1098.30,1000.10,1026.02,1016.70,996.40,1007.34,1011.96,1101.96,35.27,34.99,35.05,35.01,35.73,35.37,35.30,34.85
223800,1098.32,1000.16,1025.84,1016.60,996.24,1007.16,1011.64,1101.68,35.24,34.96,35.03,34.97,35.68,35.33,35.28,34.83
223920,1098.00,999.78,1025.64,1016.60,996.26,1007.20,1011.70,1101.70,35.19,34.91,34.97,34.93,35.65,35.28,35.24,34.78
224040,1097.90,999.92,1025.58,1016.12,996.28,1007.12,1011.48,1101.44,35.20,34.91,34.99,34.93,35.68,35.30,35.23,34.78
224160,1097.68,999.74,1025.48,1016.20,996.30,1006.90,1011.42,1101.26,35.14,34.86,34.94,34.89,35.61,35.24,35.20,34.74
224280,1097.60,999.28,1024.94,1015.84,996.36,1006.66,1011.20,1101.06,35.11,34.83,34.91,34.85,35.59,35.21,35.16,34.71
224400,1097.38,999.26,1024.96,1015.54,996.44,1006.70,1011.20,1101.10,35.15,34.86,34.95,34.88,35.60,35.25,35.18,34.72
224520,1097.22,999.32,1024.86,1015.76,996.14,1006.78,1010.96,1100.76,35.09,34.83,34.89,34.85,35.54,35.19,35.17,34.69
224640,1097.22,999.26,1024.88,1015.70,996.26,1006.58,1011.12,1100.90,35.11,34.83,34.89,34.85,35.56,35.22,35.16,34.68
224760,1097.40,999.28,1024.78,1015.80,996.46,1006.84,1011.26,1101.34,35.26,34.96,35.02,34.94,35.64,35.35,35.25,34.77
224880,1097.60,999.56,1024.84,1015.98,996.48,1006.80,1011.04,1101.48,35.31,35.07,35.06,34.99,35.64,35.38,35.29,34.81
225000,1097.42,999.52,1024.84,1015.90,996.36,1006.74,1010.86,1101.46,35.25,35.03,35.01,34.95,35.58,35.31,35.27,34.78
225120,1097.36,999.22,1024.88,1015.82,996.42,1006.76,1010.68,1101.44,35.23,35.00,35.00,34.96,35.59,35.31,35.26,34.78
225240,1097.24,999.22,1024.58,1015.74,996.52,1006.54,1010.72,1101.30,35.15,34.92,34.94,34.90,35.53,35.22,35.21,34.74
225360,1096.94,998.80,1024.56,1015.54,996.56,1006.16,1010.26,1100.58,35.06,34.80,34.84,34.80,35.48,35.12,35.12,34.66
225480,1096.68,998.94,1024.14,1015.28,996.54,1006.04,1010.12,1100.48,35.06,34.79,34.85,34.79,35.50,35.13,35.11,34.64
225600,1096.28,998.64,1024.12,1014.80,996.36,1006.02,1010.08,1100.16,34.98,34.74,34.79,34.74,35.43,35.06,35.07,34.60
225720,1096.28,998.42,1023.86,1014.78,996.42,1005.84,1009.92,1100.06,34.94,34.67,34.74,34.69,35.42,35.03,35.02,34.55
225840,1096.44,998.36,1023.88,1014.60,996.46,1005.68,1009.68,1099.90,34.98,34.70,34.77,34.71,35.44,35.07,35.03,34.56
225960,1096.34,998.22,1023.62,1014.52,996.50,1005.60,1009.44,1099.82,34.93,34.67,34.70,34.67,35.38,35.01,35.00,34.53
226080,1096.04,997.88,1023.54,1014.44,996.70,1005.72,1009.62,1099.78,34.92,34.65,34.70,34.66,35.37,35.00,34.96,34.51
226200,1096.00,997.96,1023.40,1014.50,996.74,1005.78,1009.50,1099.76,34.95,34.67,34.72,34.68,35.39,35.04,34.98,34.52
226320,1095.58,997.74,1023.20,1014.12,996.78,1005.44,1009.18,1099.46,34.90,34.64,34.65,34.64,35.32,34.98,34.95,34.48
226440,1095.42,997.58,1023.22,1013.82,996.58,1005.24,1009.12,1099.26,34.86,34.60,34.63,34.60,35.31,34.94,34.92,34.45
226560,1095.30,997.54,1022.92,1013.78,996.68,1005.20,1008.92,1099.32,34.85,34.58,34.63,34.59,35.29,34.91,34.90,34.42
226680,1095.18,997.32,1022.88,1013.66,996.64,1005.20,1008.76,1098.94,34.78,34.52,34.57,34.54,35.25,34.86,34.85,34.39
226800,1095.24,997.18,1022.62,1013.74,996.72,1005.06,1008.80,1098.92,34.85,34.56,34.62,34.56,35.29,34.94,34.87,34.41
226920,1095.20,997.30,1022.76,1013.74,996.66,1005.04,1008.64,1099.08,34.88,34.59,34.64,34.59,35.29,34.97,34.89,34.42
227040,1095.06,997.04,1022.50,1013.74,996.62,1004.96,1008.40,1098.92,34.82,34.53,34.58,34.54,35.23,34.88,34.84,34.39
227160,1094.98,997.16,1022.42,1013.58,996.72,1004.98,1008.50,1098.96,34.85,34.55,34.60,34.56,35.26,34.95,34.85,34.40
227280,1094.78,997.16,1022.32,1013.50,996.68,1004.94,1008.48,1099.04,34.87,34.60,34.63,34.58,35.26,34.96,34.88,34.41
227400,1094.84,997.06,1022.40,1013.36,996.70,1005.08,1008.36,1099.08,34.85,34.60,34.62,34.58,35.23,34.93,34.88,34.40
227520,1094.74,997.24,1022.10,1013.50,996.96,1005.12,1008.40,1099.12,34.92,34.65,34.68,34.62,35.29,35.00,34.92,34.44
227640,1094.66,997.14,1022.20,1013.52,996.88,1005.14,1008.22,1099.16,34.93,34.67,34.68,34.61,35.26,34.99,34.94,34.45
227760,1094.68,996.88,1022.30,1013.50,996.62,1005.06,1008.38,1099.14,34.92,34.66,34.67,34.60,35.25,34.97,34.93,34.45
227880,1094.76,997.00,1022.00,1013.50,996.68,1005.04,1008.38,1099.12,34.95,34.68,34.70,34.64,35.28,35.02,34.95,34.47
228000,1094.62,997.20,1022.12,1013.66,996.66,1004.92,1008.32,1099.20,34.90,34.65,34.65,34.61,35.24,34.96,34.92,34.44
228120,1094.68,997.04,1021.90,1013.62,996.88,1004.86,1008.14,1099.14,34.91,34.65,34.68,34.63,35.29,34.99,34.91,34.45
228240,1094.80,997.36,1022.14,1013.64,996.90,1005.22,1008.14,1099.50,35.02,34.73,34.75,34.69,35.33,35.08,34.96,34.52
228360,1094.90,997.40,1022.00,1013.74,996.90,1005.16,1008.28,1099.52,35.01,34.76,34.73,34.70,35.29,35.06,34.97,34.52
228480,1094.98,997.10,1022.06,1013.62,996.94,1005.12,1008.10,1099.60,34.99,34.72,34.72,34.68,35.30,35.04,34.95,34.51
228600,1094.98,997.06,1022.08,1013.68,996.90,1005.44,1008.12,1099.64,35.02,34.74,34.75,34.70,35.32,35.09,34.97,34.52
228720,1094.82,997.06,1022.08,1013.72,997.22,1005.40,1008.08,1099.36,34.95,34.71,34.71,34.66,35.27,35.03,34.94,34.49
228840,1094.72,996.98,1021.98,1013.68,997.10,1005.30,1008.12,1099.26,34.93,34.67,34.68,34.64,35.27,35.00,34.91,34.47
228960,1094.86,997.16,1021.96,1013.82,997.36,1005.40,1008.22,1099.64,35.01,34.71,34.74,34.69,35.33,35.09,34.94,34.51
229080,1094.82,997.12,1021.84,1013.78,997.28,1005.34,1008.10,1099.62,34.99,34.74,34.73,34.68,35.29,35.05,34.96,34.51
229200,1094.78,996.88,1021.82,1013.62,997.30,1005.26,1008.04,1099.38,34.93,34.68,34.66,34.64,35.25,34.99,34.92,34.47
229320,1094.64,996.94,1021.72,1013.52,997.28,1005.14,1007.98,1099.32,34.98,34.69,34.72,34.66,35.29,35.04,34.93,34.50
229440,1094.72,996.96,1021.92,1013.54,997.44,1005.26,1007.76,1099.34,34.98,34.73,34.71,34.67,35.27,35.05,34.96,34.51
229560,1094.64,996.96,1022.08,1013.44,997.48,1005.22,1007.96,1099.28,34.96,34.72,34.70,34.66,35.25,35.03,34.96,34.49
229680,1094.82,997.10,1021.84,1013.38,997.48,1005.32,1007.82,1099.28,34.97,34.72,34.71,34.66,35.27,35.03,34.96,34.48
229800,1094.70,996.96,1021.72,1013.50,997.52,1005.44,1007.60,1099.22,34.89,34.65,34.65,34.61,35.20,34.94,34.90,34.43
229920,1094.68,996.80,1021.70,1013.26,997.44,1005.24,1007.52,1098.96,34.88,34.61,34.63,34.58,35.21,34.94,34.88,34.42
230040,1094.46,996.52,1021.54,1013.04,997.54,1005.20,1007.36,1098.62,34.87,34.60,34.61,34.57,35.20,34.93,34.88,34.41
230160,1094.28,996.54,1021.34,1012.96,997.54,1005.20,1007.10,1098.24,34.78,34.53,34.54,34.51,35.14,34.83,34.80,34.34
230280,1094.34,996.42,1021.12,1012.96,997.44,1005.00,1006.94,1098.28,34.77,34.49,34.53,34.49,35.15,34.83,34.78,34.33
230400,1094.28,996.44,1020.82,1012.84,995.34,1004.90,1006.94,1098.28,34.75,34.48,34.51,34.46,35.12,34.81,34.77,34.31
230520,1093.98,996.12,1021.02,1012.42,995.36,1004.70,1006.70,1097.80,34.66,34.40,34.44,34.40,35.05,34.72,34.72,34.25
230640,1093.90,995.88,1020.80,1012.34,996.16,1004.70,1006.76,1097.84,34.67,34.40,34.45,34.40,35.08,34.75,34.70,34.24
230760,1093.66,995.90,1020.78,1012.08,996.62,1004.74,1006.58,1097.50,34.65,34.39,34.43,34.39,35.06,34.71,34.70,34.22
230880,1093.46,995.78,1020.68,1012.02,996.92,1004.94,1006.34,1097.74,34.63,34.37,34.41,34.37,35.03,34.69,34.67,34.20
231000,1093.48,995.74,1020.56,1012.02,996.96,1004.80,1006.42,1097.46,34.65,34.38,34.42,34.38,35.05,34.73,34.67,34.21
231120,1093.26,995.60,1020.56,1012.04,996.92,1004.58,1006.10,1097.14,34.58,34.35,34.38,34.35,35.00,34.67,34.65,34.16
231240,1092.98,995.46,1020.32,1011.64,996.92,1004.52,1006.26,1097.04,34.57,34.31,34.36,34.33,34.99,34.65,34.63,34.15
231360,1092.94,995.42,1020.14,1011.70,997.06,1004.34,1006.08,1096.94,34.55,34.28,34.33,34.30,34.95,34.62,34.60,34.12
231480,1092.66,995.08,1019.98,1011.46,997.00,1004.38,1005.72,1096.50,34.47,34.21,34.26,34.23,34.90,34.54,34.54,34.08
231600,1092.54,995.22,1019.80,1011.46,997.06,1004.06,1005.68,1096.72,34.51,34.22,34.28,34.24,34.93,34.60,34.54,34.08
231720,1092.64,994.92,1019.72,1011.16,996.96,1004.08,1005.58,1096.72,34.48,34.22,34.26,34.23,34.90,34.57,34.52,34.06
231840,1092.48,995.04,1019.56,1011.20,997.16,1003.94,1005.52,1096.36,34.43,34.16,34.21,34.19,34.86,34.52,34.47,34.03
231960,1092.52,994.86,1019.22,1011.12,997.20,1003.78,1005.46,1096.46,34.45,34.17,34.23,34.19,34.88,34.53,34.47,34.03
232080,1092.28,994.46,1019.08,1010.76,997.12,1003.94,1005.42,1096.28,34.41,34.14,34.19,34.15,34.83,34.47,34.44,34.00
232200,1092.06,994.24,1019.00,1010.78,997.12,1003.94,1005.16,1096.30,34.40,34.12,34.18,34.14,34.85,34.49,34.43,33.99
232320,1092.16,994.38,1018.96,1010.74,997.08,1004.08,1005.06,1096.38,34.43,34.14,34.20,34.16,34.86,34.51,34.45,34.00
232440,1092.00,994.24,1019.08,1010.50,997.14,1003.86,1004.70,1095.90,34.37,34.09,34.15,34.10,34.80,34.44,34.40,33.97
232560,1091.70,994.24,1018.74,1010.42,997.34,1003.80,1004.72,1095.96,34.38,34.09,34.16,34.10,34.81,34.46,34.39,33.96
232680,1091.74,994.40,1018.54,1010.38,997.24,1003.86,1004.60,1095.78,34.38,34.09,34.15,34.09,34.78,34.45,34.39,33.95
232800,1091.52,994.04,1018.38,1010.02,997.30,1003.74,1004.54,1095.60,34.31,34.02,34.09,34.04,34.72,34.39,34.34,33.91
232920,1091.36,993.76,1018.08,1009.82,997.22,1003.74,1004.50,1095.48,34.32,34.02,34.09,34.04,34.72,34.39,34.33,33.89
233040,1090.90,993.80,1018.14,1009.86,997.20,1003.34,1004.16,1095.28,34.24,33.97,34.02,33.99,34.67,34.31,34.29,33.85
233160,1090.92,993.48,1018.02,1009.80,997.26,1003.54,1004.16,1095.24,34.26,33.96,34.03,33.99,34.67,34.32,34.28,33.86
233280,1091.44,993.80,1018.08,1010.18,997.84,1003.74,1004.36,1096.38,34.52,34.17,34.28,34.20,34.82,34.61,34.43,34.04
233400,1092.18,995.36,1018.38,1010.74,997.94,1004.52,1004.64,1097.54,34.83,34.49,34.49,34.40,34.98,34.83,34.65,34.27
233520,1092.76,995.46,1018.82,1011.18,997.82,1004.86,1004.74,1098.00,34.92,34.69,34.57,34.51,35.02,34.93,34.76,34.37
233640,1092.62,995.32,1018.90,1011.30,997.34,1004.94,1004.84,1097.90,34.86,34.67,34.53,34.49,34.96,34.84,34.75,34.34
233760,1092.48,994.92,1018.86,1011.22,997.40,1004.96,1004.82,1097.90,34.84,34.61,34.52,34.48,34.98,34.85,34.74,34.33
233880,1092.80,995.50,1018.98,1011.56,997.40,1005.42,1005.10,1098.26,34.93,34.65,34.60,34.55,35.08,34.96,34.78,34.40
234000,1093.12,995.98,1019.14,1011.66,997.58,1005.56,1005.26,1098.94,35.03,34.74,34.68,34.64,35.13,35.05,34.87,34.47
234120,1093.62,996.78,1019.68,1012.30,997.68,1006.14,1005.74,1099.82,35.19,34.87,34.81,34.75,35.24,35.18,34.98,34.61
234240,1093.88,996.86,1019.96,1012.44,997.72,1006.40,1005.76,1099.90,35.24,34.99,34.86,34.82,35.26,35.22,35.05,34.68
234360,1094.02,996.74,1020.12,1012.66,997.38,1006.28,1005.66,1099.66,35.13,34.96,34.78,34.77,35.18,35.12,35.01,34.62
234480,1093.84,996.20,1020.14,1012.62,997.52,1006.32,1005.64,1099.26,35.02,34.80,34.70,34.67,35.13,35.00,34.93,34.54
234600,1093.94,996.52,1020.06,1012.48,997.90,1006.28,1005.82,1099.24,35.08,34.79,34.76,34.71,35.22,35.11,34.95,34.57
234720,1094.38,996.84,1019.92,1012.60,998.04,1006.70,1005.96,1099.96,35.18,34.88,34.83,34.79,35.29,35.21,35.01,34.65
234840,1094.90,997.64,1020.56,1013.12,998.08,1007.22,1006.36,1100.70,35.38,35.04,35.00,34.94,35.40,35.36,35.17,34.81
234960,1095.40,998.20,1021.16,1013.68,997.90,1008.06,1006.76,1101.30,35.48,35.21,35.10,35.05,35.46,35.46,35.26,34.91
235080,1095.34,998.20,1021.48,1014.02,997.60,1007.86,1006.72,1101.12,35.41,35.25,35.05,35.04,35.42,35.42,35.27,34.90
235200,1095.18,997.76,1021.44,1013.94,997.46,1007.48,1006.62,1100.62,35.24,35.11,34.93,34.91,35.33,35.25,35.18,34.76
235320,1095.10,997.62,1021.34,1013.78,997.50,1007.46,1006.54,1100.14,35.22,34.99,34.90,34.88,35.36,35.26,35.12,34.73
235440,1095.12,997.62,1021.38,1013.70,997.80,1007.52,1006.56,1100.08,35.23,34.97,34.91,34.88,35.37,35.27,35.12,34.73
235560,1095.42,998.02,1021.52,1013.82,997.82,1007.94,1007.12,1100.72,35.33,35.02,35.00,34.95,35.45,35.37,35.19,34.80
235680,1096.08,998.92,1021.86,1014.38,997.90,1008.52,1007.28,1101.62,35.51,35.19,35.15,35.09,35.56,35.52,35.32,34.95
235800,1096.32,999.22,1021.98,1014.80,997.84,1008.62,1007.54,1101.72,35.57,35.34,35.19,35.16,35.57,35.57,35.38,35.01
235920,1096.30,999.02,1022.10,1014.94,997.60,1008.64,1007.24,1101.46,35.45,35.30,35.10,35.07,35.50,35.44,35.34,34.93
236040,1095.82,998.28,1022.12,1014.70,997.52,1008.44,1007.38,1100.82,35.29,35.11,34.99,34.98,35.43,35.30,35.25,34.84
236160,1095.92,998.38,1022.02,1014.78,997.76,1008.50,1007.58,1100.98,35.35,35.09,35.05,35.01,35.50,35.39,35.26,34.87
236280,1096.04,998.94,1022.06,1014.92,997.70,1008.70,1007.62,1101.28,35.41,35.14,35.09,35.06,35.54,35.46,35.30,34.91
236400,1096.66,999.46,1022.58,1015.28,997.80,1009.28,1007.90,1102.02,35.56,35.26,35.22,35.16,35.63,35.58,35.40,35.02
236520,1097.24,1000.20,1023.00,1015.96,998.08,1009.86,1008.46,1103.02,35.77,35.46,35.39,35.33,35.76,35.75,35.55,35.20
236640,1097.70,1000.80,1023.34,1016.38,998.00,1010.34,1008.64,1103.50,35.84,35.64,35.46,35.41,35.80,35.82,35.63,35.28
236760,1097.74,1000.60,1023.56,1016.50,997.66,1010.28,1008.60,1102.94,35.72,35.62,35.36,35.34,35.72,35.72,35.60,35.22
236880,1097.32,1000.12,1023.44,1016.28,997.40,1010.00,1008.50,1102.04,35.55,35.40,35.22,35.21,35.62,35.54,35.48,35.09
237000,1097.38,999.84,1023.38,1016.24,997.72,1009.78,1008.84,1102.04,35.56,35.30,35.23,35.18,35.68,35.58,35.46,35.07
237120,1097.60,1000.14,1023.40,1016.22,997.90,1009.98,1008.90,1102.20,35.62,35.35,35.28,35.23,35.72,35.65,35.49,35.10
237240,1097.84,1000.48,1023.44,1016.04,997.96,1010.16,1008.88,1102.76,35.67,35.40,35.34,35.27,35.77,35.70,35.51,35.14
237360,1098.40,1000.70,1024.08,1016.96,997.96,1010.96,1009.38,1103.48,35.86,35.55,35.51,35.44,35.88,35.86,35.66,35.29
237480,1099.04,1002.00,1024.68,1017.54,998.26,1011.34,1009.58,1104.30,36.00,35.75,35.62,35.56,35.96,35.98,35.78,35.43
237600,1099.06,1001.98,1024.72,1017.76,997.96,1011.72,1009.76,1104.32,35.97,35.81,35.59,35.56,35.94,35.94,35.80,35.43
237720,1098.80,1001.64,1024.72,1017.82,997.68,1011.24,1009.80,1103.48,35.77,35.66,35.43,35.41,35.84,35.76,35.68,35.30
237840,1098.34,1000.78,1024.62,1017.44,997.76,1010.88,1009.76,1102.84,35.64,35.46,35.33,35.31,35.80,35.66,35.57,35.18
237960,1098.18,1000.80,1024.54,1017.24,997.84,1010.74,1009.78,1102.56,35.59,35.36,35.29,35.26,35.78,35.64,35.51,35.12
238080,1098.12,1000.78,1024.46,1017.26,997.90,1010.68,1009.94,1102.46,35.57,35.30,35.27,35.24,35.78,35.62,35.49,35.09
238200,1098.38,1001.16,1024.60,1017.46,997.96,1011.02,1010.06,1102.80,35.66,35.35,35.36,35.31,35.86,35.73,35.55,35.16
238320,1098.56,1001.46,1024.54,1017.46,998.06,1011.16,1010.18,1102.64,35.68,35.42,35.38,35.34,35.85,35.74,35.58,35.17
238440,1098.42,1001.34,1024.50,1017.36,997.76,1011.02,1009.78,1102.24,35.56,35.36,35.26,35.26,35.76,35.60,35.52,35.10
238560,1098.14,1000.58,1024.38,1017.16,997.74,1010.60,1009.78,1101.72,35.43,35.21,35.16,35.14,35.69,35.48,35.43,34.99
238680,1098.06,1000.66,1024.32,1016.88,997.92,1010.66,1009.94,1101.74,35.48,35.20,35.20,35.14,35.74,35.54,35.42,35.01
238800,1098.14,1000.88,1024.22,1017.08,997.92,1010.94,1009.92,1101.78,35.51,35.23,35.22,35.15,35.74,35.57,35.45,35.01
238920,1098.50,1001.10,1024.46,1017.26,998.00,1011.00,1010.38,1102.22,35.63,35.31,35.30,35.23,35.82,35.66,35.50,35.09
239040,1098.84,1001.62,1024.52,1017.64,998.10,1011.40,1010.42,1102.60,35.70,35.42,35.36,35.31,35.86,35.74,35.57,35.16
239160,1098.68,1001.66,1024.86,1017.54,997.92,1011.46,1010.38,1102.60,35.65,35.42,35.30,35.28,35.80,35.67,35.56,35.13
239280,1098.36,1001.10,1024.76,1017.42,997.82,1011.04,1010.18,1102.18,35.48,35.27,35.17,35.15,35.70,35.50,35.46,35.03
239400,1098.24,1000.82,1024.56,1017.30,997.88,1010.86,1010.02,1101.84,35.45,35.20,35.17,35.12,35.74,35.52,35.42,35.00
239520,1098.00,1000.90,1024.52,1017.24,998.20,1010.84,1010.26,1101.86,35.51,35.23,35.21,35.16,35.77,35.58,35.43,35.02
239640,1098.50,1000.98,1024.62,1017.36,998.30,1010.98,1010.36,1102.12,35.56,35.27,35.27,35.20,35.80,35.62,35.48,35.05
239760,1099.02,1001.54,1024.76,1017.66,998.46,1011.44,1010.76,1102.78,35.73,35.40,35.40,35.31,35.91,35.75,35.59,35.18
239880,1098.96,1002.32,1024.96,1017.86,998.30,1011.82,1010.80,1103.24,35.80,35.54,35.45,35.39,35.93,35.81,35.66,35.25
240000,1098.90,1002.12,1025.22,1018.04,998.18,1011.70,1010.76,1103.06,35.71,35.51,35.37,35.35,35.83,35.72,35.63,35.21
240120,1098.58,1001.44,1025.20,1017.84,998.04,1011.26,1010.50,1102.34,35.53,35.34,35.25,35.23,35.76,35.54,35.51,35.09
240240,1098.50,1001.36,1025.06,1017.70,998.10,1011.10,1010.62,1102.42,35.58,35.30,35.30,35.24,35.82,35.63,35.51,35.10
240360,1098.78,1001.56,1025.08,1017.78,998.14,1011.24,1010.78,1102.68,35.64,35.37,35.36,35.28,35.87,35.68,35.55,35.14
240480,1099.04,1002.10,1025.08,1017.68,998.38,1011.40,1011.22,1102.94,35.71,35.44,35.40,35.34,35.91,35.74,35.60,35.20
240600,1099.30,1002.44,1025.42,1018.16,998.42,1011.90,1011.20,1103.16,35.82,35.53,35.49,35.42,35.97,35.85,35.67,35.27
240720,1099.20,1002.60,1025.68,1018.30,998.36,1011.88,1011.14,1103.24,35.79,35.56,35.47,35.42,35.94,35.82,35.69,35.26
240840,1098.86,1001.92,1025.60,1018.36,998.02,1011.68,1010.82,1102.46,35.63,35.43,35.33,35.30,35.80,35.64,35.58,35.17
240960,1098.68,1001.52,1025.34,1017.96,997.88,1011.38,1010.84,1102.22,35.51,35.26,35.23,35.19,35.79,35.55,35.49,35.07
241080,1098.78,1001.38,1025.04,1017.86,998.02,1011.12,1010.82,1102.20,35.50,35.22,35.23,35.17,35.80,35.56,35.46,35.05
241200,1098.66,1001.40,1025.08,1017.82,998.16,1011.12,1010.88,1102.14,35.48,35.21,35.24,35.16,35.79,35.54,35.45,35.03
241320,1098.88,1001.58,1025.24,1017.80,998.26,1011.28,1010.88,1102.36,35.58,35.27,35.30,35.23,35.86,35.63,35.50,35.08
241440,1098.88,1001.78,1025.44,1017.94,998.26,1011.44,1010.90,1102.36,35.61,35.34,35.32,35.25,35.85,35.64,35.53,35.10
241560,1099.06,1002.10,1025.30,1018.12,998.30,1011.64,1011.26,1102.82,35.68,35.39,35.38,35.31,35.89,35.72,35.58,35.16
241680,1099.30,1002.40,1025.38,1018.34,998.40,1011.94,1011.26,1102.92,35.77,35.49,35.44,35.39,35.93,35.79,35.64,35.22
241800,1099.44,1002.50,1025.54,1018.50,998.32,1011.98,1011.54,1102.98,35.80,35.53,35.48,35.43,35.96,35.82,35.68,35.26
241920,1099.64,1002.82,1025.58,1018.62,998.32,1012.06,1011.70,1103.30,35.85,35.57,35.52,35.47,35.99,35.87,35.72,35.30
242040,1099.90,1002.66,1025.82,1018.60,998.26,1012.16,1011.62,1103.46,35.85,35.59,35.52,35.49,36.00,35.87,35.73,35.31
242160,1099.90,1002.96,1026.04,1018.88,998.52,1012.32,1011.74,1103.58,35.89,35.61,35.56,35.52,36.03,35.90,35.76,35.34
242280,1099.90,1002.98,1026.20,1018.92,998.44,1012.28,1011.68,1103.54,35.87,35.60,35.54,35.50,36.01,35.87,35.75,35.33
242400,1099.92,1003.12,1026.34,1019.12,998.42,1012.48,1011.76,1104.16,35.95,35.64,35.60,35.55,36.07,35.94,35.79,35.38
242520,1100.46,1003.72,1026.42,1019.26,998.46,1012.72,1012.12,1104.30,36.00,35.70,35.64,35.59,36.11,35.99,35.83,35.43
242640,1100.56,1003.54,1026.72,1019.36,998.36,1012.46,1011.98,1103.90,35.92,35.67,35.56,35.53,36.04,35.90,35.79,35.40
242760,1099.86,1003.12,1026.62,1019.06,998.02,1012.02,1011.64,1103.12,35.73,35.51,35.38,35.38,35.92,35.72,35.69,35.26
242880,1099.56,1002.60,1026.44,1018.82,998.14,1011.86,1011.68,1103.14,35.66,35.39,35.37,35.33,35.93,35.71,35.63,35.21
243000,1099.58,1002.82,1026.20,1018.78,998.32,1011.84,1011.60,1103.10,35.73,35.42,35.42,35.37,35.99,35.80,35.65,35.23
243120,1100.12,1003.06,1026.30,1018.92,998.38,1011.98,1011.84,1103.36,35.80,35.49,35.49,35.42,36.03,35.85,35.71,35.28
243240,1100.06,1003.56,1026.46,1019.32,998.44,1012.36,1012.14,1104.06,35.91,35.60,35.57,35.51,36.08,35.93,35.78,35.36
243360,1100.28,1003.76,1026.52,1019.30,998.42,1012.60,1012.14,1103.90,35.89,35.64,35.55,35.52,36.05,35.89,35.79,35.37
243480,1099.72,1003.10,1026.72,1019.20,998.20,1012.06,1012.00,1103.28,35.71,35.53,35.41,35.40,35.94,35.71,35.72,35.27
243600,1099.46,1002.90,1026.38,1019.06,998.06,1011.94,1011.92,1103.18,35.63,35.38,35.36,35.32,35.92,35.65,35.64,35.19
243720,1099.52,1002.86,1026.36,1018.94,998.04,1011.86,1011.84,1103.20,35.68,35.39,35.41,35.34,35.97,35.73,35.64,35.21
243840,1099.54,1003.10,1026.32,1018.90,998.44,1011.90,1012.08,1103.16,35.72,35.43,35.44,35.38,35.99,35.79,35.66,35.23
243960,1100.02,1003.12,1026.54,1019.24,998.46,1012.10,1012.14,1103.16,35.81,35.51,35.51,35.44,36.04,35.86,35.71,35.28
244080,1100.02,1003.26,1026.64,1019.38,998.32,1012.34,1012.14,1103.70,35.87,35.56,35.55,35.49,36.05,35.89,35.75,35.31
244200,1100.58,1003.86,1026.64,1019.92,998.62,1012.46,1012.38,1104.50,36.04,35.68,35.69,35.61,36.18,36.03,35.88,35.45
244320,1101.20,1004.66,1027.20,1020.34,998.80,1013.30,1012.68,1105.10,36.19,35.88,35.83,35.75,36.26,36.18,36.02,35.60
244440,1101.24,1004.78,1027.40,1020.68,998.62,1013.24,1012.70,1105.32,36.18,35.97,35.82,35.76,36.23,36.17,36.04,35.61
244560,1100.86,1004.40,1027.46,1020.64,998.22,1012.94,1012.62,1104.70,36.01,35.86,35.65,35.65,36.12,35.97,35.97,35.51
244680,1100.28,1003.80,1027.16,1020.14,998.28,1012.66,1012.52,1103.78,35.84,35.64,35.55,35.52,36.06,35.86,35.85,35.39
244800,1100.32,1003.62,1027.16,1020.10,998.50,1012.54,1012.62,1103.90,35.84,35.59,35.56,35.51,36.10,35.91,35.82,35.37
244920,1100.30,1003.76,1027.20,1020.06,998.52,1012.50,1012.94,1104.04,35.86,35.60,35.58,35.53,36.12,35.92,35.82,35.37
245040,1100.90,1004.12,1027.44,1020.26,998.66,1013.04,1012.88,1104.78,36.03,35.71,35.71,35.65,36.21,36.08,35.92,35.49
245160,1101.20,1005.10,1027.76,1020.70,998.68,1013.36,1013.28,1105.12,36.15,35.88,35.81,35.75,36.27,36.18,36.01,35.60
245280,1101.44,1004.94,1027.72,1020.76,998.46,1013.28,1013.16,1105.00,36.10,35.90,35.77,35.73,36.21,36.12,36.00,35.58
245400,1100.92,1004.18,1027.62,1020.62,998.08,1012.96,1012.68,1104.28,35.93,35.71,35.61,35.59,36.09,35.91,35.89,35.46
245520,1100.68,1003.80,1027.32,1020.42,998.06,1012.50,1012.72,1103.90,35.81,35.54,35.51,35.48,36.06,35.83,35.80,35.36
245640,1100.84,1003.96,1027.34,1020.08,998.46,1012.46,1012.76,1104.08,35.90,35.59,35.62,35.54,36.15,35.97,35.83,35.40
245760,1100.78,1004.24,1027.40,1020.24,998.52,1012.72,1012.72,1104.04,35.93,35.65,35.63,35.57,36.15,35.99,35.87,35.43
245880,1100.50,1004.10,1027.38,1020.36,998.20,1012.58,1012.64,1103.68,35.82,35.59,35.52,35.49,36.06,35.88,35.82,35.36
246000,1100.24,1003.42,1027.22,1019.92,998.22,1012.04,1012.60,1103.10,35.64,35.41,35.38,35.35,35.96,35.69,35.70,35.23
246120,1100.08,1003.32,1027.02,1019.66,998.24,1011.92,1012.40,1103.00,35.64,35.36,35.39,35.33,35.99,35.72,35.67,35.22
246240,1099.84,1003.46,1027.08,1019.60,998.26,1012.00,1012.60,1103.04,35.67,35.40,35.41,35.35,36.00,35.75,35.67,35.22
246360,1100.30,1003.74,1027.10,1019.82,998.42,1012.24,1012.62,1103.56,35.81,35.50,35.56,35.46,36.10,35.87,35.76,35.31
246480,1101.10,1004.68,1027.28,1020.36,998.54,1012.86,1012.98,1104.26,36.03,35.70,35.71,35.61,36.21,36.05,35.90,35.47
246600,1101.12,1004.68,1027.70,1020.70,998.52,1013.18,1013.12,1104.66,36.08,35.85,35.76,35.68,36.21,36.10,35.96,35.52
246720,1100.78,1004.66,1027.70,1020.64,998.04,1012.90,1012.84,1104.24,35.95,35.78,35.64,35.60,36.12,35.97,35.89,35.46
246840,1100.42,1003.84,1027.16,1020.42,998.08,1012.54,1012.56,1103.50,35.76,35.55,35.48,35.46,36.03,35.78,35.77,35.34
246960,1100.34,1003.72,1027.14,1020.16,998.32,1012.38,1012.76,1103.78,35.80,35.52,35.51,35.46,36.09,35.87,35.76,35.34
247080,1100.76,1004.06,1027.32,1020.28,998.40,1012.48,1012.70,1103.76,35.86,35.57,35.58,35.52,36.14,35.94,35.80,35.36
247200,1101.34,1004.52,1027.42,1020.26,998.52,1012.86,1013.06,1104.44,35.99,35.68,35.68,35.62,36.20,36.03,35.89,35.47
247320,1101.36,1004.84,1027.72,1020.50,998.42,1013.00,1013.18,1104.60,36.07,35.79,35.75,35.67,36.24,36.09,35.95,35.53
247440,1101.22,1004.78,1027.78,1020.52,998.34,1012.92,1013.06,1104.34,36.01,35.79,35.67,35.63,36.17,36.02,35.93,35.49
247560,1100.86,1004.32,1027.80,1020.54,998.16,1012.42,1012.74,1104.00,35.82,35.60,35.52,35.48,36.07,35.80,35.81,35.37
247680,1100.72,1003.82,1027.42,1020.20,998.08,1012.28,1012.72,1103.58,35.77,35.49,35.48,35.43,36.08,35.81,35.73,35.32
247800,1100.54,1003.92,1027.40,1019.98,998.10,1012.02,1012.74,1103.52,35.76,35.46,35.48,35.42,36.08,35.80,35.72,35.30
247920,1100.58,1003.88,1027.36,1019.84,998.38,1012.20,1012.62,1103.78,35.82,35.51,35.58,35.49,36.14,35.90,35.76,35.34
248040,1101.36,1004.68,1027.44,1020.42,998.60,1012.84,1013.12,1104.64,36.06,35.71,35.75,35.66,36.25,36.11,35.92,35.51
248160,1101.70,1005.48,1027.86,1020.84,998.68,1013.18,1013.38,1105.22,36.19,35.94,35.86,35.75,36.31,36.18,36.03,35.62
248280,1101.76,1005.54,1028.12,1020.92,998.42,1013.30,1013.16,1105.24,36.12,35.95,35.79,35.73,36.26,36.10,36.04,35.59
248400,1101.26,1004.94,1028.10,1020.90,998.14,1012.96,1012.98,1104.18,35.94,35.76,35.62,35.60,36.13,35.93,35.94,35.47
248520,1101.12,1004.46,1027.70,1020.62,998.06,1012.54,1012.88,1104.28,35.87,35.64,35.59,35.54,36.16,35.91,35.87,35.42
248640,1101.16,1004.54,1027.52,1020.56,998.18,1012.44,1012.92,1104.22,35.92,35.66,35.64,35.56,36.19,35.97,35.88,35.43
248760,1101.36,1004.62,1027.68,1020.54,998.18,1012.50,1013.48,1104.44,35.97,35.70,35.68,35.60,36.22,36.02,35.90,35.46
248880,1101.58,1005.08,1027.96,1020.72,998.40,1012.72,1013.60,1104.82,36.06,35.77,35.75,35.68,36.27,36.08,35.96,35.52
249000,1101.56,1004.96,1028.14,1020.82,998.20,1012.82,1013.52,1104.58,36.02,35.80,35.72,35.67,36.23,36.05,35.97,35.51
249120,1101.08,1004.78,1028.04,1020.80,997.92,1012.62,1013.36,1103.82,35.84,35.66,35.55,35.52,36.11,35.87,35.87,35.41
249240,1100.80,1004.34,1027.72,1020.50,997.98,1012.02,1013.40,1103.68,35.77,35.52,35.49,35.45,36.09,35.81,35.78,35.34
249360,1101.04,1004.38,1027.72,1020.32,997.94,1012.00,1013.20,1103.76,35.84,35.54,35.56,35.49,36.15,35.91,35.79,35.36
249480,1101.00,1004.44,1027.76,1020.42,998.00,1012.10,1013.18,1103.96,35.89,35.60,35.60,35.53,36.15,35.95,35.83,35.39
249600,1101.34,1004.72,1027.76,1020.50,998.18,1012.48,1013.56,1104.64,36.00,35.69,35.70,35.62,36.22,36.07,35.92,35.47
249720,1101.76,1005.12,1028.00,1020.82,998.10,1012.84,1013.74,1105.06,36.06,35.79,35.76,35.67,36.25,36.10,35.96,35.53
249840,1101.42,1005.08,1027.98,1020.80,997.98,1012.50,1013.40,1104.68,35.97,35.73,35.67,35.59,36.18,36.00,35.91,35.49
249960,1100.84,1004.52,1027.88,1020.34,997.54,1012.12,1013.26,1103.84,35.80,35.55,35.52,35.46,36.08,35.81,35.79,35.36
250080,1100.82,1004.28,1027.42,1020.24,997.60,1011.80,1013.00,1103.92,35.81,35.49,35.52,35.43,36.10,35.86,35.76,35.35
250200,1100.90,1004.46,1027.38,1020.16,997.90,1011.76,1013.08,1104.02,35.84,35.53,35.55,35.47,36.13,35.91,35.77,35.37
250320,1101.22,1004.78,1027.62,1020.40,997.98,1011.94,1013.14,1104.26,35.90,35.61,35.61,35.52,36.19,35.96,35.82,35.41
250440,1101.56,1005.00,1027.82,1020.50,998.08,1012.26,1013.40,1104.84,36.03,35.73,35.72,35.61,36.24,36.06,35.89,35.50
250560,1101.50,1005.22,1027.86,1020.80,998.10,1012.46,1013.50,1104.86,36.02,35.78,35.71,35.63,36.21,36.04,35.92,35.51
250680,1101.24,1005.04,1027.94,1020.74,997.72,1012.24,1013.26,1104.36,35.89,35.66,35.57,35.52,36.12,35.89,35.84,35.42
250800,1100.82,1004.38,1027.66,1020.50,997.72,1011.82,1013.08,1103.96,35.78,35.53,35.49,35.43,36.08,35.79,35.76,35.35
250920,1100.94,1004.30,1027.68,1020.42,997.72,1011.86,1013.02,1103.92,35.82,35.55,35.54,35.46,36.13,35.88,35.77,35.36
251040,1101.30,1004.64,1027.72,1020.44,997.68,1012.00,1013.16,1104.06,35.85,35.60,35.56,35.50,36.14,35.92,35.81,35.38
251160,1101.66,1004.94,1028.00,1020.54,998.06,1012.14,1013.24,1104.70,35.99,35.70,35.70,35.60,36.23,36.04,35.90,35.47
251280,1101.84,1005.50,1028.00,1020.70,998.16,1012.50,1013.70,1105.18,36.09,35.83,35.77,35.69,36.27,36.12,35.99,35.55
251400,1101.72,1005.52,1028.06,1020.92,997.76,1012.30,1013.52,1105.20,36.05,35.84,35.72,35.67,36.21,36.06,35.96,35.54
251520,1101.44,1004.94,1027.96,1020.62,997.60,1011.90,1013.22,1104.40,35.84,35.67,35.55,35.55,36.10,35.87,35.86,35.43
251640,1101.00,1004.48,1027.70,1020.56,997.44,1011.52,1013.18,1103.92,35.77,35.54,35.50,35.46,36.08,35.81,35.79,35.36
251760,1100.94,1004.26,1027.78,1020.28,997.26,1011.22,1013.10,1103.56,35.67,35.42,35.44,35.40,36.04,35.73,35.71,35.29
251880,1100.48,1003.86,1027.46,1019.96,997.30,1011.04,1012.96,1103.12,35.56,35.28,35.34,35.29,35.98,35.61,35.62,35.20
252000,1100.28,1003.48,1027.10,1019.74,997.44,1010.84,1012.80,1102.90,35.52,35.22,35.30,35.26,35.96,35.57,35.57,35.16
252120,1099.98,1003.44,1026.96,1019.46,997.42,1010.38,1012.24,1102.66,35.42,35.14,35.19,35.18,35.87,35.47,35.49,35.09
252240,1099.56,1002.88,1026.36,1019.16,997.26,1010.14,1012.08,1102.26,35.36,35.06,35.13,35.10,35.83,35.41,35.43,35.02
252360,1099.26,1002.96,1026.56,1018.78,997.46,1009.90,1012.10,1102.28,35.36,35.06,35.15,35.10,35.84,35.42,35.42,35.01
252480,1099.08,1002.60,1026.32,1018.46,997.36,1009.74,1011.80,1101.88,35.30,35.02,35.09,35.05,35.79,35.37,35.37,34.96
252600,1099.08,1002.46,1025.98,1018.38,997.28,1009.70,1011.74,1101.96,35.27,34.98,35.06,35.01,35.77,35.34,35.34,34.93
252720,1099.04,1002.58,1025.98,1018.44,997.46,1009.80,1011.78,1102.22,35.42,35.09,35.18,35.10,35.84,35.49,35.41,34.98
252840,1099.28,1002.72,1025.98,1018.48,997.44,1010.06,1011.50,1102.54,35.47,35.18,35.21,35.14,35.84,35.54,35.45,35.02
252960,1099.10,1002.88,1025.90,1018.46,997.42,1010.04,1011.72,1102.72,35.51,35.23,35.25,35.19,35.87,35.58,35.49,35.05
253080,1099.54,1002.96,1025.88,1018.72,997.28,1010.10,1011.62,1103.00,35.57,35.30,35.31,35.24,35.90,35.63,35.54,35.09
253200,1099.26,1003.22,1025.98,1018.66,997.16,1009.96,1011.60,1102.66,35.52,35.29,35.26,35.20,35.85,35.57,35.53,35.07
253320,1099.08,1002.52,1025.88,1018.48,997.12,1009.94,1011.32,1102.54,35.46,35.21,35.21,35.15,35.82,35.50,35.49,35.03
253440,1098.96,1002.62,1025.74,1018.32,996.96,1009.84,1011.12,1102.38,35.45,35.18,35.21,35.14,35.80,35.49,35.46,35.01
253560,1098.70,1002.26,1025.44,1018.22,997.00,1009.52,1010.86,1101.82,35.34,35.10,35.11,35.06,35.73,35.39,35.41,34.95
253680,1098.62,1001.90,1025.32,1018.04,996.86,1009.34,1010.80,1101.72,35.30,35.04,35.08,35.01,35.73,35.36,35.36,34.91
253800,1098.58,1002.14,1025.32,1017.88,997.04,1009.42,1010.82,1101.76,35.38,35.09,35.15,35.06,35.77,35.43,35.38,34.93
253920,1098.68,1002.20,1025.24,1017.68,996.92,1009.16,1010.64,1101.88,35.35,35.11,35.14,35.05,35.74,35.41,35.39,34.92
254040,1098.46,1001.96,1025.14,1017.58,997.06,1009.04,1010.54,1101.52,35.31,35.06,35.09,35.02,35.71,35.36,35.35,34.90
254160,1098.34,1001.82,1024.92,1017.58,997.08,1008.82,1010.44,1101.48,35.30,35.03,35.08,35.02,35.70,35.35,35.34,34.88
254280,1097.90,1001.54,1024.74,1017.36,996.82,1008.42,1010.16,1101.16,35.23,34.96,35.00,34.95,35.62,35.27,35.29,34.83
254400,1097.68,1001.46,1024.50,1017.12,996.70,1008.44,1010.20,1101.18,35.18,34.91,34.96,34.90,35.62,35.27,35.24,34.80
254520,1097.82,1001.36,1024.48,1017.22,996.78,1008.30,1010.24,1101.40,35.28,34.98,35.03,34.96,35.68,35.37,35.30,34.85
254640,1097.80,1001.36,1024.64,1017.36,996.84,1008.46,1010.02,1101.36,35.31,35.03,35.05,34.98,35.66,35.36,35.31,34.86
254760,1097.88,1001.36,1024.50,1017.34,996.80,1008.78,1010.06,1101.40,35.33,35.05,35.07,35.00,35.67,35.38,35.33,34.88
254880,1098.10,1001.38,1024.46,1017.40,996.72,1008.74,1010.14,1101.58,35.40,35.13,35.14,35.06,35.72,35.44,35.37,34.93
255000,1098.22,1001.48,1024.52,1017.58,996.82,1008.72,1009.86,1101.62,35.40,35.15,35.11,35.06,35.68,35.42,35.38,34.93
255120,1098.18,1001.52,1024.48,1017.58,996.68,1008.78,1009.86,1101.80,35.42,35.16,35.14,35.07,35.71,35.45,35.39,34.94
255240,1098.22,1001.76,1024.50,1017.52,996.78,1008.88,1010.20,1102.14,35.50,35.25,35.24,35.15,35.77,35.54,35.45,35.00
255360,1098.16,1001.80,1024.68,1017.52,996.70,1008.86,1010.18,1102.18,35.50,35.28,35.23,35.16,35.76,35.53,35.47,35.01
255480,1098.00,1001.64,1024.76,1017.60,996.74,1008.80,1010.14,1102.32,35.50,35.26,35.23,35.16,35.76,35.53,35.47,35.02
255600,1098.48,1001.98,1024.76,1017.70,996.82,1008.80,1010.34,1102.36,35.56,35.31,35.28,35.20,35.80,35.60,35.50,35.06
255720,1098.58,1002.10,1024.84,1017.70,996.64,1008.98,1010.32,1102.36,35.54,35.31,35.25,35.20,35.78,35.56,35.49,35.05
255840,1098.62,1002.10,1024.86,1017.68,996.60,1008.98,1010.40,1102.74,35.58,35.32,35.31,35.24,35.82,35.64,35.51,35.09
255960,1098.68,1002.66,1024.90,1017.98,996.88,1009.38,1010.72,1103.34,35.72,35.42,35.40,35.32,35.89,35.74,35.58,35.18
256080,1099.20,1003.14,1025.06,1018.28,996.64,1009.52,1010.68,1103.40,35.73,35.51,35.42,35.35,35.89,35.74,35.62,35.21
256200,1099.12,1002.76,1024.94,1018.60,996.54,1009.56,1010.60,1103.42,35.71,35.49,35.39,35.34,35.87,35.71,35.62,35.20
256320,1099.08,1002.58,1025.08,1018.34,996.50,1009.40,1010.66,1103.38,35.71,35.47,35.40,35.34,35.89,35.72,35.62,35.21
256440,1099.02,1002.52,1025.20,1018.44,996.48,1009.46,1010.44,1102.92,35.62,35.42,35.32,35.27,35.82,35.63,35.60,35.16
256560,1098.98,1002.24,1025.04,1018.42,996.36,1009.18,1010.40,1102.70,35.58,35.34,35.29,35.24,35.82,35.60,35.56,35.12
256680,1099.02,1002.44,1025.14,1018.28,996.52,1009.12,1010.38,1102.86,35.62,35.37,35.33,35.27,35.87,35.65,35.58,35.14
256800,1099.06,1002.26,1024.98,1018.36,996.40,1009.10,1010.42,1102.70,35.59,35.35,35.29,35.25,35.82,35.61,35.56,35.12
256920,1098.78,1002.08,1025.12,1018.20,996.28,1008.96,1010.40,1102.60,35.51,35.28,35.24,35.19,35.79,35.53,35.51,35.07
257040,1098.84,1002.00,1024.96,1018.16,996.52,1009.04,1010.40,1102.50,35.54,35.28,35.27,35.21,35.81,35.58,35.51,35.08
257160,1098.82,1002.22,1024.94,1018.00,996.50,1008.78,1010.20,1102.66,35.51,35.27,35.25,35.18,35.79,35.55,35.49,35.06
257280,1098.74,1002.06,1024.78,1018.00,996.34,1008.86,1010.30,1102.38,35.49,35.24,35.21,35.17,35.79,35.54,35.48,35.05
257400,1098.56,1002.24,1024.82,1018.08,996.34,1008.90,1010.42,1102.40,35.54,35.27,35.27,35.21,35.82,35.60,35.50,35.07
257520,1098.72,1002.18,1024.88,1017.90,996.32,1008.66,1010.38,1102.52,35.52,35.27,35.24,35.18,35.77,35.55,35.49,35.06
257640,1098.68,1002.22,1024.72,1017.94,996.40,1008.50,1010.26,1102.30,35.47,35.22,35.20,35.15,35.75,35.50,35.45,35.03
257760,1098.42,1002.06,1024.88,1018.04,996.30,1008.58,1010.22,1102.18,35.45,35.18,35.18,35.13,35.73,35.46,35.42,35.01
257880,1098.20,1001.84,1024.54,1017.94,996.16,1008.30,1009.94,1101.66,35.36,35.10,35.10,35.05,35.67,35.37,35.36,34.94
258000,1098.14,1001.74,1024.48,1017.44,996.12,1008.22,1009.80,1101.58,35.33,35.06,35.08,35.03,35.67,35.36,35.33,34.91
258120,1098.30,1001.68,1024.44,1017.52,996.20,1007.90,1009.86,1101.58,35.34,35.06,35.08,35.03,35.66,35.35,35.33,34.90
258240,1097.84,1001.42,1024.26,1017.30,996.12,1007.78,1009.66,1101.20,35.27,35.01,34.99,34.97,35.61,35.28,35.28,34.86
258360,1097.72,1001.10,1024.08,1017.04,995.88,1007.68,1009.62,1100.90,35.25,34.96,34.99,34.95,35.61,35.27,35.25,34.83
258480,1097.50,1001.06,1023.96,1017.04,995.96,1007.56,1009.34,1100.82,35.20,34.92,34.97,34.92,35.59,35.25,35.22,34.81
258600,1097.38,1000.70,1023.74,1016.72,995.70,1007.26,1009.12,1100.50,35.13,34.85,34.88,34.84,35.52,35.16,35.15,34.74
258720,1097.36,1000.54,1023.62,1016.46,995.66,1007.42,1008.98,1100.34,35.15,34.84,34.90,34.85,35.53,35.19,35.14,34.73
258840,1097.06,1000.56,1023.46,1016.42,995.70,1007.20,1008.96,1100.06,35.11,34.81,34.89,34.82,35.49,35.16,35.11,34.71
258960,1097.02,1000.32,1023.16,1016.08,995.86,1006.98,1008.90,1100.00,35.08,34.76,34.84,34.78,35.46,35.13,35.08,34.69
259080,1097.02,1000.32,1023.12,1016.04,995.80,1007.06,1008.84,1100.04,35.15,34.82,34.91,34.83,35.51,35.22,35.11,34.72
259200,1097.02,1000.42,1023.14,1016.08,995.90,1006.92,1008.74,1100.18,35.15,34.85,34.92,34.83,35.49,35.20,35.12,34.73
259320,1097.02,1000.32,1023.20,1016.08,995.96,1007.10,1008.74,1100.38,35.18,34.85,34.94,34.85,35.50,35.23,35.13,34.74
259440,1097.12,1000.68,1023.14,1016.06,996.10,1007.00,1008.80,1100.68,35.26,34.93,35.00,34.90,35.54,35.31,35.19,34.79
259560,1097.20,1000.82,1023.22,1016.12,995.84,1006.84,1008.60,1100.76,35.25,34.94,34.98,34.90,35.51,35.29,35.19,34.81
259680,1097.20,1000.74,1023.16,1015.98,995.76,1006.82,1008.64,1100.80,35.27,34.95,35.00,34.92,35.54,35.32,35.20,34.82
259800,1097.28,1000.70,1023.04,1016.08,995.70,1006.94,1008.58,1100.80,35.35,35.03,35.06,34.98,35.58,35.39,35.25,34.87
259920,1097.42,1000.78,1023.06,1016.04,995.76,1007.04,1008.86,1100.96,35.32,35.04,35.05,34.96,35.55,35.35,35.25,34.86
260040,1097.32,1000.64,1023.32,1015.94,995.70,1007.08,1008.86,1101.04,35.31,35.01,35.04,34.95,35.54,35.34,35.24,34.85
260160,1097.40,1000.88,1023.16,1015.96,995.82,1007.10,1008.90,1101.26,35.37,35.05,35.08,34.99,35.59,35.40,35.27,34.90
260280,1097.36,1000.90,1023.06,1016.12,995.80,1007.02,1008.78,1101.02,35.33,35.04,35.06,34.98,35.56,35.36,35.26,34.88
260400,1097.40,1000.72,1023.02,1015.94,995.84,1007.14,1008.84,1101.04,35.33,35.03,35.05,34.97,35.56,35.35,35.26,34.88
260520,1097.50,1000.74,1023.02,1016.04,995.78,1007.04,1008.88,1101.16,35.37,35.05,35.09,34.99,35.58,35.39,35.27,34.90
260640,1097.56,1000.62,1023.04,1016.10,995.80,1006.88,1008.66,1101.28,35.34,35.03,35.06,34.97,35.55,35.36,35.26,34.88
260760,1097.68,1000.70,1023.02,1016.12,995.74,1006.98,1008.98,1101.22,35.40,35.06,35.10,35.01,35.59,35.42,35.29,34.92
260880,1097.80,1001.02,1022.90,1016.26,995.84,1007.08,1009.18,1101.38,35.44,35.13,35.14,35.04,35.61,35.44,35.32,34.95
261000,1097.88,1000.78,1022.92,1016.28,995.78,1007.02,1008.86,1101.44,35.41,35.12,35.11,35.02,35.58,35.40,35.31,34.94
261120,1097.88,1001.20,1023.22,1016.36,995.94,1007.16,1008.86,1101.64,35.46,35.14,35.16,35.06,35.63,35.46,35.33,34.97
261240,1097.94,1001.44,1023.18,1016.52,995.94,1007.38,1009.06,1101.66,35.50,35.20,35.18,35.09,35.66,35.49,35.37,34.99
261360,1097.92,1001.48,1023.34,1016.48,995.82,1007.42,1009.18,1101.74,35.50,35.22,35.18,35.10,35.66,35.48,35.37,35.01
261480,1097.92,1001.56,1023.48,1016.72,995.82,1007.44,1009.12,1101.86,35.53,35.23,35.21,35.12,35.68,35.51,35.39,35.03
261600,1097.94,1001.52,1023.34,1016.80,995.66,1007.32,1009.08,1101.84,35.46,35.19,35.16,35.09,35.64,35.45,35.36,35.00
261720,1097.92,1001.12,1023.26,1016.50,995.68,1007.42,1009.36,1101.76,35.44,35.15,35.14,35.06,35.64,35.43,35.35,34.98
261840,1097.94,1001.20,1023.26,1016.46,995.62,1007.42,1009.28,1101.46,35.41,35.12,35.13,35.06,35.62,35.41,35.34,34.96
261960,1097.60,1001.02,1023.18,1016.52,995.42,1007.22,1008.78,1101.10,35.32,35.03,35.05,34.99,35.56,35.32,35.28,34.91
262080,1097.42,1001.14,1023.22,1016.42,995.36,1007.24,1009.00,1101.18,35.33,35.03,35.06,34.99,35.59,35.35,35.28,34.90
262200,1097.42,1001.10,1023.42,1016.40,995.30,1007.32,1008.82,1101.08,35.35,35.07,35.07,35.00,35.59,35.36,35.29,34.90
262320,1097.54,1001.22,1023.28,1016.30,995.34,1007.12,1008.72,1100.98,35.32,35.05,35.04,34.98,35.55,35.33,35.28,34.88
262440,1097.56,1001.20,1022.98,1016.42,995.42,1007.38,1009.12,1100.92,35.37,35.09,35.07,35.02,35.60,35.38,35.31,34.90
262560,1097.52,1001.22,1022.96,1016.46,995.34,1007.36,1008.86,1101.02,35.36,35.11,35.07,35.01,35.58,35.37,35.31,34.90
262680,1097.16,1000.98,1022.92,1016.50,995.36,1007.32,1008.90,1100.96,35.29,35.06,35.02,34.97,35.54,35.30,35.29,34.85
262800,1097.22,1000.88,1022.98,1016.40,995.44,1006.98,1008.64,1100.50,35.29,35.03,35.02,34.96,35.55,35.32,35.27,34.85
262920,1097.12,1000.80,1022.88,1016.14,995.42,1006.86,1008.62,1100.22,35.22,34.98,34.96,34.92,35.51,35.25,35.22,34.80
263040,1096.94,1000.58,1022.74,1016.02,995.12,1006.74,1008.32,1100.14,35.16,34.91,34.91,34.87,35.48,35.20,35.18,34.76
263160,1096.82,1000.58,1022.80,1016.02,995.30,1006.70,1008.28,1100.24,35.17,34.91,34.93,34.87,35.49,35.21,35.17,34.74
263280,1096.68,1000.40,1022.56,1015.80,995.28,1006.52,1008.22,1099.80,35.10,34.85,34.85,34.81,35.44,35.14,35.12,34.70
263400,1096.62,1000.20,1022.58,1015.60,995.32,1006.38,1008.22,1099.86,35.13,34.85,34.87,34.82,35.45,35.16,35.12,34.70
263520,1096.72,1000.38,1022.48,1015.88,995.46,1006.68,1008.40,1100.18,35.24,34.95,34.97,34.89,35.52,35.29,35.17,34.77
263640,1096.94,1000.44,1022.66,1015.90,995.48,1006.96,1008.34,1100.28,35.25,35.00,34.97,34.90,35.51,35.29,35.21,34.78
263760,1096.58,1000.42,1022.72,1015.94,995.38,1006.84,1008.38,1100.08,35.23,34.97,34.95,34.89,35.48,35.25,35.20,34.78
263880,1096.72,1000.52,1022.74,1015.88,995.38,1006.88,1005.72,1100.44,35.26,34.98,34.99,34.91,35.51,35.28,35.21,34.79
264000,1096.78,1000.36,1022.52,1015.74,995.22,1006.90,1005.46,1100.14,35.21,34.95,34.94,34.87,35.47,35.23,35.17,34.76
264120,1096.72,1000.06,1022.30,1015.68,995.32,1006.34,1005.52,1100.06,35.18,34.91,34.92,34.85,35.45,35.21,35.15,34.74
264240,1096.74,1000.24,1022.44,1015.64,995.20,1006.48,1005.56,1100.20,35.24,34.95,34.98,34.90,35.50,35.28,35.18,34.78
264360,1096.80,1000.46,1022.42,1015.58,995.26,1006.42,1005.56,1100.22,35.23,34.94,34.97,34.88,35.47,35.25,35.17,34.77
264480,1096.98,1000.42,1022.40,1015.76,995.54,1006.64,1005.62,1100.40,35.29,34.97,35.03,34.93,35.52,35.31,35.20,34.82
264600,1097.08,1000.90,1022.56,1016.10,995.60,1006.82,1005.76,1100.98,35.43,35.08,35.13,35.01,35.59,35.45,35.29,34.91
264720,1097.36,1001.14,1022.70,1015.92,995.46,1006.94,1005.92,1100.96,35.45,35.15,35.13,35.05,35.59,35.46,35.33,34.94
264840,1097.34,1001.10,1022.90,1015.98,995.50,1007.14,1005.80,1101.38,35.47,35.17,35.15,35.07,35.61,35.48,35.34,34.97
264960,1097.62,1001.14,1022.98,1016.06,995.64,1007.38,1005.78,1101.40,35.52,35.20,35.19,35.11,35.64,35.53,35.37,35.00
265080,1097.56,1001.22,1023.00,1016.22,995.44,1007.30,1005.88,1101.40,35.45,35.16,35.13,35.06,35.59,35.46,35.33,34.97
265200,1097.60,1001.10,1022.84,1016.32,995.34,1007.26,1006.00,1101.24,35.44,35.14,35.12,35.05,35.61,35.45,35.31,34.97
265320,1097.98,1001.60,1023.06,1016.26,995.60,1007.36,1006.14,1101.62,35.55,35.21,35.20,35.12,35.68,35.55,35.38,35.03
265440,1098.12,1001.78,1023.24,1016.34,995.48,1007.76,1006.36,1101.68,35.56,35.28,35.22,35.15,35.67,35.55,35.41,35.06
265560,1098.18,1001.48,1023.30,1016.48,995.60,1007.72,1006.28,1101.68,35.53,35.29,35.22,35.15,35.66,35.52,35.42,35.05
265680,1098.24,1001.60,1023.22,1016.70,995.76,1007.86,1006.56,1102.04,35.61,35.32,35.28,35.21,35.72,35.61,35.46,35.10
265800,1098.34,1001.86,1023.42,1016.86,995.48,1007.88,1006.40,1102.08,35.61,35.36,35.29,35.22,35.73,35.60,35.48,35.12
265920,1098.32,1001.78,1023.48,1016.92,995.40,1008.02,1006.38,1101.98,35.56,35.32,35.23,35.19,35.68,35.55,35.46,35.08
266040,1098.34,1001.78,1023.56,1016.86,995.36,1007.84,1006.30,1102.04,35.57,35.30,35.25,35.19,35.71,35.57,35.46,35.08
266160,1098.20,1001.84,1023.66,1016.78,995.46,1007.64,1006.36,1101.74,35.53,35.26,35.21,35.15,35.67,35.53,35.43,35.06
266280,1097.84,1001.56,1023.60,1016.74,995.24,1007.58,1006.28,1101.42,35.43,35.15,35.15,35.09,35.63,35.43,35.37,35.00
266400,1097.92,1001.62,1023.32,1016.72,995.32,1007.64,1006.28,1101.36,35.44,35.14,35.16,35.08,35.65,35.45,35.36,34.98
266520,1098.00,1001.46,1023.30,1016.66,995.24,1007.66,1006.20,1101.20,35.39,35.11,35.11,35.05,35.61,35.40,35.35,34.95
266640,1097.88,1001.42,1023.24,1016.66,995.26,1007.50,1006.26,1101.12,35.37,35.10,35.10,35.03,35.61,35.40,35.33,34.93
266760,1097.90,1001.68,1023.16,1016.66,995.24,1007.66,1006.46,1101.08,35.46,35.17,35.18,35.09,35.67,35.49,35.38,34.99
266880,1097.78,1002.00,1023.36,1016.88,995.34,1007.74,1006.32,1101.22,35.48,35.24,35.19,35.11,35.67,35.49,35.40,34.99
267000,1097.98,1002.04,1023.34,1017.04,995.40,1008.02,1006.38,1101.40,35.51,35.25,35.20,35.13,35.69,35.51,35.42,35.02
267120,1098.30,1002.00,1023.54,1016.94,995.42,1008.20,1006.54,1101.74,35.59,35.31,35.27,35.20,35.75,35.61,35.47,35.07
267240,1098.46,1002.22,1023.84,1017.30,995.48,1008.22,1006.52,1101.88,35.60,35.37,35.28,35.22,35.74,35.61,35.50,35.09
267360,1098.52,1002.36,1023.94,1017.38,995.58,1008.32,1006.54,1102.10,35.64,35.40,35.31,35.26,35.77,35.64,35.53,35.12
267480,1098.78,1002.38,1023.92,1017.56,995.56,1008.16,1006.58,1101.84,35.60,35.39,35.28,35.25,35.74,35.60,35.52,35.10
267600,1098.76,1002.16,1023.78,1017.48,995.40,1008.36,1006.68,1101.92,35.58,35.34,35.26,35.22,35.75,35.56,35.49,35.09
267720,1098.42,1002.12,1023.88,1017.46,995.32,1008.42,1006.76,1101.82,35.55,35.31,35.24,35.20,35.73,35.54,35.48,35.07
267840,1098.20,1001.96,1023.92,1017.32,995.28,1008.20,1006.60,1101.34,35.45,35.24,35.17,35.14,35.67,35.45,35.43,35.01
267960,1098.12,1002.06,1023.90,1017.26,995.24,1008.02,1006.60,1101.32,35.46,35.20,35.17,35.13,35.70,35.46,35.41,35.00
268080,1098.02,1002.04,1023.78,1017.24,995.30,1007.78,1006.46,1101.16,35.42,35.18,35.15,35.10,35.67,35.44,35.40,34.97
268200,1097.82,1001.78,1023.70,1017.20,995.40,1007.74,1006.32,1101.14,35.40,35.15,35.13,35.08,35.66,35.40,35.37,34.95
268320,1097.92,1001.70,1023.46,1017.08,995.28,1007.64,1006.32,1101.12,35.39,35.14,35.13,35.07,35.65,35.40,35.36,34.95
268440,1097.82,1001.60,1023.62,1017.14,995.24,1007.62,1006.32,1100.64,35.32,35.08,35.07,35.01,35.59,35.33,35.33,34.90
268560,1097.72,1001.38,1023.38,1017.08,995.40,1007.46,1006.20,1100.54,35.31,35.06,35.06,35.00,35.61,35.33,35.31,34.88
268680,1097.64,1001.44,1023.22,1016.86,995.22,1007.40,1006.16,1100.50,35.27,35.02,35.01,34.97,35.57,35.29,35.28,34.84
268800,1097.44,1001.14,1023.12,1016.78,995.26,1007.14,1006.12,1100.04,35.21,34.95,34.97,34.90,35.54,35.23,35.24,34.81
268920,1097.52,1001.04,1022.82,1016.60,995.30,1007.02,1005.92,1099.96,35.22,34.95,34.97,34.91,35.55,35.25,35.23,34.80
269040,1097.14,1000.90,1022.68,1016.40,995.30,1006.92,1005.74,1099.78,35.15,34.89,34.92,34.86,35.50,35.19,35.17,34.75
269160,1097.12,1000.94,1022.76,1016.36,995.22,1006.80,1005.60,1099.80,35.17,34.88,34.93,34.85,35.51,35.21,35.15,34.76
269280,1097.22,1000.96,1022.80,1016.38,995.44,1006.98,1005.74,1100.00,35.25,34.94,34.99,34.90,35.56,35.30,35.20,34.80
269400,1097.26,1000.94,1022.74,1016.16,995.28,1006.90,1005.82,1099.96,35.23,34.96,34.98,34.89,35.52,35.28,35.20,34.79
269520,1096.94,1000.84,1022.62,1015.92,995.38,1006.72,1005.70,1099.84,35.23,34.93,34.96,34.88,35.52,35.26,35.18,34.79
269640,1097.36,1000.88,1022.54,1016.04,995.44,1006.80,1005.72,1100.06,35.26,34.96,35.00,34.91,35.54,35.30,35.20,34.81
269760,1097.04,1000.82,1022.46,1015.96,995.30,1006.68,1005.74,1099.80,35.20,34.92,34.94,34.88,35.50,35.24,35.16,34.78
269880,1096.88,1000.48,1022.46,1015.72,995.26,1006.72,1005.44,1099.78,35.17,34.87,34.91,34.85,35.49,35.20,35.13,34.75
270000,1096.96,1000.38,1022.42,1015.74,995.38,1006.56,1005.36,1099.48,35.18,34.88,34.93,34.84,35.49,35.22,35.14,34.75
270120,1096.96,1000.42,1022.30,1015.80,995.18,1006.50,1005.26,1099.22,35.11,34.83,34.87,34.79,35.44,35.14,35.10,34.70
270240,1096.58,1000.24,1022.18,1015.54,995.38,1006.34,1005.16,1099.18,35.08,34.78,34.84,34.77,35.43,35.11,35.08,34.68
270360,1096.56,1000.12,1021.96,1015.52,995.24,1006.14,1005.12,1098.98,35.07,34.78,34.83,34.77,35.41,35.10,35.07,34.66
270480,1096.34,999.90,1021.80,1015.40,995.14,1006.00,1005.00,1098.72,34.99,34.71,34.76,34.71,35.35,35.01,35.01,34.61
270600,1096.12,999.96,1021.84,1015.22,995.28,1006.10,1005.00,1098.76,35.00,34.71,34.76,34.70,35.37,35.05,35.00,34.60
270720,1096.10,999.72,1021.66,1015.18,995.10,1005.90,1004.90,1098.70,34.99,34.71,34.76,34.69,35.35,35.05,35.00,34.59
270840,1095.90,999.66,1021.56,1015.06,995.02,1005.70,1004.80,1098.38,34.92,34.64,34.69,34.65,35.31,34.97,34.94,34.54
270960,1095.90,999.70,1021.60,1014.84,995.48,1005.78,1004.74,1098.42,34.98,34.69,34.75,34.69,35.36,35.05,34.98,34.56
271080,1095.86,999.66,1021.50,1015.16,995.46,1005.96,1004.74,1098.50,35.03,34.75,34.78,34.72,35.36,35.09,35.03,34.58
271200,1095.84,999.50,1021.46,1015.06,995.40,1005.78,1004.68,1098.46,35.00,34.75,34.75,34.70,35.34,35.05,35.02,34.57
271320,1096.18,999.70,1021.46,1015.18,995.54,1006.20,1004.64,1098.78,35.09,34.81,34.83,34.77,35.42,35.15,35.07,34.63
271440,1096.20,1000.22,1021.66,1015.32,995.80,1006.16,1004.82,1099.22,35.22,34.94,34.93,34.85,35.46,35.25,35.15,34.71
271560,1096.32,1000.16,1021.62,1015.50,995.70,1006.60,1004.92,1099.42,35.23,35.00,34.93,34.87,35.44,35.24,35.17,34.74
271680,1096.44,1000.18,1021.90,1015.66,995.76,1006.68,1005.08,1099.46,35.30,35.04,34.99,34.93,35.50,35.30,35.22,34.78
271800,1096.46,1000.48,1022.00,1015.96,995.64,1006.74,1005.12,1099.72,35.34,35.09,35.03,34.97,35.52,35.34,35.25,34.82
271920,1096.60,1000.44,1021.98,1015.94,995.88,1006.72,1005.40,1099.84,35.34,35.11,35.03,34.97,35.53,35.34,35.27,34.84
272040,1097.10,1000.52,1022.22,1016.06,996.00,1007.10,1005.44,1100.22,35.44,35.16,35.12,35.04,35.61,35.43,35.32,34.90
272160,1097.04,1001.02,1022.44,1016.48,995.90,1007.26,1005.40,1100.54,35.47,35.24,35.15,35.09,35.61,35.48,35.37,34.95
272280,1097.20,1001.00,1022.30,1016.46,995.98,1007.22,1005.46,1100.74,35.45,35.23,35.13,35.08,35.60,35.44,35.36,34.94
272400,1097.22,1001.14,1022.46,1016.28,995.82,1007.20,1005.58,1100.72,35.51,35.25,35.17,35.11,35.65,35.49,35.39,34.97
272520,1097.26,1001.24,1022.48,1016.38,995.72,1007.24,1005.68,1100.78,35.49,35.26,35.18,35.12,35.63,35.47,35.39,34.97
272640,1097.18,1001.16,1022.64,1016.36,995.78,1007.26,1005.46,1100.82,35.48,35.23,35.17,35.11,35.63,35.46,35.39,34.97
272760,1097.14,1001.18,1022.58,1016.60,995.74,1007.36,1005.74,1100.76,35.45,35.21,35.15,35.10,35.63,35.44,35.38,34.96
272880,1097.20,1000.98,1022.60,1016.48,995.70,1007.22,1005.74,1100.42,35.38,35.12,35.08,35.04,35.57,35.37,35.33,34.91
273000,1097.20,1001.02,1022.54,1016.48,995.66,1007.32,1005.92,1100.48,35.39,35.12,35.10,35.04,35.60,35.39,35.32,34.91
273120,1096.96,1000.96,1022.58,1016.52,995.56,1007.20,1005.64,1100.30,35.37,35.11,35.08,35.01,35.58,35.36,35.31,34.89
273240,1096.86,1000.88,1022.62,1016.46,995.76,1007.18,1005.44,1100.12,35.32,35.06,35.03,34.98,35.55,35.32,35.27,34.86
273360,1097.00,1000.88,1022.50,1016.26,995.64,1007.28,1005.60,1100.10,35.34,35.06,35.05,35.00,35.58,35.37,35.29,34.87
273480,1096.92,1000.70,1022.54,1016.20,995.52,1007.24,1005.52,1099.78,35.30,35.05,35.03,34.98,35.55,35.31,35.27,34.84
273600,1096.68,1000.82,1022.30,1016.24,995.72,1007.10,1005.48,1099.78,35.27,35.02,35.00,34.96,35.54,35.29,35.26,34.82
273720,1096.64,1000.72,1022.14,1016.16,995.78,1007.04,1005.36,1099.72,35.26,35.01,34.99,34.95,35.54,35.28,35.25,34.81
273840,1096.46,1000.64,1022.08,1016.08,995.72,1006.76,1005.14,1099.36,35.18,34.94,34.92,34.88,35.47,35.20,35.20,34.75
273960,1096.38,1000.58,1021.90,1016.04,995.66,1006.96,1005.16,1099.18,35.19,34.92,34.93,34.88,35.47,35.20,35.19,34.74
274080,1096.40,1000.44,1021.76,1015.78,995.68,1006.78,1005.10,1099.28,35.16,34.90,34.89,34.85,35.46,35.17,35.15,34.71
274200,1096.38,1000.06,1021.74,1015.76,995.82,1006.76,1005.06,1098.92,35.10,34.83,34.85,34.80,35.43,35.12,35.11,34.68
274320,1096.26,1000.06,1021.88,1015.78,996.00,1006.64,1005.12,1099.06,35.18,34.88,34.90,34.84,35.47,35.20,35.13,34.71
274440,1096.30,1000.30,1021.82,1015.76,995.88,1006.72,1005.08,1099.20,35.20,34.95,34.93,34.86,35.46,35.23,35.17,34.72
274560,1096.10,1000.28,1021.84,1015.84,995.84,1006.74,1004.98,1099.12,35.22,34.96,34.92,34.87,35.48,35.24,35.18,34.73
274680,1096.42,1000.26,1021.62,1015.84,995.70,1006.88,1005.04,1099.52,35.26,35.00,34.97,34.90,35.51,35.29,35.20,34.76
274800,1096.40,1000.28,1021.70,1015.96,995.76,1006.94,1005.00,1099.44,35.22,35.01,34.95,34.89,35.47,35.24,35.20,34.74
274920,1096.36,1000.34,1021.60,1015.84,996.10,1007.04,1005.08,1099.66,35.25,35.01,34.98,34.92,35.51,35.28,35.21,34.76
275040,1096.50,1000.44,1021.96,1016.06,996.06,1007.24,1005.02,1099.64,35.33,35.08,35.04,34.97,35.56,35.36,35.26,34.82
275160,1096.46,1000.56,1022.00,1016.16,995.98,1007.32,1005.06,1099.72,35.32,35.09,35.02,34.97,35.52,35.33,35.27,34.81
275280,1096.50,1000.58,1021.96,1016.12,996.16,1007.28,1005.24,1099.84,35.36,35.10,35.05,34.99,35.56,35.37,35.28,34.85
275400,1096.76,1000.76,1022.10,1016.22,995.96,1007.40,1005.20,1099.82,35.36,35.12,35.06,35.00,35.56,35.37,35.29,34.85
275520,1096.76,1000.78,1022.16,1016.12,995.92,1007.30,1005.14,1099.74,35.32,35.08,35.02,34.98,35.53,35.32,35.29,34.83
275640,1096.88,1000.76,1022.36,1016.24,995.84,1007.22,1005.08,1099.82,35.38,35.10,35.06,35.01,35.59,35.39,35.30,34.86
275760,1096.96,1000.74,1022.34,1016.20,995.90,1007.54,1005.34,1099.86,35.36,35.12,35.06,35.01,35.58,35.38,35.31,34.86
275880,1096.98,1000.72,1022.30,1016.48,995.90,1007.58,1005.30,1099.90,35.36,35.11,35.06,35.01,35.57,35.36,35.31,34.85
276000,1097.04,1000.66,1022.34,1016.46,995.92,1007.46,1005.28,1099.92,35.35,35.10,35.06,35.01,35.58,35.36,35.31,34.85
276120,1096.82,1000.80,1022.34,1016.40,995.84,1007.40,1005.04,1099.78,35.28,35.04,35.00,34.95,35.54,35.29,35.27,34.81
276240,1096.60,1000.68,1021.94,1016.28,996.00,1007.30,1004.88,1099.82,35.28,35.01,35.01,34.95,35.56,35.30,35.25,34.81
276360,1096.60,1000.68,1022.26,1016.16,996.10,1007.40,1004.96,1099.60,35.27,35.01,35.00,34.94,35.55,35.29,35.24,34.80
276480,1096.66,1000.62,1022.22,1016.16,996.00,1007.08,1005.04,1099.10,35.23,34.97,34.95,34.90,35.50,35.24,35.21,34.76
276600,1096.78,1000.42,1022.18,1016.10,996.14,1007.34,1005.28,1099.34,35.28,34.99,35.00,34.93,35.55,35.30,35.23,34.78
276720,1096.82,1000.80,1022.26,1016.06,996.12,1007.38,1005.18,1099.28,35.27,35.02,35.00,34.93,35.52,35.29,35.24,34.79
276840,1096.60,1000.70,1022.34,1016.26,996.08,1007.38,1005.08,1099.12,35.24,34.99,34.97,34.91,35.49,35.26,35.24,34.76
276960,1096.52,1000.74,1022.24,1016.22,996.04,1007.38,1005.24,1099.26,35.31,35.03,35.03,34.96,35.56,35.35,35.26,34.80
277080,1096.62,1000.90,1022.50,1016.38,996.04,1007.42,1005.22,1099.52,35.33,35.09,35.03,34.97,35.54,35.35,35.29,34.82
277200,1096.76,1000.76,1022.34,1016.50,996.12,1007.40,1005.20,1099.46,35.30,35.07,35.01,34.96,35.53,35.33,35.28,34.81
277320,1096.68,1000.94,1022.54,1016.38,996.12,1007.52,1005.38,1099.50,35.32,35.06,35.02,34.97,35.55,35.34,35.29,34.81
277440,1096.56,1000.92,1022.56,1016.34,996.20,1007.64,1005.16,1099.24,35.24,35.02,34.98,34.93,35.50,35.28,35.24,34.78
277560,1096.46,1000.66,1022.42,1016.16,996.14,1007.54,1005.12,1098.96,35.23,34.98,34.95,34.90,35.51,35.26,35.21,34.76
277680,1096.50,1000.64,1022.34,1016.20,995.96,1007.24,1004.92,1098.92,35.23,34.98,34.96,34.90,35.52,35.27,35.20,34.75
277800,1096.24,1000.52,1022.28,1015.94,996.02,1007.04,1004.80,1098.66,35.15,34.93,34.89,34.84,35.46,35.19,35.15,34.70
277920,1096.20,1000.44,1022.12,1015.84,996.30,1006.90,1004.96,1098.66,35.15,34.89,34.88,34.83,35.46,35.19,35.14,34.69
278040,1096.32,1000.44,1021.94,1015.78,996.30,1006.94,1004.68,1098.58,35.14,34.89,34.87,34.81,35.44,35.16,35.13,34.67
278160,1095.94,1000.04,1021.74,1015.54,996.16,1006.86,1004.60,1098.42,35.08,34.83,34.82,34.77,35.41,35.10,35.09,34.63
278280,1095.88,1000.08,1021.70,1015.60,996.14,1006.94,1004.74,1098.42,35.10,34.83,34.84,34.78,35.44,35.14,35.09,34.64
278400,1095.82,1000.20,1021.72,1015.70,996.06,1006.92,1004.56,1098.12,35.07,34.82,34.80,34.75,35.40,35.09,35.08,34.62
278520,1095.84,999.84,1021.74,1015.48,996.06,1006.74,1004.44,1098.10,35.02,34.77,34.76,34.71,35.37,35.05,35.04,34.58
278640,1095.70,999.88,1021.58,1015.46,996.14,1006.60,1004.38,1097.86,35.01,34.74,34.77,34.71,35.36,35.06,35.02,34.56
278760,1095.62,999.86,1021.48,1015.16,996.08,1006.48,1003.92,1097.56,34.93,34.68,34.69,34.64,35.30,34.97,34.97,34.51
278880,1095.32,999.42,1021.20,1015.22,996.14,1006.54,1003.92,1097.60,34.92,34.64,34.69,34.63,35.30,34.98,34.95,34.49
279000,1095.28,999.70,1021.12,1015.16,996.20,1006.48,1004.00,1097.46,34.92,34.65,34.69,34.63,35.30,34.99,34.96,34.48
279120,1094.90,999.30,1020.94,1014.86,996.06,1006.44,1003.50,1097.14,34.85,34.61,34.63,34.57,35.24,34.91,34.91,34.44
279240,1095.12,999.34,1020.84,1014.84,996.16,1006.44,1003.64,1097.58,34.94,34.65,34.70,34.60,35.30,34.99,34.93,34.47
279360,1095.30,999.48,1020.94,1014.86,996.44,1006.64,1003.88,1098.14,35.07,34.77,34.81,34.70,35.38,35.13,35.02,34.58
279480,1095.42,999.92,1020.96,1015.12,996.32,1006.82,1003.86,1098.18,35.11,34.87,34.83,34.75,35.36,35.14,35.07,34.60
279600,1095.50,999.90,1021.04,1015.22,996.30,1006.88,1004.18,1098.22,35.16,34.89,34.85,34.79,35.40,35.18,35.10,34.64
279720,1095.78,1000.26,1021.30,1015.50,996.56,1006.98,1004.36,1098.90,35.26,34.98,34.96,34.88,35.48,35.29,35.17,34.73
279840,1096.18,1000.52,1021.42,1015.64,996.48,1007.16,1004.44,1098.98,35.28,35.06,34.97,34.91,35.47,35.28,35.19,34.75
279960,1096.06,1000.22,1021.46,1015.88,996.28,1007.14,1004.38,1098.86,35.23,35.03,34.94,34.88,35.44,35.24,35.19,34.73
280080,1096.16,1000.34,1021.36,1015.86,996.36,1007.16,1004.44,1098.84,35.24,35.01,34.94,34.89,35.47,35.26,35.19,34.74
280200,1096.00,1000.16,1021.40,1015.68,996.20,1007.18,1004.34,1098.74,35.16,34.95,34.87,34.83,35.41,35.20,35.16,34.69
280320,1095.78,1000.00,1021.34,1015.52,996.18,1007.06,1004.32,1098.54,35.10,34.87,34.83,34.79,35.39,35.13,35.11,34.65
280440,1095.74,1000.00,1021.20,1015.58,996.12,1006.86,1004.22,1098.26,35.10,34.84,34.82,34.78,35.40,35.14,35.08,34.63
280560,1095.38,999.58,1021.08,1015.46,996.22,1006.68,1004.00,1097.94,35.01,34.77,34.74,34.71,35.32,35.04,35.04,34.58
280680,1095.18,999.42,1021.04,1015.20,996.18,1006.60,1003.86,1097.82,34.96,34.70,34.71,34.66,35.32,35.00,34.98,34.54
280800,1095.22,999.28,1020.94,1015.04,996.34,1006.22,1003.58,1097.48,34.94,34.66,34.69,34.63,35.29,34.97,34.95,34.51
280920,1095.10,999.02,1020.66,1014.82,996.10,1006.10,1003.40,1097.10,34.86,34.59,34.61,34.57,35.25,34.90,34.90,34.45
281040,1095.00,999.12,1020.76,1014.70,996.20,1006.12,1003.62,1097.20,34.90,34.61,34.66,34.59,35.28,34.96,34.91,34.46
281160,1095.00,999.20,1020.44,1014.64,996.22,1006.10,1003.74,1097.20,34.91,34.64,34.67,34.59,35.27,34.96,34.92,34.47
281280,1095.24,999.12,1020.32,1014.72,996.32,1006.24,1003.68,1097.06,34.92,34.67,34.70,34.61,35.28,34.98,34.94,34.48
281400,1095.36,999.36,1020.76,1014.68,996.24,1006.54,1003.60,1097.60,35.03,34.75,34.78,34.69,35.34,35.08,35.00,34.54
281520,1095.52,999.70,1020.66,1014.88,996.28,1006.50,1003.66,1097.60,35.05,34.81,34.78,34.71,35.33,35.07,35.02,34.55
281640,1095.20,999.46,1020.64,1015.00,996.34,1006.56,1003.74,1097.82,35.07,34.82,34.80,34.73,35.33,35.09,35.03,34.57
281760,1095.32,999.66,1020.64,1015.08,996.32,1006.60,1003.70,1097.90,35.12,34.87,34.85,34.77,35.38,35.14,35.07,34.62
281880,1095.32,999.74,1020.78,1015.18,996.40,1006.56,1003.64,1097.96,35.11,34.89,34.84,34.78,35.36,35.12,35.09,34.61
282000,1095.28,999.66,1020.70,1015.22,996.42,1006.66,1003.66,1098.20,35.13,34.89,34.86,34.80,35.39,35.16,35.11,34.63
282120,1094.96,999.58,1020.70,1015.16,996.38,1006.64,1003.64,1098.04,35.10,34.88,34.83,34.76,35.37,35.12,35.09,34.62
282240,1095.16,999.54,1020.68,1015.24,996.44,1006.70,1003.66,1097.62,35.04,34.83,34.78,34.72,35.33,35.07,35.04,34.58
282360,1095.34,999.56,1020.60,1015.16,996.50,1006.44,1003.66,1097.66,35.04,34.80,34.78,34.72,35.34,35.07,35.03,34.57
282480,1095.20,999.50,1020.50,1015.00,996.46,1006.48,1003.60,1097.50,34.98,34.75,34.73,34.67,35.29,35.00,34.98,34.53
282600,1095.10,999.34,1020.36,1015.10,996.30,1006.48,1003.68,1097.50,34.98,34.72,34.73,34.67,35.31,35.02,34.97,34.52
282720,1095.02,999.24,1020.42,1014.96,996.00,1006.22,1003.44,1097.46,34.97,34.72,34.72,34.66,35.30,35.00,34.97,34.51
282840,1094.78,999.46,1020.42,1014.94,995.90,1006.22,1003.30,1097.10,34.89,34.66,34.65,34.60,35.24,34.93,34.93,34.47
282960,1094.74,999.04,1020.22,1014.70,996.18,1006.20,1003.14,1097.06,34.90,34.63,34.66,34.59,35.25,34.95,34.91,34.46
283080,1094.60,999.02,1020.14,1014.56,996.00,1006.22,1003.12,1097.08,34.86,34.60,34.63,34.56,35.20,34.89,34.88,34.42
283200,1094.22,998.86,1020.14,1014.32,995.90,1005.76,1003.08,1096.74,34.80,34.54,34.57,34.52,35.18,34.84,34.84,34.39
283320,1094.42,998.82,1019.70,1014.24,996.00,1005.82,1002.82,1096.70,34.80,34.54,34.57,34.51,35.18,34.84,34.83,34.38
283440,1094.08,998.68,1019.68,1014.10,996.12,1005.86,1002.78,1096.30,34.73,34.50,34.50,34.46,35.11,34.78,34.81,34.32
283560,1094.06,998.44,1019.60,1014.04,996.00,1005.44,1002.62,1096.22,34.72,34.47,34.49,34.44,35.12,34.77,34.77,34.31
283680,1093.90,998.44,1019.56,1013.98,996.04,1005.70,1002.36,1096.14,34.74,34.49,34.51,34.46,35.13,34.81,34.78,34.31
283800,1093.80,998.42,1019.40,1013.80,996.04,1005.66,1002.20,1095.84,34.70,34.46,34.46,34.41,35.08,34.76,34.75,34.27
283920,1093.94,998.54,1019.36,1013.92,996.26,1005.76,1002.36,1096.08,34.76,34.49,34.54,34.45,35.13,34.84,34.78,34.32
284040,1094.24,998.72,1019.46,1013.96,996.44,1005.92,1002.60,1096.56,34.92,34.63,34.64,34.55,35.21,34.98,34.88,34.42
284160,1094.12,998.88,1019.36,1014.02,996.38,1006.02,1002.70,1096.98,34.95,34.72,34.66,34.59,35.20,34.99,34.91,34.44
284280,1094.32,998.90,1019.54,1014.30,996.44,1006.16,1002.70,1097.14,35.01,34.75,34.71,34.62,35.23,35.02,34.94,34.48
284400,1094.50,999.36,1019.84,1014.44,996.38,1006.44,1002.90,1097.62,35.10,34.82,34.78,34.71,35.29,35.11,34.99,34.55
284520,1094.52,999.34,1020.00,1014.50,996.24,1006.40,1002.76,1097.66,35.09,34.86,34.78,34.71,35.27,35.10,35.02,34.57
284640,1094.66,999.34,1020.00,1014.58,996.38,1006.62,1002.84,1097.64,35.10,34.86,34.79,34.73,35.30,35.11,35.02,34.58
284760,1094.60,999.36,1020.18,1014.76,996.26,1006.76,1002.84,1097.80,35.10,34.86,34.80,34.75,35.31,35.12,35.04,34.59
284880,1094.66,999.54,1020.12,1014.84,996.32,1006.84,1002.88,1097.64,35.06,34.84,34.78,34.73,35.30,35.08,35.03,34.57
285000,1094.54,999.46,1020.16,1014.70,996.50,1006.82,1002.84,1097.72,35.08,34.84,34.80,34.73,35.33,35.10,35.03,34.58
285120,1094.46,999.34,1020.14,1014.62,996.26,1006.78,1002.76,1097.20,35.02,34.79,34.74,34.69,35.28,35.04,35.00,34.55
285240,1094.60,999.40,1020.02,1014.66,996.34,1006.64,1002.96,1097.30,35.03,34.77,34.75,34.69,35.30,35.05,34.99,34.54
285360,1094.68,999.38,1020.20,1014.62,996.48,1006.64,1002.82,1097.42,35.05,34.80,34.77,34.71,35.31,35.07,35.00,34.55
285480,1094.50,999.30,1019.98,1014.54,996.32,1006.70,1002.82,1097.04,34.98,34.76,34.72,34.65,35.25,35.00,34.97,34.52
285600,1094.56,999.20,1020.10,1014.52,996.36,1006.66,1002.64,1097.10,34.96,34.71,34.70,34.64,35.26,34.99,34.95,34.50
285720,1094.48,999.20,1019.94,1014.66,996.16,1006.64,1002.62,1096.82,34.92,34.66,34.66,34.60,35.21,34.94,34.91,34.46
285840,1094.12,998.74,1019.70,1014.38,996.26,1006.42,1002.54,1096.84,34.83,34.58,34.58,34.54,35.17,34.86,34.85,34.41
285960,1094.02,998.78,1019.66,1014.40,996.30,1006.42,1002.38,1096.70,34.88,34.59,34.61,34.55,35.21,34.93,34.85,34.42
286080,1094.18,998.82,1019.80,1014.28,996.24,1006.28,1002.30,1096.68,34.85,34.60,34.58,34.53,35.17,34.91,34.85,34.40
286200,1093.96,998.54,1019.60,1014.34,996.22,1006.10,1002.24,1096.56,34.81,34.58,34.56,34.50,35.15,34.86,34.84,34.37
286320,1093.82,998.76,1019.40,1014.08,996.28,1006.04,1002.18,1096.52,34.81,34.55,34.56,34.50,35.14,34.85,34.83,34.36
286440,1093.88,998.76,1019.32,1013.78,996.22,1006.00,1002.14,1096.14,34.73,34.49,34.50,34.45,35.10,34.77,34.78,34.31
286560,1093.68,998.34,1019.16,1013.88,996.14,1005.94,1002.14,1096.12,34.75,34.48,34.51,34.44,35.12,34.78,34.77,34.31
286680,1093.66,998.24,1019.40,1013.96,996.18,1005.76,1002.06,1096.08,34.76,34.50,34.52,34.45,35.11,34.78,34.78,34.31
286800,1093.62,998.22,1019.24,1013.92,996.14,1005.78,1002.02,1095.82,34.72,34.49,34.49,34.43,35.08,34.75,34.77,34.28
286920,1093.64,998.48,1019.16,1013.82,996.16,1005.90,1002.04,1095.86,34.80,34.54,34.55,34.48,35.14,34.84,34.80,34.33
287040,1093.68,998.56,1019.12,1013.80,996.14,1006.00,1002.04,1096.08,34.83,34.59,34.56,34.50,35.13,34.86,34.82,34.34
287160,1093.82,998.54,1019.14,1013.96,996.14,1006.02,1002.00,1096.16,34.85,34.60,34.58,34.52,35.15,34.88,34.83,34.36
287280,1093.92,998.72,1019.38,1014.08,996.30,1006.16,1002.08,1096.46,34.90,34.65,34.62,34.55,35.16,34.93,34.86,34.40
287400,1093.90,998.60,1019.46,1014.08,996.26,1006.10,1002.00,1096.40,34.87,34.65,34.59,34.54,35.13,34.90,34.85,34.39
287520,1093.66,998.50,1019.24,1013.94,996.24,1006.18,1002.00,1096.40,34.90,34.65,34.64,34.57,35.17,34.94,34.87,34.41
287640,1093.64,998.72,1019.32,1014.04,996.18,1006.18,1002.02,1096.40,34.88,34.65,34.62,34.55,35.16,34.91,34.86,34.40
287760,1093.84,998.62,1019.24,1014.10,996.18,1006.34,1002.00,1096.56,34.88,34.65,34.63,34.55,35.18,34.93,34.86,34.41
287880,1093.92,998.92,1019.26,1014.12,996.32,1006.52,1001.98,1096.70,34.95,34.69,34.67,34.60,35.22,34.98,34.89,34.45
288000,1094.00,998.86,1019.18,1014.04,996.10,1006.66,1002.10,1096.66,34.93,34.71,34.66,34.60,35.19,34.95,34.90,34.45
288120,1094.00,999.04,1019.18,1014.18,996.14,1006.70,1002.26,1096.96,35.00,34.72,34.70,34.63,35.22,35.00,34.92,34.48
288240,1094.22,999.24,1019.18,1014.46,996.10,1006.66,1002.32,1097.18,35.03,34.78,34.74,34.68,35.25,35.03,34.96,34.51
288360,1094.38,999.14,1019.38,1014.52,996.06,1006.84,1002.48,1097.42,35.02,34.78,34.72,34.66,35.23,35.02,34.96,34.51
288480,1094.46,999.32,1019.28,1014.48,995.98,1006.98,1002.46,1097.06,35.04,34.79,34.74,34.68,35.26,35.05,34.97,34.53
288600,1094.46,999.26,1019.36,1014.46,995.90,1006.76,1002.26,1096.90,34.98,34.76,34.69,34.65,35.21,35.01,34.96,34.50
288720,1094.36,999.02,1019.40,1014.46,995.82,1006.64,1002.26,1096.88,34.96,34.72,34.67,34.62,35.21,34.98,34.94,34.48
288840,1094.20,999.10,1019.48,1014.44,995.94,1006.74,1002.38,1096.78,34.93,34.69,34.66,34.60,35.19,34.95,34.93,34.46
288960,1094.30,998.82,1019.32,1014.10,995.84,1006.60,1002.24,1096.40,34.85,34.62,34.60,34.54,35.14,34.88,34.89,34.40
289080,1094.18,998.68,1019.38,1014.02,995.94,1006.54,1002.14,1096.52,34.93,34.64,34.66,34.58,35.21,34.96,34.90,34.44
289200,1094.44,999.24,1019.38,1014.34,996.08,1006.80,1002.46,1096.88,35.01,34.76,34.73,34.64,35.26,35.06,34.96,34.50
289320,1094.32,999.14,1019.40,1014.42,995.94,1006.80,1002.26,1096.78,35.00,34.79,34.70,34.64,35.22,35.02,34.97,34.48
289440,1094.20,999.06,1019.68,1014.48,996.10,1006.94,1002.36,1096.78,34.99,34.78,34.70,34.64,35.22,35.02,34.98,34.49
289560,1094.54,999.36,1019.62,1014.70,996.12,1007.08,1002.42,1097.24,35.06,34.80,34.75,34.68,35.27,35.06,35.00,34.53
289680,1094.42,999.24,1019.56,1014.68,995.92,1007.14,1002.38,1097.08,35.00,34.80,34.70,34.65,35.22,35.03,34.98,34.51
289800,1094.42,999.12,1019.56,1014.70,996.00,1007.16,1002.40,1097.02,34.98,34.74,34.69,34.63,35.22,34.99,34.95,34.49
289920,1094.38,999.02,1019.68,1014.62,995.98,1007.16,1002.38,1097.10,34.98,34.73,34.70,34.63,35.22,34.99,34.95,34.49
290040,1094.12,999.04,1019.62,1014.54,995.66,1006.80,1002.34,1096.68,34.90,34.68,34.64,34.58,35.18,34.93,34.92,34.44
290160,1094.18,999.04,1019.34,1014.26,996.00,1006.68,1002.26,1096.56,34.90,34.64,34.64,34.57,35.18,34.92,34.90,34.43
290280,1094.04,998.92,1019.12,1014.26,995.74,1006.56,1002.08,1096.48,34.85,34.61,34.60,34.54,35.15,34.87,34.87,34.40
290400,1093.78,998.76,1019.02,1014.12,995.68,1006.48,1002.14,1096.02,34.77,34.53,34.53,34.48,35.10,34.79,34.81,34.34
290520,1093.72,998.56,1019.00,1013.92,995.78,1006.44,1001.80,1095.80,34.77,34.51,34.54,34.46,35.10,34.80,34.80,34.33
290640,1093.58,998.48,1018.94,1013.82,995.60,1006.38,1001.76,1095.42,34.72,34.46,34.47,34.42,35.06,34.74,34.76,34.29
290760,1093.28,998.28,1018.84,1013.82,995.66,1005.96,1001.54,1095.26,34.67,34.42,34.44,34.38,35.05,34.72,34.72,34.25
290880,1093.34,998.36,1018.72,1013.72,995.68,1006.12,1001.66,1095.66,34.73,34.46,34.48,34.41,35.09,34.78,34.75,34.27
291000,1093.30,998.46,1018.66,1013.62,995.66,1006.04,1001.54,1095.48,34.71,34.47,34.46,34.40,35.04,34.74,34.74,34.26
291120,1093.34,998.44,1018.56,1013.52,995.64,1006.04,1001.42,1095.54,34.73,34.46,34.48,34.40,35.04,34.75,34.74,34.27
291240,1093.46,998.46,1018.64,1013.52,995.64,1006.14,1001.56,1095.56,34.74,34.49,34.49,34.41,35.05,34.76,34.75,34.28
291360,1093.22,998.30,1018.60,1013.56,995.52,1006.08,1001.34,1095.32,34.68,34.45,34.43,34.37,35.00,34.69,34.71,34.25
291480,1093.12,998.28,1018.66,1013.58,995.68,1006.10,1001.28,1095.40,34.71,34.46,34.46,34.40,35.05,34.76,34.72,34.26
291600,1093.22,998.62,1018.54,1013.56,995.48,1006.20,1001.52,1095.36,34.78,34.52,34.50,34.44,35.07,34.81,34.76,34.29
291720,1092.92,998.52,1018.44,1013.60,995.50,1006.16,1001.58,1095.24,34.75,34.54,34.48,34.43,35.04,34.78,34.77,34.28
291840,1093.12,998.36,1018.46,1013.66,995.62,1006.06,1001.58,1095.72,34.77,34.54,34.51,34.45,35.08,34.81,34.77,34.30
291960,1092.82,998.36,1018.48,1013.66,995.56,1005.96,1001.26,1095.48,34.75,34.52,34.49,34.43,35.05,34.77,34.75,34.28
292080,1092.96,998.08,1018.48,1013.38,995.74,1005.86,1001.30,1095.36,34.71,34.47,34.46,34.39,35.03,34.74,34.73,34.26
292200,1093.16,998.22,1018.52,1013.46,995.74,1006.08,1001.54,1095.66,34.81,34.52,34.55,34.44,35.10,34.83,34.76,34.32
292320,1093.32,998.32,1018.64,1013.76,995.68,1006.34,1001.52,1095.68,34.84,34.60,34.56,34.49,35.10,34.87,34.81,34.35
292440,1093.44,998.48,1018.54,1013.80,995.66,1006.22,1001.36,1095.94,34.85,34.63,34.58,34.51,35.11,34.88,34.82,34.36
292560,1093.60,998.62,1018.56,1013.82,995.62,1006.42,1001.72,1096.32,34.92,34.67,34.63,34.55,35.15,34.93,34.86,34.40
292680,1093.44,998.62,1018.74,1013.90,995.58,1006.34,1001.52,1095.96,34.89,34.67,34.60,34.54,35.11,34.89,34.86,34.39
292800,1093.64,998.48,1018.54,1013.86,995.64,1006.40,1001.56,1096.20,34.87,34.63,34.59,34.52,35.11,34.87,34.85,34.38
292920,1093.68,998.62,1018.84,1013.90,995.72,1006.76,1001.62,1096.24,34.97,34.69,34.67,34.58,35.19,34.98,34.89,34.44
293040,1093.76,999.00,1018.86,1014.06,995.76,1006.90,1001.72,1096.44,34.98,34.76,34.67,34.61,35.18,34.99,34.92,34.46
293160,1093.88,999.00,1018.84,1014.10,995.68,1006.74,1001.78,1096.46,34.98,34.74,34.67,34.61,35.18,34.98,34.92,34.46
293280,1093.92,998.98,1018.80,1014.08,995.72,1006.78,1001.82,1096.62,34.99,34.74,34.68,34.62,35.20,34.99,34.92,34.47
293400,1093.82,998.98,1018.94,1014.34,995.48,1006.78,1001.64,1096.40,34.91,34.69,34.62,34.57,35.15,34.92,34.89,34.43
293520,1093.80,998.78,1018.92,1014.16,995.42,1006.48,1001.58,1096.42,34.90,34.65,34.62,34.56,35.16,34.91,34.86,34.42
293640,1093.58,998.92,1018.84,1014.12,995.52,1006.42,1001.54,1096.10,34.89,34.64,34.61,34.55,35.15,34.89,34.85,34.40
293760,1093.56,998.62,1018.74,1014.10,995.42,1006.36,1001.62,1095.92,34.80,34.57,34.55,34.49,35.10,34.83,34.81,34.35
293880,1093.46,998.68,1018.52,1014.12,995.38,1006.60,1001.60,1095.94,34.83,34.56,34.56,34.50,35.13,34.85,34.81,34.36
294000,1093.52,998.66,1018.54,1013.94,995.44,1006.44,1001.52,1095.64,34.81,34.56,34.55,34.48,35.11,34.83,34.80,34.34
294120,1093.40,998.28,1018.40,1013.84,995.40,1006.36,1001.54,1095.54,34.75,34.50,34.49,34.44,35.07,34.78,34.77,34.30
294240,1093.28,998.32,1018.34,1013.76,995.32,1006.30,1001.56,1095.56,34.78,34.52,34.52,34.46,35.10,34.81,34.77,34.31
294360,1093.30,998.20,1018.52,1013.90,995.14,1006.16,1001.40,1095.56,34.75,34.52,34.49,34.44,35.05,34.77,34.76,34.29
294480,1093.08,998.40,1018.40,1013.94,995.34,1006.20,1001.36,1095.40,34.75,34.50,34.48,34.44,35.05,34.77,34.75,34.28
294600,1093.22,998.34,1018.40,1013.92,995.26,1006.42,1001.42,1095.56,34.78,34.51,34.51,34.46,35.08,34.81,34.76,34.30
294720,1093.14,998.36,1018.44,1013.74,995.26,1006.28,1001.36,1095.12,34.73,34.50,34.47,34.42,35.02,34.75,34.74,34.27
294840,1092.98,998.22,1018.18,1013.40,995.30,1006.30,1001.36,1095.06,34.70,34.45,34.44,34.39,35.01,34.73,34.71,34.24
294960,1092.90,998.20,1018.16,1013.42,995.12,1006.38,1001.08,1095.04,34.70,34.43,34.45,34.39,35.02,34.72,34.69,34.24
295080,1092.60,998.14,1018.16,1013.38,995.02,1005.86,1000.82,1094.96,34.63,34.37,34.39,34.33,34.95,34.64,34.64,34.20
295200,1092.72,997.98,1018.24,1013.26,995.32,1005.84,1000.94,1095.16,34.67,34.39,34.44,34.35,35.02,34.71,34.65,34.22
295320,1092.80,998.30,1018.22,1013.30,995.50,1006.12,1000.98,1095.34,34.78,34.48,34.50,34.42,35.06,34.83,34.71,34.29
295440,1093.06,998.26,1018.16,1013.32,995.02,1006.28,1001.04,1095.46,34.79,34.54,34.50,34.44,35.03,34.81,34.74,34.29
295560,1093.06,998.48,1018.20,1013.32,995.20,1006.40,1001.10,1095.44,34.80,34.54,34.52,34.45,35.06,34.83,34.76,34.31
295680,1093.12,998.44,1018.24,1013.32,995.10,1006.42,1001.06,1095.36,34.79,34.53,34.52,34.45,35.05,34.83,34.76,34.30
295800,1092.98,998.50,1018.04,1013.32,994.98,1006.14,1000.84,1095.16,34.73,34.48,34.47,34.41,35.01,34.76,34.72,34.27
295920,1093.08,998.44,1018.00,1013.44,995.04,1006.28,1001.14,1095.38,34.81,34.53,34.54,34.46,35.09,34.85,34.76,34.32
296040,1093.28,998.84,1018.20,1013.68,995.26,1006.52,1001.28,1095.88,34.90,34.63,34.61,34.53,35.13,34.93,34.82,34.38
296160,1093.38,998.64,1018.28,1013.86,995.30,1006.50,1001.12,1095.88,34.91,34.67,34.61,34.54,35.10,34.93,34.84,34.39
296280,1093.66,998.68,1018.42,1013.78,995.18,1006.76,1001.48,1095.98,34.96,34.70,34.67,34.58,35.16,34.97,34.87,34.43
296400,1093.58,999.18,1018.46,1013.88,994.94,1006.86,1001.40,1096.06,34.96,34.74,34.67,34.59,35.15,34.97,34.89,34.43
296520,1093.58,998.96,1018.58,1013.72,994.84,1006.82,1001.46,1096.18,34.94,34.71,34.63,34.58,35.13,34.94,34.89,34.43
296640,1093.60,999.22,1018.54,1013.96,994.76,1006.82,1001.58,1096.52,35.00,34.74,34.69,34.63,35.19,35.01,34.93,34.48
296760,1093.88,999.44,1018.74,1014.24,994.84,1006.82,1001.62,1096.46,35.00,34.76,34.68,34.63,35.18,35.00,34.93,34.48
296880,1093.90,999.34,1018.72,1014.24,994.72,1006.92,1001.68,1096.58,35.00,34.75,34.69,34.63,35.18,35.00,34.93,34.49
297000,1093.86,999.56,1018.72,1014.34,994.96,1007.20,1001.94,1096.74,35.06,34.79,34.75,34.69,35.25,35.07,34.96,34.53
297120,1093.86,999.60,1018.94,1014.22,994.92,1007.26,1001.86,1096.72,35.05,34.82,34.73,34.68,35.22,35.05,34.97,34.53
297240,1094.00,999.66,1018.90,1014.74,995.00,1007.26,1002.04,1096.90,35.06,34.81,34.75,34.68,35.24,35.06,34.98,34.55
297360,1094.26,999.76,1018.96,1014.62,994.66,1007.34,1002.10,1097.02,35.10,34.85,34.79,34.72,35.27,35.10,35.01,34.58
297480,1094.36,999.78,1019.14,1014.74,994.64,1007.26,1001.98,1096.88,35.06,34.86,34.76,34.70,35.23,35.05,35.00,34.56
297600,1094.44,999.74,1019.08,1014.74,994.58,1007.30,1001.96,1097.12,35.09,34.86,34.78,34.71,35.26,35.08,35.01,34.57
297720,1094.72,999.94,1019.34,1014.92,994.78,1007.60,1002.12,1097.12,35.15,34.91,34.84,34.77,35.31,35.15,35.05,34.62
297840,1094.84,1000.08,1019.38,1015.10,994.72,1007.54,1002.18,1097.18,35.14,34.93,34.83,34.77,35.29,35.14,35.06,34.62
297960,1094.76,1000.12,1019.38,1015.16,994.84,1007.66,1002.42,1097.40,35.16,34.92,34.86,34.79,35.32,35.16,35.07,34.64
298080,1094.68,1000.16,1019.38,1015.24,994.82,1007.68,1002.36,1097.20,35.11,34.91,34.82,34.75,35.29,35.12,35.06,34.61
298200,1094.84,1000.02,1019.42,1014.96,994.88,1007.60,1002.20,1097.14,35.08,34.86,34.80,34.73,35.28,35.09,35.03,34.59
298320,1094.90,999.94,1019.54,1015.12,994.84,1007.52,1002.50,1097.00,35.10,34.87,34.81,34.74,35.32,35.11,35.04,34.60
298440,1094.52,1000.02,1019.52,1015.04,994.94,1007.44,1002.28,1096.72,35.03,34.80,34.74,34.68,35.26,35.03,34.99,34.55
298560,1094.44,999.96,1019.52,1014.96,994.70,1007.40,1002.28,1096.66,35.02,34.77,34.74,34.67,35.26,35.02,34.97,34.54
298680,1094.54,1000.06,1019.52,1014.92,994.74,1007.34,1002.32,1096.70,35.03,34.79,34.75,34.68,35.27,35.04,34.98,34.54
298800,1094.36,999.90,1019.46,1014.84,994.76,1007.44,1002.22,1096.38,34.95,34.74,34.68,34.62,35.20,34.96,34.95,34.49
298920,1094.18,999.76,1019.20,1014.84,994.68,1007.30,1002.22,1096.42,34.95,34.69,34.67,34.61,35.21,34.95,34.92,34.47
299040,1094.28,999.84,1019.06,1014.82,994.92,1007.20,1002.08,1096.10,34.93,34.67,34.65,34.59,35.21,34.93,34.90,34.46
299160,1094.02,999.66,1019.12,1014.68,994.74,1006.96,1001.98,1095.82,34.84,34.60,34.59,34.54,35.14,34.86,34.85,34.40
299280,1093.94,999.50,1019.14,1014.40,994.66,1007.08,1001.90,1095.78,34.87,34.61,34.62,34.54,35.17,34.90,34.85,34.41
299400,1093.92,999.62,1018.84,1014.52,994.80,1007.16,1001.80,1095.90,34.87,34.63,34.61,34.54,35.16,34.88,34.86,34.40
299520,1093.68,999.52,1018.84,1014.46,994.66,1006.98,1001.82,1095.66,34.82,34.59,34.57,34.50,35.14,34.84,34.82,34.37
299640,1093.88,999.62,1018.94,1014.40,994.84,1006.96,1001.86,1095.66,34.89,34.62,34.64,34.55,35.19,34.92,34.85,34.40
299760,1093.84,999.54,1019.06,1014.44,994.78,1007.08,1001.86,1095.72,34.90,34.66,34.64,34.56,35.17,34.93,34.87,34.41
299880,1094.10,999.34,1018.92,1014.58,994.92,1007.28,1001.90,1095.96,34.93,34.66,34.66,34.57,35.18,34.95,34.89,34.43
300000,1094.02,999.78,1018.88,1014.74,994.82,1007.20,1001.98,1096.26,34.97,34.71,34.69,34.61,35.22,34.99,34.93,34.46
300120,1094.18,999.76,1019.02,1014.78,994.86,1007.20,1001.96,1095.92,34.93,34.70,34.66,34.59,35.19,34.95,34.92,34.44
300240,1094.18,999.88,1019.04,1014.68,995.10,1007.26,1002.12,1095.98,34.95,34.71,34.69,34.61,35.22,34.98,34.92,34.46
300360,1094.14,999.86,1019.04,1015.00,995.00,1007.04,1001.98,1096.08,34.98,34.74,34.70,34.63,35.22,34.98,34.93,34.46
300480,1094.12,999.90,1018.98,1014.84,994.88,1006.98,1001.82,1096.12,34.94,34.71,34.66,34.59,35.19,34.93,34.92,34.44
300600,1094.06,999.72,1019.12,1014.82,994.86,1007.02,1001.92,1096.06,34.95,34.69,34.67,34.60,35.21,34.96,34.92,34.45
300720,1094.06,999.62,1019.08,1014.82,995.02,1006.84,1001.54,1096.02,34.90,34.67,34.62,34.57,35.17,34.91,34.89,34.42
300840,1094.04,999.54,1019.08,1014.60,994.96,1006.78,1001.54,1095.86,34.86,34.60,34.59,34.53,35.16,34.86,34.85,34.40
300960,1094.04,999.56,1018.96,1014.34,994.92,1006.80,1001.62,1095.88,34.89,34.62,34.62,34.55,35.18,34.89,34.85,34.41
301080,1093.86,999.34,1019.00,1014.40,994.92,1006.80,1001.68,1095.94,34.85,34.62,34.58,34.51,35.14,34.85,34.84,34.39
301200,1093.84,999.52,1019.02,1014.42,995.06,1006.70,1001.58,1095.98,34.86,34.61,34.60,34.53,35.17,34.87,34.85,34.39
301320,1093.80,999.72,1019.10,1014.40,995.10,1006.80,1001.64,1095.76,34.89,34.64,34.62,34.55,35.17,34.90,34.88,34.40
301440,1093.86,999.60,1018.94,1014.44,995.10,1006.70,1001.48,1095.88,34.84,34.63,34.58,34.52,35.13,34.86,34.87,34.38
301560,1093.80,999.54,1018.84,1014.46,995.24,1006.56,1001.50,1095.80,34.86,34.62,34.59,34.53,35.15,34.88,34.86,34.38
301680,1093.88,999.40,1018.86,1014.34,994.92,1006.44,1001.46,1095.52,34.81,34.59,34.56,34.49,35.11,34.83,34.83,34.36
301800,1093.70,999.32,1018.88,1014.24,994.90,1006.46,1001.52,1095.62,34.82,34.57,34.57,34.49,35.13,34.85,34.81,34.36
301920,1093.74,999.52,1018.82,1014.40,995.02,1006.70,1001.36,1095.52,34.89,34.64,34.62,34.54,35.18,34.92,34.85,34.39
302040,1093.72,999.42,1018.84,1014.56,995.00,1006.78,1001.16,1095.48,34.87,34.66,34.60,34.53,35.15,34.89,34.85,34.38
302160,1093.74,999.40,1018.58,1014.52,995.06,1006.78,1001.58,1095.56,34.89,34.64,34.61,34.54,35.17,34.92,34.85,34.39
302280,1093.64,999.48,1018.80,1014.40,995.26,1006.98,1001.58,1095.78,34.90,34.66,34.63,34.55,35.17,34.94,34.87,34.40
302400,1093.62,999.32,1018.88,1014.46,994.98,1006.78,1001.56,1095.44,34.83,34.63,34.58,34.51,35.12,34.86,34.84,34.37
302520,1093.82,999.34,1018.74,1014.26,995.04,1006.76,1001.52,1095.46,34.86,34.62,34.60,34.52,35.16,34.89,34.84,34.38
302640,1093.64,999.54,1018.76,1014.22,995.16,1006.92,1001.40,1095.60,34.86,34.64,34.60,34.52,35.15,34.89,34.86,34.38
302760,1093.66,999.52,1018.74,1014.52,995.18,1006.74,1001.38,1095.36,34.82,34.61,34.57,34.50,35.13,34.85,34.84,34.35
302880,1093.70,999.42,1018.72,1014.30,995.02,1006.86,1001.58,1095.38,34.85,34.60,34.59,34.52,35.16,34.88,34.84,34.36
303000,1093.48,999.44,1018.50,1014.28,995.12,1006.80,1001.52,1095.34,34.81,34.59,34.55,34.48,35.12,34.83,34.84,34.34
303120,1093.44,999.34,1018.52,1014.08,995.04,1006.76,1001.44,1095.42,34.84,34.59,34.56,34.51,35.14,34.88,34.83,34.35
303240,1093.74,999.42,1018.58,1014.20,995.50,1006.88,1001.54,1096.00,34.97,34.69,34.70,34.61,35.23,35.01,34.90,34.45
303360,1093.82,1000.00,1018.60,1014.58,995.58,1007.26,1001.78,1096.24,35.04,34.82,34.74,34.67,35.24,35.06,34.98,34.50
303480,1094.12,1000.10,1018.68,1014.84,995.50,1007.48,1001.64,1096.62,35.03,34.83,34.74,34.68,35.24,35.06,34.99,34.52
303600,1094.34,1000.12,1019.02,1014.90,995.58,1007.48,1001.90,1096.96,35.12,34.87,34.82,34.73,35.30,35.14,35.03,34.57
303720,1094.44,1000.20,1019.14,1015.22,995.52,1007.48,1001.98,1096.86,35.13,34.92,34.82,34.75,35.30,35.13,35.05,34.59
303840,1094.34,1000.26,1019.06,1015.14,995.30,1007.44,1001.96,1096.74,35.06,34.87,34.77,34.71,35.26,35.07,35.02,34.56
303960,1094.56,1000.44,1019.14,1015.12,995.34,1007.74,1002.10,1097.00,35.14,34.89,34.83,34.77,35.34,35.15,35.06,34.61
304080,1094.84,1000.68,1019.48,1015.38,995.42,1007.86,1002.38,1097.10,35.20,34.96,34.88,34.81,35.37,35.20,35.10,34.65
304200,1094.86,1000.68,1019.64,1015.34,995.34,1007.80,1002.28,1097.06,35.17,34.96,34.85,34.80,35.34,35.16,35.11,34.65
304320,1094.84,1000.78,1019.66,1015.50,995.30,1007.78,1002.42,1097.16,35.19,34.96,34.88,34.81,35.36,35.19,35.12,34.66
304440,1094.84,1000.82,1019.62,1015.64,995.32,1007.84,1002.26,1096.86,35.14,34.91,34.83,34.79,35.32,35.13,35.10,34.63
304560,1095.00,1000.60,1019.66,1015.28,995.24,1007.82,1002.44,1096.72,35.07,34.83,34.78,34.73,35.31,35.09,35.05,34.59
304680,1094.92,1000.58,1019.70,1015.38,995.30,1007.80,1002.18,1096.66,35.06,34.81,34.77,34.72,35.31,35.08,35.04,34.58
304800,1094.68,1000.38,1019.54,1015.10,995.40,1007.54,1002.18,1096.22,34.96,34.74,34.68,34.64,35.25,34.98,34.99,34.50
304920,1094.72,1000.40,1019.54,1015.14,995.50,1007.46,1002.16,1096.28,34.96,34.70,34.69,34.63,35.26,35.00,34.96,34.50
305040,1094.78,1000.38,1019.52,1015.18,995.60,1007.52,1002.28,1096.24,35.03,34.76,34.75,34.67,35.31,35.08,34.99,34.53
305160,1094.58,1000.52,1019.50,1015.20,995.56,1007.76,1002.24,1096.46,35.04,34.80,34.76,34.69,35.30,35.07,35.01,34.55
305280,1094.78,1000.74,1019.56,1015.34,995.54,1007.88,1002.38,1096.86,35.14,34.86,34.86,34.75,35.36,35.17,35.06,34.60
305400,1095.14,1001.14,1019.78,1015.50,995.66,1008.24,1002.80,1096.92,35.21,34.97,34.91,34.82,35.39,35.23,35.11,34.67
305520,1095.30,1001.06,1020.06,1015.62,995.78,1008.18,1002.86,1097.42,35.24,35.02,34.95,34.84,35.42,35.25,35.16,34.71
305640,1095.92,1001.50,1020.22,1016.12,995.96,1008.74,1003.12,1098.40,35.42,35.12,35.09,34.98,35.52,35.42,35.25,34.83
305760,1096.34,1002.46,1020.52,1016.66,996.00,1009.18,1003.26,1098.90,35.53,35.27,35.18,35.09,35.58,35.50,35.35,34.94
305880,1096.20,1002.54,1020.72,1017.06,995.74,1008.96,1003.34,1098.82,35.47,35.31,35.13,35.06,35.53,35.43,35.36,34.93
306000,1096.02,1001.78,1020.56,1016.64,995.58,1008.90,1003.20,1098.06,35.33,35.18,35.02,34.96,35.47,35.30,35.30,34.84
306120,1096.14,1001.60,1020.66,1016.56,995.80,1008.86,1003.46,1098.46,35.41,35.16,35.11,35.01,35.55,35.43,35.31,34.88
306240,1096.72,1002.76,1021.00,1016.94,996.16,1009.34,1003.70,1099.22,35.56,35.30,35.23,35.13,35.66,35.58,35.41,35.00
306360,1096.90,1002.92,1021.30,1017.42,995.98,1009.60,1003.96,1099.14,35.60,35.43,35.25,35.18,35.67,35.60,35.45,35.04
306480,1096.74,1002.86,1021.22,1017.54,995.56,1009.30,1003.88,1098.80,35.47,35.37,35.16,35.11,35.56,35.47,35.41,34.97
306600,1096.88,1002.22,1021.22,1017.22,995.62,1009.22,1003.64,1098.46,35.34,35.18,35.03,34.99,35.52,35.34,35.32,34.87
306720,1096.64,1002.28,1021.30,1017.02,995.86,1009.08,1003.56,1098.46,35.40,35.16,35.10,35.02,35.60,35.43,35.32,34.88
306840,1096.84,1002.60,1021.34,1017.06,996.10,1009.34,1004.02,1098.70,35.44,35.21,35.15,35.06,35.63,35.48,35.35,34.91
306960,1097.20,1003.02,1021.58,1017.58,996.04,1009.72,1004.38,1099.42,35.60,35.31,35.26,35.17,35.72,35.59,35.46,35.02
307080,1097.40,1003.68,1021.86,1018.06,995.96,1010.06,1004.48,1099.84,35.69,35.45,35.34,35.25,35.78,35.68,35.53,35.11
307200,1097.60,1003.72,1022.16,1018.22,995.74,1010.12,1004.44,1099.64,35.61,35.49,35.28,35.22,35.72,35.62,35.52,35.07
307320,1097.28,1003.04,1022.10,1018.22,995.78,1009.64,1004.26,1098.96,35.43,35.32,35.14,35.10,35.61,35.44,35.44,34.97
307440,1097.18,1002.78,1021.86,1018.04,996.12,1009.66,1004.38,1098.88,35.44,35.22,35.14,35.08,35.66,35.46,35.39,34.94
307560,1097.24,1003.16,1021.88,1018.02,996.10,1009.74,1004.54,1099.12,35.51,35.25,35.20,35.12,35.70,35.54,35.42,34.98
307680,1097.62,1003.64,1022.22,1018.16,996.12,1010.00,1004.60,1099.36,35.57,35.34,35.28,35.19,35.77,35.60,35.49,35.03
307800,1097.90,1004.22,1022.26,1018.60,996.34,1010.28,1004.98,1100.12,35.72,35.46,35.38,35.30,35.86,35.74,35.57,35.15
307920,1098.10,1004.52,1022.78,1018.82,996.04,1010.56,1005.34,1100.28,35.75,35.57,35.41,35.34,35.86,35.76,35.62,35.18
308040,1098.04,1004.02,1022.82,1018.98,995.76,1010.68,1005.14,1099.64,35.63,35.49,35.32,35.26,35.77,35.63,35.58,35.10
308160,1097.78,1003.60,1022.66,1018.42,995.68,1010.14,1005.10,1098.92,35.44,35.31,35.17,35.12,35.68,35.47,35.49,34.99
308280,1097.56,1003.18,1022.32,1018.34,995.46,1009.50,1004.82,1098.56,35.33,35.15,35.09,35.03,35.64,35.38,35.38,34.91
308400,1096.98,1002.94,1022.22,1017.70,995.38,1009.14,1004.36,1097.78,35.18,34.97,34.94,34.88,35.53,35.20,35.26,34.79
308520,1096.82,1002.54,1021.78,1017.44,995.38,1008.84,1004.38,1097.52,35.07,34.82,34.85,34.78,35.49,35.11,35.16,34.70
308640,1096.86,1002.56,1021.82,1017.54,995.74,1009.06,1004.62,1097.98,35.20,34.89,34.97,34.84,35.56,35.26,35.20,34.75
308760,1096.80,1003.10,1021.88,1017.76,995.80,1009.38,1004.40,1098.40,35.31,35.05,35.04,34.94,35.62,35.37,35.27,34.81
308880,1096.54,1003.10,1021.86,1017.68,995.54,1009.34,1004.38,1097.90,35.26,35.07,34.98,34.93,35.55,35.31,35.26,34.79
309000,1096.38,1002.36,1021.82,1017.46,995.34,1009.14,1004.42,1097.70,35.14,34.94,34.88,34.82,35.47,35.17,35.19,34.70
309120,1096.54,1002.40,1021.88,1017.22,995.44,1009.16,1004.64,1098.04,35.21,34.98,34.96,34.85,35.54,35.30,35.22,34.76
309240,1097.14,1003.06,1021.80,1017.62,995.82,1009.52,1004.54,1098.62,35.40,35.10,35.11,34.99,35.65,35.45,35.31,34.87
309360,1097.24,1003.56,1021.96,1017.78,995.94,1009.78,1004.82,1098.66,35.43,35.22,35.13,35.05,35.65,35.47,35.37,34.91
309480,1096.90,1003.34,1022.12,1017.82,995.44,1009.58,1004.80,1098.36,35.31,35.16,35.04,34.97,35.56,35.33,35.33,34.84
309600,1097.04,1002.82,1021.78,1017.60,995.64,1009.42,1004.68,1098.24,35.26,35.05,34.97,34.91,35.57,35.31,35.28,34.79
309720,1096.86,1002.90,1021.82,1017.60,995.50,1009.28,1004.72,1098.58,35.36,35.08,35.07,34.97,35.66,35.42,35.31,34.84
309840,1097.02,1003.48,1021.92,1017.54,995.64,1009.68,1004.88,1098.76,35.40,35.17,35.12,35.03,35.67,35.46,35.35,34.89
309960,1097.44,1003.74,1022.16,1017.78,996.08,1009.82,1005.18,1099.44,35.55,35.27,35.22,35.13,35.76,35.56,35.43,34.98
310080,1097.66,1004.12,1022.38,1018.40,996.10,1010.10,1005.48,1099.76,35.62,35.38,35.30,35.21,35.79,35.63,35.51,35.05
310200,1097.76,1003.98,1022.48,1018.62,995.76,1010.10,1005.18,1099.62,35.53,35.39,35.22,35.16,35.72,35.53,35.49,35.03
310320,1097.50,1003.44,1022.52,1018.12,995.46,1009.68,1005.08,1099.02,35.37,35.21,35.07,35.04,35.61,35.37,35.39,34.91
310440,1097.20,1003.12,1022.40,1018.04,995.76,1009.70,1005.10,1098.90,35.38,35.14,35.12,35.02,35.66,35.40,35.35,34.89
310560,1097.54,1003.32,1022.52,1018.18,995.86,1009.66,1005.16,1099.12,35.45,35.18,35.18,35.08,35.72,35.49,35.39,34.93
310680,1097.56,1003.94,1022.50,1018.24,996.10,1009.92,1005.46,1099.64,35.56,35.28,35.25,35.15,35.78,35.57,35.45,35.00
310800,1098.24,1004.48,1022.80,1018.58,996.18,1010.30,1005.86,1100.18,35.68,35.40,35.38,35.27,35.86,35.70,35.54,35.12
310920,1098.46,1004.68,1023.04,1019.04,996.02,1010.60,1005.86,1100.16,35.68,35.49,35.37,35.29,35.84,35.69,35.57,35.13
311040,1098.24,1004.38,1023.08,1018.78,995.62,1010.36,1005.46,1099.72,35.53,35.39,35.24,35.19,35.73,35.53,35.51,35.05
311160,1097.94,1003.82,1022.96,1018.68,995.70,1010.02,1005.72,1099.38,35.43,35.23,35.16,35.10,35.72,35.46,35.44,34.97
311280,1097.88,1003.86,1022.68,1018.44,995.82,1009.96,1005.76,1099.54,35.47,35.22,35.19,35.11,35.76,35.52,35.44,34.97
311400,1097.76,1003.90,1022.84,1018.42,995.74,1009.92,1005.90,1099.16,35.48,35.22,35.20,35.12,35.76,35.54,35.45,34.98
311520,1098.14,1004.12,1022.70,1018.58,996.08,1010.22,1006.22,1099.86,35.64,35.33,35.31,35.22,35.86,35.68,35.54,35.06
311640,1098.44,1004.70,1023.40,1019.12,996.08,1010.52,1006.36,1100.38,35.72,35.46,35.40,35.30,35.90,35.74,35.60,35.16
311760,1098.32,1004.80,1023.38,1019.02,995.90,1010.48,1006.26,1100.10,35.67,35.49,35.34,35.27,35.85,35.67,35.60,35.14
311880,1098.20,1004.20,1023.16,1018.88,995.56,1010.10,1006.04,1099.54,35.49,35.32,35.20,35.15,35.74,35.51,35.49,35.03
312000,1098.16,1004.08,1022.82,1018.72,995.86,1009.78,1006.02,1099.50,35.46,35.24,35.20,35.12,35.77,35.51,35.45,34.99
312120,1098.12,1004.20,1022.92,1018.70,996.02,1009.88,1006.00,1099.54,35.48,35.25,35.22,35.13,35.79,35.52,35.45,34.99
312240,1098.08,1004.20,1023.00,1018.78,996.04,1009.94,1006.00,1099.56,35.51,35.27,35.25,35.16,35.81,35.56,35.47,35.00
312360,1098.06,1004.54,1023.22,1019.08,996.16,1010.26,1006.30,1099.94,35.63,35.35,35.33,35.24,35.88,35.66,35.54,35.09
312480,1098.24,1004.92,1023.40,1019.40,996.12,1010.22,1006.42,1099.92,35.64,35.43,35.34,35.26,35.85,35.66,35.58,35.10
312600,1098.06,1004.42,1023.38,1019.22,995.88,1010.22,1006.02,1099.50,35.50,35.36,35.21,35.17,35.75,35.51,35.52,35.03
312720,1097.78,1004.08,1023.20,1019.14,996.04,1009.84,1006.14,1099.36,35.40,35.20,35.14,35.08,35.73,35.44,35.45,34.95
312840,1097.90,1003.94,1023.04,1018.82,996.00,1009.82,1005.96,1099.34,35.44,35.19,35.17,35.09,35.76,35.48,35.44,34.95
312960,1097.94,1004.02,1022.94,1018.90,996.16,1009.76,1005.94,1099.24,35.44,35.19,35.17,35.09,35.75,35.48,35.44,34.95
313080,1098.08,1004.28,1023.22,1019.00,996.16,1009.86,1006.10,1099.44,35.51,35.25,35.23,35.14,35.80,35.54,35.48,34.99
313200,1098.06,1004.54,1023.06,1019.06,996.28,1009.96,1006.22,1099.56,35.55,35.29,35.26,35.17,35.81,35.56,35.50,35.03
313320,1098.26,1004.62,1023.28,1019.24,996.48,1010.26,1006.56,1100.22,35.64,35.36,35.33,35.24,35.87,35.65,35.54,35.08
313440,1098.44,1004.94,1023.70,1019.44,996.62,1010.42,1006.60,1100.24,35.67,35.43,35.37,35.28,35.89,35.68,35.59,35.12
313560,1098.52,1004.96,1023.74,1019.76,996.62,1010.68,1006.60,1100.54,35.71,35.47,35.42,35.32,35.93,35.72,35.62,35.16
313680,1098.90,1005.32,1023.78,1019.84,996.64,1010.94,1006.94,1101.00,35.77,35.55,35.46,35.38,35.97,35.78,35.67,35.21
313800,1099.06,1005.20,1024.06,1019.96,996.54,1011.04,1006.90,1101.14,35.78,35.57,35.47,35.40,35.97,35.79,35.69,35.22
313920,1099.12,1005.68,1024.12,1020.02,996.66,1011.14,1007.38,1101.28,35.86,35.60,35.53,35.45,36.04,35.86,35.74,35.29
314040,1099.34,1005.86,1024.52,1020.20,996.48,1011.20,1007.28,1101.44,35.85,35.66,35.53,35.46,36.03,35.86,35.76,35.30
314160,1099.02,1005.76,1024.52,1020.30,996.30,1010.92,1007.22,1100.70,35.73,35.57,35.41,35.37,35.92,35.70,35.70,35.21
314280,1098.80,1005.00,1024.28,1019.84,996.48,1010.70,1006.98,1100.10,35.54,35.37,35.28,35.23,35.84,35.57,35.59,35.09
314400,1098.74,1005.24,1023.98,1019.70,996.74,1010.52,1006.96,1100.14,35.58,35.33,35.31,35.22,35.89,35.64,35.57,35.09
314520,1098.94,1005.16,1024.04,1019.70,997.00,1010.54,1007.14,1100.18,35.60,35.38,35.33,35.25,35.91,35.66,35.59,35.10
314640,1099.20,1005.32,1024.00,1019.92,997.26,1010.88,1007.16,1100.56,35.71,35.44,35.42,35.32,35.98,35.75,35.65,35.17
314760,1099.24,1005.70,1024.22,1020.02,997.24,1011.02,1007.16,1100.82,35.75,35.53,35.45,35.37,35.99,35.79,35.69,35.21
314880,1099.10,1005.46,1024.34,1020.24,997.16,1010.68,1007.06,1100.64,35.66,35.47,35.38,35.29,35.89,35.67,35.63,35.15
315000,1098.54,1005.02,1024.04,1019.90,997.18,1010.38,1006.86,1099.96,35.48,35.29,35.23,35.16,35.81,35.52,35.53,35.05
315120,1098.52,1004.70,1023.76,1019.56,997.16,1010.16,1006.82,1099.84,35.48,35.23,35.23,35.14,35.84,35.53,35.49,35.02
315240,1098.62,1004.54,1023.68,1019.42,997.06,1009.98,1007.04,1099.76,35.46,35.21,35.22,35.13,35.82,35.51,35.48,34.99
315360,1098.60,1004.92,1023.98,1019.54,997.24,1010.22,1007.10,1100.00,35.53,35.24,35.29,35.18,35.86,35.58,35.51,35.04
315480,1098.92,1005.36,1023.94,1019.04,997.26,1010.48,1007.16,1100.30,35.60,35.35,35.35,35.24,35.91,35.65,35.57,35.08
315600,1098.92,1005.34,1023.96,1018.90,997.24,1010.40,1007.20,1100.54,35.66,35.40,35.37,35.28,35.92,35.69,35.61,35.12
315720,1099.18,1005.78,1024.32,1019.06,997.38,1010.84,1007.14,1101.12,35.79,35.51,35.50,35.39,36.02,35.80,35.69,35.22
315840,1099.46,1006.26,1024.40,1019.06,997.48,1011.04,1007.32,1101.46,35.84,35.62,35.54,35.44,36.03,35.84,35.75,35.27
315960,1099.44,1005.78,1024.34,1019.18,997.26,1011.00,1007.42,1101.06,35.73,35.57,35.45,35.37,35.94,35.73,35.72,35.21
316080,1099.02,1005.38,1024.42,1018.92,997.06,1010.60,1006.94,1100.32,35.55,35.36,35.29,35.23,35.84,35.56,35.59,35.09
316200,1098.60,1004.92,1024.26,1018.62,997.10,1010.24,1007.02,1099.80,35.42,35.20,35.20,35.13,35.79,35.45,35.49,35.01
316320,1098.16,1004.58,1023.76,1018.40,997.00,1009.80,1006.32,1099.14,35.26,34.99,35.03,34.98,35.68,35.28,35.34,34.86
316440,1097.94,1003.90,1023.34,1018.48,997.12,1009.50,1006.20,1098.92,35.20,34.91,34.97,34.89,35.66,35.23,35.28,34.81
316560,1098.22,1004.16,1023.40,1018.56,997.32,1009.86,1006.50,1099.54,35.36,35.03,35.14,34.99,35.76,35.44,35.35,34.90
316680,1098.40,1004.90,1023.34,1019.10,997.42,1010.46,1006.74,1099.98,35.49,35.20,35.23,35.10,35.81,35.55,35.45,34.98
316800,1098.24,1004.74,1023.54,1018.78,997.14,1010.38,1006.44,1099.80,35.46,35.24,35.18,35.09,35.75,35.50,35.47,34.96
316920,1097.78,1004.22,1023.30,1018.64,997.22,1009.60,1006.30,1098.90,35.33,35.11,35.07,35.00,35.68,35.35,35.38,34.87
317040,1097.88,1004.02,1023.16,1018.92,997.38,1009.78,1006.26,1099.12,35.38,35.11,35.12,35.01,35.75,35.43,35.37,34.89
317160,1098.00,1004.50,1023.22,1018.94,997.58,1009.90,1006.48,1099.58,35.44,35.18,35.18,35.08,35.79,35.50,35.41,34.93
317280,1098.10,1004.54,1023.40,1019.08,997.62,1010.04,1006.66,1099.80,35.54,35.26,35.26,35.16,35.83,35.57,35.47,35.00
317400,1098.36,1005.12,1023.34,1019.22,997.76,1010.34,1006.96,1100.50,35.65,35.37,35.34,35.24,35.90,35.66,35.55,35.09
317520,1098.50,1005.02,1023.56,1018.98,997.64,1010.42,1007.02,1100.52,35.61,35.41,35.32,35.23,35.85,35.62,35.58,35.08
317640,1097.90,1004.88,1023.60,1018.80,997.06,1009.96,1006.86,1099.50,35.45,35.27,35.17,35.10,35.71,35.44,35.51,34.98
317760,1097.80,1004.16,1023.26,1018.96,997.16,1009.72,1006.74,1099.42,35.38,35.16,35.12,35.05,35.71,35.42,35.42,34.93
317880,1098.00,1004.42,1023.22,1018.80,997.42,1009.92,1006.68,1099.82,35.47,35.20,35.21,35.11,35.80,35.53,35.45,34.97
318000,1098.50,1004.66,1023.52,1019.00,997.74,1010.26,1007.14,1100.00,35.58,35.28,35.29,35.18,35.87,35.62,35.52,35.03
318120,1098.90,1005.46,1023.80,1019.12,997.76,1010.44,1007.06,1100.94,35.73,35.44,35.42,35.32,35.97,35.74,35.63,35.16
318240,1098.94,1005.98,1023.88,1019.06,997.70,1011.06,1007.32,1101.18,35.76,35.56,35.45,35.36,35.95,35.77,35.69,35.21
318360,1098.64,1005.50,1023.96,1018.68,997.32,1010.70,1007.12,1100.74,35.67,35.50,35.35,35.29,35.86,35.64,35.65,35.15
318480,1098.30,1004.74,1023.72,1018.64,997.36,1010.36,1007.16,1100.04,35.49,35.32,35.21,35.16,35.79,35.50,35.55,35.04
318600,1098.28,1004.76,1023.60,1018.64,997.36,1010.42,1007.02,1100.06,35.52,35.28,35.25,35.17,35.85,35.57,35.52,35.03
318720,1098.24,1004.90,1023.80,1018.66,997.46,1010.36,1007.06,1099.98,35.52,35.30,35.27,35.19,35.85,35.59,35.54,35.04
318840,1098.48,1005.24,1023.82,1018.76,997.44,1010.50,1007.20,1100.42,35.60,35.35,35.33,35.25,35.89,35.65,35.58,35.08
318960,1098.64,1005.42,1023.82,1018.78,997.56,1010.46,1007.16,1100.54,35.66,35.42,35.38,35.29,35.93,35.69,35.61,35.13
319080,1099.04,1005.70,1024.24,1018.96,997.70,1010.76,1007.28,1101.14,35.79,35.49,35.47,35.37,36.01,35.78,35.67,35.21
319200,1099.70,1006.56,1024.60,1019.10,998.02,1011.56,1007.94,1102.08,35.99,35.68,35.64,35.56,36.14,35.98,35.82,35.39
319320,1099.96,1007.24,1024.74,1019.36,997.98,1011.80,1007.96,1102.56,36.05,35.85,35.71,35.62,36.15,36.05,35.90,35.47
319440,1099.80,1006.72,1024.90,1019.22,997.64,1011.74,1008.08,1102.28,35.92,35.83,35.61,35.58,36.09,35.93,35.87,35.42
319560,1099.40,1006.18,1024.92,1018.78,997.48,1011.26,1007.70,1101.38,35.72,35.59,35.43,35.39,35.96,35.73,35.75,35.27
319680,1099.22,1005.68,1024.66,1018.54,997.50,1010.94,1007.58,1101.00,35.65,35.45,35.39,35.33,35.97,35.70,35.67,35.19
319800,1099.10,1005.44,1024.54,1018.46,997.56,1011.06,1007.68,1100.90,35.62,35.40,35.37,35.29,35.96,35.67,35.64,35.15
319920,1099.18,1005.72,1024.54,1018.44,997.50,1011.02,1007.72,1101.00,35.70,35.41,35.44,35.35,36.02,35.74,35.66,35.19
320040,1099.52,1006.38,1024.62,1018.62,997.58,1011.36,1007.88,1101.56,35.81,35.54,35.52,35.43,36.08,35.86,35.73,35.28
320160,1099.82,1006.26,1024.74,1018.66,997.38,1011.34,1007.96,1101.54,35.78,35.59,35.49,35.42,36.04,35.81,35.77,35.27
320280,1099.40,1006.04,1024.68,1018.26,997.24,1010.98,1007.64,1100.72,35.61,35.47,35.36,35.31,35.90,35.64,35.69,35.17
320400,1099.02,1005.36,1024.46,1018.06,997.10,1010.82,1007.50,1100.32,35.53,35.33,35.30,35.22,35.87,35.60,35.61,35.09
320520,1099.16,1005.48,1024.54,1018.30,997.34,1010.88,1007.66,1100.60,35.64,35.39,35.39,35.28,35.95,35.71,35.64,35.14
320640,1099.00,1005.92,1024.50,1018.24,997.40,1010.82,1007.56,1100.82,35.66,35.44,35.41,35.30,35.94,35.73,35.66,35.15
320760,1098.96,1005.72,1024.70,1017.90,997.32,1010.64,1007.50,1100.14,35.55,35.37,35.28,35.22,35.87,35.61,35.60,35.09
320880,1098.50,1005.00,1024.14,1017.80,997.10,1010.42,1007.10,1099.70,35.41,35.19,35.17,35.10,35.80,35.47,35.48,34.99
321000,1098.44,1005.20,1023.98,1018.38,997.32,1010.32,1007.24,1099.72,35.47,35.19,35.23,35.14,35.86,35.56,35.49,35.00
321120,1098.72,1005.52,1023.92,1018.28,997.38,1010.26,1007.36,1099.92,35.53,35.27,35.28,35.17,35.88,35.62,35.51,35.03
321240,1099.08,1005.82,1024.04,1018.42,997.84,1010.78,1007.86,1100.78,35.70,35.39,35.41,35.31,35.99,35.78,35.64,35.15
321360,1099.70,1006.86,1024.44,1018.68,997.80,1011.24,1008.12,1101.56,35.88,35.59,35.58,35.46,36.09,35.92,35.76,35.32
321480,1099.92,1006.90,1024.68,1018.80,997.60,1011.26,1008.20,1101.92,35.90,35.72,35.59,35.49,36.08,35.91,35.82,35.34
321600,1099.60,1006.52,1024.62,1018.44,997.44,1011.10,1008.06,1101.12,35.77,35.61,35.44,35.37,35.96,35.77,35.76,35.27
321720,1099.20,1005.80,1024.62,1018.38,997.22,1010.78,1007.76,1100.44,35.60,35.40,35.32,35.26,35.88,35.61,35.64,35.14
321840,1099.26,1005.66,1024.52,1018.42,997.34,1010.68,1007.82,1100.46,35.63,35.38,35.36,35.27,35.94,35.68,35.62,35.14
321960,1099.20,1005.92,1024.52,1018.46,997.38,1010.68,1007.92,1100.54,35.64,35.41,35.38,35.28,35.96,35.70,35.63,35.15
322080,1099.38,1006.00,1024.64,1018.56,997.50,1010.90,1008.36,1101.08,35.74,35.48,35.46,35.36,36.02,35.79,35.69,35.21
322200,1099.48,1006.40,1024.68,1018.60,997.48,1011.08,1008.16,1101.16,35.80,35.57,35.52,35.40,36.05,35.83,35.74,35.26
322320,1099.42,1006.22,1024.86,1018.52,997.38,1011.00,1008.04,1100.84,35.73,35.54,35.42,35.35,35.98,35.74,35.70,35.20
322440,1098.82,1005.92,1024.58,1018.14,997.14,1010.60,1007.70,1099.98,35.53,35.32,35.26,35.19,35.87,35.55,35.59,35.09
322560,1098.58,1005.22,1024.48,1018.16,997.12,1010.22,1007.62,1099.68,35.48,35.23,35.24,35.14,35.86,35.54,35.52,35.03
322680,1098.66,1005.50,1024.12,1018.24,997.12,1010.12,1007.62,1099.88,35.48,35.22,35.26,35.15,35.88,35.56,35.52,35.02
322800,1098.68,1005.60,1024.18,1018.20,997.34,1010.50,1007.50,1099.80,35.56,35.28,35.32,35.20,35.91,35.62,35.55,35.07
322920,1098.84,1005.80,1024.32,1018.34,997.32,1010.44,1007.86,1100.12,35.60,35.34,35.36,35.25,35.93,35.65,35.59,35.09
323040,1099.20,1006.32,1024.42,1018.34,997.38,1010.52,1008.04,1100.52,35.74,35.44,35.47,35.35,36.02,35.78,35.66,35.20
323160,1099.22,1006.70,1024.84,1018.26,997.16,1011.10,1008.30,1100.98,35.80,35.58,35.50,35.41,36.04,35.83,35.73,35.25
323280,1099.28,1006.62,1024.82,1018.06,996.88,1011.00,1008.06,1100.74,35.70,35.55,35.40,35.35,35.95,35.74,35.71,35.22
323400,1098.88,1006.04,1024.66,1017.90,996.96,1010.46,1007.90,1100.06,35.53,35.37,35.25,35.21,35.86,35.55,35.59,35.09
323520,1099.00,1005.58,1024.20,1017.84,997.02,1010.48,1007.76,1100.10,35.53,35.29,35.26,35.19,35.89,35.58,35.55,35.06
323640,1098.96,1005.86,1024.30,1017.90,996.96,1010.38,1007.96,1099.98,35.54,35.29,35.28,35.20,35.90,35.60,35.56,35.06
323760,1099.02,1006.02,1024.36,1017.90,996.90,1010.32,1007.76,1100.12,35.58,35.33,35.31,35.23,35.91,35.63,35.58,35.08
323880,1099.08,1005.96,1024.52,1017.96,997.02,1010.42,1008.02,1100.28,35.61,35.38,35.35,35.26,35.93,35.66,35.60,35.10
324000,1099.14,1006.08,1024.42,1017.98,997.14,1010.66,1008.06,1100.38,35.67,35.44,35.40,35.31,35.97,35.73,35.64,35.14
324120,1099.48,1006.64,1024.74,1018.00,997.18,1010.80,1008.24,1100.92,35.78,35.54,35.49,35.38,36.03,35.80,35.71,35.23
324240,1099.58,1006.50,1024.96,1017.98,996.76,1010.92,1008.18,1100.96,35.76,35.58,35.46,35.37,36.00,35.77,35.71,35.22
324360,1098.94,1005.96,1024.62,1017.82,996.62,1010.36,1007.72,1100.38,35.59,35.42,35.32,35.25,35.88,35.57,35.64,35.13
324480,1098.72,1005.48,1024.58,1017.84,996.72,1010.20,1007.74,1099.72,35.50,35.28,35.24,35.16,35.87,35.53,35.54,35.05
324600,1098.86,1005.74,1024.58,1017.96,996.90,1010.26,1007.68,1099.76,35.58,35.31,35.31,35.20,35.94,35.64,35.57,35.08
324720,1098.92,1006.04,1024.28,1017.96,997.00,1010.42,1007.82,1100.08,35.63,35.38,35.35,35.25,35.94,35.68,35.60,35.11
324840,1099.22,1006.60,1024.56,1018.02,997.22,1010.56,1008.18,1100.84,35.79,35.49,35.48,35.35,36.04,35.81,35.70,35.22
324960,1099.86,1006.98,1024.86,1018.12,997.20,1010.92,1008.56,1101.58,35.91,35.65,35.59,35.46,36.09,35.92,35.79,35.32
325080,1099.84,1006.96,1025.10,1018.00,996.90,1010.82,1008.44,1101.26,35.88,35.69,35.54,35.46,36.04,35.87,35.80,35.31
325200,1099.36,1006.68,1024.78,1017.46,996.70,1010.54,1008.22,1100.68,35.69,35.54,35.40,35.31,35.92,35.67,35.71,35.20
325320,1099.10,1006.18,1024.78,1017.50,996.54,1010.36,1008.00,1100.20,35.57,35.37,35.29,35.22,35.90,35.58,35.61,35.11
325440,1099.04,1006.16,1024.70,1017.72,996.68,1010.48,1008.08,1100.20,35.63,35.37,35.36,35.25,35.96,35.67,35.61,35.13
325560,1099.10,1006.38,1024.74,1017.90,997.08,1010.54,1008.04,1100.82,35.72,35.45,35.43,35.30,36.00,35.74,35.67,35.17
325680,1099.52,1006.68,1024.84,1018.22,997.18,1011.00,1008.68,1101.18,35.86,35.57,35.55,35.43,36.08,35.87,35.76,35.27
325800,1099.54,1006.86,1025.10,1018.28,997.10,1011.04,1008.78,1101.22,35.87,35.66,35.57,35.45,36.08,35.88,35.79,35.31
325920,1099.38,1007.04,1025.08,1018.04,996.92,1010.96,1008.52,1101.02,35.75,35.56,35.46,35.36,35.96,35.74,35.76,35.24
326040,1099.12,1006.20,1024.98,1017.88,996.80,1010.42,1008.04,1100.16,35.55,35.37,35.29,35.21,35.88,35.57,35.63,35.11
326160,1098.68,1005.86,1024.78,1017.92,996.72,1010.06,1008.10,1099.92,35.53,35.29,35.28,35.18,35.91,35.59,35.58,35.07
326280,1098.68,1005.90,1024.44,1017.88,996.98,1010.10,1008.10,1100.00,35.51,35.27,35.29,35.19,35.91,35.58,35.57,35.06
326400,1099.04,1006.08,1024.44,1018.30,997.06,1010.22,1008.32,1100.40,35.64,35.35,35.40,35.26,35.98,35.69,35.62,35.14
326520,1099.20,1006.40,1024.74,1018.32,997.18,1010.46,1008.42,1100.66,35.75,35.49,35.47,35.34,36.04,35.79,35.69,35.21
326640,1099.06,1006.44,1024.94,1018.22,997.12,1010.62,1008.04,1100.44,35.69,35.54,35.41,35.32,35.97,35.73,35.70,35.18
326760,1098.78,1005.90,1024.72,1017.70,996.94,1010.26,1008.02,1099.96,35.51,35.36,35.26,35.17,35.85,35.54,35.62,35.08
326880,1098.74,1005.52,1024.34,1017.74,996.84,1009.74,1007.86,1099.56,35.46,35.24,35.21,35.13,35.87,35.51,35.53,35.01
327000,1098.60,1005.58,1024.32,1017.80,996.92,1009.66,1007.66,1099.32,35.43,35.20,35.21,35.11,35.85,35.50,35.50,34.98
327120,1098.60,1005.60,1024.40,1017.94,996.90,1010.02,1007.92,1099.56,35.48,35.22,35.26,35.13,35.88,35.55,35.51,35.01
327240,1099.08,1005.98,1024.30,1017.82,997.04,1010.08,1007.82,1099.96,35.61,35.34,35.36,35.23,35.96,35.67,35.59,35.09
327360,1098.96,1006.00,1024.22,1017.76,996.88,1010.18,1007.88,1100.06,35.63,35.40,35.36,35.25,35.93,35.66,35.60,35.11
327480,1098.52,1005.80,1024.38,1017.40,996.50,1009.98,1007.62,1099.44,35.47,35.31,35.22,35.15,35.83,35.52,35.54,35.04
327600,1098.38,1005.28,1024.18,1017.44,996.54,1009.46,1007.68,1099.24,35.40,35.17,35.16,35.06,35.81,35.43,35.45,34.96
327720,1098.34,1005.26,1024.16,1017.26,996.64,1009.32,1007.42,1099.18,35.41,35.15,35.18,35.07,35.82,35.48,35.43,34.95
327840,1098.20,1005.08,1023.90,1017.42,996.80,1009.42,1007.54,1099.30,35.44,35.18,35.20,35.09,35.82,35.51,35.46,34.97
327960,1098.56,1005.60,1024.20,1017.50,996.84,1009.50,1007.56,1099.74,35.55,35.27,35.30,35.18,35.89,35.61,35.52,35.03
328080,1098.38,1005.70,1023.96,1017.50,996.52,1009.88,1007.68,1099.94,35.61,35.35,35.34,35.23,35.91,35.64,35.56,35.09
328200,1098.90,1006.10,1024.30,1017.58,996.84,1010.24,1008.22,1100.48,35.73,35.44,35.43,35.32,35.99,35.74,35.64,35.17
328320,1099.36,1006.42,1024.50,1017.66,996.84,1010.36,1008.16,1100.98,35.81,35.57,35.50,35.40,36.03,35.81,35.72,35.24
328440,1099.12,1006.42,1024.68,1017.66,996.58,1010.30,1008.14,1100.78,35.75,35.56,35.43,35.37,35.97,35.74,35.71,35.21
328560,1098.98,1006.10,1024.54,1017.48,996.22,1009.70,1007.66,1100.04,35.55,35.39,35.28,35.21,35.84,35.55,35.62,35.10
328680,1098.64,1005.44,1024.22,1017.48,996.34,1009.64,1007.54,1099.64,35.49,35.27,35.25,35.15,35.87,35.53,35.53,35.04
328800,1098.52,1005.58,1024.26,1017.44,996.36,1009.58,1007.50,1099.66,35.51,35.27,35.27,35.16,35.88,35.57,35.53,35.04
328920,1098.44,1005.64,1024.22,1017.44,996.48,1009.48,1007.70,1099.86,35.57,35.30,35.31,35.19,35.92,35.61,35.54,35.08
329040,1098.70,1005.88,1024.36,1017.68,996.62,1009.90,1007.84,1100.10,35.68,35.40,35.40,35.27,35.97,35.71,35.62,35.15
329160,1098.96,1006.08,1024.30,1017.82,996.70,1009.80,1007.68,1100.00,35.66,35.45,35.38,35.28,35.93,35.70,35.64,35.14
329280,1098.60,1005.64,1024.16,1017.64,996.42,1009.52,1007.56,1099.50,35.51,35.33,35.25,35.17,35.83,35.52,35.56,35.05
329400,1098.48,1005.18,1024.12,1017.68,996.28,1009.22,1007.36,1099.32,35.43,35.20,35.19,35.10,35.82,35.49,35.48,34.99
329520,1098.48,1005.32,1023.86,1017.80,996.60,1009.36,1007.44,1099.34,35.50,35.22,35.26,35.15,35.89,35.58,35.49,35.02
329640,1098.46,1005.42,1023.82,1017.78,996.62,1009.52,1007.54,1099.80,35.55,35.28,35.31,35.19,35.91,35.62,35.54,35.05
329760,1098.74,1005.66,1024.20,1017.88,996.88,1009.70,1007.76,1100.34,35.71,35.41,35.44,35.32,35.99,35.75,35.63,35.16
329880,1099.48,1006.48,1024.50,1017.94,996.80,1010.04,1008.14,1100.80,35.82,35.58,35.50,35.40,36.03,35.83,35.71,35.25
330000,1099.44,1006.36,1024.48,1018.02,996.64,1010.04,1008.04,1100.56,35.73,35.60,35.43,35.35,35.97,35.73,35.71,35.22
330120,1098.80,1005.78,1024.52,1018.04,996.40,1009.46,1007.66,1099.76,35.56,35.42,35.26,35.21,35.84,35.56,35.58,35.09
330240,1098.50,1005.36,1024.24,1018.14,996.64,1009.30,1007.54,1099.42,35.48,35.28,35.22,35.14,35.85,35.52,35.52,35.02
330360,1098.26,1005.34,1024.04,1018.08,996.70,1009.36,1007.60,1099.20,35.46,35.22,35.21,35.12,35.85,35.51,35.48,35.00
330480,1098.34,1005.62,1024.00,1018.10,996.78,1009.46,1007.58,1099.56,35.53,35.27,35.27,35.19,35.91,35.60,35.51,35.04
330600,1098.82,1005.72,1024.20,1018.04,996.80,1009.54,1007.84,1099.84,35.64,35.38,35.37,35.25,35.96,35.69,35.58,35.11
330720,1098.66,1005.78,1024.10,1017.98,996.54,1009.62,1007.68,1099.94,35.61,35.41,35.32,35.23,35.90,35.61,35.60,35.09
330840,1098.18,1005.24,1024.12,1017.72,996.28,1009.12,1007.30,1098.96,35.46,35.26,35.17,35.09,35.76,35.46,35.50,34.99
330960,1098.48,1005.06,1024.02,1017.70,996.42,1009.12,1007.18,1099.20,35.44,35.20,35.18,35.08,35.79,35.49,35.46,34.95
331080,1098.58,1005.34,1023.96,1017.72,996.70,1009.26,1007.42,1099.34,35.57,35.27,35.29,35.17,35.89,35.63,35.53,35.03
331200,1098.66,1005.54,1023.98,1017.74,996.40,1009.44,1007.26,1099.48,35.60,35.36,35.31,35.21,35.88,35.65,35.56,35.06
331320,1098.14,1005.20,1023.92,1017.28,996.10,1009.34,1007.28,1098.96,35.49,35.28,35.21,35.13,35.77,35.51,35.51,35.00
331440,1098.00,1004.96,1023.80,1017.26,996.08,1008.80,1007.24,1099.00,35.35,35.13,35.09,35.02,35.72,35.40,35.40,34.91
331560,1097.96,1004.96,1023.78,1017.26,996.40,1008.92,1007.38,1098.66,35.40,35.12,35.14,35.04,35.77,35.47,35.40,34.91
331680,1098.00,1004.88,1023.72,1017.32,996.32,1008.90,1007.28,1098.70,35.43,35.16,35.18,35.07,35.79,35.49,35.43,34.93
331800,1098.36,1005.36,1023.78,1017.34,996.42,1009.12,1007.42,1099.68,35.60,35.27,35.32,35.18,35.90,35.64,35.53,35.06
331920,1098.88,1006.24,1024.02,1017.42,996.50,1009.78,1007.60,1100.40,35.79,35.48,35.47,35.34,35.99,35.80,35.66,35.20
332040,1099.12,1006.30,1024.46,1017.60,996.24,1009.66,1007.68,1100.48,35.80,35.62,35.49,35.37,35.98,35.81,35.72,35.23
332160,1098.84,1005.88,1024.50,1017.26,996.06,1009.56,1007.44,1100.16,35.66,35.50,35.34,35.28,35.86,35.64,35.64,35.15
332280,1098.34,1005.08,1024.32,1016.88,995.96,1009.10,1007.44,1099.66,35.51,35.31,35.24,35.15,35.82,35.53,35.55,35.04
332400,1098.50,1005.28,1024.18,1017.12,996.06,1009.28,1007.74,1099.86,35.60,35.35,35.35,35.21,35.91,35.70,35.58,35.10
332520,1099.04,1005.68,1024.14,1017.34,996.22,1009.42,1007.78,1100.30,35.69,35.44,35.41,35.28,35.96,35.75,35.64,35.16
332640,1098.68,1005.78,1024.30,1017.14,996.28,1009.44,1007.62,1100.08,35.62,35.43,35.35,35.26,35.91,35.67,35.63,35.13
332760,1098.22,1005.36,1024.06,1016.88,995.74,1008.94,1007.26,1099.12,35.47,35.27,35.21,35.11,35.79,35.49,35.53,35.02
332880,1098.00,1005.08,1023.80,1016.98,995.64,1008.76,1007.42,1099.14,35.43,35.17,35.18,35.08,35.80,35.48,35.45,34.97
333000,1097.96,1004.96,1023.62,1016.76,995.82,1008.62,1007.36,1098.88,35.43,35.17,35.20,35.08,35.81,35.50,35.45,34.96
333120,1098.16,1004.94,1023.78,1016.90,995.86,1008.56,1007.44,1098.98,35.46,35.19,35.23,35.11,35.82,35.53,35.46,34.97
333240,1098.10,1005.40,1023.60,1017.08,995.96,1008.80,1007.46,1099.12,35.55,35.27,35.30,35.16,35.88,35.60,35.51,35.03
333360,1098.34,1005.48,1023.68,1017.10,995.96,1009.04,1007.50,1099.36,35.60,35.34,35.33,35.20,35.89,35.62,35.55,35.06
333480,1098.94,1005.66,1023.88,1017.26,996.26,1009.32,1007.80,1100.06,35.73,35.44,35.46,35.32,35.99,35.76,35.65,35.17
333600,1099.12,1006.36,1024.30,1017.28,995.92,1009.60,1008.00,1100.62,35.82,35.57,35.50,35.39,36.01,35.82,35.70,35.24
333720,1099.14,1006.24,1024.38,1017.08,995.76,1009.54,1007.84,1100.48,35.73,35.55,35.43,35.33,35.92,35.72,35.68,35.20
333840,1098.74,1005.68,1024.28,1016.74,995.50,1009.00,1007.50,1099.76,35.53,35.35,35.27,35.18,35.83,35.55,35.57,35.09
333960,1098.60,1005.52,1023.96,1016.90,995.72,1008.84,1007.50,1099.40,35.55,35.29,35.27,35.17,35.88,35.59,35.54,35.06
334080,1098.48,1005.54,1024.12,1017.00,995.86,1008.92,1007.60,1099.58,35.57,35.32,35.31,35.20,35.91,35.63,35.55,35.07
334200,1098.56,1005.54,1024.04,1017.14,995.84,1009.04,1007.72,1099.70,35.63,35.35,35.36,35.24,35.94,35.66,35.59,35.10
334320,1098.86,1005.60,1024.28,1017.12,995.84,1009.38,1007.72,1100.00,35.69,35.43,35.42,35.30,35.97,35.73,35.63,35.15
334440,1099.04,1005.88,1024.18,1017.30,995.80,1009.30,1008.00,1100.18,35.71,35.47,35.42,35.33,35.97,35.74,35.66,35.17
334560,1099.36,1006.18,1024.40,1017.34,995.64,1009.64,1008.02,1100.48,35.83,35.55,35.51,35.40,36.05,35.83,35.72,35.25
334680,1099.42,1006.64,1024.42,1017.26,995.66,1009.90,1008.44,1100.74,35.85,35.64,35.54,35.43,36.05,35.87,35.76,35.29
334800,1099.20,1006.60,1024.48,1017.08,995.58,1009.72,1008.08,1100.26,35.73,35.59,35.42,35.33,35.96,35.74,35.72,35.23
334920,1098.64,1005.66,1024.48,1017.02,995.26,1008.96,1007.66,1099.60,35.54,35.38,35.26,35.18,35.83,35.54,35.60,35.09
335040,1098.66,1005.40,1024.12,1017.02,995.60,1009.02,1007.74,1099.62,35.54,35.31,35.28,35.16,35.87,35.60,35.57,35.07
335160,1098.90,1005.74,1024.14,1017.42,995.64,1009.04,1007.90,1099.64,35.62,35.36,35.34,35.21,35.93,35.67,35.60,35.10
335280,1099.32,1006.08,1024.22,1017.24,995.72,1009.22,1008.18,1100.14,35.71,35.45,35.43,35.31,36.00,35.77,35.67,35.19
335400,1099.44,1006.56,1024.58,1017.34,995.76,1009.74,1008.50,1100.82,35.82,35.57,35.52,35.39,36.06,35.85,35.75,35.26
335520,1099.48,1006.46,1024.48,1017.24,995.78,1009.74,1008.42,1100.64,35.76,35.58,35.48,35.37,35.98,35.77,35.74,35.25
335640,1099.36,1006.12,1024.38,1016.98,995.28,1009.14,1007.78,1099.86,35.60,35.41,35.29,35.23,35.88,35.61,35.63,35.14
335760,1098.82,1005.74,1024.28,1017.06,995.28,1009.04,1007.86,1099.42,35.52,35.28,35.25,35.16,35.87,35.55,35.55,35.07
335880,1098.76,1005.30,1024.08,1017.02,995.52,1008.72,1007.76,1099.36,35.49,35.22,35.24,35.14,35.87,35.54,35.51,35.04
336000,1098.70,1005.30,1024.18,1017.14,995.64,1008.60,1007.78,1099.34,35.51,35.22,35.26,35.15,35.88,35.55,35.51,35.05
336120,1099.02,1006.02,1024.10,1017.32,995.80,1008.82,1008.08,1100.02,35.70,35.39,35.43,35.29,36.00,35.73,35.63,35.17
336240,1099.48,1006.70,1024.38,1017.38,995.90,1009.60,1008.40,1100.58,35.82,35.57,35.53,35.39,36.06,35.85,35.73,35.28
336360,1099.42,1006.64,1024.50,1017.26,995.46,1009.46,1008.40,1100.72,35.79,35.63,35.48,35.38,36.00,35.80,35.75,35.25
336480,1099.16,1006.00,1024.38,1016.98,995.14,1008.94,1008.00,1099.50,35.61,35.45,35.32,35.24,35.86,35.60,35.65,35.12
336600,1098.64,1005.74,1024.20,1017.18,995.24,1008.78,1007.74,1099.44,35.51,35.30,35.25,35.15,35.85,35.55,35.56,35.05
336720,1098.72,1005.64,1024.12,1017.34,995.30,1008.60,1007.72,1099.16,35.50,35.25,35.26,35.14,35.87,35.56,35.53,35.03
336840,1098.86,1005.50,1023.92,1017.36,995.26,1008.66,1007.82,1099.32,35.58,35.32,35.34,35.21,35.92,35.65,35.57,35.08
336960,1099.10,1006.08,1024.14,1017.44,995.58,1008.94,1007.92,1100.16,35.73,35.45,35.43,35.30,36.00,35.76,35.65,35.17
337080,1099.02,1006.12,1024.34,1017.30,995.52,1008.92,1008.06,1100.06,35.72,35.52,35.43,35.31,35.95,35.72,35.66,35.18
337200,1098.88,1005.92,1024.42,1016.88,995.22,1008.48,1007.62,1099.34,35.56,35.36,35.28,35.17,35.82,35.55,35.58,35.09
337320,1098.64,1005.10,1024.04,1016.98,995.30,1008.14,1007.68,1099.12,35.44,35.24,35.20,35.10,35.81,35.48,35.50,35.00
337440,1098.62,1005.08,1024.08,1016.84,995.26,1008.16,1007.64,1099.02,35.44,35.20,35.21,35.08,35.82,35.50,35.47,34.98
337560,1098.66,1005.12,1023.68,1016.94,995.28,1008.18,1007.58,1099.02,35.47,35.22,35.24,35.11,35.84,35.54,35.48,35.00
337680,1098.72,1005.50,1023.82,1017.12,995.34,1008.36,1007.88,1099.72,35.61,35.32,35.35,35.21,35.93,35.66,35.56,35.08
337800,1098.78,1005.96,1024.04,1016.96,995.22,1008.46,1007.90,1099.76,35.67,35.42,35.38,35.26,35.95,35.70,35.60,35.13
337920,1098.58,1005.78,1024.20,1016.64,994.86,1008.40,1007.72,1099.60,35.56,35.37,35.27,35.20,35.85,35.59,35.56,35.08
338040,1097.96,1004.88,1023.80,1016.80,994.72,1008.02,1007.38,1098.76,35.42,35.22,35.16,35.07,35.78,35.46,35.47,34.98
338160,1098.28,1004.98,1023.86,1016.86,995.10,1008.00,1007.74,1098.88,35.48,35.22,35.22,35.11,35.85,35.55,35.47,34.99
338280,1098.56,1005.10,1023.90,1016.82,995.00,1008.06,1007.84,1098.94,35.52,35.27,35.25,35.14,35.86,35.58,35.50,35.02
338400,1098.68,1005.26,1023.98,1016.96,995.08,1008.24,1007.84,1099.22,35.61,35.32,35.31,35.20,35.91,35.65,35.55,35.06
338520,1098.98,1005.82,1024.04,1017.10,995.10,1008.46,1008.04,1100.04,35.73,35.45,35.45,35.31,36.00,35.77,35.64,35.17
338640,1098.98,1006.02,1024.12,1016.94,995.06,1008.54,1008.06,1100.18,35.75,35.53,35.44,35.34,35.97,35.76,35.68,35.20
338760,1098.72,1005.60,1024.18,1016.70,994.76,1008.28,1008.04,1099.76,35.60,35.41,35.29,35.21,35.86,35.61,35.61,35.11
338880,1098.58,1004.98,1023.80,1016.54,994.76,1008.10,1007.70,1099.02,35.46,35.24,35.21,35.12,35.83,35.51,35.51,35.03
339000,1098.54,1005.10,1023.80,1016.70,994.82,1007.86,1007.74,1099.02,35.47,35.21,35.23,35.11,35.86,35.55,35.49,35.01
339120,1098.42,1005.12,1023.70,1016.70,994.84,1007.80,1007.50,1099.06,35.48,35.22,35.23,35.11,35.84,35.53,35.50,35.01
339240,1098.56,1005.26,1023.84,1016.80,994.92,1008.18,1007.86,1099.48,35.62,35.30,35.36,35.21,35.93,35.66,35.57,35.09
339360,1099.12,1006.04,1023.98,1016.76,994.84,1008.56,1008.16,1100.00,35.74,35.46,35.45,35.32,35.99,35.77,35.66,35.19
339480,1098.94,1005.96,1023.96,1016.94,994.72,1008.50,1008.16,1099.82,35.72,35.52,35.42,35.30,35.94,35.72,35.68,35.19
339600,1098.52,1005.46,1024.10,1016.88,994.44,1008.30,1007.80,1099.06,35.56,35.40,35.27,35.17,35.82,35.54,35.60,35.08
339720,1098.40,1005.14,1024.02,1016.82,994.36,1007.70,1007.50,1099.04,35.47,35.25,35.20,35.10,35.81,35.50,35.51,35.01
339840,1098.10,1004.96,1023.96,1016.68,994.46,1007.66,1007.48,1098.86,35.46,35.22,35.20,35.09,35.83,35.53,35.48,34.98
339960,1098.24,1005.08,1023.96,1016.92,994.66,1007.82,1007.40,1098.88,35.52,35.23,35.25,35.13,35.86,35.59,35.51,35.01
340080,1098.74,1005.54,1024.02,1017.12,994.96,1008.22,1007.98,1099.64,35.70,35.40,35.43,35.28,35.96,35.74,35.61,35.15
340200,1099.08,1006.06,1024.04,1017.12,994.96,1008.56,1008.06,1100.24,35.81,35.56,35.50,35.36,35.99,35.81,35.72,35.24
340320,1098.84,1006.04,1024.22,1016.92,994.60,1008.54,1008.16,1099.82,35.74,35.56,35.42,35.33,35.92,35.74,35.70,35.20
340440,1098.46,1005.30,1024.06,1016.56,994.22,1008.22,1007.54,1099.12,35.55,35.37,35.26,35.18,35.82,35.54,35.59,35.08
340560,1098.50,1005.28,1023.78,1016.80,994.32,1007.96,1007.70,1099.18,35.55,35.31,35.28,35.16,35.85,35.57,35.55,35.06
340680,1098.72,1005.44,1023.90,1016.78,994.60,1008.12,1007.86,1099.28,35.64,35.37,35.36,35.22,35.92,35.67,35.59,35.11
340800,1098.74,1005.68,1023.90,1016.72,994.54,1008.00,1007.84,1099.14,35.61,35.40,35.33,35.22,35.88,35.63,35.60,35.10
340920,1098.44,1005.18,1023.74,1016.44,994.26,1007.84,1007.52,1098.62,35.46,35.26,35.18,35.09,35.77,35.47,35.52,35.01
341040,1098.12,1004.62,1023.66,1016.46,994.38,1007.46,1007.40,1098.56,35.38,35.15,35.14,35.02,35.76,35.44,35.45,34.94
341160,1098.16,1004.54,1023.54,1016.50,994.40,1007.42,1007.38,1098.46,35.43,35.16,35.18,35.05,35.81,35.51,35.45,34.95
341280,1098.16,1004.74,1023.58,1016.72,994.30,1007.56,1007.48,1098.74,35.46,35.23,35.24,35.10,35.83,35.54,35.48,34.98
341400,1098.52,1005.48,1023.74,1016.80,994.58,1007.92,1008.04,1099.54,35.65,35.36,35.41,35.26,35.95,35.72,35.60,35.11
341520,1099.00,1006.16,1023.94,1016.82,994.66,1008.48,1008.14,1099.92,35.80,35.54,35.50,35.36,36.02,35.83,35.70,35.23
341640,1099.04,1006.00,1024.10,1016.72,994.44,1008.32,1008.18,1099.98,35.77,35.61,35.46,35.35,35.96,35.77,35.72,35.23
341760,1098.48,1005.56,1024.12,1016.38,994.22,1008.10,1007.76,1099.38,35.60,35.47,35.29,35.22,35.84,35.58,35.63,35.11
341880,1098.46,1005.06,1023.94,1016.40,994.22,1007.54,1007.56,1098.84,35.52,35.31,35.26,35.14,35.84,35.56,35.54,35.06
342000,1098.48,1005.24,1023.84,1016.62,994.28,1007.78,1007.66,1099.02,35.59,35.33,35.33,35.19,35.91,35.64,35.56,35.08
342120,1098.76,1005.40,1023.86,1016.96,994.42,1007.96,1007.90,1099.56,35.68,35.42,35.42,35.27,35.96,35.73,35.61,35.15
342240,1099.36,1006.30,1023.90,1017.04,994.66,1008.54,1008.14,1100.20,35.85,35.56,35.52,35.39,36.06,35.86,35.72,35.27
342360,1099.42,1006.36,1024.34,1016.94,994.50,1008.56,1008.12,1100.30,35.86,35.67,35.55,35.42,36.04,35.88,35.77,35.30
342480,1099.20,1005.88,1024.22,1016.68,994.32,1008.30,1007.90,1099.94,35.70,35.58,35.41,35.33,35.94,35.73,35.72,35.22
342600,1098.92,1005.08,1024.14,1016.56,994.06,1007.66,1007.88,1099.00,35.55,35.37,35.28,35.18,35.85,35.56,35.62,35.10
342720,1098.32,1005.10,1024.04,1016.64,994.06,1007.64,1007.72,1098.98,35.52,35.29,35.27,35.15,35.87,35.56,35.55,35.06
342840,1098.26,1005.12,1023.94,1016.90,994.18,1007.52,1007.74,1098.92,35.51,35.26,35.28,35.14,35.87,35.55,35.53,35.05
342960,1098.76,1005.28,1023.86,1016.90,994.38,1007.54,1007.78,1099.26,35.61,35.33,35.36,35.20,35.93,35.64,35.57,35.11
343080,1099.06,1005.44,1023.80,1017.22,994.46,1007.64,1007.88,1099.52,35.67,35.39,35.40,35.25,35.95,35.68,35.62,35.15
343200,1099.24,1006.02,1024.08,1017.30,994.68,1008.06,1008.12,1099.72,35.77,35.48,35.48,35.33,36.02,35.77,35.68,35.22
343320,1099.28,1006.04,1024.18,1017.22,994.60,1008.12,1008.38,1099.90,35.79,35.56,35.50,35.35,36.02,35.79,35.72,35.25
343440,1099.18,1005.62,1024.22,1016.80,994.26,1008.22,1008.00,1099.62,35.69,35.48,35.36,35.28,35.92,35.67,35.68,35.17
343560,1098.64,1005.06,1023.96,1016.70,994.14,1007.56,1007.80,1098.96,35.50,35.30,35.21,35.10,35.83,35.49,35.53,35.05
343680,1098.50,1005.14,1023.92,1016.90,994.16,1007.36,1007.68,1098.96,35.50,35.24,35.23,35.09,35.87,35.54,35.50,35.02
343800,1098.60,1005.00,1023.74,1017.06,994.30,1007.40,1007.58,1099.18,35.57,35.29,35.29,35.15,35.90,35.59,35.52,35.06
343920,1099.30,1005.54,1024.00,1017.12,994.50,1007.84,1007.92,1099.78,35.74,35.42,35.43,35.27,35.99,35.77,35.65,35.17
344040,1099.50,1006.34,1024.42,1017.36,994.58,1008.28,1008.08,1100.56,35.86,35.58,35.54,35.38,36.06,35.87,35.74,35.29
344160,1099.48,1006.26,1024.48,1016.88,994.32,1008.16,1008.28,1100.42,35.82,35.62,35.51,35.38,36.00,35.81,35.75,35.28
344280,1099.04,1005.74,1024.28,1016.76,994.06,1007.82,1007.96,1099.62,35.66,35.48,35.32,35.24,35.88,35.62,35.63,35.17
344400,1098.94,1005.16,1024.04,1017.00,993.82,1007.48,1007.98,1099.16,35.56,35.33,35.27,35.16,35.87,35.58,35.56,35.09
344520,1098.92,1005.18,1024.04,1016.96,994.14,1007.58,1008.10,1099.14,35.62,35.34,35.33,35.22,35.92,35.67,35.58,35.11
344640,1099.00,1005.50,1024.02,1017.10,994.14,1007.58,1008.08,1099.40,35.67,35.39,35.38,35.27,35.96,35.72,35.63,35.15
344760,1099.68,1005.82,1024.18,1017.12,994.26,1008.02,1008.24,1100.30,35.84,35.52,35.54,35.39,36.06,35.85,35.72,35.27
344880,1099.92,1006.46,1024.46,1017.02,994.28,1008.36,1008.48,1100.82,35.91,35.66,35.60,35.45,36.08,35.92,35.79,35.35
345000,1099.76,1006.36,1024.54,1017.02,993.76,1008.40,1008.70,1100.32,35.84,35.64,35.50,35.40,36.02,35.80,35.77,35.30
345120,1099.38,1005.58,1024.62,1016.90,993.56,1007.62,1008.22,1099.68,35.63,35.43,35.35,35.26,35.90,35.63,35.66,35.18
345240,1099.22,1005.26,1024.18,1016.84,993.90,1007.68,1008.04,1099.22,35.60,35.36,35.36,35.22,35.94,35.64,35.63,35.14
345360,1099.20,1005.50,1024.30,1016.90,993.92,1007.54,1008.24,1099.76,35.67,35.41,35.41,35.26,35.97,35.72,35.65,35.17
345480,1099.40,1005.68,1024.14,1017.06,994.18,1007.94,1008.40,1099.86,35.74,35.47,35.47,35.31,36.03,35.78,35.69,35.22
345600,1099.44,1006.10,1024.28,1017.02,994.18,1008.22,1008.56,1099.88,35.81,35.57,35.52,35.38,36.06,35.84,35.73,35.27
345720,1099.52,1005.94,1024.38,1016.82,993.88,1008.08,1008.54,1099.84,35.73,35.54,35.45,35.33,35.99,35.76,35.72,35.24
345840,1099.16,1005.52,1024.32,1016.70,993.36,1007.52,1008.16,1099.18,35.55,35.38,35.29,35.20,35.86,35.58,35.62,35.11
345960,1098.94,1005.10,1024.10,1016.60,993.48,1007.40,1007.94,1098.92,35.52,35.28,35.28,35.15,35.87,35.58,35.55,35.07
346080,1098.90,1005.18,1023.98,1016.78,993.86,1007.34,1007.90,1098.94,35.54,35.29,35.30,35.16,35.90,35.61,35.56,35.07
346200,1099.20,1005.18,1023.92,1017.02,993.90,1007.40,1008.00,1099.24,35.61,35.34,35.38,35.21,35.96,35.68,35.62,35.11
346320,1099.84,1006.02,1024.14,1017.28,994.24,1007.96,1008.60,1100.08,35.87,35.54,35.59,35.41,36.09,35.90,35.78,35.31
346440,1100.26,1007.08,1024.78,1017.48,994.30,1008.52,1008.88,1101.42,36.06,35.80,35.76,35.57,36.19,36.06,35.92,35.47
346560,1100.46,1007.14,1025.02,1017.66,993.92,1008.60,1008.90,1101.40,36.07,35.92,35.75,35.59,36.17,36.04,35.96,35.49
346680,1100.28,1006.82,1024.90,1017.60,993.50,1008.22,1008.74,1100.60,35.90,35.79,35.60,35.49,36.05,35.88,35.88,35.39
346800,1099.98,1006.00,1024.62,1017.40,993.64,1007.82,1008.56,1100.02,35.74,35.57,35.46,35.35,36.02,35.75,35.76,35.28
346920,1099.90,1005.92,1024.64,1017.44,993.60,1007.74,1008.66,1099.90,35.71,35.48,35.45,35.32,36.03,35.75,35.72,35.24
347040,1099.68,1005.70,1024.62,1017.54,993.66,1007.72,1008.60,1099.74,35.66,35.43,35.41,35.28,35.99,35.69,35.67,35.20
347160,1099.58,1005.92,1024.60,1017.44,993.60,1007.26,1008.50,1099.62,35.67,35.41,35.41,35.28,35.99,35.70,35.66,35.18
347280,1099.48,1005.58,1024.40,1017.32,993.58,1007.42,1008.46,1099.48,35.64,35.37,35.38,35.26,35.97,35.66,35.64,35.16
347400,1099.56,1005.86,1024.36,1017.48,993.82,1007.54,1008.56,1099.70,35.73,35.42,35.46,35.32,36.03,35.76,35.68,35.21
347520,1099.86,1006.04,1024.70,1017.68,993.64,1007.62,1008.66,1099.98,35.80,35.52,35.52,35.37,36.06,35.82,35.73,35.26
347640,1099.80,1006.00,1024.66,1017.60,993.48,1007.34,1008.68,1099.76,35.70,35.49,35.43,35.31,35.98,35.72,35.71,35.22
347760,1099.04,1005.36,1024.30,1017.42,993.38,1007.08,1008.24,1098.98,35.53,35.33,35.28,35.18,35.87,35.55,35.58,35.11
347880,1099.20,1005.22,1024.18,1017.56,993.58,1006.84,1008.34,1098.90,35.54,35.29,35.29,35.17,35.91,35.60,35.57,35.09
348000,1099.20,1005.42,1024.20,1017.52,993.66,1006.84,1008.26,1099.08,35.60,35.33,35.35,35.21,35.95,35.67,35.59,35.12
348120,1099.46,1005.62,1024.18,1017.94,993.76,1007.04,1008.32,1099.24,35.64,35.38,35.40,35.24,35.97,35.68,35.63,35.15
348240,1099.50,1005.70,1024.42,1018.08,993.98,1007.10,1008.64,1099.76,35.73,35.46,35.47,35.32,36.03,35.77,35.69,35.22
348360,1099.84,1006.08,1024.26,1018.04,993.98,1007.40,1008.76,1099.84,35.81,35.53,35.51,35.36,36.07,35.83,35.74,35.28
348480,1100.20,1006.36,1024.48,1018.22,994.00,1007.74,1008.82,1100.38,35.91,35.62,35.60,35.45,36.12,35.91,35.81,35.34
348600,1100.10,1006.52,1024.84,1018.24,993.82,1007.66,1008.92,1100.16,35.88,35.65,35.57,35.44,36.08,35.86,35.82,35.34
348720,1099.66,1006.06,1024.62,1017.82,993.50,1007.32,1008.54,1099.56,35.71,35.53,35.42,35.30,35.97,35.71,35.73,35.23
348840,1099.22,1005.28,1024.52,1017.86,993.36,1006.72,1008.14,1099.00,35.56,35.33,35.30,35.18,35.92,35.58,35.60,35.13
348960,1099.14,1005.34,1024.22,1017.92,993.32,1006.60,1008.26,1098.76,35.59,35.32,35.34,35.18,35.95,35.63,35.58,35.12
349080,1099.60,1005.52,1024.14,1018.22,993.44,1006.88,1008.38,1099.20,35.64,35.36,35.40,35.22,35.98,35.68,35.61,35.15
349200,1099.78,1005.88,1024.40,1018.80,993.66,1007.30,1008.64,1099.78,35.81,35.49,35.52,35.34,36.08,35.82,35.72,35.26
349320,1100.10,1006.50,1024.62,1018.68,993.64,1007.40,1008.66,1100.38,35.90,35.63,35.60,35.42,36.11,35.90,35.79,35.34
349440,1100.06,1006.46,1024.60,1018.20,993.38,1007.44,1008.76,1099.92,35.81,35.63,35.51,35.38,36.02,35.79,35.77,35.30
349560,1099.66,1005.78,1024.68,1018.22,993.10,1007.16,1008.56,1099.40,35.63,35.44,35.36,35.22,35.92,35.61,35.66,35.18
349680,1099.30,1005.16,1024.22,1018.44,993.20,1006.94,1008.50,1099.00,35.59,35.34,35.33,35.18,35.94,35.64,35.61,35.13
349800,1099.40,1005.38,1024.14,1018.60,993.32,1006.84,1008.62,1099.04,35.59,35.33,35.34,35.18,35.95,35.66,35.61,35.12
349920,1099.58,1005.64,1024.20,1018.98,993.52,1006.94,1008.68,1099.58,35.70,35.41,35.46,35.27,36.02,35.78,35.67,35.20
350040,1100.26,1006.44,1024.50,1019.20,993.84,1007.76,1009.06,1100.44,35.92,35.60,35.65,35.43,36.15,35.97,35.82,35.36
350160,1100.58,1006.96,1024.84,1019.36,993.84,1007.72,1009.24,1100.92,36.01,35.79,35.69,35.53,36.16,36.02,35.91,35.45
350280,1100.36,1006.64,1025.04,1018.80,993.90,1007.56,1009.18,1100.64,35.93,35.77,35.59,35.48,36.08,35.89,35.89,35.41
350400,1100.04,1006.12,1024.92,1018.38,993.40,1007.20,1008.80,1099.78,35.70,35.54,35.44,35.31,35.96,35.71,35.77,35.27
350520,1099.90,1005.66,1024.72,1018.74,993.48,1007.04,1008.52,1099.58,35.66,35.43,35.41,35.26,35.99,35.72,35.71,35.22
350640,1099.90,1005.74,1024.74,1018.72,993.78,1007.00,1008.58,1099.62,35.69,35.45,35.45,35.28,36.03,35.77,35.71,35.22
350760,1100.00,1006.00,1024.66,1018.92,993.82,1007.20,1008.72,1100.08,35.82,35.51,35.55,35.36,36.09,35.85,35.75,35.28
350880,1100.36,1006.60,1024.84,1018.96,993.94,1007.34,1009.10,1100.36,35.92,35.64,35.63,35.45,36.15,35.95,35.84,35.37
351000,1100.28,1006.56,1024.92,1018.70,993.60,1007.48,1009.14,1100.24,35.89,35.69,35.61,35.45,36.09,35.92,35.85,35.37
351120,1099.96,1006.18,1024.84,1018.00,993.42,1007.14,1008.80,1099.72,35.74,35.56,35.46,35.32,35.98,35.73,35.77,35.26
351240,1099.72,1005.54,1024.58,1018.32,993.30,1006.80,1008.48,1099.32,35.63,35.41,35.37,35.22,35.95,35.66,35.66,35.19
351360,1099.64,1005.74,1024.48,1018.68,993.62,1006.60,1008.66,1099.52,35.72,35.45,35.46,35.27,36.03,35.79,35.69,35.22
351480,1100.04,1006.04,1024.42,1018.66,993.86,1006.86,1008.88,1099.70,35.80,35.53,35.51,35.34,36.09,35.84,35.74,35.27
351600,1100.24,1006.56,1024.82,1018.76,994.04,1007.36,1009.16,1100.42,35.93,35.64,35.63,35.43,36.17,35.96,35.82,35.38
351720,1100.58,1006.80,1025.04,1018.68,993.88,1007.42,1009.12,1100.60,35.99,35.74,35.66,35.50,36.19,36.01,35.88,35.43
351840,1100.36,1006.56,1025.02,1018.24,993.64,1007.20,1009.04,1100.18,35.89,35.69,35.59,35.44,36.09,35.90,35.86,35.38
351960,1100.02,1005.84,1024.76,1017.98,993.58,1006.80,1008.88,1099.46,35.70,35.49,35.43,35.29,36.00,35.71,35.78,35.25
352080,1099.66,1005.46,1024.64,1017.72,993.42,1006.44,1008.40,1098.98,35.58,35.36,35.34,35.20,35.96,35.63,35.68,35.17
352200,1099.28,1005.20,1024.34,1017.40,993.38,1006.18,1008.10,1098.42,35.45,35.20,35.20,35.07,35.85,35.50,35.55,35.06
352320,1098.86,1004.58,1024.12,1017.34,993.34,1005.78,1007.92,1098.04,35.29,35.03,35.08,34.94,35.76,35.34,35.42,34.94
352440,1098.84,1004.76,1023.86,1017.76,993.46,1005.78,1008.06,1098.42,35.43,35.09,35.18,35.01,35.85,35.50,35.46,34.99
352560,1099.12,1005.12,1023.68,1017.84,993.84,1005.98,1008.22,1099.02,35.60,35.27,35.33,35.13,35.95,35.67,35.55,35.09
352680,1099.26,1005.46,1023.72,1017.74,993.70,1006.34,1008.40,1099.22,35.62,35.39,35.37,35.17,35.93,35.67,35.60,35.13
352800,1099.02,1005.10,1023.66,1017.12,993.56,1005.86,1008.10,1098.88,35.50,35.32,35.24,35.09,35.83,35.54,35.56,35.07
352920,1098.62,1004.56,1023.64,1017.34,993.44,1005.42,1007.84,1098.36,35.41,35.19,35.17,35.00,35.81,35.45,35.48,34.99
353040,1098.72,1004.46,1023.40,1017.46,993.46,1005.46,1007.84,1098.34,35.45,35.20,35.21,35.03,35.87,35.52,35.48,34.99
353160,1098.70,1004.46,1023.46,1017.48,993.74,1005.74,1007.90,1098.72,35.51,35.25,35.28,35.10,35.91,35.59,35.51,35.04
353280,1099.18,1005.22,1023.56,1017.74,994.06,1006.20,1008.64,1099.38,35.71,35.39,35.44,35.22,36.01,35.73,35.61,35.16
353400,1099.54,1005.60,1024.04,1017.82,994.18,1006.38,1008.40,1099.66,35.79,35.55,35.50,35.30,36.04,35.81,35.70,35.24
353520,1099.50,1005.40,1024.02,1017.22,993.88,1006.32,1008.18,1099.52,35.71,35.54,35.42,35.26,35.96,35.70,35.69,35.20
353640,1098.82,1005.16,1024.06,1017.20,993.44,1006.10,1008.08,1098.86,35.54,35.38,35.29,35.14,35.86,35.56,35.62,35.10
353760,1098.78,1004.76,1023.68,1017.20,993.58,1006.04,1008.14,1098.86,35.54,35.31,35.29,35.13,35.89,35.58,35.58,35.08
353880,1098.82,1004.96,1023.54,1017.10,993.90,1005.86,1008.08,1098.94,35.55,35.31,35.30,35.13,35.90,35.59,35.57,35.08
354000,1099.06,1005.02,1023.60,1017.18,994.04,1005.94,1008.24,1099.22,35.65,35.38,35.39,35.20,35.97,35.68,35.62,35.14
354120,1099.20,1005.54,1023.96,1017.24,994.00,1006.28,1008.24,1099.46,35.75,35.48,35.46,35.28,36.01,35.77,35.69,35.21
354240,1099.24,1005.48,1023.92,1016.74,993.94,1006.40,1008.20,1099.40,35.70,35.51,35.41,35.26,35.94,35.72,35.69,35.19
354360,1098.80,1004.92,1023.72,1016.50,993.66,1005.84,1007.94,1098.60,35.54,35.35,35.28,35.13,35.85,35.54,35.60,35.09
354480,1098.76,1004.64,1023.52,1016.70,993.82,1005.94,1007.94,1098.76,35.55,35.29,35.30,35.13,35.91,35.61,35.56,35.07
354600,1099.04,1005.00,1023.56,1017.06,993.94,1005.92,1008.04,1099.08,35.64,35.38,35.39,35.20,35.97,35.71,35.61,35.14
354720,1099.26,1005.08,1023.82,1017.04,994.00,1006.08,1008.24,1099.50,35.73,35.45,35.45,35.26,36.00,35.76,35.67,35.19
354840,1099.42,1005.64,1023.88,1016.90,994.08,1006.64,1008.34,1099.72,35.83,35.56,35.52,35.35,36.06,35.84,35.72,35.27
354960,1099.44,1005.66,1024.14,1016.88,994.10,1006.86,1008.70,1100.02,35.86,35.61,35.54,35.38,36.06,35.86,35.76,35.30
355080,1099.82,1005.94,1024.26,1016.80,994.22,1006.84,1008.78,1100.42,35.96,35.68,35.64,35.47,36.14,35.95,35.82,35.38
355200,1100.16,1006.42,1024.38,1016.78,994.20,1006.88,1009.02,1100.56,35.99,35.76,35.67,35.51,36.16,35.99,35.88,35.42
355320,1100.16,1006.16,1024.56,1016.16,993.84,1006.78,1008.74,1100.16,35.90,35.73,35.58,35.44,36.08,35.85,35.83,35.37
355440,1099.62,1005.44,1024.12,1015.96,993.92,1006.30,1008.54,1099.64,35.68,35.52,35.41,35.27,35.96,35.68,35.72,35.24
355560,1099.22,1005.12,1023.78,1016.04,993.98,1006.20,1008.54,1099.38,35.64,35.40,35.39,35.24,35.97,35.68,35.66,35.18
355680,1099.24,1005.02,1023.80,1016.20,993.94,1006.24,1008.58,1099.38,35.62,35.38,35.39,35.23,35.97,35.68,35.64,35.17
355800,1099.40,1005.36,1023.98,1016.44,994.24,1006.50,1008.66,1099.62,35.74,35.45,35.51,35.33,36.03,35.78,35.71,35.24
355920,1100.06,1006.16,1024.26,1016.50,994.48,1007.06,1009.04,1100.72,35.96,35.64,35.66,35.49,36.15,35.97,35.86,35.42
356040,1100.44,1006.70,1024.82,1016.42,994.50,1007.22,1009.20,1101.14,36.05,35.84,35.72,35.55,36.18,36.04,35.92,35.49
356160,1100.30,1006.66,1024.66,1015.92,993.96,1007.20,1008.92,1100.60,35.95,35.81,35.63,35.51,36.08,35.91,35.90,35.44
356280,1099.72,1005.80,1024.50,1015.60,993.92,1006.64,1009.02,1099.96,35.78,35.62,35.50,35.37,36.01,35.77,35.81,35.31
356400,1099.78,1005.82,1024.54,1015.90,993.92,1006.68,1009.24,1100.04,35.81,35.57,35.53,35.37,36.07,35.85,35.77,35.31
356520,1100.16,1006.04,1024.40,1015.98,994.00,1006.76,1008.84,1100.14,35.83,35.59,35.55,35.39,36.09,35.86,35.79,35.32
356640,1100.04,1005.98,1024.50,1016.00,994.04,1006.94,1009.00,1100.12,35.86,35.61,35.58,35.42,36.12,35.89,35.81,35.34
356760,1100.36,1006.18,1024.60,1016.06,994.08,1007.36,1009.24,1100.36,35.93,35.67,35.64,35.47,36.16,35.95,35.85,35.40
356880,1100.34,1006.24,1024.82,1015.82,994.04,1007.36,1009.12,1100.68,35.93,35.69,35.63,35.49,36.15,35.95,35.87,35.40
357000,1100.32,1006.52,1024.72,1015.86,994.06,1007.32,1009.48,1100.94,36.00,35.74,35.69,35.53,36.21,36.01,35.91,35.45
357120,1100.68,1006.52,1024.98,1015.98,993.92,1007.44,1009.52,1100.98,36.01,35.78,35.71,35.56,36.21,36.03,35.93,35.47
357240,1100.88,1006.80,1025.12,1015.84,994.06,1007.58,1009.62,1101.36,36.09,35.82,35.77,35.62,36.27,36.10,35.96,35.53
357360,1101.28,1007.38,1025.32,1015.88,994.18,1007.98,1009.78,1101.76,36.17,35.91,35.84,35.69,36.32,36.18,36.03,35.61
357480,1101.16,1007.46,1025.54,1015.52,993.96,1007.90,1009.86,1101.62,36.10,35.92,35.80,35.67,36.25,36.09,36.03,35.59
357600,1100.78,1006.90,1025.54,1014.84,993.52,1007.44,1009.76,1100.88,35.93,35.74,35.64,35.51,36.13,35.92,35.93,35.47
357720,1100.28,1006.26,1025.10,1014.88,993.42,1007.14,1009.54,1100.16,35.77,35.52,35.50,35.38,36.07,35.77,35.79,35.34
357840,1099.78,1005.80,1024.84,1014.72,993.40,1006.56,1009.08,1099.40,35.59,35.35,35.35,35.24,35.97,35.61,35.64,35.22
357960,1099.38,1005.10,1024.54,1014.36,993.38,1006.08,1008.74,1098.48,35.41,35.15,35.20,35.08,35.87,35.45,35.51,35.08
358080,1099.26,1005.14,1024.28,1014.66,993.64,1006.20,1008.88,1098.46,35.48,35.18,35.26,35.11,35.95,35.56,35.52,35.08
358200,1099.38,1005.52,1024.22,1015.04,993.78,1006.26,1008.82,1098.98,35.63,35.31,35.38,35.20,36.00,35.71,35.60,35.16
358320,1099.46,1005.52,1024.34,1014.96,993.62,1006.30,1008.82,1098.96,35.63,35.38,35.38,35.22,35.97,35.68,35.63,35.16
358440,1099.26,1005.20,1024.18,1014.52,993.50,1005.90,1008.58,1098.48,35.51,35.27,35.27,35.10,35.86,35.55,35.55,35.07
358560,1098.92,1004.70,1023.82,1014.74,993.66,1005.82,1008.60,1098.12,35.46,35.20,35.23,35.06,35.88,35.52,35.50,35.03
358680,1098.88,1004.80,1023.60,1014.84,993.64,1005.90,1008.46,1098.30,35.53,35.25,35.29,35.12,35.93,35.59,35.53,35.06
358800,1099.10,1005.02,1023.68,1015.22,993.62,1005.90,1008.36,1098.72,35.59,35.32,35.35,35.18,35.96,35.65,35.59,35.12
358920,1099.46,1005.76,1024.10,1015.30,993.82,1006.30,1008.78,1099.52,35.80,35.48,35.50,35.33,36.08,35.82,35.69,35.25
359040,1099.90,1006.28,1024.12,1015.02,993.76,1006.90,1009.04,1100.08,35.92,35.65,35.60,35.42,36.11,35.90,35.80,35.35
359160,1099.82,1006.12,1024.14,1014.58,993.52,1006.78,1008.90,1100.16,35.87,35.67,35.55,35.39,36.04,35.81,35.80,35.33
359280,1099.58,1005.60,1024.08,1014.26,993.40,1006.50,1008.50,1099.50,35.69,35.49,35.40,35.26,35.94,35.67,35.69,35.23
359400,1099.50,1005.26,1024.20,1014.44,993.50,1006.12,1008.68,1099.32,35.67,35.40,35.39,35.24,35.98,35.70,35.65,35.20
359520,1099.52,1005.30,1024.04,1014.24,993.66,1006.14,1008.68,1099.34,35.70,35.43,35.44,35.27,36.01,35.75,35.67,35.22
359640,1099.82,1005.42,1023.96,1014.52,993.92,1006.10,1009.12,1099.66,35.80,35.49,35.54,35.34,36.06,35.82,35.72,35.27
359760,1100.16,1006.12,1024.16,1014.70,993.98,1006.62,1009.28,1100.52,35.96,35.64,35.66,35.49,36.16,35.98,35.83,35.40
359880,1100.32,1006.72,1024.54,1014.76,994.02,1006.84,1009.14,1100.78,36.01,35.77,35.70,35.53,36.17,36.01,35.89,35.45
360000,1100.36,1006.56,1024.50,1014.24,993.58,1006.52,1009.10,1100.34,35.91,35.73,35.59,35.48,36.07,35.86,35.87,35.40
360120,1099.84,1005.64,1024.24,1014.16,993.58,1006.22,1008.88,1099.84,35.72,35.53,35.45,35.32,35.98,35.71,35.76,35.27
360240,1099.92,1005.42,1024.24,1014.24,993.72,1006.24,1008.86,1099.54,35.72,35.47,35.46,35.31,36.03,35.76,35.72,35.25
360360,1099.80,1005.62,1024.16,1014.32,993.88,1006.20,1008.64,1099.56,35.74,35.48,35.48,35.32,36.04,35.77,35.74,35.26
360480,1099.86,1005.92,1024.22,1014.56,994.04,1006.34,1009.08,1100.12,35.86,35.57,35.61,35.43,36.13,35.88,35.81,35.34
360600,1100.52,1006.74,1024.48,1014.62,994.02,1007.02,1009.18,1100.84,36.02,35.74,35.72,35.54,36.21,36.02,35.90,35.46
360720,1100.54,1006.74,1024.78,1014.34,994.00,1007.14,1009.40,1100.98,36.03,35.82,35.71,35.57,36.19,36.01,35.93,35.48
360840,1100.34,1006.40,1024.64,1014.08,993.80,1006.86,1009.20,1100.40,35.87,35.70,35.59,35.47,36.09,35.84,35.87,35.41
360960,1099.78,1005.86,1024.40,1014.02,993.78,1006.42,1008.98,1099.98,35.74,35.52,35.47,35.34,36.03,35.74,35.76,35.30
361080,1100.06,1005.90,1024.24,1014.28,993.96,1006.48,1009.26,1100.34,35.84,35.54,35.55,35.39,36.11,35.89,35.79,35.35
361200,1100.16,1006.32,1024.12,1014.24,994.04,1006.60,1009.38,1100.30,35.89,35.63,35.61,35.44,36.14,35.93,35.82,35.38
361320,1100.02,1006.08,1024.30,1014.08,993.98,1006.40,1009.14,1099.92,35.80,35.61,35.52,35.40,36.05,35.82,35.80,35.33
361440,1099.84,1005.68,1024.26,1013.82,993.70,1006.14,1008.86,1099.38,35.64,35.46,35.38,35.26,35.94,35.66,35.70,35.22
361560,1099.78,1005.34,1024.14,1013.90,993.94,1005.88,1008.96,1099.08,35.63,35.39,35.39,35.24,35.98,35.68,35.66,35.18
361680,1099.72,1005.24,1023.90,1014.14,994.08,1006.10,1009.04,1099.10,35.65,35.39,35.42,35.26,35.99,35.70,35.66,35.19
361800,1100.04,1005.74,1023.90,1014.52,994.46,1006.32,1009.14,1099.68,35.78,35.48,35.55,35.36,36.08,35.82,35.75,35.28
361920,1100.68,1006.46,1024.40,1014.76,994.58,1007.24,1009.60,1100.92,36.02,35.71,35.73,35.55,36.21,36.04,35.90,35.46
362040,1100.84,1007.20,1024.76,1014.68,994.58,1007.32,1009.86,1101.32,36.11,35.90,35.80,35.63,36.25,36.11,35.99,35.55
362160,1100.78,1006.72,1024.94,1014.30,994.18,1007.22,1009.68,1101.08,36.03,35.89,35.71,35.59,36.17,36.00,35.98,35.51
362280,1100.40,1005.88,1024.56,1013.86,994.16,1006.70,1009.14,1100.26,35.83,35.69,35.56,35.42,36.07,35.83,35.85,35.38
362400,1100.46,1005.90,1024.44,1014.12,994.38,1006.62,1009.26,1100.08,35.82,35.60,35.55,35.40,36.11,35.85,35.80,35.35
362520,1100.36,1005.98,1024.56,1014.16,994.56,1006.60,1009.18,1100.10,35.83,35.60,35.57,35.42,36.11,35.87,35.82,35.35
362640,1100.66,1006.20,1024.54,1014.44,994.70,1006.84,1009.44,1100.24,35.91,35.65,35.63,35.48,36.16,35.94,35.88,35.39
362760,1100.94,1006.64,1024.78,1014.72,994.86,1007.24,1009.96,1101.08,36.07,35.78,35.76,35.59,36.26,36.10,35.98,35.51
362880,1101.16,1007.14,1025.02,1014.56,994.80,1007.32,1009.86,1101.20,36.11,35.90,35.80,35.64,36.25,36.10,36.01,35.56
363000,1100.96,1006.80,1025.16,1014.22,994.68,1007.34,1009.66,1100.92,36.00,35.83,35.68,35.55,36.15,35.95,35.97,35.49
363120,1100.46,1006.14,1025.10,1013.88,994.52,1006.74,1009.44,1100.12,35.79,35.60,35.52,35.39,36.07,35.78,35.83,35.36
363240,1100.46,1005.88,1024.84,1014.52,994.86,1006.72,1009.54,1100.32,35.83,35.57,35.58,35.41,36.14,35.88,35.82,35.35
363360,1100.54,1006.14,1024.78,1014.50,994.96,1006.86,1009.50,1100.12,35.90,35.65,35.63,35.47,36.17,35.95,35.86,35.39
363480,1100.76,1006.56,1025.00,1014.50,995.00,1007.12,1009.78,1100.60,35.98,35.72,35.69,35.53,36.21,36.01,35.90,35.44
363600,1100.76,1006.48,1025.04,1014.68,994.96,1007.26,1009.92,1100.84,36.04,35.78,35.74,35.58,36.24,36.05,35.94,35.49
363720,1101.14,1006.98,1025.12,1014.56,995.00,1007.38,1009.90,1101.26,36.12,35.84,35.81,35.65,36.29,36.11,35.98,35.55
363840,1101.66,1007.52,1025.38,1014.80,995.28,1007.96,1010.50,1101.84,36.23,35.94,35.89,35.75,36.39,36.22,36.08,35.65
363960,1101.72,1007.64,1025.72,1014.50,994.98,1007.76,1010.46,1101.82,36.22,36.00,35.88,35.75,36.36,36.20,36.10,35.67
364080,1101.20,1007.26,1025.36,1013.88,994.60,1007.56,1010.18,1101.20,36.07,35.88,35.73,35.65,36.25,36.04,36.02,35.57
364200,1100.90,1006.44,1025.32,1013.68,994.54,1006.96,1009.84,1100.58,35.87,35.68,35.58,35.48,36.17,35.87,35.90,35.43
364320,1100.90,1006.54,1025.10,1013.98,994.74,1007.20,1009.94,1100.64,35.95,35.68,35.65,35.51,36.24,35.98,35.90,35.45
364440,1101.20,1006.82,1025.20,1014.04,994.90,1007.36,1010.14,1100.80,36.02,35.77,35.73,35.58,36.28,36.07,35.95,35.50
364560,1100.96,1006.86,1025.16,1013.86,994.56,1007.30,1010.08,1100.64,35.98,35.77,35.69,35.56,36.23,35.99,35.95,35.48
364680,1100.70,1006.36,1025.14,1013.38,994.58,1006.98,1009.98,1099.90,35.81,35.61,35.51,35.40,36.09,35.81,35.85,35.36
364800,1100.54,1005.74,1025.14,1013.58,994.52,1006.86,1009.68,1099.72,35.73,35.48,35.47,35.34,36.09,35.78,35.77,35.29
364920,1100.42,1006.04,1024.92,1013.60,994.58,1006.74,1009.80,1099.70,35.76,35.50,35.52,35.37,36.13,35.85,35.77,35.30
365040,1100.40,1006.00,1024.88,1013.98,994.90,1006.78,1009.86,1099.82,35.80,35.55,35.57,35.40,36.15,35.86,35.80,35.32
365160,1100.68,1006.26,1024.76,1014.22,994.94,1007.04,1009.96,1099.92,35.89,35.63,35.64,35.47,36.20,35.92,35.84,35.38
365280,1100.70,1006.46,1024.96,1014.02,995.08,1007.48,1010.12,1100.28,35.95,35.68,35.66,35.52,36.23,35.96,35.88,35.41
365400,1100.84,1006.98,1025.04,1014.18,995.10,1007.44,1010.20,1100.72,36.02,35.75,35.73,35.58,36.27,36.02,35.94,35.47
365520,1100.98,1007.10,1025.22,1014.18,995.02,1007.54,1010.28,1101.12,36.05,35.81,35.76,35.60,36.29,36.05,35.98,35.50
365640,1101.66,1007.42,1025.52,1014.52,995.34,1008.22,1010.54,1101.90,36.26,35.93,35.93,35.75,36.40,36.25,36.11,35.65
365760,1102.16,1008.42,1026.14,1014.42,995.40,1008.70,1010.92,1102.66,36.41,36.15,36.06,35.89,36.50,36.37,36.24,35.81
365880,1102.22,1008.58,1026.32,1014.12,995.12,1008.86,1011.14,1102.82,36.40,36.24,36.05,35.92,36.48,36.35,36.26,35.83
366000,1101.92,1008.28,1026.58,1013.74,994.58,1008.68,1010.80,1101.98,36.24,36.11,35.88,35.81,36.38,36.20,36.20,35.73
366120,1101.44,1007.46,1026.10,1013.54,994.66,1007.96,1010.52,1101.10,36.01,35.85,35.72,35.62,36.28,36.00,36.06,35.56
366240,1101.40,1007.34,1025.94,1014.12,995.16,1008.18,1010.60,1101.36,36.08,35.84,35.79,35.63,36.35,36.12,36.06,35.58
366360,1101.90,1007.92,1026.08,1014.22,995.14,1008.42,1010.98,1101.90,36.21,35.95,35.92,35.74,36.43,36.26,36.13,35.67
366480,1101.92,1008.22,1026.24,1013.92,995.28,1008.40,1011.18,1102.00,36.21,36.03,35.91,35.76,36.41,36.26,36.17,35.68
366600,1101.62,1007.82,1026.10,1013.54,995.02,1008.14,1010.84,1101.20,36.04,35.90,35.78,35.67,36.29,36.07,36.09,35.60
366720,1101.34,1006.98,1025.86,1013.58,994.84,1007.62,1010.68,1100.40,35.88,35.71,35.61,35.49,36.21,35.92,35.94,35.46
366840,1101.06,1007.00,1025.90,1013.82,994.92,1007.52,1010.50,1100.44,35.88,35.65,35.64,35.49,36.26,35.97,35.92,35.43
366960,1101.02,1007.00,1025.84,1013.90,995.08,1007.54,1010.54,1100.36,35.89,35.64,35.64,35.50,36.24,35.96,35.91,35.42
367080,1101.06,1006.92,1025.78,1014.12,995.02,1007.52,1010.66,1100.80,35.96,35.69,35.70,35.55,36.28,36.01,35.94,35.46
367200,1101.46,1007.54,1025.74,1014.10,995.00,1007.80,1010.86,1100.82,36.00,35.74,35.74,35.59,36.31,36.04,35.97,35.49
367320,1101.52,1007.40,1025.84,1014.14,995.08,1007.88,1011.00,1100.92,36.05,35.81,35.78,35.63,36.34,36.07,36.01,35.52
367440,1101.72,1007.84,1026.04,1014.32,995.40,1008.18,1011.08,1101.62,36.16,35.89,35.87,35.73,36.42,36.18,36.08,35.61
367560,1101.84,1007.96,1026.12,1014.12,995.32,1008.38,1010.94,1101.50,36.18,35.97,35.87,35.75,36.40,36.17,36.11,35.63
367680,1101.44,1007.68,1026.12,1013.60,995.20,1008.00,1010.96,1101.10,36.04,35.88,35.76,35.65,36.27,36.04,36.05,35.55
367800,1101.02,1007.08,1025.92,1013.42,995.08,1007.66,1010.68,1100.12,35.82,35.64,35.59,35.46,36.17,35.84,35.93,35.41
367920,1101.00,1006.50,1025.82,1013.64,995.12,1007.64,1010.58,1100.08,35.81,35.59,35.58,35.44,36.21,35.88,35.87,35.37
368040,1100.98,1006.68,1025.54,1013.84,995.38,1007.38,1010.66,1100.18,35.84,35.60,35.60,35.46,36.22,35.91,35.87,35.37
368160,1101.18,1007.14,1025.56,1014.12,995.42,1007.68,1010.94,1100.36,35.96,35.68,35.70,35.53,36.30,36.01,35.93,35.44
368280,1101.40,1007.52,1025.98,1014.22,995.68,1008.02,1011.06,1100.96,36.06,35.80,35.78,35.61,36.33,36.08,35.99,35.52
368400,1101.24,1007.48,1025.96,1013.86,995.58,1007.96,1010.96,1100.76,36.01,35.80,35.72,35.58,36.27,36.02,35.99,35.49
368520,1100.90,1006.94,1025.84,1013.46,995.10,1007.56,1010.64,1099.98,35.83,35.65,35.55,35.44,36.13,35.82,35.91,35.36
368640,1100.64,1006.32,1025.62,1013.56,995.08,1007.20,1010.54,1099.84,35.75,35.53,35.49,35.36,36.13,35.80,35.83,35.31
368760,1100.38,1006.54,1025.32,1013.90,995.44,1007.44,1010.72,1100.06,35.83,35.57,35.58,35.41,36.19,35.91,35.84,35.34
368880,1100.74,1006.64,1025.46,1014.08,995.56,1007.58,1011.00,1100.34,35.92,35.63,35.67,35.48,36.23,35.99,35.91,35.39
369000,1101.50,1007.32,1025.68,1014.32,995.70,1008.08,1010.94,1101.26,36.10,35.79,35.82,35.64,36.35,36.13,36.02,35.54
369120,1101.66,1007.68,1026.06,1014.38,995.70,1008.46,1011.10,1101.74,36.19,35.94,35.89,35.73,36.39,36.20,36.09,35.62
369240,1101.42,1007.34,1026.24,1013.62,995.60,1008.14,1010.98,1101.28,36.10,35.93,35.80,35.68,36.32,36.10,36.08,35.56
369360,1101.04,1006.72,1025.94,1013.54,995.42,1007.64,1010.64,1100.52,35.88,35.74,35.61,35.51,36.20,35.91,35.97,35.45
369480,1100.74,1006.36,1025.60,1013.74,995.28,1007.44,1010.54,1100.12,35.82,35.60,35.57,35.45,36.20,35.87,35.88,35.37
369600,1100.36,1006.24,1025.44,1013.62,995.24,1007.30,1010.54,1099.46,35.75,35.50,35.51,35.37,36.13,35.77,35.80,35.29
369720,1099.86,1005.90,1025.44,1013.22,995.02,1006.66,1009.80,1098.70,35.57,35.33,35.34,35.23,35.99,35.58,35.65,35.17
369840,1099.46,1005.32,1024.78,1013.22,995.02,1006.46,1009.66,1098.54,35.43,35.16,35.20,35.08,35.92,35.46,35.54,35.06
369960,1099.48,1005.22,1024.62,1013.66,995.30,1006.46,1009.86,1098.82,35.57,35.24,35.35,35.16,36.04,35.65,35.60,35.13
370080,1099.94,1005.92,1024.66,1013.82,995.54,1006.78,1009.86,1099.56,35.72,35.41,35.47,35.29,36.10,35.80,35.69,35.21
370200,1100.02,1005.94,1024.84,1013.18,995.38,1006.90,1009.68,1099.52,35.72,35.50,35.46,35.30,36.06,35.78,35.72,35.22
370320,1099.38,1005.44,1024.68,1013.10,995.06,1006.62,1009.44,1098.84,35.56,35.38,35.33,35.17,35.94,35.62,35.66,35.13
370440,1099.26,1004.88,1024.46,1013.12,995.12,1006.38,1009.40,1098.70,35.49,35.26,35.25,35.11,35.93,35.56,35.58,35.06
370560,1099.36,1005.02,1024.30,1013.34,995.28,1006.28,1009.36,1098.82,35.56,35.29,35.33,35.16,36.00,35.65,35.60,35.10
370680,1099.46,1005.32,1024.32,1013.56,995.34,1006.36,1009.44,1099.12,35.64,35.36,35.41,35.24,36.04,35.71,35.65,35.15
370800,1099.66,1005.76,1024.50,1013.70,995.62,1006.72,1009.98,1100.14,35.81,35.53,35.56,35.38,36.14,35.88,35.75,35.27
370920,1099.96,1006.42,1024.78,1013.46,995.52,1007.08,1009.82,1100.18,35.90,35.67,35.60,35.46,36.15,35.93,35.83,35.34
371040,1099.86,1006.12,1024.72,1013.16,995.26,1006.92,1009.84,1099.96,35.77,35.62,35.51,35.41,36.05,35.82,35.80,35.29
371160,1099.32,1005.34,1024.66,1012.96,995.10,1006.68,1009.46,1099.16,35.62,35.43,35.36,35.25,35.95,35.63,35.68,35.18
371280,1099.24,1005.08,1024.40,1013.04,995.12,1006.38,1009.44,1098.82,35.58,35.35,35.35,35.23,35.99,35.65,35.63,35.14
371400,1099.24,1005.14,1024.28,1013.02,995.50,1006.30,1009.22,1098.88,35.59,35.34,35.36,35.24,36.00,35.66,35.63,35.12
371520,1099.36,1004.96,1024.32,1013.22,995.52,1006.60,1009.40,1099.52,35.72,35.41,35.47,35.32,36.09,35.77,35.69,35.20
371640,1099.44,1005.66,1024.56,1013.50,995.62,1006.72,1009.68,1099.84,35.83,35.54,35.57,35.41,36.13,35.86,35.77,35.29
371760,1099.68,1005.72,1024.54,1013.30,995.46,1006.82,1009.58,1099.58,35.79,35.59,35.54,35.40,36.07,35.81,35.79,35.29
371880,1099.44,1005.52,1024.66,1012.98,995.20,1006.42,1009.14,1098.96,35.63,35.46,35.39,35.25,35.94,35.64,35.71,35.18
372000,1099.12,1004.94,1024.46,1013.04,995.32,1006.34,1009.12,1098.82,35.56,35.35,35.33,35.19,35.96,35.60,35.63,35.11
372120,1099.10,1005.08,1024.22,1013.44,995.46,1006.24,1009.00,1098.70,35.59,35.36,35.37,35.21,36.00,35.67,35.63,35.11
372240,1099.38,1005.00,1024.28,1013.52,995.64,1006.28,1009.30,1098.88,35.66,35.40,35.41,35.26,36.03,35.73,35.66,35.15
372360,1099.72,1005.56,1024.42,1014.00,995.92,1006.92,1009.50,1099.56,35.83,35.53,35.57,35.38,36.13,35.85,35.76,35.27
372480,1099.76,1005.96,1024.54,1013.52,995.72,1007.02,1009.50,1099.72,35.87,35.64,35.59,35.45,36.13,35.90,35.81,35.33
372600,1099.60,1005.78,1024.56,1013.06,995.38,1006.88,1009.48,1099.36,35.74,35.59,35.47,35.39,36.03,35.78,35.77,35.25
372720,1099.04,1005.24,1024.52,1012.84,995.36,1006.44,1009.32,1098.76,35.59,35.40,35.33,35.22,35.96,35.62,35.67,35.15
372840,1099.16,1005.08,1024.16,1013.38,995.46,1006.54,1009.34,1098.80,35.65,35.39,35.40,35.25,36.03,35.71,35.67,35.16
372960,1099.34,1005.10,1024.24,1013.32,995.58,1006.56,1009.36,1098.92,35.69,35.45,35.45,35.29,36.06,35.77,35.70,35.19
373080,1099.44,1005.28,1024.18,1013.46,995.48,1006.58,1009.38,1099.28,35.75,35.49,35.49,35.34,36.08,35.79,35.73,35.23
373200,1099.76,1005.58,1024.52,1013.52,995.66,1007.08,1009.34,1099.62,35.83,35.59,35.56,35.40,36.14,35.86,35.78,35.28
373320,1099.66,1005.78,1024.66,1013.38,995.70,1007.14,1009.20,1099.72,35.80,35.58,35.51,35.40,36.08,35.81,35.79,35.28
373440,1099.20,1005.30,1024.58,1012.80,995.50,1006.74,1009.20,1098.78,35.62,35.45,35.36,35.27,35.96,35.62,35.70,35.18
373560,1098.96,1004.64,1023.96,1012.90,995.64,1006.32,1008.88,1098.46,35.49,35.28,35.27,35.15,35.91,35.55,35.59,35.08
373680,1099.18,1004.84,1024.02,1013.62,996.08,1006.38,1009.12,1098.90,35.63,35.35,35.40,35.25,36.01,35.72,35.63,35.15
373800,1099.48,1005.38,1024.14,1013.60,996.00,1006.80,1009.24,1099.56,35.78,35.51,35.50,35.35,36.09,35.83,35.73,35.24
373920,1099.46,1005.46,1024.24,1013.50,995.90,1006.90,1009.20,1099.44,35.76,35.55,35.45,35.34,36.02,35.77,35.74,35.24
374040,1099.04,1004.84,1024.02,1013.06,995.60,1006.34,1008.78,1098.48,35.55,35.41,35.31,35.20,35.90,35.59,35.64,35.13
374160,1098.56,1004.38,1023.78,1013.00,995.42,1006.26,1008.62,1098.16,35.49,35.27,35.25,35.13,35.90,35.54,35.57,35.04
374280,1098.78,1004.32,1023.62,1013.38,995.68,1006.04,1008.70,1098.12,35.53,35.28,35.29,35.15,35.95,35.59,35.56,35.05
374400,1098.92,1004.70,1023.64,1013.54,996.02,1006.30,1008.84,1098.42,35.62,35.35,35.38,35.21,35.99,35.66,35.61,35.10
374520,1099.54,1005.42,1023.72,1013.80,996.24,1007.02,1009.12,1099.42,35.81,35.50,35.52,35.39,36.12,35.85,35.73,35.25
374640,1099.36,1005.94,1024.36,1013.72,996.18,1007.16,1009.20,1099.48,35.89,35.69,35.59,35.46,36.15,35.91,35.82,35.32
374760,1099.58,1005.78,1024.20,1013.30,995.96,1007.20,1009.20,1099.48,35.77,35.67,35.52,35.42,36.05,35.82,35.79,35.29
374880,1098.96,1004.82,1024.12,1012.94,995.66,1006.62,1008.84,1098.52,35.60,35.45,35.31,35.22,35.92,35.59,35.68,35.15
375000,1098.90,1004.64,1023.92,1013.30,995.84,1006.36,1008.60,1098.46,35.56,35.35,35.30,35.19,35.95,35.60,35.61,35.11
375120,1098.78,1004.68,1023.96,1013.32,996.00,1006.40,1008.64,1098.40,35.59,35.36,35.34,35.21,35.98,35.65,35.61,35.11
375240,1099.36,1005.04,1023.88,1014.06,996.32,1006.70,1009.10,1099.08,35.72,35.45,35.49,35.31,36.07,35.77,35.69,35.20
375360,1099.70,1005.80,1024.26,1013.98,996.56,1007.18,1009.32,1100.10,35.94,35.65,35.64,35.49,36.19,35.95,35.83,35.36
375480,1100.24,1006.36,1024.76,1013.86,996.30,1007.70,1009.44,1100.40,36.00,35.81,35.68,35.54,36.18,35.99,35.90,35.43
375600,1099.76,1005.78,1024.76,1013.42,995.92,1007.34,1009.22,1099.84,35.88,35.74,35.56,35.47,36.09,35.86,35.88,35.37
375720,1099.44,1005.00,1024.18,1013.16,995.86,1006.96,1008.96,1099.04,35.67,35.54,35.38,35.28,35.97,35.67,35.74,35.21
375840,1099.32,1004.78,1024.20,1013.34,996.16,1006.78,1008.96,1099.28,35.68,35.47,35.41,35.29,36.01,35.75,35.71,35.21
375960,1099.36,1005.30,1024.16,1013.90,996.16,1006.92,1009.12,1099.20,35.75,35.51,35.47,35.34,36.07,35.81,35.74,35.24
376080,1099.70,1005.46,1024.12,1013.96,996.32,1007.36,1009.46,1099.92,35.84,35.58,35.56,35.41,36.11,35.87,35.79,35.30
376200,1100.22,1006.00,1024.54,1014.16,996.58,1007.52,1009.66,1100.70,36.00,35.73,35.71,35.54,36.22,36.02,35.89,35.43
376320,1100.34,1006.52,1024.72,1013.86,996.52,1008.06,1009.80,1100.72,36.06,35.87,35.74,35.61,36.24,36.07,35.96,35.48
376440,1100.34,1006.38,1024.96,1013.44,996.04,1007.86,1009.52,1100.32,35.94,35.81,35.65,35.52,36.15,35.94,35.91,35.42
376560,1099.70,1005.50,1024.72,1013.06,995.94,1007.30,1009.18,1099.66,35.73,35.59,35.47,35.37,36.03,35.76,35.80,35.29
376680,1099.68,1005.26,1024.64,1013.42,996.00,1007.16,1009.34,1099.56,35.73,35.52,35.49,35.35,36.07,35.81,35.76,35.26
376800,1099.44,1005.32,1024.60,1013.54,996.10,1007.14,1009.30,1099.44,35.76,35.54,35.51,35.39,36.10,35.85,35.77,35.27
376920,1099.68,1005.52,1024.44,1013.58,996.04,1007.52,1009.52,1099.70,35.81,35.57,35.54,35.42,36.13,35.87,35.80,35.30
377040,1099.72,1005.74,1024.60,1013.48,996.16,1007.64,1009.62,1099.94,35.86,35.62,35.59,35.46,36.15,35.91,35.83,35.33
377160,1099.86,1006.10,1025.02,1013.52,996.18,1007.72,1009.72,1099.96,35.91,35.68,35.62,35.49,36.19,35.93,35.85,35.36
377280,1100.34,1006.58,1024.94,1013.40,996.10,1007.98,1009.78,1100.26,35.98,35.73,35.68,35.56,36.23,36.00,35.91,35.42
377400,1100.36,1006.44,1024.98,1013.28,995.80,1007.76,1009.64,1100.26,35.94,35.72,35.63,35.52,36.18,35.93,35.91,35.39
377520,1099.80,1005.82,1025.04,1012.72,995.58,1007.30,1009.32,1099.40,35.75,35.55,35.46,35.36,36.05,35.74,35.81,35.27
377640,1099.28,1005.32,1024.52,1012.90,995.66,1007.10,1009.26,1099.30,35.63,35.41,35.39,35.28,36.02,35.69,35.70,35.20
377760,1099.56,1005.54,1024.64,1013.36,995.86,1007.24,1009.74,1099.36,35.74,35.46,35.49,35.33,36.11,35.82,35.73,35.24
377880,1099.60,1005.68,1024.64,1013.32,996.08,1007.24,1009.52,1099.22,35.76,35.53,35.50,35.36,36.10,35.81,35.75,35.25
378000,1099.34,1005.58,1024.20,1013.00,995.74,1007.20,1009.28,1098.58,35.64,35.45,35.39,35.28,35.99,35.68,35.69,35.17
378120,1098.80,1004.70,1024.20,1013.02,995.62,1006.72,1008.82,1098.32,35.48,35.27,35.24,35.14,35.89,35.52,35.59,35.06
378240,1099.02,1004.74,1023.98,1013.16,995.88,1006.84,1008.74,1098.10,35.52,35.26,35.29,35.16,35.96,35.61,35.57,35.07
378360,1099.00,1004.82,1023.90,1013.22,995.88,1006.70,1009.00,1098.34,35.57,35.31,35.33,35.19,35.97,35.64,35.59,35.08
378480,1099.28,1005.16,1024.08,1013.50,996.42,1006.80,1009.08,1098.78,35.70,35.41,35.45,35.31,36.05,35.75,35.68,35.19
378600,1099.78,1005.64,1024.40,1013.62,996.44,1007.22,1009.34,1099.70,35.86,35.60,35.58,35.43,36.14,35.88,35.79,35.30
378720,1099.84,1005.78,1024.72,1013.42,996.28,1007.34,1009.30,1099.54,35.83,35.66,35.55,35.42,36.10,35.86,35.82,35.30
378840,1099.52,1005.26,1024.50,1013.02,995.78,1007.04,1009.00,1098.68,35.69,35.48,35.41,35.31,35.97,35.69,35.76,35.21
378960,1099.04,1004.92,1024.18,1012.94,995.78,1006.90,1008.86,1098.30,35.56,35.34,35.30,35.19,35.94,35.59,35.65,35.12
379080,1099.24,1004.88,1024.14,1013.38,996.24,1006.92,1008.94,1098.58,35.65,35.39,35.40,35.25,36.04,35.73,35.67,35.16
379200,1099.10,1005.16,1024.12,1013.30,996.26,1007.06,1008.98,1098.76,35.70,35.47,35.44,35.30,36.03,35.76,35.70,35.19
379320,1099.12,1005.00,1023.88,1012.96,996.18,1006.98,1008.82,1098.28,35.60,35.41,35.36,35.23,35.93,35.63,35.66,35.13
379440,1098.54,1004.34,1023.86,1012.72,995.90,1006.50,1008.46,1097.88,35.45,35.24,35.20,35.09,35.84,35.49,35.53,35.03
379560,1098.54,1004.28,1023.60,1012.98,996.08,1006.44,1008.52,1097.84,35.48,35.22,35.25,35.11,35.91,35.56,35.52,35.02
379680,1098.94,1004.48,1023.60,1013.02,996.08,1006.64,1008.56,1097.82,35.55,35.29,35.30,35.15,35.96,35.62,35.55,35.06
379800,1099.22,1004.96,1023.76,1013.26,996.10,1006.98,1008.84,1098.80,35.69,35.39,35.44,35.26,36.03,35.74,35.63,35.15
379920,1099.76,1005.62,1023.96,1013.52,996.32,1007.52,1009.24,1099.70,35.92,35.61,35.62,35.44,36.16,35.93,35.79,35.34
380040,1099.86,1006.08,1024.30,1013.48,996.28,1007.82,1009.26,1100.16,36.01,35.80,35.69,35.53,36.18,36.00,35.88,35.43
380160,1099.94,1006.06,1024.52,1013.02,996.04,1007.74,1009.14,1099.86,35.90,35.78,35.60,35.49,36.10,35.91,35.87,35.38
380280,1099.50,1005.20,1024.32,1012.68,995.80,1007.36,1009.06,1099.08,35.71,35.57,35.45,35.33,36.02,35.72,35.76,35.25
380400,1099.26,1005.14,1023.92,1012.96,995.96,1007.20,1009.00,1098.82,35.69,35.47,35.45,35.31,36.05,35.74,35.71,35.21
380520,1099.10,1005.16,1024.04,1012.96,995.88,1007.12,1008.94,1098.78,35.66,35.45,35.44,35.30,36.03,35.72,35.69,35.19
380640,1099.30,1005.26,1024.00,1013.18,995.90,1007.08,1008.92,1098.70,35.69,35.43,35.46,35.32,36.03,35.72,35.69,35.20
380760,1099.50,1005.30,1024.06,1013.18,996.04,1007.26,1009.22,1099.26,35.79,35.52,35.54,35.39,36.10,35.84,35.75,35.26
380880,1099.62,1005.40,1024.22,1013.16,996.14,1007.26,1009.30,1099.08,35.81,35.57,35.53,35.40,36.07,35.82,35.77,35.28
381000,1099.16,1005.28,1024.18,1012.48,995.66,1007.16,1008.90,1098.62,35.67,35.47,35.42,35.29,35.96,35.68,35.71,35.19
381120,1098.74,1004.40,1023.74,1012.50,995.64,1007.00,1008.60,1098.20,35.52,35.33,35.30,35.18,35.91,35.56,35.62,35.10
381240,1098.74,1004.62,1023.68,1012.72,995.92,1007.00,1008.76,1097.96,35.58,35.34,35.35,35.21,35.97,35.65,35.61,35.10
381360,1098.82,1004.76,1023.68,1012.86,996.06,1006.86,1008.74,1098.36,35.64,35.38,35.39,35.25,36.00,35.71,35.63,35.13
381480,1099.08,1005.14,1023.72,1013.04,996.14,1007.42,1008.92,1098.78,35.74,35.49,35.48,35.33,36.06,35.80,35.71,35.21
381600,1099.20,1005.26,1023.82,1012.84,996.22,1007.34,1009.02,1098.74,35.74,35.54,35.46,35.34,36.04,35.80,35.71,35.22
381720,1098.92,1004.82,1023.92,1012.46,995.74,1007.18,1008.80,1098.08,35.59,35.45,35.32,35.24,35.92,35.63,35.65,35.13
381840,1098.48,1004.34,1023.74,1012.42,995.70,1006.88,1008.56,1097.80,35.49,35.29,35.24,35.14,35.87,35.53,35.56,35.05
381960,1098.74,1004.28,1023.36,1012.68,995.72,1006.88,1008.46,1097.84,35.53,35.29,35.30,35.17,35.94,35.61,35.55,35.05
382080,1098.64,1004.58,1023.46,1012.90,995.92,1006.80,1008.52,1097.92,35.57,35.33,35.34,35.20,35.95,35.63,35.57,35.07
382200,1098.98,1004.70,1023.42,1012.84,996.12,1007.10,1008.70,1098.34,35.68,35.43,35.42,35.28,36.01,35.72,35.63,35.14
382320,1099.02,1005.04,1023.44,1013.06,996.10,1007.22,1008.82,1098.54,35.71,35.49,35.44,35.30,36.00,35.72,35.67,35.18
382440,1098.96,1004.74,1023.46,1012.26,995.86,1007.22,1008.46,1098.14,35.59,35.41,35.31,35.22,35.89,35.59,35.63,35.11
382560,1098.66,1004.04,1023.28,1012.38,995.96,1006.66,1008.52,1097.46,35.46,35.25,35.23,35.11,35.84,35.47,35.54,35.03
382680,1098.48,1004.14,1023.36,1012.82,995.92,1006.70,1008.60,1097.62,35.55,35.28,35.31,35.16,35.92,35.59,35.54,35.05
382800,1098.46,1004.52,1023.36,1012.84,995.90,1006.68,1008.70,1097.96,35.59,35.35,35.35,35.21,35.96,35.63,35.58,35.09
382920,1098.98,1004.84,1023.40,1013.06,996.16,1007.14,1008.86,1098.68,35.73,35.45,35.46,35.33,36.05,35.76,35.66,35.20
383040,1099.28,1005.38,1023.78,1013.18,996.08,1007.64,1009.20,1099.54,35.91,35.64,35.62,35.46,36.14,35.93,35.80,35.34
383160,1099.36,1005.80,1023.78,1012.84,995.94,1007.78,1009.24,1099.60,35.93,35.77,35.63,35.50,36.13,35.94,35.85,35.38
383280,1099.22,1005.38,1023.82,1012.28,995.82,1007.56,1008.92,1099.26,35.77,35.67,35.49,35.41,36.02,35.79,35.81,35.29
383400,1099.10,1004.82,1023.96,1012.26,995.66,1007.28,1008.94,1098.54,35.64,35.48,35.39,35.29,35.98,35.67,35.71,35.17
383520,1099.18,1004.78,1023.64,1012.34,995.80,1007.12,1008.86,1098.56,35.66,35.44,35.42,35.29,36.03,35.75,35.69,35.17
383640,1099.10,1004.82,1023.56,1012.36,995.78,1007.10,1009.04,1098.62,35.65,35.43,35.42,35.29,36.01,35.73,35.67,35.17
383760,1099.40,1004.94,1023.50,1012.72,996.04,1007.30,1009.18,1098.78,35.75,35.50,35.50,35.36,36.08,35.80,35.72,35.23
383880,1099.76,1005.98,1023.58,1012.76,996.14,1007.82,1009.32,1099.48,35.92,35.65,35.63,35.49,36.16,35.95,35.83,35.36
384000,1099.72,1006.08,1023.92,1012.64,996.08,1007.88,1009.52,1099.72,35.95,35.76,35.65,35.52,36.15,35.96,35.87,35.39
384120,1099.50,1005.62,1024.00,1012.16,995.72,1007.58,1009.30,1099.26,35.80,35.67,35.52,35.43,36.03,35.79,35.82,35.32
384240,1099.14,1004.86,1023.84,1012.10,995.64,1007.34,1008.56,1098.70,35.64,35.46,35.38,35.27,35.97,35.66,35.71,35.19
384360,1098.86,1004.76,1023.78,1012.20,995.68,1006.96,1008.76,1098.36,35.57,35.33,35.33,35.21,35.94,35.61,35.64,35.13
384480,1098.40,1004.54,1023.32,1011.94,995.48,1006.48,1008.28,1097.42,35.43,35.20,35.20,35.09,35.84,35.47,35.55,35.02
384600,1098.22,1004.00,1023.00,1012.04,995.62,1006.22,1008.08,1096.98,35.31,35.05,35.10,35.00,35.76,35.34,35.44,34.92
384720,1097.88,1003.54,1022.84,1012.06,995.52,1005.84,1007.82,1096.60,35.21,34.94,35.03,34.93,35.71,35.25,35.34,34.84
384840,1097.10,1003.06,1022.50,1011.76,995.50,1005.52,1007.26,1095.78,35.07,34.81,34.88,34.79,35.57,35.10,35.23,34.72
384960,1096.96,1002.62,1022.14,1011.98,995.64,1005.44,1007.32,1095.76,35.07,34.78,34.85,34.74,35.58,35.14,35.18,34.68
385080,1097.08,1003.16,1022.12,1012.70,996.14,1005.78,1007.56,1096.42,35.28,34.95,35.08,34.90,35.74,35.40,35.29,34.82
385200,1097.58,1003.80,1022.32,1012.64,996.04,1006.20,1007.68,1097.02,35.47,35.17,35.21,35.05,35.82,35.56,35.43,34.94
385320,1097.60,1004.00,1022.22,1012.38,995.84,1006.04,1007.70,1097.14,35.45,35.26,35.18,35.06,35.77,35.50,35.46,34.96
385440,1097.20,1003.00,1022.04,1011.98,995.58,1005.84,1007.22,1096.40,35.30,35.13,35.04,34.94,35.66,35.35,35.38,34.86
385560,1097.20,1002.72,1021.86,1012.12,995.68,1005.64,1007.24,1096.46,35.30,35.06,35.06,34.95,35.71,35.36,35.34,34.84
385680,1097.38,1003.08,1022.08,1012.44,995.80,1006.04,1007.34,1096.82,35.41,35.13,35.16,35.02,35.80,35.50,35.39,34.91
385800,1097.62,1003.84,1022.16,1012.66,995.80,1006.16,1007.94,1097.22,35.54,35.26,35.30,35.14,35.87,35.62,35.50,35.01
385920,1098.28,1004.24,1022.70,1012.74,995.96,1006.80,1008.08,1098.32,35.74,35.47,35.45,35.30,35.99,35.79,35.62,35.16
386040,1098.52,1004.56,1022.82,1012.44,996.04,1007.24,1008.40,1098.70,35.79,35.59,35.49,35.35,36.00,35.81,35.69,35.23
386160,1098.42,1004.42,1022.98,1012.16,995.68,1006.92,1008.20,1098.16,35.67,35.54,35.36,35.27,35.90,35.68,35.67,35.15
386280,1097.90,1003.76,1022.66,1011.94,995.58,1006.52,1007.70,1097.60,35.48,35.36,35.25,35.14,35.81,35.52,35.58,35.03
386400,1097.80,1003.62,1022.56,1012.08,995.54,1006.34,1007.70,1097.56,35.49,35.28,35.26,35.14,35.85,35.57,35.53,35.02
386520,1097.74,1003.72,1022.44,1012.10,995.74,1006.40,1007.80,1097.46,35.50,35.28,35.29,35.15,35.87,35.58,35.53,35.02
386640,1098.28,1004.20,1022.62,1012.42,995.96,1006.70,1007.86,1097.98,35.62,35.35,35.37,35.22,35.95,35.69,35.58,35.09
386760,1098.20,1004.40,1022.64,1012.32,995.84,1006.78,1008.04,1097.96,35.67,35.44,35.40,35.27,35.95,35.71,35.63,35.14
386880,1098.12,1004.26,1022.76,1012.14,995.78,1006.64,1008.00,1097.74,35.59,35.39,35.29,35.20,35.85,35.60,35.60,35.09
387000,1097.70,1003.50,1022.52,1012.14,995.68,1006.50,1007.62,1097.18,35.42,35.21,35.16,35.07,35.80,35.44,35.48,34.98
387120,1097.82,1003.52,1022.46,1012.38,996.04,1006.42,1007.70,1097.32,35.46,35.21,35.21,35.08,35.86,35.54,35.47,34.98
387240,1097.86,1003.76,1022.44,1012.40,996.12,1006.36,1007.84,1097.52,35.51,35.26,35.26,35.13,35.87,35.58,35.50,35.00
387360,1098.06,1003.96,1022.50,1012.72,996.10,1006.72,1007.90,1097.90,35.61,35.33,35.34,35.22,35.93,35.65,35.55,35.08
387480,1098.20,1004.36,1022.50,1012.80,996.16,1006.88,1008.22,1098.26,35.69,35.43,35.40,35.28,35.96,35.70,35.62,35.14
387600,1098.62,1004.92,1022.80,1012.86,996.30,1007.28,1008.24,1098.78,35.80,35.53,35.49,35.38,36.04,35.79,35.70,35.22
387720,1098.92,1005.30,1023.16,1012.80,996.30,1007.72,1008.40,1099.46,35.92,35.67,35.62,35.48,36.12,35.92,35.79,35.34
387840,1099.16,1005.34,1023.22,1012.58,995.94,1007.76,1008.50,1099.42,35.91,35.73,35.60,35.49,36.09,35.91,35.81,35.35
387960,1098.88,1005.04,1023.32,1012.04,995.86,1007.44,1008.24,1098.76,35.75,35.62,35.44,35.38,35.96,35.73,35.74,35.25
388080,1098.48,1004.24,1023.04,1012.04,995.86,1006.98,1008.36,1098.16,35.59,35.41,35.34,35.24,35.91,35.61,35.63,35.14
388200,1098.68,1004.26,1022.88,1012.58,995.98,1007.00,1008.48,1098.46,35.71,35.44,35.42,35.30,36.00,35.74,35.67,35.19
388320,1098.98,1004.86,1023.10,1012.62,996.06,1007.34,1008.76,1098.88,35.81,35.54,35.52,35.39,36.05,35.85,35.73,35.26
388440,1099.06,1005.04,1023.20,1012.30,995.86,1007.42,1008.58,1098.80,35.79,35.57,35.47,35.38,35.98,35.79,35.74,35.26
388560,1098.36,1004.52,1023.30,1011.94,995.80,1006.96,1008.24,1097.96,35.61,35.41,35.30,35.24,35.88,35.60,35.63,35.14
388680,1098.28,1004.00,1022.96,1012.24,995.96,1007.08,1008.30,1097.74,35.55,35.31,35.29,35.19,35.88,35.58,35.56,35.09
388800,1098.50,1004.16,1022.84,1012.62,996.00,1007.02,1008.40,1097.96,35.63,35.36,35.37,35.24,35.94,35.68,35.59,35.13
388920,1098.76,1004.34,1022.96,1012.66,996.12,1007.26,1008.52,1098.10,35.70,35.44,35.42,35.31,35.98,35.75,35.64,35.18
389040,1099.30,1005.26,1023.22,1012.86,996.54,1007.78,1008.68,1099.08,35.88,35.59,35.58,35.45,36.10,35.90,35.75,35.32
389160,1099.66,1005.80,1023.64,1012.76,996.54,1007.86,1009.14,1099.70,35.99,35.77,35.66,35.54,36.15,35.99,35.85,35.41
389280,1099.58,1005.74,1023.64,1012.40,996.26,1007.92,1009.02,1099.60,35.93,35.77,35.61,35.50,36.07,35.89,35.85,35.39
389400,1099.24,1005.12,1023.54,1012.02,995.92,1007.60,1008.86,1098.52,35.71,35.57,35.42,35.36,35.96,35.71,35.75,35.25
389520,1098.94,1004.46,1023.20,1012.18,995.86,1007.36,1008.72,1098.32,35.65,35.43,35.38,35.28,35.97,35.68,35.65,35.19
389640,1098.74,1004.52,1023.20,1012.50,996.04,1007.40,1008.66,1098.32,35.66,35.40,35.40,35.29,35.98,35.71,35.65,35.17
389760,1099.00,1004.50,1023.28,1012.42,996.24,1007.44,1008.70,1098.32,35.72,35.45,35.47,35.35,36.03,35.76,35.68,35.22
389880,1099.06,1005.06,1023.40,1012.72,996.28,1007.72,1009.12,1098.74,35.81,35.54,35.53,35.41,36.07,35.84,35.74,35.27
390000,1099.04,1005.20,1023.36,1012.48,996.24,1007.64,1009.00,1098.68,35.74,35.55,35.49,35.37,36.01,35.77,35.73,35.25
390120,1098.72,1004.46,1023.14,1012.18,995.96,1007.30,1008.54,1097.84,35.58,35.39,35.31,35.22,35.88,35.58,35.62,35.14
390240,1098.68,1004.34,1022.96,1012.22,996.00,1007.48,1008.62,1097.76,35.55,35.31,35.29,35.18,35.90,35.58,35.57,35.09
390360,1098.88,1004.46,1022.88,1012.42,996.24,1007.32,1008.72,1097.78,35.63,35.36,35.37,35.24,35.98,35.69,35.61,35.13
390480,1098.82,1004.74,1022.92,1012.80,996.36,1007.80,1008.76,1098.26,35.71,35.44,35.45,35.30,36.02,35.77,35.66,35.18
390600,1099.18,1005.24,1023.30,1012.80,996.40,1007.84,1008.96,1098.86,35.83,35.56,35.52,35.40,36.08,35.86,35.74,35.27
390720,1099.38,1005.36,1023.38,1012.72,996.40,1007.86,1008.88,1098.66,35.81,35.60,35.49,35.40,36.04,35.81,35.75,35.27
390840,1098.90,1004.82,1023.36,1012.30,996.14,1007.72,1008.46,1097.82,35.65,35.47,35.36,35.27,35.92,35.65,35.67,35.17
390960,1098.58,1004.36,1023.02,1012.58,996.02,1007.40,1008.40,1097.88,35.56,35.34,35.31,35.19,35.89,35.58,35.60,35.10
391080,1098.94,1004.60,1023.06,1012.88,996.64,1007.22,1008.74,1097.94,35.66,35.39,35.41,35.28,36.00,35.72,35.63,35.16
391200,1098.92,1004.98,1023.02,1012.84,996.74,1007.48,1008.84,1098.02,35.69,35.45,35.43,35.30,35.98,35.73,35.67,35.17
391320,1098.84,1004.80,1023.18,1012.40,996.52,1007.20,1008.52,1097.56,35.59,35.38,35.31,35.21,35.86,35.60,35.61,35.11
391440,1098.42,1004.22,1023.06,1012.42,996.06,1006.92,1008.44,1097.12,35.45,35.23,35.20,35.11,35.81,35.48,35.50,35.01
391560,1098.30,1004.02,1022.82,1012.80,996.44,1006.94,1008.40,1097.22,35.51,35.25,35.27,35.15,35.89,35.58,35.52,35.04
391680,1098.44,1004.30,1022.62,1012.94,996.58,1007.04,1008.42,1097.34,35.59,35.32,35.31,35.19,35.92,35.64,35.55,35.07
391800,1098.72,1004.64,1022.94,1013.18,996.66,1007.46,1008.62,1098.10,35.71,35.42,35.43,35.30,36.00,35.77,35.63,35.17
391920,1099.12,1005.36,1023.28,1013.24,996.70,1007.96,1008.66,1098.68,35.85,35.57,35.54,35.42,36.07,35.87,35.74,35.27
392040,1099.12,1005.48,1023.28,1012.74,996.62,1007.96,1008.70,1098.56,35.80,35.63,35.52,35.42,36.02,35.82,35.75,35.27
392160,1098.76,1004.84,1023.16,1012.44,996.44,1007.86,1008.54,1097.74,35.64,35.50,35.37,35.29,35.90,35.64,35.70,35.16
392280,1098.44,1004.22,1023.10,1012.52,996.38,1007.72,1008.44,1097.42,35.53,35.34,35.28,35.19,35.90,35.59,35.61,35.08
392400,1098.48,1004.36,1023.00,1012.66,996.58,1007.54,1008.60,1097.44,35.59,35.35,35.35,35.21,35.95,35.65,35.60,35.10
392520,1098.62,1004.46,1023.04,1012.72,996.78,1007.56,1008.74,1097.70,35.65,35.39,35.41,35.26,35.99,35.70,35.64,35.14
392640,1098.96,1004.88,1023.24,1013.14,996.82,1008.06,1008.78,1098.22,35.77,35.51,35.50,35.36,36.06,35.81,35.70,35.22
392760,1099.00,1005.08,1023.40,1012.90,996.76,1007.92,1008.76,1098.30,35.77,35.55,35.48,35.36,36.02,35.78,35.73,35.23
392880,1098.72,1004.72,1023.38,1012.42,996.44,1007.62,1008.50,1097.56,35.58,35.45,35.33,35.25,35.90,35.63,35.66,35.12
393000,1098.26,1004.18,1023.22,1012.52,996.58,1007.22,1008.40,1097.32,35.50,35.30,35.25,35.15,35.87,35.54,35.55,35.05
393120,1098.36,1004.12,1022.90,1012.86,996.70,1007.18,1008.46,1097.36,35.58,35.33,35.33,35.20,35.94,35.63,35.56,35.08
393240,1098.34,1004.50,1023.08,1012.90,996.70,1007.54,1008.60,1097.50,35.62,35.39,35.39,35.24,35.96,35.67,35.61,35.11
393360,1098.92,1004.84,1023.12,1013.04,996.88,1007.78,1009.16,1098.48,35.79,35.51,35.52,35.38,36.07,35.80,35.71,35.23
393480,1099.24,1005.50,1023.70,1013.08,996.98,1008.12,1009.16,1099.08,35.92,35.67,35.62,35.48,36.13,35.91,35.81,35.34
393600,1099.48,1005.64,1023.60,1012.96,996.70,1008.26,1009.10,1098.90,35.87,35.72,35.57,35.47,36.07,35.86,35.84,35.34
393720,1098.96,1004.94,1023.58,1012.40,996.56,1007.70,1008.74,1098.08,35.70,35.56,35.40,35.33,35.96,35.68,35.73,35.23
393840,1098.54,1004.48,1023.24,1012.52,996.74,1007.60,1008.64,1097.94,35.60,35.40,35.34,35.23,35.93,35.63,35.65,35.14
393960,1098.58,1004.54,1023.28,1012.60,996.84,1007.38,1008.60,1097.88,35.63,35.40,35.38,35.26,35.98,35.68,35.64,35.14
394080,1098.96,1004.46,1023.20,1012.94,997.00,1007.72,1008.96,1097.90,35.67,35.43,35.42,35.30,36.00,35.72,35.66,35.17
394200,1099.38,1005.22,1023.28,1013.10,996.94,1008.10,1009.20,1098.30,35.81,35.53,35.53,35.40,36.09,35.85,35.74,35.27
394320,1099.38,1005.48,1023.52,1012.98,996.92,1008.30,1009.44,1098.46,35.86,35.63,35.57,35.44,36.08,35.88,35.79,35.31
394440,1099.06,1005.32,1023.58,1012.70,996.96,1007.92,1008.94,1098.30,35.73,35.57,35.44,35.37,35.98,35.75,35.75,35.26
394560,1098.74,1004.50,1023.32,1012.56,996.76,1007.86,1008.78,1097.64,35.58,35.39,35.33,35.23,35.90,35.60,35.63,35.15
394680,1098.64,1004.66,1023.18,1013.02,996.94,1007.60,1008.78,1097.74,35.62,35.36,35.37,35.24,35.96,35.67,35.62,35.15
394800,1098.82,1004.66,1023.16,1013.16,996.80,1007.72,1008.84,1097.56,35.66,35.40,35.41,35.29,35.99,35.72,35.63,35.17
394920,1099.20,1004.92,1023.26,1013.50,997.10,1008.04,1009.06,1098.44,35.79,35.50,35.52,35.39,36.08,35.84,35.73,35.26
395040,1100.00,1005.90,1023.58,1013.64,997.40,1008.84,1009.46,1099.70,36.03,35.71,35.71,35.58,36.21,36.03,35.87,35.45
395160,1100.10,1006.48,1024.16,1013.22,997.12,1009.10,1009.68,1100.02,36.11,35.91,35.78,35.66,36.23,36.10,35.96,35.53
395280,1100.08,1006.20,1024.14,1012.96,997.04,1009.10,1009.56,1099.60,36.00,35.85,35.68,35.60,36.13,35.99,35.93,35.48
395400,1099.56,1005.38,1024.06,1012.82,996.90,1008.50,1009.24,1098.76,35.79,35.63,35.51,35.41,36.02,35.78,35.82,35.33
395520,1099.58,1004.94,1023.72,1013.22,996.98,1008.50,1009.34,1098.44,35.75,35.52,35.49,35.37,36.05,35.80,35.76,35.28
395640,1099.44,1005.18,1023.48,1013.26,997.18,1008.22,1009.28,1098.48,35.80,35.54,35.53,35.40,36.09,35.85,35.76,35.29
395760,1099.82,1005.52,1023.94,1013.60,997.32,1008.54,1009.52,1099.00,35.91,35.61,35.61,35.49,36.16,35.94,35.82,35.36
395880,1100.26,1005.98,1024.14,1013.60,997.58,1008.78,1009.72,1099.54,36.03,35.74,35.73,35.58,36.23,36.04,35.90,35.46
396000,1100.04,1006.24,1024.44,1013.42,997.38,1008.90,1009.80,1099.48,35.98,35.79,35.69,35.58,36.20,36.01,35.92,35.46
396120,1099.56,1005.56,1023.94,1013.00,997.24,1008.62,1009.58,1098.64,35.81,35.66,35.54,35.45,36.06,35.82,35.83,35.35
396240,1099.48,1004.84,1023.94,1013.04,996.96,1008.32,1009.30,1098.40,35.67,35.47,35.42,35.33,35.99,35.70,35.73,35.24
396360,1099.48,1005.02,1023.76,1013.58,997.16,1008.30,1009.44,1098.52,35.77,35.49,35.50,35.39,36.09,35.83,35.74,35.28
396480,1099.70,1005.30,1023.86,1013.44,997.50,1008.66,1009.46,1098.48,35.81,35.56,35.54,35.43,36.10,35.87,35.78,35.30
396600,1099.66,1005.28,1023.76,1013.10,997.26,1008.48,1009.36,1098.12,35.73,35.52,35.44,35.38,36.01,35.75,35.75,35.25
396720,1099.04,1004.56,1023.52,1012.68,996.96,1008.14,1009.02,1097.48,35.55,35.36,35.29,35.21,35.89,35.58,35.63,35.12
396840,1099.12,1004.72,1023.38,1013.06,997.12,1008.06,1008.84,1097.16,35.54,35.29,35.29,35.19,35.93,35.60,35.58,35.09
396960,1099.04,1004.70,1023.26,1013.06,997.14,1008.12,1008.80,1097.24,35.58,35.31,35.34,35.22,35.96,35.64,35.59,35.11
397080,1099.12,1004.82,1023.20,1013.42,997.28,1008.08,1009.24,1097.88,35.71,35.40,35.45,35.31,36.04,35.74,35.65,35.18
397200,1099.14,1005.20,1023.56,1013.46,997.26,1008.46,1008.98,1097.08,35.70,35.48,35.48,35.35,36.02,35.77,35.64,35.13
397320,1098.70,1005.04,1023.46,1013.04,997.32,1008.36,1008.62,1096.82,35.55,35.48,35.37,35.27,35.91,35.67,35.61,35.03
397440,1098.40,1004.62,1023.36,1012.84,997.10,1007.94,1008.34,1096.42,35.42,35.31,35.24,35.13,35.81,35.51,35.53,34.94
397560,1098.38,1004.34,1023.12,1013.04,997.22,1007.78,1008.60,1096.46,35.45,35.27,35.26,35.13,35.87,35.55,35.51,34.95
397680,1098.40,1004.36,1023.24,1013.28,997.34,1007.66,1008.72,1096.82,35.54,35.30,35.34,35.19,35.93,35.61,35.54,35.01
397800,1098.88,1004.80,1023.12,1013.54,997.44,1007.80,1009.12,1097.36,35.67,35.39,35.44,35.28,36.01,35.73,35.61,35.11
397920,1099.18,1005.10,1023.24,1013.70,997.46,1008.00,1009.12,1097.94,35.77,35.50,35.50,35.35,36.04,35.79,35.68,35.21
398040,1099.08,1005.18,1023.38,1013.28,997.30,1007.84,1009.14,1097.64,35.71,35.47,35.43,35.32,35.97,35.72,35.67,35.18
398160,1098.52,1004.66,1023.04,1012.90,997.10,1007.66,1008.34,1097.16,35.55,35.31,35.29,35.19,35.87,35.54,35.55,35.09
398280,1098.78,1004.54,1022.96,1013.34,997.34,1007.56,1008.68,1097.14,35.58,35.30,35.34,35.19,35.93,35.64,35.56,35.10
398400,1099.10,1004.60,1023.02,1013.62,997.56,1007.68,1008.96,1097.66,35.70,35.40,35.44,35.31,36.01,35.77,35.63,35.19
398520,1099.00,1004.72,1023.18,1013.44,997.62,1007.72,1008.84,1097.76,35.71,35.46,35.43,35.32,35.98,35.76,35.67,35.19
398640,1098.90,1004.54,1023.02,1013.12,997.10,1007.70,1008.74,1097.18,35.57,35.35,35.29,35.21,35.86,35.58,35.58,35.12
398760,1098.58,1004.16,1022.76,1013.22,997.20,1007.40,1008.48,1096.88,35.48,35.22,35.24,35.14,35.84,35.54,35.50,35.04
398880,1098.48,1004.24,1022.74,1013.30,997.54,1007.46,1008.48,1096.96,35.53,35.23,35.28,35.18,35.90,35.61,35.51,35.06
399000,1098.60,1004.16,1022.72,1013.34,997.58,1007.68,1008.40,1097.32,35.63,35.30,35.34,35.23,35.93,35.66,35.56,35.10
399120,1099.04,1005.04,1022.92,1014.00,997.86,1008.12,1008.82,1098.20,35.82,35.48,35.52,35.39,36.05,35.84,35.69,35.25
399240,1099.68,1005.54,1023.34,1013.64,997.98,1008.58,1009.34,1098.96,35.95,35.66,35.62,35.50,36.11,35.94,35.81,35.37
399360,1099.62,1005.52,1023.38,1013.62,997.80,1008.54,1009.16,1099.10,35.88,35.70,35.57,35.49,36.05,35.89,35.83,35.36
399480,1099.16,1004.76,1023.34,1013.20,997.46,1008.30,1008.96,1097.88,35.70,35.54,35.43,35.35,35.94,35.70,35.76,35.24
399600,1099.10,1004.60,1023.16,1013.50,997.54,1008.04,1008.92,1097.74,35.66,35.43,35.41,35.31,35.97,35.70,35.69,35.19
399720,1099.12,1004.66,1023.30,1013.82,997.64,1008.00,1008.94,1097.68,35.66,35.42,35.42,35.31,35.98,35.70,35.67,35.17
399840,1099.18,1004.62,1023.28,1013.72,997.74,1008.12,1008.92,1097.76,35.68,35.43,35.44,35.32,36.00,35.73,35.68,35.19
399960,1099.42,1005.06,1023.10,1013.90,997.86,1008.36,1009.22,1098.44,35.80,35.52,35.53,35.39,36.07,35.83,35.73,35.26
400080,1099.48,1005.08,1023.14,1013.76,997.82,1008.56,1009.24,1098.18,35.80,35.57,35.53,35.41,36.04,35.80,35.77,35.28
400200,1099.14,1004.96,1023.26,1013.54,997.56,1008.44,1009.00,1097.46,35.66,35.48,35.38,35.29,35.92,35.64,35.68,35.19
400320,1098.74,1004.54,1023.10,1013.36,997.64,1007.82,1008.80,1097.20,35.54,35.33,35.29,35.18,35.89,35.56,35.58,35.10
400440,1098.74,1004.56,1022.90,1013.62,997.76,1007.92,1008.92,1096.92,35.57,35.31,35.33,35.20,35.93,35.62,35.56,35.09
400560,1098.78,1004.56,1022.78,1013.86,997.78,1007.88,1008.66,1097.02,35.61,35.33,35.35,35.22,35.94,35.64,35.58,35.11
400680,1099.00,1004.56,1022.96,1013.78,997.96,1007.92,1008.80,1097.26,35.70,35.42,35.43,35.30,36.00,35.71,35.65,35.17
400800,1098.98,1005.12,1022.96,1013.84,998.06,1008.32,1008.86,1097.64,35.76,35.48,35.47,35.35,36.02,35.74,35.68,35.22
400920,1099.38,1005.20,1023.18,1014.18,998.00,1008.62,1009.16,1098.26,35.87,35.56,35.56,35.44,36.08,35.85,35.75,35.30
401040,1099.58,1005.66,1023.36,1013.92,997.86,1008.92,1009.28,1098.34,35.90,35.64,35.60,35.47,36.09,35.89,35.80,35.34
401160,1099.28,1005.34,1023.34,1013.40,997.74,1008.58,1009.22,1098.14,35.78,35.58,35.48,35.39,35.97,35.76,35.76,35.29
401280,1099.06,1004.50,1023.12,1013.40,997.84,1008.32,1009.08,1097.40,35.62,35.41,35.35,35.27,35.89,35.62,35.65,35.16
401400,1099.12,1004.58,1023.02,1014.04,998.12,1008.56,1009.22,1097.96,35.72,35.45,35.48,35.33,36.00,35.79,35.70,35.22
401520,1099.66,1005.82,1023.26,1014.60,998.46,1009.20,1009.48,1099.12,35.98,35.69,35.68,35.52,36.16,36.01,35.85,35.42
401640,1100.26,1006.44,1023.74,1014.24,998.18,1009.46,1009.60,1099.72,36.09,35.87,35.76,35.63,36.21,36.09,35.95,35.53
401760,1100.20,1006.30,1023.82,1014.12,997.80,1009.48,1009.48,1099.22,36.01,35.87,35.67,35.59,36.14,35.98,35.92,35.49
401880,1099.64,1005.30,1023.86,1013.72,997.68,1008.94,1009.28,1098.46,35.80,35.63,35.51,35.41,36.01,35.78,35.80,35.33
402000,1099.44,1005.22,1023.46,1013.68,997.84,1008.76,1009.30,1098.30,35.74,35.51,35.47,35.36,36.03,35.79,35.74,35.28
402120,1099.50,1005.20,1023.48,1014.04,998.12,1008.82,1009.24,1098.16,35.78,35.52,35.51,35.39,36.07,35.84,35.74,35.29
402240,1100.00,1005.52,1023.48,1014.02,998.32,1009.26,1009.56,1098.28,35.85,35.58,35.57,35.43,36.11,35.89,35.78,35.32
402360,1100.20,1006.16,1023.72,1014.54,998.52,1009.44,1009.76,1099.16,36.01,35.71,35.71,35.58,36.22,36.03,35.88,35.45
402480,1100.40,1006.60,1024.08,1014.28,998.54,1009.74,1009.94,1099.52,36.08,35.82,35.74,35.63,36.22,36.05,35.94,35.50
402600,1100.26,1006.18,1023.96,1013.94,998.20,1009.68,1009.70,1098.90,35.94,35.77,35.63,35.54,36.13,35.91,35.90,35.43
402720,1100.04,1005.52,1023.84,1013.74,998.06,1009.12,1009.70,1098.18,35.73,35.55,35.47,35.39,36.02,35.73,35.80,35.29
402840,1099.76,1005.28,1023.72,1014.24,998.34,1009.04,1009.48,1098.16,35.77,35.50,35.51,35.39,36.07,35.80,35.77,35.28
402960,1099.96,1005.68,1023.76,1014.42,998.60,1009.16,1009.64,1098.16,35.84,35.56,35.56,35.44,36.11,35.88,35.79,35.32
403080,1099.98,1005.62,1023.78,1014.28,998.38,1009.10,1009.68,1098.00,35.78,35.54,35.49,35.41,36.05,35.80,35.78,35.29
403200,1099.52,1005.18,1023.52,1013.98,998.02,1008.72,1008.98,1097.44,35.60,35.35,35.34,35.25,35.94,35.62,35.67,35.16
403320,1099.22,1004.58,1023.40,1013.98,998.26,1008.64,1009.18,1097.16,35.52,35.27,35.29,35.19,35.94,35.58,35.60,35.10
403440,1099.20,1004.70,1023.40,1014.24,998.50,1008.64,1009.28,1097.08,35.59,35.30,35.35,35.22,35.99,35.66,35.61,35.12
403560,1099.54,1005.14,1023.22,1014.30,998.46,1008.80,1009.26,1097.30,35.70,35.39,35.43,35.29,36.03,35.73,35.66,35.17
403680,1100.02,1005.66,1023.42,1014.84,998.88,1009.22,1009.62,1098.24,35.89,35.56,35.61,35.47,36.15,35.92,35.79,35.34
403800,1100.36,1006.36,1023.86,1014.90,999.04,1009.70,1009.74,1099.00,36.03,35.76,35.70,35.57,36.21,36.02,35.90,35.45
403920,1100.40,1006.32,1024.08,1014.56,998.72,1009.64,1009.84,1098.66,35.97,35.78,35.64,35.55,36.14,35.94,35.90,35.43
404040,1100.14,1005.72,1023.98,1014.18,998.54,1009.32,1009.48,1097.74,35.75,35.61,35.46,35.41,36.01,35.75,35.80,35.28
404160,1099.68,1005.14,1023.62,1014.30,998.52,1009.12,1009.26,1097.70,35.69,35.46,35.42,35.33,36.02,35.72,35.73,35.22
404280,1099.56,1005.20,1023.66,1014.56,998.52,1009.06,1009.30,1097.70,35.73,35.47,35.47,35.35,36.07,35.78,35.72,35.23
404400,1099.86,1005.62,1023.76,1014.50,999.14,1009.08,1009.58,1097.74,35.80,35.53,35.55,35.41,36.13,35.85,35.77,35.28
404520,1100.18,1005.94,1023.94,1014.94,998.88,1009.68,1009.86,1098.54,35.96,35.66,35.69,35.53,36.21,35.98,35.87,35.41
404640,1100.66,1006.40,1024.38,1014.86,999.06,1009.80,1009.82,1098.76,36.00,35.78,35.70,35.58,36.20,36.00,35.92,35.44
404760,1100.36,1006.14,1024.18,1014.34,998.64,1009.84,1009.80,1098.34,35.87,35.69,35.57,35.49,36.09,35.86,35.88,35.38
404880,1099.78,1005.48,1023.84,1014.08,998.50,1009.32,1009.32,1097.66,35.68,35.50,35.40,35.32,36.00,35.69,35.72,35.24
405000,1099.76,1005.24,1023.66,1014.46,998.88,1009.28,1009.60,1097.86,35.75,35.48,35.47,35.35,36.07,35.78,35.71,35.26
405120,1100.02,1005.72,1023.68,1014.78,998.72,1009.38,1009.68,1098.04,35.84,35.55,35.56,35.44,36.14,35.90,35.77,35.32
405240,1100.02,1005.92,1023.64,1014.50,998.70,1009.36,1009.78,1098.18,35.82,35.58,35.54,35.44,36.07,35.83,35.77,35.31
405360,1099.62,1005.42,1023.70,1013.88,998.38,1009.20,1009.30,1097.42,35.64,35.44,35.39,35.31,35.95,35.65,35.71,35.21
405480,1099.44,1004.90,1023.58,1014.00,998.34,1008.84,1009.32,1097.18,35.57,35.32,35.33,35.22,35.95,35.64,35.63,35.14
405600,1099.70,1005.14,1023.34,1014.34,998.56,1009.18,1009.36,1097.60,35.70,35.40,35.43,35.31,36.04,35.77,35.67,35.19
405720,1099.76,1005.36,1023.36,1014.44,998.54,1009.32,1009.30,1097.48,35.74,35.49,35.48,35.35,36.05,35.79,35.71,35.23
405840,1099.42,1005.30,1023.38,1014.20,998.46,1009.14,1009.22,1097.10,35.65,35.43,35.38,35.27,35.95,35.66,35.64,35.18
405960,1099.06,1004.70,1023.18,1014.28,998.28,1008.86,1009.02,1096.52,35.49,35.26,35.24,35.15,35.87,35.53,35.54,35.08
406080,1098.98,1004.64,1022.98,1014.40,998.62,1008.72,1008.98,1096.80,35.55,35.27,35.30,35.17,35.95,35.66,35.56,35.10
406200,1099.40,1005.14,1022.88,1014.82,998.94,1008.90,1008.98,1096.98,35.67,35.39,35.40,35.27,36.01,35.73,35.62,35.16
406320,1099.16,1004.98,1023.02,1014.60,998.94,1008.86,1008.98,1097.08,35.62,35.42,35.37,35.25,35.95,35.67,35.63,35.14
406440,1098.90,1004.34,1023.00,1014.18,998.66,1008.70,1008.68,1096.48,35.47,35.27,35.22,35.14,35.83,35.51,35.54,35.05
406560,1098.72,1004.18,1022.78,1014.32,998.62,1008.34,1008.62,1096.18,35.44,35.19,35.20,35.09,35.85,35.50,35.47,35.00
406680,1098.52,1004.16,1022.52,1014.44,998.92,1008.42,1008.78,1096.24,35.47,35.20,35.24,35.12,35.88,35.54,35.48,35.00
406800,1098.78,1004.60,1022.66,1014.44,999.14,1008.36,1008.88,1096.52,35.58,35.29,35.34,35.19,35.96,35.64,35.56,35.08
406920,1099.30,1005.20,1022.66,1014.72,999.02,1009.10,1009.16,1097.34,35.76,35.47,35.48,35.34,36.04,35.79,35.68,35.21
407040,1099.42,1005.30,1023.06,1014.76,998.78,1009.36,1009.28,1097.26,35.80,35.58,35.51,35.39,36.03,35.80,35.72,35.25
407160,1099.34,1005.12,1023.06,1014.68,998.52,1009.12,1008.90,1097.22,35.68,35.51,35.38,35.31,35.93,35.68,35.67,35.19
407280,1098.74,1004.62,1022.78,1014.36,998.74,1008.70,1008.74,1096.42,35.52,35.31,35.26,35.19,35.86,35.55,35.56,35.09
407400,1098.74,1004.60,1022.84,1014.44,998.70,1008.68,1008.64,1096.72,35.58,35.31,35.33,35.22,35.93,35.65,35.58,35.10
407520,1098.82,1004.56,1022.80,1014.80,998.82,1008.76,1008.72,1096.72,35.66,35.38,35.38,35.27,35.95,35.72,35.62,35.13
407640,1099.38,1005.22,1022.84,1014.86,999.10,1009.18,1009.06,1097.58,35.79,35.48,35.50,35.36,36.03,35.82,35.69,35.23
407760,1099.56,1005.66,1023.18,1014.82,998.92,1009.82,1009.36,1097.70,35.87,35.62,35.57,35.45,36.08,35.89,35.77,35.31
407880,1099.56,1005.62,1023.24,1014.52,998.56,1009.46,1009.34,1097.44,35.78,35.62,35.50,35.40,36.01,35.81,35.75,35.27
408000,1099.22,1005.06,1023.26,1014.32,998.52,1009.10,1008.60,1097.04,35.61,35.43,35.35,35.24,35.89,35.61,35.66,35.16
408120,1098.86,1004.56,1022.84,1014.58,998.58,1008.92,1008.78,1097.00,35.59,35.34,35.34,35.22,35.92,35.62,35.61,35.13
408240,1099.06,1004.76,1022.84,1014.74,998.82,1008.84,1008.86,1096.98,35.64,35.37,35.39,35.25,35.95,35.67,35.62,35.14
408360,1099.30,1005.32,1022.80,1014.96,998.86,1009.10,1008.64,1097.12,35.70,35.44,35.45,35.31,35.99,35.72,35.65,35.19
408480,1099.52,1005.56,1023.14,1015.12,999.24,1009.60,1009.18,1097.64,35.86,35.56,35.56,35.44,36.09,35.86,35.75,35.30
408600,1099.86,1005.92,1023.20,1015.14,999.16,1009.88,1009.06,1098.20,35.91,35.66,35.59,35.47,36.10,35.89,35.79,35.34
408720,1099.52,1005.58,1023.24,1014.82,998.86,1009.64,1009.04,1097.54,35.78,35.58,35.46,35.39,35.99,35.77,35.72,35.28
408840,1099.04,1004.84,1022.84,1014.64,998.96,1009.18,1008.92,1096.82,35.59,35.40,35.31,35.23,35.92,35.59,35.62,35.15
408960,1099.22,1004.92,1022.84,1014.90,998.88,1009.00,1008.88,1096.78,35.61,35.35,35.35,35.23,35.96,35.65,35.60,35.14
409080,1099.14,1005.04,1022.86,1014.92,999.06,1009.08,1008.80,1096.82,35.64,35.38,35.39,35.26,35.98,35.68,35.60,35.15
409200,1099.56,1005.40,1023.12,1015.16,999.66,1009.54,1009.12,1097.56,35.81,35.50,35.56,35.38,36.08,35.84,35.71,35.26
409320,1100.02,1006.22,1023.16,1015.50,999.60,1010.02,1009.54,1098.26,35.97,35.69,35.68,35.53,36.17,36.00,35.84,35.40
409440,1100.22,1006.18,1023.38,1015.42,999.46,1010.16,1009.58,1098.34,35.97,35.78,35.66,35.56,36.14,35.99,35.87,35.42
409560,1099.86,1005.94,1023.40,1014.94,999.18,1009.82,1009.32,1097.76,35.80,35.66,35.50,35.46,36.02,35.83,35.81,35.33
409680,1099.44,1005.20,1023.28,1014.78,999.06,1009.58,1008.98,1097.26,35.64,35.44,35.38,35.30,35.95,35.67,35.69,35.19
409800,1099.52,1005.14,1023.36,1015.10,999.24,1009.48,1009.22,1097.52,35.70,35.43,35.44,35.32,36.02,35.78,35.68,35.21
409920,1099.72,1005.42,1023.00,1015.00,999.30,1009.82,1009.36,1097.54,35.76,35.48,35.49,35.37,36.05,35.82,35.71,35.24
410040,1099.64,1005.22,1023.00,1014.68,999.08,1009.68,1009.14,1096.84,35.69,35.45,35.42,35.33,35.98,35.74,35.67,35.19
410160,1098.64,1004.72,1023.04,1014.56,998.88,1009.14,1008.62,1096.26,35.49,35.29,35.25,35.16,35.85,35.53,35.57,35.07
410280,1098.70,1004.76,1022.84,1014.70,999.26,1008.96,1008.70,1096.32,35.50,35.24,35.25,35.15,35.89,35.58,35.52,35.04
410400,1098.96,1005.10,1022.78,1015.08,999.20,1009.22,1009.08,1096.72,35.64,35.35,35.38,35.25,35.97,35.71,35.59,35.12
410520,1099.12,1005.06,1022.84,1014.98,999.26,1009.18,1008.98,1096.80,35.65,35.42,35.39,35.27,35.95,35.70,35.62,35.14
410640,1098.70,1004.78,1022.74,1014.60,999.10,1009.14,1008.56,1096.52,35.54,35.32,35.28,35.18,35.84,35.57,35.56,35.07
410760,1098.36,1004.12,1022.34,1014.66,998.88,1008.52,1008.42,1095.78,35.40,35.17,35.15,35.06,35.79,35.43,35.44,34.98
410880,1098.60,1004.16,1022.34,1014.80,999.30,1008.62,1008.44,1095.94,35.47,35.18,35.23,35.09,35.85,35.51,35.45,34.99
411000,1098.60,1004.24,1022.24,1014.82,999.30,1008.76,1008.48,1096.00,35.54,35.24,35.29,35.16,35.89,35.55,35.50,35.02
411120,1098.74,1004.78,1022.44,1014.92,999.50,1009.16,1008.60,1096.48,35.67,35.36,35.41,35.28,35.97,35.69,35.60,35.14
411240,1099.12,1005.20,1022.52,1014.94,999.46,1009.44,1008.74,1096.92,35.74,35.47,35.45,35.33,35.98,35.74,35.66,35.19
411360,1098.92,1005.20,1022.68,1015.00,998.98,1009.18,1008.76,1096.70,35.64,35.44,35.38,35.28,35.90,35.62,35.62,35.14
411480,1098.44,1004.56,1022.64,1014.60,998.98,1009.14,1008.52,1096.16,35.48,35.26,35.22,35.13,35.80,35.48,35.52,35.03
411600,1098.46,1004.18,1022.38,1014.86,998.98,1008.90,1008.40,1096.22,35.53,35.25,35.26,35.15,35.86,35.56,35.51,35.04
411720,1098.88,1004.54,1022.36,1015.02,999.30,1009.16,1008.62,1096.24,35.62,35.31,35.34,35.22,35.91,35.65,35.54,35.09
411840,1098.96,1005.06,1022.58,1015.20,999.30,1009.74,1008.84,1096.78,35.73,35.42,35.46,35.32,36.01,35.76,35.65,35.18
411960,1099.42,1005.62,1022.74,1015.22,999.18,1009.98,1008.96,1097.40,35.84,35.55,35.53,35.40,36.05,35.83,35.72,35.26
412080,1099.24,1005.44,1022.78,1014.68,999.10,1010.00,1008.96,1097.20,35.76,35.54,35.47,35.37,35.98,35.74,35.72,35.24
412200,1098.86,1004.92,1022.78,1014.52,998.74,1009.46,1008.52,1096.46,35.57,35.38,35.30,35.23,35.86,35.55,35.64,35.12
412320,1098.74,1004.54,1022.58,1014.66,998.96,1009.18,1008.44,1096.38,35.53,35.30,35.28,35.19,35.89,35.56,35.57,35.07
412440,1098.94,1004.74,1022.52,1014.64,999.00,1009.28,1008.44,1096.16,35.56,35.30,35.32,35.21,35.92,35.60,35.56,35.08
412560,1098.82,1004.92,1022.52,1015.02,999.18,1009.48,1008.60,1096.74,35.65,35.37,35.38,35.26,35.97,35.67,35.60,35.12
412680,1099.08,1005.10,1022.92,1015.16,999.30,1009.76,1008.68,1096.84,35.73,35.47,35.46,35.34,36.02,35.76,35.67,35.20
412800,1099.00,1005.24,1022.72,1014.92,999.18,1009.88,1008.72,1096.90,35.68,35.48,35.41,35.33,35.96,35.70,35.67,35.17
412920,1098.64,1004.86,1022.58,1014.48,998.94,1009.56,1008.32,1096.10,35.51,35.33,35.24,35.18,35.84,35.51,35.56,35.07
413040,1098.62,1004.36,1022.26,1014.62,998.98,1009.24,1008.12,1095.98,35.46,35.22,35.21,35.12,35.85,35.51,35.50,35.02
413160,1098.56,1004.28,1022.26,1014.72,999.14,1009.20,1008.56,1096.04,35.52,35.25,35.27,35.15,35.89,35.57,35.51,35.03
413280,1098.76,1004.62,1022.28,1014.94,999.24,1009.38,1008.62,1096.38,35.60,35.32,35.35,35.21,35.93,35.63,35.56,35.09
413400,1099.08,1005.20,1022.34,1015.16,999.44,1010.00,1008.98,1097.06,35.77,35.45,35.48,35.35,36.03,35.78,35.66,35.21
413520,1099.12,1005.44,1022.48,1014.98,999.14,1010.22,1009.12,1097.16,35.82,35.57,35.52,35.40,36.02,35.82,35.71,35.26
413640,1099.20,1005.46,1022.66,1014.62,998.88,1009.84,1008.86,1096.98,35.71,35.52,35.41,35.32,35.92,35.69,35.70,35.20
413760,1098.62,1004.82,1022.48,1014.18,998.78,1009.48,1008.46,1096.26,35.53,35.34,35.28,35.19,35.85,35.53,35.59,35.08
413880,1098.84,1004.88,1022.34,1014.70,998.82,1009.40,1008.54,1096.18,35.58,35.33,35.32,35.21,35.92,35.63,35.57,35.09
414000,1098.78,1004.90,1022.34,1014.76,998.88,1009.60,1008.58,1096.30,35.64,35.39,35.37,35.26,35.95,35.69,35.60,35.12
414120,1099.08,1005.18,1022.38,1014.92,998.94,1009.66,1008.66,1096.88,35.74,35.46,35.45,35.33,36.00,35.77,35.67,35.20
414240,1099.38,1005.68,1022.48,1014.90,998.96,1010.10,1009.02,1097.38,35.84,35.56,35.52,35.41,36.05,35.85,35.72,35.26
414360,1099.38,1005.60,1022.70,1014.88,998.92,1010.10,1008.90,1097.24,35.78,35.55,35.47,35.39,35.99,35.77,35.72,35.24
414480,1099.04,1004.90,1022.66,1014.22,998.82,1009.84,1008.46,1096.14,35.60,35.36,35.29,35.22,35.86,35.58,35.61,35.10
414600,1098.78,1004.66,1022.56,1014.20,998.72,1009.52,1008.50,1096.12,35.52,35.26,35.26,35.16,35.87,35.56,35.54,35.06
414720,1098.76,1004.64,1022.16,1014.46,998.70,1009.36,1008.64,1096.20,35.57,35.29,35.32,35.20,35.92,35.62,35.54,35.08
414840,1098.92,1004.86,1022.46,1014.72,998.92,1009.58,1008.94,1096.66,35.68,35.34,35.41,35.28,35.97,35.69,35.60,35.13
414960,1099.20,1005.78,1022.52,1015.06,999.08,1010.18,1009.40,1097.60,35.86,35.54,35.58,35.43,36.09,35.88,35.73,35.29
415080,1099.70,1006.32,1023.04,1015.06,999.04,1010.50,1009.38,1098.06,35.97,35.72,35.66,35.53,36.14,35.97,35.83,35.40
415200,1099.54,1006.12,1023.18,1014.84,999.00,1010.68,1009.10,1097.90,35.90,35.73,35.59,35.49,36.05,35.89,35.83,35.36
415320,1099.10,1005.30,1023.18,1014.30,998.52,1010.20,1008.80,1096.90,35.69,35.56,35.40,35.35,35.93,35.68,35.71,35.22
415440,1098.88,1004.96,1022.84,1014.38,998.62,1009.84,1008.98,1096.68,35.60,35.40,35.36,35.26,35.91,35.65,35.64,35.15
415560,1099.14,1005.08,1022.78,1014.56,998.68,1009.90,1008.84,1096.42,35.63,35.39,35.39,35.27,35.96,35.68,35.62,35.14
415680,1099.22,1005.22,1022.74,1014.58,998.80,1009.68,1008.90,1096.54,35.70,35.42,35.43,35.31,36.01,35.73,35.65,35.18
415800,1099.74,1005.74,1022.96,1014.90,998.86,1010.32,1009.12,1097.56,35.87,35.56,35.56,35.44,36.10,35.88,35.74,35.30
415920,1099.86,1006.32,1023.00,1014.78,998.96,1010.82,1009.26,1097.88,35.94,35.71,35.62,35.50,36.12,35.93,35.81,35.37
416040,1099.82,1006.12,1023.30,1014.44,998.62,1010.58,1008.94,1097.30,35.81,35.64,35.53,35.44,36.03,35.81,35.78,35.30
416160,1099.06,1005.32,1023.12,1013.82,998.44,1010.22,1008.74,1096.40,35.61,35.42,35.35,35.28,35.90,35.61,35.69,35.16
416280,1099.18,1005.02,1022.92,1014.12,998.60,1010.08,1008.76,1096.50,35.61,35.39,35.39,35.26,35.96,35.66,35.65,35.15
416400,1099.40,1005.38,1022.82,1014.52,998.80,1010.26,1009.04,1097.04,35.76,35.46,35.48,35.34,36.04,35.81,35.70,35.23
416520,1099.44,1005.96,1022.80,1014.48,998.68,1010.28,1009.06,1097.10,35.76,35.54,35.49,35.36,36.02,35.80,35.72,35.25
416640,1099.06,1005.46,1022.78,1014.06,998.56,1010.14,1008.70,1096.48,35.59,35.43,35.35,35.25,35.90,35.65,35.65,35.15
416760,1098.52,1004.74,1022.78,1013.96,998.34,1009.62,1008.50,1095.90,35.48,35.27,35.23,35.13,35.83,35.51,35.55,35.06
416880,1098.68,1004.88,1022.62,1014.10,998.48,1009.66,1008.72,1096.12,35.54,35.28,35.29,35.17,35.89,35.62,35.55,35.07
417000,1098.78,1005.06,1022.30,1014.18,998.62,1009.82,1008.78,1096.12,35.60,35.33,35.34,35.22,35.92,35.65,35.58,35.10
417120,1099.18,1005.30,1022.56,1014.52,998.74,1010.08,1008.90,1096.50,35.71,35.42,35.43,35.31,35.99,35.74,35.65,35.17
417240,1099.54,1005.50,1022.74,1014.32,998.72,1010.14,1008.96,1096.74,35.77,35.53,35.48,35.36,36.01,35.79,35.71,35.22
417360,1099.08,1005.46,1022.80,1014.22,998.42,1010.02,1008.86,1096.58,35.69,35.50,35.39,35.31,35.92,35.68,35.67,35.18
417480,1098.54,1004.84,1022.60,1013.86,998.30,1009.62,1008.58,1095.84,35.50,35.31,35.24,35.15,35.82,35.51,35.56,35.06
417600,1098.50,1004.72,1022.28,1013.94,998.28,1009.48,1008.56,1095.70,35.47,35.23,35.23,35.11,35.86,35.52,35.51,35.02
417720,1098.30,1004.74,1022.20,1013.98,998.48,1009.48,1008.36,1095.76,35.48,35.23,35.25,35.13,35.87,35.54,35.51,35.02
417840,1098.68,1005.06,1022.32,1014.42,998.90,1009.62,1008.76,1096.38,35.60,35.32,35.35,35.23,35.95,35.65,35.57,35.09
417960,1098.92,1005.58,1022.44,1014.54,998.90,1010.24,1008.86,1096.80,35.75,35.46,35.46,35.34,36.02,35.78,35.67,35.21
418080,1099.04,1005.70,1022.72,1014.38,998.86,1010.12,1008.94,1096.92,35.75,35.53,35.45,35.35,35.99,35.75,35.70,35.23
418200,1098.96,1005.42,1022.76,1013.94,998.56,1009.94,1008.48,1096.12,35.59,35.42,35.31,35.22,35.87,35.58,35.61,35.13
418320,1098.56,1004.62,1022.44,1013.90,998.54,1009.68,1008.36,1095.90,35.51,35.29,35.25,35.17,35.86,35.56,35.55,35.06
418440,1098.98,1005.00,1022.40,1014.40,999.04,1009.80,1008.58,1096.44,35.66,35.37,35.41,35.27,35.97,35.73,35.62,35.15
418560,1098.96,1005.58,1022.82,1014.54,999.04,1010.20,1009.04,1096.96,35.79,35.52,35.50,35.37,36.03,35.84,35.70,35.24
418680,1098.96,1005.52,1022.82,1014.56,998.82,1010.04,1008.64,1096.74,35.73,35.53,35.46,35.36,35.97,35.77,35.70,35.23
418800,1098.50,1005.08,1022.68,1014.16,998.36,1009.88,1008.52,1096.04,35.56,35.37,35.27,35.22,35.84,35.57,35.60,35.11
418920,1098.52,1004.64,1022.32,1014.28,998.54,1009.80,1008.54,1095.78,35.52,35.27,35.27,35.18,35.88,35.60,35.55,35.06
419040,1098.60,1005.02,1022.28,1014.34,998.66,1009.72,1008.62,1095.90,35.61,35.32,35.36,35.24,35.95,35.69,35.58,35.11
419160,1099.10,1005.10,1022.32,1014.30,998.82,1010.06,1008.82,1096.44,35.69,35.41,35.43,35.30,35.98,35.74,35.64,35.16
419280,1099.18,1005.38,1022.62,1014.54,998.82,1010.18,1009.04,1096.94,35.81,35.52,35.53,35.40,36.07,35.84,35.71,35.25
419400,1099.62,1005.72,1022.82,1014.50,998.84,1010.16,1008.92,1097.26,35.84,35.61,35.54,35.43,36.06,35.84,35.75,35.28
419520,1099.24,1005.46,1022.92,1014.06,998.54,1009.98,1008.82,1096.60,35.70,35.53,35.43,35.35,35.93,35.71,35.70,35.21
419640,1098.74,1004.84,1022.68,1013.70,998.00,1009.52,1008.50,1095.90,35.52,35.33,35.27,35.19,35.86,35.54,35.57,35.08
419760,1098.76,1004.90,1022.52,1014.14,998.50,1009.66,1008.72,1096.14,35.62,35.37,35.37,35.25,35.97,35.68,35.61,35.13
419880,1099.28,1005.80,1022.48,1014.10,998.62,1010.18,1009.18,1097.00,35.82,35.50,35.51,35.38,36.06,35.85,35.70,35.26
420000,1099.54,1005.58,1022.60,1014.30,998.44,1010.32,1009.20,1097.12,35.86,35.61,35.53,35.42,36.03,35.85,35.74,35.30
420120,1099.42,1005.40,1022.70,1013.96,998.44,1010.10,1009.04,1096.70,35.71,35.52,35.39,35.34,35.94,35.70,35.70,35.23
420240,1098.88,1004.76,1022.72,1013.86,997.96,1009.84,1008.42,1096.14,35.53,35.32,35.26,35.20,35.85,35.55,35.57,35.11
420360,1098.64,1004.74,1022.44,1014.08,998.44,1010.00,1009.02,1096.46,35.63,35.35,35.39,35.27,35.96,35.72,35.59,35.15
420480,1099.52,1005.66,1022.62,1014.32,998.54,1010.44,1009.02,1097.50,35.85,35.54,35.56,35.42,36.08,35.90,35.73,35.30
420600,1099.78,1006.14,1022.96,1014.42,998.54,1010.60,1009.38,1097.62,35.89,35.67,35.59,35.48,36.08,35.93,35.79,35.35
420720,1099.48,1005.88,1023.06,1013.76,998.20,1010.44,1008.92,1096.98,35.77,35.62,35.47,35.39,35.99,35.80,35.76,35.29
420840,1099.24,1005.16,1022.84,1013.70,998.22,1010.16,1008.94,1096.30,35.63,35.45,35.35,35.26,35.92,35.64,35.65,35.17
420960,1099.12,1004.94,1022.66,1013.70,998.44,1010.06,1008.86,1096.34,35.65,35.40,35.38,35.27,35.97,35.70,35.62,35.16
421080,1099.06,1005.08,1022.56,1013.98,998.72,1010.00,1008.84,1096.32,35.65,35.39,35.39,35.28,35.96,35.70,35.62,35.15
421200,1099.16,1005.34,1022.68,1014.50,998.66,1010.02,1008.98,1096.76,35.75,35.44,35.48,35.36,36.02,35.78,35.67,35.22
421320,1099.80,1005.88,1022.86,1014.34,998.58,1010.58,1009.26,1097.40,35.89,35.58,35.59,35.45,36.11,35.91,35.76,35.32
421440,1099.78,1006.14,1023.14,1014.24,998.48,1010.56,1009.26,1097.28,35.89,35.66,35.60,35.48,36.07,35.88,35.80,35.34
421560,1099.48,1005.76,1023.16,1013.76,998.24,1010.34,1008.80,1096.96,35.74,35.55,35.45,35.36,35.94,35.71,35.72,35.25
421680,1099.02,1005.14,1022.82,1013.62,998.30,1009.96,1008.80,1096.28,35.58,35.35,35.31,35.23,35.90,35.59,35.62,35.14
421800,1098.94,1005.04,1022.58,1013.54,998.40,1009.50,1008.82,1096.18,35.58,35.31,35.33,35.23,35.93,35.62,35.58,35.11
421920,1098.88,1004.94,1022.66,1013.60,998.48,1009.46,1008.88,1096.12,35.59,35.30,35.34,35.23,35.93,35.62,35.57,35.11
422040,1098.96,1005.10,1022.60,1013.76,998.48,1009.98,1008.86,1096.14,35.68,35.38,35.41,35.29,36.00,35.70,35.63,35.15
422160,1098.94,1005.52,1022.78,1013.84,998.56,1010.10,1008.92,1096.54,35.73,35.45,35.45,35.35,36.02,35.75,35.67,35.19
422280,1099.50,1005.56,1022.86,1013.94,998.42,1010.42,1008.96,1097.00,35.83,35.55,35.55,35.43,36.09,35.86,35.73,35.28
422400,1099.84,1005.80,1023.04,1013.90,998.40,1010.50,1009.12,1097.32,35.86,35.62,35.55,35.46,36.08,35.85,35.77,35.30
422520,1099.46,1005.46,1023.08,1013.64,998.08,1010.08,1009.20,1096.56,35.73,35.53,35.41,35.35,35.97,35.71,35.72,35.23
422640,1098.86,1004.94,1022.78,1013.70,998.04,1009.88,1009.10,1096.08,35.55,35.35,35.29,35.22,35.88,35.55,35.62,35.11
422760,1099.04,1005.00,1022.70,1013.72,998.26,1010.06,1009.28,1096.50,35.66,35.37,35.40,35.27,35.97,35.70,35.64,35.15
422880,1099.56,1005.52,1022.80,1014.12,998.46,1010.48,1009.78,1097.00,35.79,35.51,35.51,35.39,36.07,35.84,35.72,35.25
423000,1099.34,1005.90,1023.06,1014.00,998.44,1010.48,1009.70,1097.02,35.78,35.58,35.49,35.40,36.03,35.81,35.74,35.27
423120,1099.14,1005.46,1023.02,1013.48,997.96,1010.04,1008.90,1096.30,35.64,35.44,35.36,35.28,35.87,35.60,35.65,35.16
423240,1098.72,1004.90,1022.90,1013.54,997.86,1009.66,1008.50,1095.88,35.49,35.28,35.25,35.17,35.84,35.53,35.55,35.07
423360,1098.72,1004.90,1022.62,1013.50,998.22,1009.68,1008.52,1095.84,35.54,35.28,35.31,35.19,35.91,35.61,35.55,35.07
423480,1098.76,1005.06,1022.46,1013.70,998.30,1009.78,1008.70,1096.14,35.59,35.33,35.36,35.23,35.95,35.67,35.57,35.10
423600,1099.30,1005.54,1022.66,1013.86,998.64,1009.88,1009.20,1096.54,35.75,35.47,35.48,35.34,36.03,35.79,35.66,35.22
423720,1099.32,1005.86,1022.92,1013.84,998.42,1010.06,1009.50,1096.78,35.80,35.56,35.52,35.40,36.04,35.81,35.71,35.25
423840,1099.24,1005.62,1022.80,1013.44,998.34,1010.12,1009.34,1096.42,35.70,35.50,35.40,35.33,35.92,35.70,35.68,35.19
423960,1098.86,1005.00,1022.62,1013.24,998.06,1009.88,1008.70,1095.66,35.53,35.31,35.27,35.18,35.86,35.53,35.57,35.09
424080,1098.84,1004.86,1022.56,1013.60,998.24,1009.48,1008.46,1095.70,35.53,35.26,35.27,35.17,35.90,35.56,35.53,35.06
424200,1098.62,1004.90,1022.38,1013.56,998.14,1009.46,1008.60,1095.80,35.53,35.26,35.29,35.18,35.90,35.56,35.52,35.06
424320,1098.80,1005.08,1022.26,1013.76,998.42,1009.84,1009.02,1096.18,35.65,35.35,35.39,35.28,35.98,35.67,35.58,35.14
424440,1099.28,1005.54,1022.44,1013.78,998.28,1010.04,1009.34,1096.54,35.75,35.47,35.47,35.35,36.02,35.76,35.66,35.21
424560,1099.24,1005.66,1022.46,1013.62,998.22,1009.74,1009.32,1096.44,35.70,35.47,35.40,35.32,35.95,35.67,35.66,35.18
424680,1098.62,1004.92,1022.36,1013.20,997.86,1009.68,1008.60,1095.84,35.50,35.32,35.26,35.16,35.84,35.51,35.58,35.07
424800,1098.32,1004.56,1022.08,1013.54,998.08,1009.42,1008.34,1095.38,35.47,35.23,35.23,35.14,35.85,35.52,35.51,35.02
424920,1098.32,1004.70,1022.14,1013.48,998.12,1009.20,1008.26,1095.20,35.48,35.22,35.24,35.14,35.85,35.52,35.50,35.01
425040,1098.46,1004.94,1022.14,1013.54,998.16,1009.32,1008.30,1095.56,35.57,35.26,35.30,35.19,35.93,35.62,35.54,35.06
425160,1098.80,1005.22,1022.26,1013.70,998.18,1009.64,1009.22,1096.26,35.71,35.41,35.43,35.31,36.00,35.74,35.62,35.16
425280,1098.76,1005.54,1022.64,1013.66,998.28,1009.76,1009.34,1096.10,35.70,35.48,35.42,35.33,35.97,35.72,35.66,35.17
425400,1098.44,1005.06,1022.50,1013.00,997.98,1009.62,1008.72,1095.64,35.56,35.38,35.30,35.23,35.86,35.57,35.61,35.08
425520,1098.28,1004.56,1022.26,1013.04,997.90,1009.30,1008.08,1095.48,35.46,35.24,35.21,35.13,35.83,35.49,35.51,35.02
425640,1098.26,1004.62,1021.88,1013.14,997.78,1009.12,1007.96,1094.92,35.42,35.18,35.19,35.11,35.81,35.47,35.46,34.98
425760,1097.82,1004.14,1021.78,1012.78,997.56,1008.90,1007.22,1094.56,35.30,35.06,35.08,35.00,35.70,35.34,35.38,34.90
425880,1097.20,1003.58,1021.50,1012.64,997.48,1008.48,1006.58,1093.64,35.14,34.90,34.93,34.84,35.59,35.16,35.26,34.76
426000,1097.14,1003.64,1021.28,1013.44,998.04,1008.52,1006.76,1094.18,35.23,34.95,35.03,34.88,35.67,35.33,35.26,34.80
426120,1097.78,1004.40,1021.40,1013.42,997.98,1008.76,1007.74,1094.88,35.46,35.13,35.20,35.06,35.81,35.54,35.40,34.94
426240,1097.92,1004.88,1021.62,1013.42,998.24,1009.16,1007.90,1095.20,35.57,35.33,35.28,35.15,35.84,35.62,35.49,35.03
426360,1097.86,1004.44,1021.52,1013.26,997.80,1009.26,1007.82,1094.90,35.50,35.28,35.20,35.10,35.75,35.52,35.48,34.99
426480,1097.52,1004.00,1021.36,1013.22,997.82,1008.84,1007.42,1094.44,35.34,35.11,35.07,34.97,35.67,35.35,35.37,34.89
426600,1097.50,1003.80,1021.46,1013.10,997.76,1008.56,1007.18,1094.52,35.34,35.07,35.09,34.98,35.72,35.39,35.35,34.88
426720,1097.76,1003.74,1021.12,1013.38,998.08,1008.56,1007.30,1094.38,35.41,35.10,35.16,35.03,35.77,35.47,35.37,34.90
426840,1098.00,1004.46,1021.10,1013.46,998.12,1008.90,1007.82,1095.34,35.60,35.26,35.32,35.16,35.89,35.61,35.49,35.02
426960,1098.42,1005.14,1021.68,1013.48,998.16,1009.50,1008.42,1096.18,35.73,35.43,35.42,35.29,35.94,35.73,35.60,35.14
427080,1098.44,1005.16,1021.72,1013.28,998.04,1009.48,1008.54,1096.20,35.68,35.49,35.40,35.29,35.88,35.67,35.63,35.16
427200,1098.02,1004.70,1021.70,1012.86,997.86,1008.94,1007.90,1095.30,35.53,35.35,35.24,35.17,35.78,35.49,35.54,35.04
427320,1097.96,1004.06,1021.58,1013.06,997.98,1008.80,1007.86,1095.14,35.48,35.25,35.21,35.13,35.79,35.51,35.48,35.01
427440,1098.20,1004.54,1021.44,1013.46,998.02,1008.94,1007.78,1095.50,35.58,35.30,35.31,35.19,35.87,35.61,35.52,35.06
427560,1098.34,1004.96,1021.72,1013.70,998.30,1009.26,1008.06,1095.88,35.66,35.39,35.40,35.28,35.92,35.69,35.58,35.14
427680,1098.92,1005.48,1021.88,1013.68,998.14,1009.86,1008.80,1096.54,35.81,35.51,35.51,35.39,36.02,35.81,35.68,35.24
427800,1099.10,1005.58,1021.96,1013.50,998.12,1009.90,1008.78,1096.80,35.83,35.60,35.53,35.41,36.00,35.83,35.73,35.27
427920,1098.82,1005.02,1022.02,1013.30,997.96,1009.68,1008.48,1096.06,35.70,35.50,35.41,35.32,35.88,35.66,35.68,35.19
428040,1098.30,1004.68,1021.82,1012.72,997.84,1009.34,1007.76,1095.42,35.52,35.31,35.26,35.19,35.82,35.51,35.54,35.08
428160,1097.90,1004.24,1021.34,1012.74,997.74,1008.72,1007.18,1094.76,35.38,35.12,35.16,35.08,35.76,35.39,35.44,34.98
428280,1097.38,1003.92,1021.18,1012.70,997.66,1008.00,1006.28,1093.86,35.20,34.93,34.98,34.93,35.65,35.19,35.28,34.84
428400,1097.00,1003.32,1020.72,1012.82,997.80,1008.08,1006.02,1093.74,35.17,34.86,34.93,34.86,35.64,35.21,35.21,34.78
428520,1097.20,1003.46,1020.76,1013.40,998.00,1008.36,1006.42,1094.14,35.32,34.99,35.08,34.96,35.73,35.38,35.28,34.85
428640,1097.48,1004.08,1020.82,1013.14,997.96,1008.44,1007.00,1094.30,35.41,35.11,35.15,35.04,35.74,35.45,35.36,34.92
428760,1097.36,1004.00,1020.78,1012.58,997.68,1008.50,1006.98,1094.10,35.34,35.11,35.09,35.01,35.65,35.37,35.35,34.88
428880,1097.20,1003.46,1020.64,1012.62,997.64,1008.02,1006.24,1093.68,35.22,34.98,34.98,34.90,35.59,35.25,35.26,34.79
429000,1097.28,1003.50,1020.42,1012.88,997.76,1008.18,1006.56,1093.94,35.33,35.03,35.09,34.96,35.68,35.37,35.29,34.84
429120,1097.60,1003.82,1020.76,1013.08,998.00,1008.44,1006.98,1094.58,35.48,35.16,35.20,35.09,35.76,35.51,35.38,34.95
429240,1097.64,1003.98,1020.86,1013.20,997.82,1008.50,1007.02,1094.60,35.49,35.23,35.20,35.10,35.74,35.50,35.40,34.96
429360,1097.32,1003.76,1020.86,1012.98,997.90,1008.26,1006.46,1094.18,35.35,35.10,35.09,35.00,35.65,35.36,35.34,34.89
429480,1097.32,1003.34,1020.66,1012.94,997.82,1008.16,1006.36,1094.02,35.31,35.04,35.05,34.97,35.66,35.34,35.29,34.84
429600,1097.12,1003.34,1020.52,1012.92,997.80,1008.16,1006.44,1093.96,35.33,35.04,35.08,34.98,35.69,35.38,35.30,34.84
429720,1097.34,1003.38,1020.58,1013.26,997.90,1008.14,1006.78,1094.18,35.38,35.09,35.16,35.04,35.73,35.43,35.34,34.88
429840,1097.64,1004.06,1020.88,1013.68,997.98,1008.54,1007.30,1095.14,35.57,35.23,35.28,35.17,35.82,35.58,35.44,35.01
429960,1097.78,1004.44,1020.96,1013.10,997.96,1008.76,1007.52,1095.24,35.61,35.35,35.31,35.21,35.81,35.60,35.51,35.06
430080,1097.62,1004.10,1020.82,1012.86,997.50,1008.60,1007.14,1094.96,35.49,35.29,35.20,35.13,35.71,35.49,35.48,35.00
430200,1097.28,1003.46,1020.64,1012.78,997.62,1008.50,1006.52,1094.44,35.37,35.14,35.11,35.04,35.68,35.38,35.37,34.91
430320,1097.16,1003.50,1020.66,1012.98,997.50,1008.40,1006.52,1094.52,35.40,35.13,35.15,35.05,35.73,35.44,35.36,34.92
430440,1097.22,1003.64,1020.66,1013.06,997.68,1008.40,1006.50,1094.50,35.43,35.15,35.18,35.06,35.73,35.45,35.38,34.93
430560,1097.62,1004.14,1020.64,1013.12,998.02,1008.90,1007.12,1094.98,35.56,35.24,35.28,35.15,35.81,35.57,35.44,35.01
430680,1097.80,1004.42,1020.88,1013.08,997.82,1009.06,1007.30,1095.28,35.63,35.36,35.33,35.22,35.84,35.63,35.51,35.07
430800,1097.90,1004.28,1020.90,1012.74,997.70,1008.88,1007.34,1094.84,35.55,35.35,35.24,35.16,35.78,35.55,35.51,35.03
430920,1097.28,1003.70,1020.96,1012.72,997.50,1008.68,1006.68,1094.44,35.39,35.20,35.12,35.06,35.69,35.40,35.43,34.93
431040,1097.28,1003.78,1020.78,1013.18,997.78,1008.66,1006.60,1094.60,35.46,35.19,35.20,35.09,35.75,35.49,35.43,34.96
431160,1097.72,1004.04,1020.84,1013.18,997.82,1008.98,1006.66,1094.98,35.56,35.28,35.27,35.15,35.81,35.58,35.47,35.02
431280,1097.82,1004.30,1020.80,1012.86,997.72,1009.06,1006.90,1095.02,35.52,35.29,35.23,35.14,35.74,35.52,35.47,35.00
431400,1097.18,1003.66,1020.80,1012.72,997.70,1008.86,1006.16,1094.38,35.36,35.15,35.10,35.01,35.65,35.37,35.40,34.91
431520,1097.22,1003.42,1020.54,1012.82,997.72,1008.40,1006.14,1094.32,35.36,35.10,35.11,35.00,35.69,35.38,35.35,34.89
431640,1097.36,1003.66,1020.44,1013.06,997.80,1008.50,1006.36,1094.34,35.43,35.14,35.17,35.06,35.74,35.48,35.39,34.92
431760,1097.40,1004.06,1020.66,1013.18,997.94,1008.48,1006.50,1094.68,35.50,35.21,35.22,35.12,35.79,35.52,35.43,34.97
431880,1097.90,1004.48,1020.64,1013.24,998.10,1008.90,1007.28,1095.04,35.62,35.32,35.34,35.21,35.86,35.63,35.53,35.07
432000,1097.86,1004.54,1020.74,1013.06,997.80,1008.94,1007.18,1095.10,35.61,35.39,35.32,35.22,35.82,35.61,35.54,35.08
432120,1097.48,1004.18,1020.82,1012.66,997.62,1008.92,1006.66,1094.58,35.48,35.26,35.19,35.10,35.71,35.46,35.47,34.99
432240,1097.16,1003.82,1020.56,1012.52,997.64,1008.52,1006.32,1094.22,35.38,35.14,35.12,35.02,35.69,35.39,35.38,34.91
432360,1097.34,1003.72,1020.72,1012.88,997.68,1008.46,1006.04,1094.32,35.39,35.11,35.13,35.03,35.72,35.41,35.37,34.91
432480,1097.06,1003.74,1020.80,1012.96,997.70,1008.68,1006.16,1094.42,35.40,35.12,35.16,35.05,35.74,35.42,35.37,34.92
432600,1097.52,1004.32,1020.84,1013.10,997.74,1008.80,1006.50,1095.10,35.56,35.27,35.28,35.18,35.84,35.57,35.46,35.03
432720,1097.80,1004.64,1020.86,1013.08,997.76,1009.14,1007.08,1095.26,35.63,35.38,35.32,35.23,35.85,35.62,35.52,35.09
432840,1097.74,1004.62,1020.86,1012.74,997.62,1009.06,1006.68,1094.86,35.56,35.34,35.22,35.16,35.75,35.53,35.49,35.04
432960,1097.22,1003.88,1020.84,1012.60,997.60,1008.70,1006.16,1094.14,35.40,35.19,35.10,35.05,35.70,35.39,35.41,34.94
433080,1097.30,1003.88,1020.74,1012.76,997.64,1008.64,1006.00,1094.40,35.43,35.16,35.15,35.06,35.75,35.46,35.39,34.94
433200,1097.36,1003.96,1020.64,1012.82,997.68,1008.60,1006.02,1094.44,35.44,35.18,35.17,35.08,35.75,35.46,35.41,34.94
433320,1097.06,1003.90,1020.40,1012.78,997.30,1008.54,1005.74,1093.98,35.34,35.11,35.08,35.01,35.66,35.36,35.37,34.88
433440,1096.96,1003.50,1020.46,1012.70,997.44,1008.42,1005.80,1093.90,35.32,35.06,35.07,34.99,35.67,35.36,35.33,34.86
433560,1097.04,1003.54,1020.36,1012.56,997.46,1008.04,1005.60,1093.70,35.30,35.03,35.06,34.97,35.65,35.33,35.31,34.83
433680,1096.76,1003.06,1020.02,1012.22,997.06,1007.94,1004.86,1093.36,35.18,34.92,34.95,34.87,35.55,35.21,35.22,34.76
433800,1096.48,1003.02,1019.92,1012.36,997.14,1007.62,1004.70,1092.92,35.14,34.86,34.92,34.83,35.55,35.17,35.17,34.72
433920,1096.32,1002.98,1019.80,1012.28,997.16,1007.72,1004.42,1092.80,35.10,34.79,34.90,34.79,35.51,35.13,35.12,34.68
434040,1096.14,1002.56,1019.48,1012.24,997.18,1007.34,1004.06,1092.38,35.01,34.72,34.81,34.72,35.45,35.04,35.05,34.62
434160,1095.98,1002.32,1019.40,1012.28,997.24,1007.10,1004.04,1092.38,35.02,34.71,34.81,34.72,35.47,35.05,35.04,34.60
434280,1095.56,1002.40,1019.30,1012.14,997.38,1007.04,1003.66,1091.96,34.97,34.66,34.75,34.66,35.41,34.99,34.98,34.56
434400,1095.44,1002.00,1018.96,1012.10,997.12,1006.82,1003.44,1091.76,34.89,34.59,34.69,34.61,35.36,34.93,34.93,34.51
434520,1095.40,1001.80,1018.90,1012.18,997.12,1006.74,1003.54,1091.74,34.90,34.60,34.71,34.61,35.36,34.96,34.94,34.49
434640,1095.32,1001.76,1018.80,1011.88,997.22,1006.62,1003.20,1091.18,34.82,34.52,34.64,34.54,35.29,34.88,34.89,34.43
434760,1094.84,1001.48,1018.64,1011.94,996.96,1006.28,1002.94,1090.80,34.77,34.47,34.57,34.49,35.27,34.82,34.83,34.39
434880,1094.58,1001.52,1018.38,1012.02,997.16,1006.18,1002.90,1090.72,34.81,34.51,34.61,34.51,35.29,34.87,34.85,34.39
435000,1094.50,1001.46,1018.16,1012.08,996.84,1006.14,1002.80,1090.80,34.78,34.49,34.59,34.49,35.24,34.83,34.84,34.37
435120,1094.40,1001.14,1017.94,1012.26,997.04,1006.12,1002.90,1090.84,34.78,34.49,34.59,34.50,35.23,34.82,34.84,34.36
435240,1094.30,1001.06,1017.82,1011.90,996.92,1005.90,1002.52,1090.62,34.75,34.46,34.53,34.46,35.19,34.77,34.81,34.33
435360,1093.86,1000.52,1017.78,1011.92,996.92,1005.74,1002.16,1090.16,34.67,34.39,34.48,34.39,35.14,34.70,34.75,34.28
435480,1093.92,1000.44,1017.64,1012.04,996.96,1005.46,1002.14,1090.12,34.68,34.39,34.49,34.40,35.16,34.72,34.74,34.27
435600,1093.74,1000.30,1017.26,1011.88,997.14,1005.52,1001.90,1090.02,34.64,34.35,34.44,34.36,35.11,34.66,34.71,34.24
435720,1093.60,1000.26,1017.20,1012.16,996.88,1005.52,1001.82,1090.02,34.67,34.37,34.47,34.36,35.13,34.70,34.70,34.25
435840,1093.64,1000.34,1017.08,1012.08,996.90,1005.50,1002.02,1090.10,34.75,34.45,34.52,34.42,35.16,34.77,34.75,34.28
435960,1093.32,1000.38,1017.02,1012.10,996.92,1005.20,1001.98,1089.92,34.71,34.43,34.49,34.40,35.11,34.73,34.73,34.26
436080,1093.36,1000.12,1016.92,1012.06,996.86,1005.28,1001.72,1090.08,34.69,34.41,34.49,34.39,35.12,34.72,34.70,34.26
436200,1093.38,1000.02,1016.86,1011.94,996.80,1005.42,1001.94,1089.88,34.70,34.41,34.49,34.38,35.11,34.71,34.71,34.25
436320,1092.90,999.78,1016.80,1011.84,997.10,1005.02,1001.54,1089.44,34.61,34.34,34.41,34.31,35.05,34.63,34.66,34.19
436440,1093.06,999.56,1016.68,1012.28,997.18,1005.04,1001.46,1089.52,34.66,34.37,34.46,34.35,35.10,34.71,34.66,34.21
436560,1093.28,999.62,1016.60,1012.34,997.28,1005.18,1001.82,1089.84,34.78,34.46,34.55,34.41,35.16,34.81,34.73,34.28
436680,1093.24,1000.10,1016.44,1012.24,997.14,1005.24,1002.04,1090.30,34.83,34.55,34.57,34.47,35.16,34.84,34.77,34.32
436800,1093.72,1000.06,1016.48,1012.32,997.20,1005.66,1002.58,1090.76,34.93,34.62,34.66,34.56,35.22,34.94,34.83,34.39
436920,1093.62,1000.36,1016.60,1012.38,997.08,1005.82,1002.64,1090.96,34.95,34.70,34.68,34.59,35.23,34.95,34.88,34.43
437040,1093.58,1000.38,1016.64,1012.34,997.14,1005.74,1002.50,1091.22,34.98,34.71,34.69,34.60,35.23,34.96,34.89,34.44
437160,1093.74,1000.26,1016.90,1012.24,997.06,1005.76,1002.86,1091.30,34.99,34.73,34.71,34.63,35.24,34.99,34.92,34.47
437280,1093.78,1000.38,1016.74,1012.32,997.06,1005.76,1003.10,1091.20,34.94,34.70,34.67,34.60,35.20,34.94,34.91,34.44
437400,1093.92,1000.46,1016.72,1012.42,996.96,1005.82,1003.18,1091.24,34.97,34.71,34.72,34.62,35.25,34.99,34.94,34.47
437520,1094.00,1000.70,1016.76,1012.46,997.08,1006.12,1003.28,1091.60,35.07,34.80,34.79,34.70,35.31,35.11,34.99,34.53
437640,1093.98,1000.68,1016.90,1012.34,997.10,1006.28,1003.30,1091.64,35.04,34.81,34.76,34.69,35.27,35.05,34.99,34.53
437760,1094.04,1000.56,1016.80,1012.56,997.12,1006.30,1003.14,1091.62,35.06,34.80,34.78,34.69,35.29,35.06,34.99,34.54
437880,1094.08,1000.88,1017.02,1012.64,997.18,1006.54,1003.36,1091.82,35.13,34.85,34.84,34.74,35.34,35.14,35.02,34.59
438000,1094.20,1000.90,1017.02,1012.32,997.22,1006.42,1003.30,1091.70,35.10,34.85,34.80,34.73,35.29,35.09,35.02,34.58
438120,1094.12,1001.04,1017.06,1012.38,997.44,1006.50,1003.26,1091.64,35.09,34.82,34.80,34.73,35.30,35.08,35.02,34.57
438240,1094.40,1001.06,1017.32,1012.54,997.40,1006.44,1003.50,1092.00,35.16,34.87,34.86,34.78,35.36,35.16,35.05,34.62
438360,1094.42,1001.22,1017.30,1012.44,997.34,1006.58,1003.74,1092.08,35.12,34.89,34.84,34.77,35.32,35.12,35.06,34.61
438480,1094.52,1001.10,1017.36,1012.36,997.32,1006.66,1003.68,1092.00,35.09,34.86,34.81,34.74,35.32,35.09,35.06,34.59
438600,1094.30,1000.96,1017.36,1012.38,997.36,1006.58,1003.32,1091.70,35.03,34.78,34.77,34.70,35.29,35.05,35.02,34.56
438720,1093.84,1000.68,1017.24,1012.16,997.22,1006.36,1002.74,1091.24,34.92,34.67,34.67,34.60,35.22,34.93,34.93,34.47
438840,1093.84,1000.42,1017.02,1012.30,997.08,1006.22,1002.32,1091.08,34.90,34.62,34.66,34.57,35.24,34.92,34.89,34.44
438960,1093.54,1000.30,1016.98,1012.04,997.00,1005.88,1002.16,1090.64,34.85,34.58,34.61,34.54,35.21,34.87,34.86,34.40
439080,1093.22,1000.08,1016.86,1012.08,997.16,1005.62,1001.82,1090.52,34.74,34.49,34.51,34.44,35.13,34.76,34.78,34.32
439200,1093.26,999.82,1016.46,1012.20,996.98,1005.74,1001.80,1090.32,34.75,34.48,34.53,34.43,35.14,34.79,34.77,34.31
439320,1093.22,999.94,1016.32,1012.20,996.90,1005.76,1001.58,1090.20,34.73,34.47,34.52,34.42,35.13,34.76,34.75,34.29
439440,1093.04,999.84,1016.30,1012.32,996.96,1005.66,1001.58,1090.20,34.73,34.45,34.51,34.41,35.11,34.76,34.73,34.28
439560,1093.10,999.84,1016.14,1012.24,996.94,1005.60,1001.74,1090.16,34.78,34.50,34.56,34.45,35.14,34.81,34.76,34.31
439680,1093.02,999.78,1016.14,1012.22,996.94,1005.56,1001.68,1090.20,34.75,34.50,34.53,34.43,35.10,34.77,34.75,34.29
439800,1092.82,999.54,1016.14,1012.08,996.96,1005.56,1001.60,1090.22,34.75,34.48,34.52,34.42,35.09,34.77,34.74,34.29
439920,1092.78,999.66,1016.00,1012.18,997.16,1005.68,1001.88,1090.20,34.80,34.53,34.57,34.45,35.12,34.83,34.77,34.31
440040,1092.68,999.58,1016.00,1011.88,997.02,1005.66,1001.58,1089.94,34.75,34.50,34.51,34.42,35.06,34.78,34.75,34.28
440160,1092.62,999.56,1015.92,1012.04,996.94,1005.58,1001.56,1090.00,34.73,34.47,34.49,34.40,35.06,34.75,34.73,34.26
440280,1092.80,999.48,1016.02,1012.16,997.16,1005.64,1001.64,1090.10,34.79,34.50,34.54,34.45,35.11,34.82,34.74,34.30
440400,1092.72,999.56,1015.96,1012.20,997.04,1005.58,1001.58,1090.04,34.76,34.49,34.49,34.42,35.06,34.76,34.73,34.28
440520,1092.56,999.34,1015.92,1012.04,997.28,1005.62,1001.68,1090.06,34.76,34.47,34.49,34.41,35.08,34.79,34.73,34.28
440640,1092.68,999.84,1015.90,1012.12,997.06,1005.84,1001.86,1090.18,34.85,34.53,34.57,34.47,35.13,34.85,34.77,34.33
440760,1092.92,999.98,1015.88,1012.18,997.10,1005.90,1001.82,1090.32,34.84,34.57,34.57,34.47,35.11,34.84,34.79,34.34
440880,1092.88,999.96,1016.00,1012.32,997.00,1005.92,1001.78,1090.30,34.89,34.61,34.62,34.50,35.15,34.88,34.82,34.37
441000,1093.18,1000.12,1016.00,1012.14,997.22,1006.20,1001.86,1090.54,34.92,34.64,34.64,34.54,35.17,34.91,34.84,34.39
441120,1093.02,999.92,1016.00,1012.06,996.88,1006.14,1001.82,1090.48,34.86,34.60,34.58,34.51,35.12,34.84,34.82,34.36
441240,1093.08,999.80,1016.06,1011.96,996.80,1006.04,1001.98,1090.52,34.87,34.60,34.61,34.53,35.14,34.88,34.82,34.37
441360,1093.46,1000.14,1016.10,1011.96,996.88,1006.26,1002.16,1090.76,34.96,34.67,34.67,34.58,35.20,34.96,34.87,34.43
441480,1093.22,1000.14,1016.06,1011.94,996.86,1006.18,1002.22,1090.70,34.93,34.69,34.66,34.56,35.16,34.93,34.89,34.42
441600,1093.28,1000.06,1016.08,1011.82,996.88,1006.10,1002.18,1090.76,34.94,34.67,34.65,34.57,35.17,34.92,34.88,34.42
441720,1093.50,1000.20,1016.16,1011.80,996.82,1006.36,1002.26,1090.78,34.93,34.66,34.65,34.57,35.17,34.92,34.87,34.42
441840,1093.16,1000.00,1016.02,1011.72,996.74,1006.32,1001.82,1090.52,34.86,34.60,34.59,34.52,35.12,34.86,34.82,34.38
441960,1093.08,999.96,1015.92,1011.82,996.84,1006.22,1001.74,1090.52,34.84,34.56,34.57,34.50,35.12,34.84,34.80,34.36
442080,1093.00,999.72,1016.04,1011.78,996.78,1005.98,1001.86,1089.88,34.74,34.47,34.50,34.43,35.05,34.76,34.76,34.30
442200,1092.48,999.46,1015.56,1011.82,996.82,1005.98,1001.34,1089.92,34.70,34.41,34.46,34.39,35.06,34.71,34.71,34.27
442320,1092.60,999.74,1015.58,1011.82,997.06,1005.80,1001.54,1089.86,34.77,34.46,34.52,34.43,35.10,34.79,34.73,34.29
442440,1092.64,999.82,1015.56,1011.96,997.00,1005.80,1001.28,1089.78,34.75,34.48,34.51,34.42,35.06,34.76,34.73,34.29
442560,1092.74,999.70,1015.58,1012.00,997.04,1005.80,1001.28,1089.98,34.77,34.49,34.52,34.43,35.08,34.76,34.74,34.30
442680,1092.86,999.94,1015.62,1012.22,997.10,1006.20,1001.76,1090.46,34.91,34.60,34.64,34.53,35.16,34.92,34.81,34.39
442800,1093.24,1000.18,1015.70,1012.10,997.04,1006.50,1001.92,1090.66,34.97,34.70,34.68,34.58,35.17,34.96,34.86,34.44
442920,1093.22,1000.22,1015.82,1011.88,996.92,1006.46,1002.10,1090.94,34.97,34.71,34.69,34.60,35.19,34.96,34.87,34.45
443040,1093.22,1000.42,1016.04,1011.98,996.98,1006.48,1002.38,1091.02,35.03,34.74,34.73,34.64,35.24,35.01,34.91,34.49
443160,1093.32,1000.46,1015.92,1011.66,996.90,1006.50,1002.38,1091.00,34.99,34.73,34.69,34.61,35.18,34.96,34.91,34.47
443280,1093.00,1000.06,1015.92,1011.66,996.72,1006.54,1002.08,1090.84,34.93,34.66,34.64,34.57,35.14,34.90,34.86,34.44
443400,1093.12,1000.04,1015.80,1011.80,996.72,1006.54,1002.18,1090.74,34.95,34.66,34.67,34.58,35.17,34.94,34.86,34.45
443520,1092.94,1000.22,1015.70,1011.70,996.80,1006.42,1001.76,1090.52,34.89,34.60,34.60,34.55,35.13,34.89,34.84,34.41
443640,1092.84,999.86,1015.62,1011.70,996.80,1006.00,1001.68,1090.26,34.80,34.52,34.54,34.47,35.07,34.80,34.77,34.36
443760,1092.84,999.72,1015.58,1011.80,996.98,1006.20,1001.78,1090.14,34.83,34.52,34.56,34.48,35.11,34.84,34.77,34.36
443880,1092.88,999.78,1015.60,1011.78,996.84,1006.00,1001.50,1089.96,34.79,34.51,34.53,34.45,35.07,34.80,34.75,34.34
444000,1092.74,999.60,1015.58,1011.86,996.80,1005.96,1001.24,1089.92,34.74,34.46,34.49,34.42,35.05,34.74,34.72,34.29
444120,1092.70,999.62,1015.44,1012.04,996.74,1005.94,1001.54,1089.96,34.78,34.48,34.52,34.45,35.09,34.80,34.73,34.31
444240,1092.68,999.62,1015.56,1011.94,996.94,1006.04,1001.04,1089.80,34.75,34.47,34.49,34.42,35.04,34.76,34.72,34.29
444360,1092.58,999.54,1015.24,1012.04,996.98,1006.02,1001.04,1089.72,34.73,34.45,34.47,34.40,35.03,34.74,34.69,34.27
444480,1092.58,999.68,1015.30,1012.12,997.04,1006.04,1001.48,1089.74,34.79,34.50,34.52,34.44,35.08,34.80,34.72,34.30
444600,1092.48,999.62,1015.30,1012.20,996.96,1006.24,1001.26,1089.94,34.78,34.51,34.51,34.43,35.05,34.77,34.73,34.29
444720,1092.44,999.78,1015.24,1012.18,997.00,1006.14,1001.24,1089.76,34.78,34.50,34.52,34.44,35.06,34.77,34.73,34.29
444840,1092.48,999.74,1015.14,1012.36,997.10,1006.18,1001.18,1089.64,34.77,34.50,34.50,34.44,35.06,34.76,34.73,34.28
444960,1092.56,999.54,1015.14,1011.98,997.38,1006.24,1000.86,1089.16,34.66,34.44,34.42,34.36,34.98,34.67,34.67,34.22
445080,1092.56,999.34,1015.18,1011.98,997.38,1006.12,1001.00,1089.36,34.74,34.46,34.48,34.39,35.03,34.77,34.68,34.25
445200,1092.60,999.62,1015.12,1012.00,997.68,1006.52,1001.68,1089.88,34.86,34.56,34.58,34.48,35.11,34.88,34.76,34.33
445320,1092.62,999.78,1015.22,1012.22,997.68,1006.46,1001.64,1089.94,34.87,34.63,34.58,34.49,35.10,34.87,34.79,34.35
445440,1092.48,999.76,1015.14,1012.38,997.50,1006.44,1001.60,1090.10,34.86,34.61,34.57,34.49,35.11,34.85,34.78,34.35
445560,1092.42,999.90,1015.42,1012.16,997.50,1006.66,1001.66,1090.12,34.91,34.63,34.61,34.52,35.14,34.90,34.80,34.38
445680,1092.62,999.82,1015.44,1012.28,997.38,1006.58,1001.64,1090.00,34.86,34.61,34.57,34.49,35.08,34.85,34.79,34.36
445800,1092.60,999.76,1015.36,1012.10,997.42,1006.56,1001.60,1089.98,34.80,34.56,34.54,34.46,35.06,34.81,34.77,34.32
445920,1092.54,999.72,1015.02,1012.20,997.46,1006.62,1001.56,1089.92,34.82,34.55,34.56,34.46,35.08,34.83,34.77,34.32
446040,1092.52,999.64,1015.08,1012.12,997.32,1006.50,1001.50,1089.72,34.75,34.50,34.50,34.41,35.03,34.75,34.74,34.28
446160,1092.60,999.34,1015.08,1012.28,997.52,1006.56,1001.18,1089.58,34.73,34.46,34.47,34.40,35.02,34.74,34.71,34.26
446280,1092.60,999.46,1015.06,1012.46,997.62,1006.76,1001.16,1089.62,34.79,34.49,34.54,34.44,35.06,34.79,34.72,34.29
446400,1092.54,999.70,1015.16,1012.60,997.60,1006.58,1001.20,1089.56,34.75,34.48,34.50,34.42,35.00,34.75,34.71,34.27
446520,1092.42,999.32,1014.98,1012.22,997.66,1006.56,1000.96,1089.58,34.72,34.44,34.47,34.39,35.00,34.71,34.69,34.25
446640,1092.26,999.38,1014.96,1012.48,997.68,1006.48,1001.04,1089.38,34.72,34.43,34.47,34.38,34.99,34.69,34.68,34.24
446760,1091.98,999.50,1014.74,1012.82,997.70,1006.52,1000.62,1089.10,34.63,34.37,34.41,34.33,34.94,34.63,34.64,34.20
446880,1091.96,999.02,1014.92,1012.80,997.94,1006.16,1000.64,1089.22,34.64,34.35,34.41,34.32,34.95,34.64,34.62,34.18
447000,1091.98,999.26,1014.80,1012.76,997.84,1006.04,1000.34,1088.74,34.59,34.31,34.36,34.28,34.92,34.59,34.59,34.15
447120,1091.70,998.88,1014.44,1013.18,997.98,1005.98,1000.26,1088.74,34.58,34.28,34.33,34.25,34.90,34.59,34.57,34.13
447240,1091.94,999.08,1014.40,1013.48,998.16,1006.18,1000.52,1088.92,34.67,34.35,34.42,34.31,34.98,34.70,34.60,34.18
447360,1091.84,999.30,1014.58,1013.46,998.30,1006.32,1000.68,1089.02,34.69,34.43,34.43,34.33,34.98,34.71,34.64,34.20
447480,1091.90,999.20,1014.48,1013.58,998.36,1006.38,1000.78,1088.90,34.68,34.43,34.42,34.34,34.97,34.70,34.64,34.20
447600,1091.86,999.36,1014.62,1013.74,998.42,1006.48,1000.74,1089.06,34.70,34.44,34.44,34.36,34.99,34.71,34.65,34.21
447720,1091.78,999.20,1014.62,1013.68,998.26,1006.44,1000.58,1088.74,34.62,34.39,34.38,34.31,34.92,34.64,34.63,34.16
447840,1091.96,999.14,1014.24,1013.64,998.50,1006.38,1000.62,1088.90,34.63,34.36,34.38,34.31,34.95,34.64,34.60,34.16
447960,1091.74,999.14,1014.24,1013.68,998.64,1006.40,1000.80,1088.92,34.68,34.40,34.43,34.34,34.98,34.69,34.62,34.19
448080,1091.90,999.12,1014.32,1013.72,998.62,1006.58,1000.76,1088.78,34.64,34.38,34.38,34.31,34.94,34.63,34.60,34.16
448200,1091.70,998.94,1014.36,1014.02,998.84,1006.58,1000.48,1088.86,34.63,34.35,34.37,34.31,34.95,34.64,34.58,34.16
448320,1091.68,998.74,1014.34,1014.02,999.10,1006.64,1000.54,1088.78,34.63,34.36,34.38,34.31,34.93,34.63,34.59,34.15
448440,1091.46,998.74,1014.30,1014.00,999.16,1006.50,1000.22,1088.60,34.56,34.30,34.31,34.24,34.87,34.56,34.54,34.11
448560,1091.52,998.66,1014.20,1014.14,999.22,1006.48,1000.06,1088.60,34.57,34.29,34.32,34.24,34.89,34.58,34.52,34.11
448680,1091.36,998.84,1013.88,1014.12,999.08,1006.42,1000.14,1088.46,34.57,34.28,34.33,34.23,34.88,34.57,34.52,34.10
448800,1091.30,998.68,1013.80,1014.10,999.06,1006.54,999.86,1088.18,34.51,34.24,34.28,34.20,34.84,34.52,34.49,34.06
448920,1091.34,998.84,1013.70,1014.22,999.20,1006.60,999.92,1088.26,34.57,34.27,34.34,34.23,34.89,34.58,34.52,34.09
449040,1091.28,998.66,1013.74,1014.12,999.18,1006.74,1000.14,1088.34,34.55,34.29,34.32,34.22,34.86,34.57,34.52,34.09
449160,1091.10,998.58,1013.68,1014.22,999.20,1006.40,1000.04,1088.00,34.50,34.24,34.26,34.18,34.83,34.51,34.50,34.04
449280,1091.02,998.60,1013.62,1014.36,999.26,1006.44,1000.00,1088.08,34.56,34.26,34.32,34.22,34.88,34.57,34.51,34.07
449400,1091.04,998.58,1013.78,1014.36,999.28,1006.36,1000.08,1088.12,34.55,34.28,34.32,34.23,34.86,34.57,34.52,34.07
449520,1091.08,998.58,1013.54,1014.44,999.18,1006.32,1000.04,1088.00,34.52,34.27,34.28,34.20,34.84,34.53,34.51,34.05
449640,1091.06,998.62,1013.58,1014.42,999.38,1006.38,1000.10,1088.16,34.57,34.30,34.32,34.23,34.88,34.59,34.53,34.07
449760,1090.98,998.46,1013.48,1014.28,999.30,1006.58,1000.10,1088.18,34.55,34.30,34.29,34.22,34.84,34.56,34.53,34.07
449880,1091.06,998.46,1013.38,1014.26,999.44,1006.60,999.78,1088.20,34.52,34.28,34.28,34.20,34.83,34.53,34.51,34.05
450000,1091.08,998.72,1013.52,1014.56,999.60,1006.74,1000.08,1088.54,34.61,34.33,34.35,34.26,34.89,34.62,34.54,34.10
450120,1091.14,998.56,1013.52,1014.52,999.54,1006.90,1000.14,1088.34,34.61,34.35,34.33,34.27,34.88,34.61,34.55,34.10
450240,1091.00,998.36,1013.52,1014.34,999.74,1006.84,1000.04,1088.18,34.57,34.32,34.31,34.24,34.84,34.58,34.54,34.08
450360,1091.00,998.32,1013.38,1014.44,999.82,1006.90,999.88,1088.12,34.57,34.30,34.30,34.23,34.85,34.56,34.53,34.07
450480,1090.54,998.24,1013.20,1014.12,999.58,1006.66,999.96,1088.00,34.48,34.22,34.21,34.15,34.77,34.46,34.47,34.02
450600,1090.72,998.24,1013.16,1014.42,999.50,1006.70,999.82,1088.00,34.51,34.22,34.25,34.16,34.80,34.50,34.46,34.04
450720,1091.10,998.76,1013.24,1014.96,1000.04,1007.22,1000.60,1089.00,34.72,34.38,34.42,34.33,34.93,34.71,34.58,34.20
450840,1091.62,999.32,1013.56,1014.94,1000.08,1007.74,1001.38,1089.44,34.87,34.58,34.55,34.43,35.00,34.85,34.69,34.31
450960,1091.76,999.44,1013.84,1014.74,999.86,1007.72,1001.32,1089.48,34.86,34.64,34.53,34.45,34.98,34.83,34.72,34.32
451080,1091.74,999.12,1013.86,1014.66,999.76,1007.70,1001.00,1089.56,34.83,34.60,34.51,34.43,34.98,34.80,34.70,34.31
451200,1091.78,999.30,1013.96,1014.72,999.70,1007.76,1001.10,1089.58,34.85,34.59,34.54,34.45,35.00,34.82,34.72,34.32
451320,1091.74,999.32,1014.04,1014.58,999.58,1007.88,1000.94,1089.26,34.78,34.54,34.49,34.41,34.96,34.75,34.69,34.28
451440,1091.74,999.36,1013.90,1014.60,999.56,1008.06,1001.12,1089.36,34.80,34.53,34.50,34.43,35.00,34.79,34.70,34.28
451560,1091.90,999.60,1014.10,1014.60,999.74,1008.22,1001.20,1089.42,34.85,34.58,34.54,34.46,35.03,34.84,34.73,34.32
451680,1091.54,999.42,1014.18,1014.54,999.60,1008.26,1001.10,1089.56,34.79,34.57,34.51,34.44,34.98,34.79,34.71,34.30
451800,1091.74,999.44,1014.32,1014.68,999.78,1008.16,1001.00,1089.30,34.79,34.54,34.49,34.43,34.98,34.78,34.70,34.29
451920,1091.48,999.42,1014.28,1014.54,999.46,1008.28,1000.74,1089.20,34.73,34.47,34.45,34.40,34.95,34.74,34.67,34.25
452040,1091.42,999.22,1013.94,1014.52,999.52,1007.64,1000.46,1088.90,34.65,34.38,34.38,34.31,34.90,34.64,34.61,34.19
452160,1091.66,999.28,1014.02,1014.66,999.60,1008.30,1000.94,1089.18,34.75,34.44,34.49,34.38,34.99,34.77,34.65,34.25
452280,1091.98,1000.16,1014.04,1014.94,999.90,1008.62,1001.36,1089.90,34.93,34.60,34.60,34.51,35.08,34.91,34.75,34.37
452400,1092.64,1000.50,1014.84,1015.12,1000.32,1009.06,1001.92,1090.66,35.08,34.76,34.73,34.63,35.16,35.05,34.87,34.48
452520,1093.16,1001.16,1014.94,1015.28,1000.24,1009.52,1002.64,1091.66,35.24,34.95,34.88,34.78,35.26,35.17,35.01,34.63
452640,1093.38,1001.54,1015.32,1014.98,1000.14,1009.74,1002.76,1091.56,35.25,35.06,34.90,34.81,35.27,35.19,35.06,34.67
452760,1093.08,1001.26,1015.44,1014.34,999.90,1009.88,1002.36,1090.96,35.13,34.98,34.80,34.74,35.19,35.05,35.01,34.59
452880,1093.00,1000.90,1015.36,1014.74,999.86,1009.70,1002.42,1090.92,35.09,34.88,34.78,34.70,35.22,35.06,34.98,34.57
453000,1093.42,1001.14,1015.50,1015.14,1000.06,1009.90,1002.44,1091.46,35.17,34.90,34.85,34.76,35.27,35.14,35.01,34.61
453120,1093.72,1001.44,1015.64,1015.24,999.94,1010.10,1002.58,1091.52,35.23,34.97,34.90,34.80,35.30,35.19,35.06,34.65
453240,1094.32,1002.30,1015.96,1015.72,1000.08,1010.78,1003.60,1092.72,35.43,35.11,35.09,34.97,35.45,35.37,35.20,34.83
453360,1094.88,1003.20,1016.26,1015.64,1000.46,1011.52,1004.52,1093.98,35.63,35.36,35.26,35.15,35.57,35.56,35.38,35.03
453480,1095.32,1003.62,1016.88,1015.58,1000.34,1011.72,1004.60,1094.24,35.66,35.52,35.30,35.20,35.58,35.59,35.43,35.08
453600,1095.02,1003.38,1016.94,1015.02,999.92,1011.70,1004.08,1093.74,35.52,35.47,35.17,35.12,35.49,35.46,35.38,35.00
453720,1095.00,1002.66,1016.92,1014.74,999.98,1011.58,1003.42,1093.30,35.40,35.26,35.09,35.02,35.47,35.37,35.29,34.90
453840,1095.00,1002.80,1017.04,1015.16,999.94,1011.54,1003.58,1093.40,35.46,35.23,35.14,35.05,35.53,35.45,35.30,34.92
453960,1095.28,1003.18,1017.14,1014.98,1000.04,1011.40,1003.50,1093.40,35.47,35.25,35.14,35.06,35.53,35.46,35.31,34.93
454080,1095.42,1003.30,1017.40,1015.28,1000.30,1011.84,1003.68,1093.44,35.51,35.26,35.16,35.08,35.58,35.49,35.33,34.95
454200,1095.64,1003.70,1017.54,1015.24,1000.30,1011.86,1004.08,1093.82,35.54,35.30,35.19,35.12,35.59,35.51,35.36,34.98
454320,1095.70,1003.70,1017.66,1015.20,1000.30,1012.06,1004.06,1093.64,35.54,35.31,35.20,35.13,35.62,35.50,35.38,34.99
454440,1095.90,1004.12,1018.06,1015.28,1000.16,1012.32,1004.54,1094.06,35.61,35.34,35.27,35.18,35.68,35.57,35.42,35.04
454560,1096.20,1004.36,1018.32,1015.26,1000.30,1012.48,1004.48,1094.04,35.60,35.38,35.26,35.18,35.67,35.56,35.44,35.04
454680,1096.20,1004.46,1018.42,1015.24,1000.38,1012.40,1004.80,1094.24,35.66,35.40,35.30,35.22,35.72,35.61,35.46,35.08
454800,1096.44,1004.72,1018.72,1015.30,1000.34,1012.78,1004.80,1094.48,35.70,35.45,35.35,35.27,35.75,35.66,35.51,35.12
454920,1096.54,1004.84,1018.92,1015.36,1000.02,1012.82,1004.76,1094.00,35.62,35.43,35.29,35.22,35.69,35.57,35.49,35.08
455040,1096.06,1004.02,1018.86,1014.74,999.90,1012.68,1004.24,1093.32,35.41,35.27,35.14,35.08,35.58,35.40,35.39,34.95
455160,1096.04,1003.98,1018.68,1014.96,999.98,1012.56,1004.32,1093.42,35.44,35.20,35.16,35.08,35.62,35.45,35.36,34.95
455280,1096.54,1004.58,1018.94,1015.24,1000.28,1013.02,1004.84,1093.98,35.59,35.28,35.26,35.18,35.72,35.58,35.44,35.04
455400,1096.84,1005.10,1019.06,1015.20,1000.26,1013.06,1004.94,1094.08,35.63,35.40,35.28,35.21,35.72,35.62,35.48,35.08
455520,1096.76,1004.90,1019.08,1014.88,1000.02,1012.90,1004.58,1093.56,35.49,35.37,35.18,35.14,35.64,35.50,35.44,35.01
455640,1096.16,1004.18,1019.12,1014.84,999.80,1012.50,1004.16,1093.16,35.33,35.18,35.06,35.01,35.56,35.34,35.35,34.89
455760,1096.20,1004.04,1018.70,1014.92,999.86,1012.44,1004.02,1093.08,35.37,35.14,35.10,35.01,35.62,35.40,35.32,34.89
455880,1096.50,1004.26,1018.92,1015.04,1000.14,1012.84,1004.36,1093.38,35.44,35.19,35.16,35.06,35.67,35.46,35.35,34.93
456000,1096.86,1004.94,1019.10,1015.42,1000.34,1013.30,1005.10,1094.34,35.65,35.34,35.31,35.22,35.80,35.62,35.47,35.07
456120,1097.72,1005.90,1019.54,1015.42,1000.32,1013.72,1005.86,1095.10,35.82,35.55,35.47,35.35,35.87,35.77,35.61,35.23
456240,1097.68,1006.22,1020.06,1015.24,1000.14,1014.00,1006.04,1095.00,35.80,35.66,35.46,35.38,35.84,35.76,35.65,35.24
456360,1097.44,1005.72,1020.06,1014.78,999.78,1013.62,1005.56,1094.46,35.65,35.55,35.31,35.27,35.74,35.60,35.58,35.14
456480,1097.46,1004.90,1019.80,1014.70,999.80,1013.52,1004.80,1093.94,35.52,35.34,35.21,35.17,35.72,35.51,35.48,35.04
456600,1097.72,1005.28,1019.56,1015.00,1000.08,1013.44,1005.52,1094.40,35.67,35.39,35.36,35.28,35.84,35.68,35.54,35.13
456720,1098.02,1006.14,1020.22,1015.20,1000.18,1014.08,1005.86,1094.90,35.81,35.54,35.47,35.38,35.91,35.81,35.63,35.24
456840,1097.94,1006.14,1020.58,1014.98,1000.04,1014.20,1006.10,1095.18,35.79,35.61,35.46,35.39,35.87,35.77,35.64,35.24
456960,1097.74,1005.68,1020.24,1014.46,999.40,1013.84,1005.60,1094.74,35.64,35.46,35.31,35.26,35.77,35.61,35.58,35.14
457080,1097.56,1005.38,1019.92,1014.52,999.36,1013.56,1005.22,1094.10,35.53,35.32,35.25,35.20,35.76,35.55,35.49,35.06
457200,1097.46,1005.38,1020.12,1014.58,999.62,1013.46,1005.16,1094.02,35.53,35.28,35.26,35.18,35.78,35.55,35.46,35.04
457320,1097.60,1005.50,1020.04,1014.92,999.76,1013.58,1005.24,1094.10,35.58,35.30,35.32,35.20,35.82,35.57,35.48,35.06
457440,1098.00,1006.08,1020.30,1015.06,999.90,1013.80,1005.82,1094.76,35.75,35.44,35.45,35.34,35.92,35.72,35.59,35.19
457560,1098.38,1006.56,1020.64,1014.86,999.84,1014.18,1006.24,1095.02,35.82,35.57,35.49,35.40,35.93,35.77,35.66,35.26
457680,1098.24,1006.64,1020.60,1014.66,999.60,1014.12,1006.10,1094.74,35.73,35.56,35.42,35.35,35.86,35.66,35.62,35.21
457800,1097.82,1005.60,1020.42,1014.30,999.40,1013.74,1005.62,1094.24,35.53,35.36,35.26,35.19,35.75,35.51,35.54,35.08
457920,1097.76,1005.66,1020.28,1014.52,999.60,1013.50,1005.54,1094.26,35.57,35.31,35.30,35.19,35.80,35.60,35.52,35.09
458040,1097.92,1005.98,1020.36,1014.68,999.76,1013.80,1005.84,1094.36,35.65,35.36,35.37,35.26,35.86,35.67,35.55,35.13
458160,1098.32,1006.36,1020.44,1015.00,999.84,1014.10,1006.20,1094.94,35.78,35.46,35.46,35.34,35.93,35.76,35.61,35.21
458280,1098.60,1007.06,1020.88,1014.86,999.88,1014.36,1006.54,1095.20,35.87,35.57,35.53,35.42,35.97,35.82,35.69,35.29
458400,1098.60,1006.80,1021.22,1014.54,999.70,1014.40,1006.64,1095.16,35.79,35.60,35.47,35.40,35.92,35.77,35.68,35.27
458520,1098.20,1006.26,1020.92,1014.34,999.44,1014.02,1005.96,1094.40,35.61,35.41,35.32,35.24,35.81,35.58,35.59,35.14
458640,1098.08,1006.02,1020.64,1014.40,999.34,1013.54,1005.84,1093.92,35.53,35.29,35.27,35.18,35.80,35.55,35.50,35.07
458760,1098.12,1006.24,1020.64,1014.68,999.62,1013.56,1005.78,1094.12,35.61,35.33,35.33,35.22,35.86,35.64,35.51,35.10
458880,1098.28,1006.60,1020.56,1014.80,999.76,1013.88,1006.26,1094.70,35.74,35.42,35.43,35.32,35.95,35.75,35.59,35.20
459000,1098.86,1007.38,1020.98,1015.00,999.84,1014.58,1007.28,1095.68,35.92,35.61,35.62,35.48,36.06,35.92,35.75,35.34
459120,1099.20,1007.68,1021.46,1014.98,999.72,1014.60,1007.50,1096.06,35.99,35.75,35.65,35.55,36.06,35.95,35.81,35.40
459240,1099.24,1007.50,1021.50,1014.38,999.20,1014.36,1007.44,1095.72,35.88,35.69,35.54,35.48,35.97,35.81,35.77,35.35
459360,1098.44,1006.88,1021.42,1014.06,999.08,1014.02,1006.64,1094.80,35.67,35.49,35.37,35.31,35.86,35.64,35.65,35.20
459480,1098.42,1006.60,1021.22,1014.46,999.18,1013.92,1006.68,1094.66,35.66,35.41,35.38,35.29,35.90,35.67,35.61,35.18
459600,1098.46,1006.76,1021.32,1014.54,999.60,1013.72,1006.78,1094.94,35.72,35.46,35.46,35.35,35.95,35.74,35.64,35.20
459720,1099.20,1007.50,1021.38,1014.90,999.84,1014.46,1007.36,1095.54,35.88,35.58,35.59,35.47,36.07,35.89,35.73,35.34
459840,1099.48,1008.22,1021.70,1014.98,999.94,1015.02,1008.10,1096.42,36.04,35.77,35.72,35.60,36.14,36.03,35.87,35.47
459960,1099.74,1008.48,1022.10,1014.56,999.64,1015.02,1008.38,1096.48,36.04,35.86,35.71,35.62,36.12,36.01,35.89,35.48
460080,1099.42,1008.04,1022.04,1014.32,999.48,1014.80,1007.80,1095.88,35.86,35.74,35.57,35.49,36.01,35.83,35.82,35.38
460200,1098.96,1007.18,1021.94,1014.14,999.40,1014.10,1007.00,1095.14,35.71,35.53,35.44,35.38,35.95,35.70,35.70,35.26
460320,1099.06,1007.10,1021.48,1014.48,999.52,1014.14,1006.82,1095.06,35.72,35.47,35.45,35.37,35.99,35.74,35.66,35.24
460440,1098.98,1007.20,1021.62,1014.38,999.68,1014.32,1007.12,1095.14,35.77,35.49,35.50,35.40,36.01,35.78,35.67,35.25
460560,1099.20,1007.72,1021.70,1014.70,999.70,1014.58,1007.64,1095.50,35.88,35.58,35.59,35.50,36.09,35.87,35.74,35.33
460680,1099.34,1007.96,1022.02,1014.68,999.66,1014.74,1007.78,1095.76,35.90,35.66,35.61,35.52,36.08,35.88,35.79,35.36
460800,1099.18,1007.70,1022.02,1014.26,999.32,1014.46,1007.26,1095.22,35.78,35.57,35.47,35.44,35.96,35.77,35.74,35.28
460920,1098.72,1007.00,1021.74,1014.28,999.22,1014.08,1006.82,1094.64,35.61,35.41,35.35,35.30,35.91,35.62,35.62,35.17
461040,1098.72,1006.88,1021.90,1014.56,999.48,1014.02,1007.04,1094.72,35.68,35.40,35.42,35.32,35.98,35.72,35.63,35.19
461160,1098.98,1007.34,1020.96,1014.60,999.62,1013.94,1007.00,1095.02,35.74,35.47,35.47,35.37,36.01,35.77,35.67,35.22
461280,1099.30,1007.74,1020.56,1014.86,999.82,1014.28,1007.70,1095.46,35.85,35.59,35.58,35.48,36.08,35.85,35.74,35.31
461400,1099.86,1008.48,1020.58,1015.06,1000.00,1014.92,1008.52,1096.30,36.04,35.75,35.72,35.61,36.19,36.01,35.87,35.45
461520,1099.96,1008.74,1020.72,1014.80,999.96,1015.12,1008.70,1096.46,36.08,35.87,35.73,35.64,36.19,36.03,35.92,35.49
461640,1099.72,1008.34,1020.42,1014.38,999.52,1014.70,1008.38,1096.06,35.91,35.78,35.61,35.54,36.08,35.90,35.87,35.41
461760,1099.50,1007.92,1020.12,1014.20,999.48,1014.06,1007.38,1095.14,35.72,35.56,35.44,35.37,35.98,35.70,35.75,35.27
461880,1099.24,1007.58,1019.84,1014.64,999.68,1014.18,1007.36,1095.12,35.76,35.51,35.49,35.37,36.03,35.78,35.71,35.27
462000,1099.26,1007.86,1019.74,1014.66,999.58,1014.26,1007.76,1095.44,35.83,35.56,35.55,35.43,36.08,35.84,35.75,35.29
462120,1099.92,1008.42,1020.06,1014.90,999.84,1014.54,1008.28,1096.06,35.99,35.66,35.69,35.55,36.18,35.96,35.83,35.40
462240,1100.58,1009.44,1020.70,1015.08,1000.12,1015.36,1009.28,1097.06,36.16,35.88,35.82,35.72,36.28,36.12,35.98,35.56
462360,1100.74,1009.54,1021.16,1015.00,999.90,1015.36,1009.30,1097.14,36.19,35.99,35.84,35.76,36.28,36.13,36.03,35.61
462480,1100.28,1009.20,1020.16,1014.64,999.84,1015.30,1008.86,1096.68,36.06,35.91,35.73,35.67,36.18,35.99,35.96,35.53
462600,1099.90,1008.46,1018.62,1014.52,999.58,1014.68,1008.06,1095.80,35.85,35.69,35.56,35.51,36.08,35.82,35.85,35.39
462720,1099.70,1008.26,1018.42,1014.52,999.74,1014.48,1008.16,1095.46,35.81,35.57,35.54,35.46,36.10,35.81,35.79,35.33
462840,1099.76,1008.10,1018.28,1014.60,999.80,1014.28,1007.84,1095.26,35.75,35.50,35.51,35.42,36.06,35.77,35.73,35.28
462960,1099.84,1008.24,1018.68,1014.96,1000.06,1014.52,1008.20,1095.52,35.87,35.54,35.57,35.49,36.13,35.87,35.78,35.34
463080,1100.16,1008.90,1019.18,1015.08,1000.16,1014.86,1008.76,1096.34,36.01,35.70,35.71,35.59,36.22,36.01,35.87,35.44
463200,1100.50,1009.22,1023.46,1014.88,1000.12,1015.02,1008.96,1096.46,36.02,35.80,35.71,35.62,36.20,36.01,35.91,35.47
463320,1100.28,1008.78,1023.30,1014.46,999.64,1014.84,1008.74,1095.80,35.85,35.70,35.58,35.51,36.09,35.85,35.85,35.38
463440,1099.50,1008.04,1022.44,1014.36,999.60,1014.40,1008.04,1095.08,35.68,35.49,35.42,35.34,35.99,35.69,35.70,35.25
463560,1099.46,1007.96,1022.32,1015.00,1000.06,1014.48,1007.96,1095.22,35.74,35.47,35.48,35.37,36.06,35.79,35.70,35.25
463680,1099.72,1008.20,1021.86,1015.00,1000.02,1014.34,1008.28,1095.30,35.80,35.54,35.55,35.44,36.11,35.85,35.75,35.29
463800,1099.96,1008.62,1021.58,1015.52,1000.40,1014.66,1009.12,1095.94,35.95,35.66,35.66,35.54,36.19,35.97,35.84,35.41
463920,1100.52,1009.52,1020.90,1015.54,1000.34,1015.46,1009.74,1096.86,36.16,35.85,35.83,35.73,36.31,36.14,35.98,35.56
464040,1100.90,1009.88,1019.82,1015.36,1000.30,1015.60,1009.86,1097.08,36.20,35.98,35.87,35.76,36.31,36.16,36.04,35.61
464160,1100.64,1009.50,1019.02,1014.86,1000.08,1015.40,1009.46,1096.44,36.08,35.90,35.74,35.68,36.21,36.03,36.00,35.54
464280,1100.12,1008.66,1018.50,1014.60,999.86,1014.66,1008.84,1095.52,35.84,35.65,35.57,35.50,36.09,35.83,35.87,35.38
464400,1099.80,1008.24,1017.68,1014.84,999.94,1014.70,1008.76,1095.56,35.81,35.56,35.56,35.46,36.12,35.84,35.82,35.34
464520,1099.74,1008.40,1016.90,1015.24,999.92,1014.52,1008.82,1095.62,35.83,35.57,35.59,35.48,36.14,35.88,35.82,35.34
464640,1100.06,1008.74,1016.58,1015.40,1000.04,1014.58,1008.84,1095.82,35.92,35.64,35.67,35.57,36.20,35.96,35.86,35.39
464760,1100.22,1009.36,1016.52,1015.02,1000.10,1014.88,1009.26,1096.28,36.01,35.74,35.73,35.62,36.24,36.03,35.90,35.46
464880,1100.38,1009.10,1015.86,1014.94,999.62,1014.82,1009.20,1096.08,35.92,35.71,35.65,35.58,36.15,35.92,35.89,35.42
465000,1099.76,1008.58,1015.22,1014.72,999.52,1014.58,1008.70,1094.96,35.74,35.52,35.48,35.40,36.04,35.74,35.78,35.30
465120,1099.66,1008.28,1015.10,1014.82,999.96,1014.36,1008.54,1094.82,35.69,35.43,35.44,35.36,36.06,35.74,35.71,35.24
465240,1099.76,1008.26,1014.96,1014.98,1000.14,1014.38,1008.78,1095.02,35.75,35.48,35.51,35.39,36.10,35.81,35.73,35.27
465360,1100.02,1008.36,1015.18,1015.34,1000.16,1014.44,1008.84,1095.52,35.87,35.56,35.57,35.45,36.15,35.87,35.79,35.32
465480,1100.42,1009.18,1015.52,1015.30,1000.46,1014.70,1009.48,1096.02,36.01,35.69,35.73,35.58,36.25,36.00,35.88,35.44
465600,1100.40,1009.58,1015.40,1015.38,1000.42,1014.86,1009.72,1096.26,36.06,35.82,35.76,35.65,36.25,36.04,35.95,35.49
465720,1100.28,1009.10,1014.80,1014.74,999.98,1014.64,1009.40,1096.02,35.92,35.74,35.66,35.58,36.16,35.91,35.89,35.43
465840,1099.82,1008.48,1014.28,1014.50,999.92,1014.24,1008.56,1095.08,35.75,35.53,35.47,35.42,36.05,35.73,35.75,35.30
465960,1099.52,1008.28,1014.14,1014.72,1000.04,1014.28,1008.64,1095.00,35.75,35.49,35.48,35.41,36.09,35.77,35.72,35.27
466080,1099.60,1008.34,1014.18,1015.10,1000.16,1014.08,1008.84,1094.96,35.79,35.51,35.53,35.44,36.11,35.81,35.74,35.28
466200,1099.84,1008.84,1014.84,1015.28,1000.32,1014.42,1009.68,1095.54,35.92,35.61,35.63,35.52,36.20,35.92,35.81,35.37
466320,1100.54,1009.62,1015.26,1015.46,1000.40,1014.76,1010.16,1096.46,36.10,35.78,35.79,35.67,36.30,36.07,35.94,35.51
466440,1100.74,1009.80,1015.18,1015.32,1000.34,1015.06,1010.06,1096.48,36.13,35.91,35.83,35.72,36.29,36.09,35.99,35.56
466560,1100.50,1009.28,1014.56,1015.06,999.90,1014.80,1009.94,1096.10,36.00,35.82,35.67,35.63,36.16,35.96,35.95,35.48
466680,1099.92,1008.70,1014.56,1014.76,999.94,1014.24,1009.00,1095.42,35.78,35.60,35.52,35.46,36.07,35.77,35.82,35.34
466800,1099.86,1008.62,1014.68,1015.06,1000.06,1014.06,1009.22,1095.38,35.83,35.58,35.58,35.46,36.14,35.87,35.80,35.34
466920,1100.08,1008.82,1014.78,1015.36,1000.28,1013.98,1009.46,1095.80,35.92,35.65,35.66,35.54,36.19,35.96,35.85,35.40
467040,1100.18,1009.06,1014.60,1015.16,1000.32,1014.06,1009.34,1095.52,35.90,35.66,35.61,35.52,36.16,35.89,35.84,35.38
467160,1099.64,1008.30,1014.44,1014.80,1000.06,1013.66,1008.76,1094.66,35.72,35.51,35.44,35.39,36.04,35.71,35.72,35.28
467280,1099.42,1007.92,1014.38,1014.74,999.94,1013.44,1008.42,1094.52,35.63,35.37,35.38,35.30,36.01,35.66,35.65,35.20
467400,1099.72,1008.22,1014.42,1015.22,1000.10,1013.62,1008.76,1094.76,35.75,35.43,35.49,35.37,36.10,35.79,35.69,35.25
467520,1099.70,1008.40,1014.36,1015.10,1000.20,1013.78,1009.02,1094.68,35.79,35.53,35.52,35.42,36.10,35.83,35.74,35.28
467640,1099.48,1008.42,1014.10,1014.92,1000.00,1013.58,1008.86,1094.46,35.67,35.47,35.44,35.36,36.00,35.70,35.69,35.22
467760,1098.86,1007.82,1013.72,1014.40,999.80,1013.20,1008.06,1093.74,35.54,35.31,35.30,35.23,35.93,35.56,35.59,35.11
467880,1098.96,1007.82,1014.02,1014.74,999.90,1013.20,1008.28,1093.84,35.60,35.32,35.36,35.25,35.99,35.64,35.59,35.13
468000,1098.98,1007.90,1014.00,1014.86,999.80,1013.12,1008.44,1094.20,35.66,35.37,35.41,35.30,36.00,35.70,35.62,35.16
468120,1099.28,1008.20,1014.30,1015.18,1000.22,1013.52,1009.16,1094.58,35.78,35.49,35.53,35.41,36.09,35.81,35.70,35.24
468240,1099.64,1008.74,1014.30,1015.18,1000.24,1013.62,1009.46,1095.26,35.89,35.63,35.60,35.49,36.14,35.89,35.78,35.33
468360,1099.44,1008.60,1014.24,1015.18,1000.00,1013.66,1009.46,1095.00,35.81,35.62,35.54,35.46,36.06,35.83,35.80,35.30
468480,1099.18,1008.32,1014.02,1014.56,999.82,1013.44,1008.74,1094.34,35.65,35.47,35.39,35.33,35.94,35.64,35.70,35.20
468600,1098.98,1008.04,1013.98,1014.86,1000.18,1013.24,1008.74,1094.20,35.63,35.40,35.40,35.30,35.98,35.68,35.64,35.17
468720,1099.32,1007.76,1014.02,1014.96,1000.12,1013.34,1008.68,1094.28,35.71,35.45,35.46,35.36,36.04,35.75,35.67,35.20
468840,1099.32,1008.16,1014.00,1015.36,1000.34,1013.40,1009.14,1094.86,35.81,35.51,35.54,35.42,36.09,35.81,35.72,35.26
468960,1099.74,1008.68,1014.08,1015.28,1000.36,1013.74,1009.60,1095.16,35.92,35.61,35.62,35.51,36.15,35.91,35.80,35.34
469080,1099.86,1008.82,1014.08,1014.72,1000.40,1013.80,1009.32,1095.24,35.88,35.65,35.59,35.51,36.10,35.87,35.81,35.34
469200,1099.52,1008.38,1013.90,1014.56,1000.06,1013.54,1008.74,1094.42,35.72,35.52,35.44,35.38,35.97,35.70,35.72,35.24
469320,1099.06,1007.76,1013.84,1014.66,1000.02,1013.22,1008.28,1094.28,35.63,35.40,35.38,35.31,35.98,35.66,35.64,35.17
469440,1099.08,1007.92,1013.96,1014.90,1000.08,1013.18,1008.62,1094.32,35.69,35.43,35.45,35.36,36.06,35.76,35.66,35.19
469560,1099.02,1008.04,1013.88,1015.08,1000.20,1013.28,1008.98,1094.64,35.74,35.47,35.49,35.39,36.08,35.81,35.70,35.23
469680,1099.26,1008.54,1014.12,1015.22,1000.20,1013.38,1009.16,1095.02,35.88,35.58,35.60,35.49,36.14,35.91,35.77,35.32
469800,1099.58,1008.56,1014.16,1015.10,1000.24,1013.48,1009.66,1095.14,35.90,35.65,35.61,35.52,36.13,35.91,35.82,35.34
469920,1099.46,1008.48,1014.34,1014.88,1000.20,1013.32,1008.90,1094.76,35.78,35.56,35.48,35.43,36.00,35.76,35.76,35.28
470040,1099.06,1008.14,1014.42,1014.60,999.92,1013.00,1008.42,1094.08,35.63,35.40,35.36,35.30,35.95,35.63,35.64,35.17
470160,1099.00,1007.80,1014.28,1014.74,1000.02,1012.94,1008.46,1094.04,35.63,35.37,35.38,35.29,35.98,35.67,35.62,35.15
470280,1098.84,1007.82,1014.28,1015.06,1000.24,1013.02,1008.40,1094.14,35.64,35.39,35.39,35.30,36.00,35.67,35.62,35.15
470400,1099.08,1008.10,1015.04,1015.42,1000.46,1013.14,1009.12,1094.92,35.84,35.50,35.57,35.45,36.10,35.86,35.73,35.30
470520,1099.88,1009.14,1015.16,1015.36,1000.54,1013.76,1010.04,1095.98,36.04,35.75,35.75,35.61,36.21,36.04,35.88,35.46
470640,1100.02,1009.28,1015.40,1015.12,1000.16,1013.98,1009.98,1096.06,36.07,35.87,35.75,35.65,36.21,36.04,35.92,35.50
470760,1099.84,1008.80,1016.74,1014.84,999.94,1013.90,1009.62,1095.48,35.93,35.74,35.62,35.56,36.08,35.88,35.87,35.41
470880,1099.26,1008.38,1016.70,1014.72,999.84,1013.12,1008.92,1094.68,35.73,35.54,35.46,35.40,36.01,35.71,35.76,35.28
471000,1099.52,1008.12,1016.68,1015.00,999.92,1013.14,1008.82,1094.88,35.80,35.52,35.53,35.43,36.09,35.82,35.75,35.29
471120,1099.84,1008.66,1016.42,1015.04,999.92,1013.32,1009.04,1095.06,35.86,35.59,35.58,35.48,36.12,35.88,35.78,35.33
471240,1099.44,1008.52,1016.94,1014.74,999.94,1013.46,1008.90,1094.80,35.78,35.58,35.52,35.44,36.05,35.80,35.77,35.30
471360,1099.16,1007.90,1017.20,1014.46,999.50,1012.84,1008.40,1093.96,35.61,35.39,35.36,35.28,35.92,35.59,35.65,35.17
471480,1098.92,1007.72,1017.06,1014.42,999.66,1012.70,1008.18,1094.04,35.58,35.31,35.34,35.25,35.95,35.62,35.58,35.13
471600,1098.78,1007.76,1016.80,1014.76,999.82,1012.62,1008.20,1094.06,35.65,35.36,35.40,35.30,36.00,35.70,35.59,35.16
471720,1099.32,1007.98,1016.20,1015.12,1000.20,1013.00,1008.78,1094.70,35.78,35.45,35.52,35.42,36.08,35.81,35.68,35.26
471840,1099.88,1008.90,1016.68,1015.30,1000.44,1013.34,1009.74,1095.82,36.02,35.68,35.70,35.56,36.20,36.01,35.82,35.43
471960,1099.92,1009.40,1016.74,1015.18,1000.42,1013.72,1010.00,1096.16,36.10,35.84,35.77,35.66,36.22,36.08,35.91,35.51
472080,1099.96,1009.14,1017.56,1014.76,999.96,1013.68,1009.88,1095.60,35.98,35.82,35.69,35.60,36.13,35.98,35.90,35.47
472200,1099.52,1008.46,1017.82,1014.56,999.60,1013.28,1009.20,1094.92,35.80,35.61,35.49,35.43,36.01,35.76,35.79,35.32
472320,1099.46,1008.16,1017.80,1014.66,999.62,1012.96,1008.84,1094.82,35.76,35.51,35.48,35.41,36.04,35.77,35.74,35.27
472440,1099.48,1008.18,1017.56,1014.78,999.66,1012.90,1008.72,1094.82,35.80,35.53,35.52,35.43,36.08,35.84,35.75,35.29
472560,1099.78,1008.60,1017.26,1015.02,1000.04,1013.04,1009.40,1095.08,35.91,35.62,35.65,35.53,36.16,35.92,35.82,35.36
472680,1100.40,1009.52,1017.32,1015.06,1000.16,1013.88,1010.20,1096.20,36.13,35.78,35.78,35.68,36.27,36.10,35.93,35.52
472800,1100.60,1009.60,1017.80,1015.00,1000.14,1013.98,1010.56,1096.56,36.15,35.93,35.83,35.74,36.28,36.13,36.00,35.57
472920,1100.42,1009.56,1018.28,1014.40,999.60,1014.00,1010.16,1096.22,36.01,35.88,35.70,35.67,36.19,36.01,35.96,35.51
473040,1099.92,1008.62,1018.18,1014.38,999.50,1013.38,1009.54,1095.22,35.81,35.65,35.54,35.48,36.06,35.80,35.85,35.36
473160,1099.94,1008.38,1018.12,1014.42,999.74,1013.24,1009.24,1095.14,35.81,35.56,35.54,35.46,36.11,35.86,35.81,35.34
473280,1100.06,1008.70,1018.00,1014.56,999.66,1013.20,1009.44,1095.36,35.86,35.59,35.60,35.49,36.15,35.90,35.82,35.36
473400,1100.22,1008.78,1018.06,1015.08,1000.04,1013.48,1009.84,1095.74,35.97,35.67,35.71,35.60,36.21,35.98,35.88,35.43
473520,1100.70,1009.48,1018.18,1015.20,1000.26,1013.98,1010.46,1096.72,36.18,35.85,35.86,35.73,36.32,36.15,36.01,35.58
473640,1101.16,1010.10,1018.36,1014.96,1000.04,1014.40,1010.94,1097.04,36.21,35.99,35.88,35.79,36.33,36.18,36.06,35.64
473760,1100.98,1009.96,1018.86,1014.60,999.64,1014.10,1010.60,1096.34,36.10,35.94,35.76,35.73,36.24,36.06,36.03,35.58
473880,1100.32,1009.12,1018.56,1014.32,999.56,1013.70,1009.74,1095.44,35.87,35.72,35.59,35.54,36.11,35.84,35.89,35.41
474000,1100.12,1009.06,1018.36,1014.76,999.84,1013.42,1009.54,1095.32,35.88,35.64,35.60,35.52,36.17,35.90,35.83,35.39
474120,1100.28,1009.12,1018.18,1014.72,1000.14,1013.60,1009.70,1095.80,35.97,35.69,35.69,35.58,36.23,36.00,35.88,35.44
474240,1100.40,1009.12,1018.34,1014.72,999.98,1013.54,1009.80,1095.84,35.94,35.72,35.67,35.58,36.19,35.98,35.89,35.43
474360,1099.98,1008.82,1018.34,1014.18,999.84,1013.06,1009.10,1095.02,35.78,35.60,35.49,35.43,36.06,35.79,35.80,35.34
474480,1099.66,1008.42,1018.04,1014.30,999.80,1012.86,1008.84,1094.50,35.66,35.43,35.40,35.34,36.00,35.69,35.69,35.23
474600,1099.74,1008.38,1017.80,1014.66,999.92,1012.80,1009.08,1094.74,35.75,35.48,35.53,35.41,36.10,35.85,35.72,35.27
474720,1099.88,1008.56,1017.76,1014.84,1000.16,1013.16,1009.44,1094.84,35.82,35.55,35.58,35.45,36.12,35.88,35.76,35.32
474840,1099.66,1008.70,1017.74,1014.66,999.84,1012.74,1009.06,1094.76,35.75,35.50,35.50,35.41,36.04,35.79,35.74,35.28
474960,1099.14,1007.94,1017.66,1014.60,999.84,1012.36,1008.56,1093.94,35.58,35.34,35.34,35.28,35.95,35.61,35.61,35.17
475080,1099.00,1007.72,1017.32,1014.82,1000.12,1012.26,1008.54,1094.08,35.62,35.32,35.37,35.27,36.01,35.68,35.60,35.17
475200,1099.24,1008.08,1017.32,1014.78,1000.34,1012.24,1008.94,1094.36,35.70,35.39,35.47,35.36,36.06,35.79,35.65,35.22
475320,1099.52,1008.36,1017.28,1015.48,1000.72,1012.88,1009.48,1094.98,35.85,35.53,35.59,35.49,36.14,35.89,35.75,35.32
475440,1100.38,1009.16,1017.40,1015.54,1000.72,1013.36,1010.18,1095.88,36.08,35.75,35.77,35.64,36.27,36.06,35.90,35.48
475560,1100.48,1009.56,1018.02,1015.40,1000.56,1013.60,1010.60,1096.24,36.15,35.90,35.81,35.72,36.28,36.11,35.98,35.56
475680,1100.32,1009.24,1018.12,1014.96,1000.14,1013.52,1010.30,1096.06,36.01,35.86,35.73,35.66,36.18,36.00,35.96,35.52
475800,1100.02,1008.62,1018.22,1014.70,1000.04,1013.14,1009.56,1095.34,35.82,35.64,35.53,35.48,36.07,35.79,35.83,35.37
475920,1099.94,1008.40,1017.84,1015.00,1000.42,1012.96,1009.18,1095.30,35.83,35.58,35.56,35.48,36.12,35.87,35.80,35.37
476040,1100.28,1009.04,1017.84,1015.12,1000.64,1013.06,1009.70,1095.62,35.97,35.67,35.67,35.56,36.23,36.00,35.86,35.45
476160,1100.34,1009.34,1017.94,1015.12,1000.64,1013.08,1009.98,1095.60,35.98,35.74,35.69,35.59,36.22,36.01,35.90,35.46
476280,1100.18,1009.00,1018.12,1014.64,1000.18,1013.08,1009.68,1095.14,35.85,35.67,35.55,35.51,36.08,35.87,35.84,35.38
476400,1099.84,1008.24,1017.98,1014.56,1000.16,1012.50,1009.08,1094.46,35.69,35.48,35.44,35.36,36.01,35.70,35.73,35.27
476520,1099.82,1008.26,1017.96,1014.92,1000.20,1012.46,1008.98,1094.30,35.71,35.44,35.46,35.36,36.06,35.76,35.69,35.25
476640,1099.86,1008.18,1017.76,1015.34,1000.36,1012.38,1009.02,1094.42,35.75,35.47,35.51,35.40,36.10,35.81,35.72,35.27
476760,1100.20,1008.72,1017.76,1015.48,1000.40,1012.94,1009.66,1095.02,35.92,35.60,35.63,35.51,36.19,35.93,35.80,35.37
476880,1100.20,1009.02,1017.74,1015.34,1000.50,1013.02,1010.26,1095.62,35.98,35.72,35.69,35.59,36.20,35.98,35.87,35.43
477000,1100.06,1009.12,1017.84,1015.00,1000.46,1012.94,1009.96,1095.40,35.90,35.69,35.60,35.53,36.12,35.86,35.85,35.39
477120,1099.88,1008.42,1017.88,1014.72,1000.36,1012.66,1009.34,1094.48,35.70,35.50,35.45,35.40,36.02,35.71,35.73,35.27
477240,1099.68,1008.20,1017.58,1014.94,1000.42,1012.54,1008.90,1094.38,35.71,35.46,35.46,35.38,36.06,35.75,35.70,35.24
477360,1099.58,1008.36,1017.42,1015.10,1000.56,1012.50,1009.14,1094.44,35.75,35.49,35.51,35.40,36.10,35.80,35.72,35.25
477480,1099.80,1008.66,1017.46,1015.32,1000.64,1012.68,1009.66,1095.06,35.87,35.57,35.61,35.49,36.16,35.90,35.77,35.33
477600,1100.32,1009.16,1017.54,1015.22,1000.58,1013.10,1010.00,1095.72,35.98,35.70,35.69,35.59,36.22,35.98,35.86,35.42
477720,1100.28,1009.18,1017.82,1015.02,1000.46,1013.16,1010.00,1095.48,35.95,35.73,35.66,35.58,36.16,35.93,35.88,35.42
477840,1099.76,1008.84,1017.86,1014.40,1000.32,1012.68,1009.36,1094.80,35.78,35.56,35.51,35.46,36.03,35.75,35.79,35.31
477960,1099.48,1008.40,1017.68,1015.04,1000.54,1012.62,1009.24,1094.50,35.73,35.47,35.46,35.39,36.05,35.76,35.73,35.26
478080,1099.96,1008.68,1017.54,1015.36,1000.80,1012.80,1009.74,1095.06,35.91,35.58,35.64,35.54,36.18,35.97,35.82,35.37
478200,1100.12,1009.52,1017.68,1015.42,1000.74,1013.24,1010.64,1095.66,36.04,35.76,35.74,35.64,36.24,36.06,35.90,35.48
478320,1100.34,1009.56,1017.92,1015.10,1000.64,1013.18,1010.48,1095.68,35.99,35.79,35.69,35.62,36.17,35.98,35.92,35.46
478440,1099.98,1008.94,1018.02,1014.72,1000.30,1012.66,1009.76,1094.84,35.79,35.63,35.54,35.48,36.04,35.79,35.82,35.35
478560,1099.68,1008.50,1017.84,1014.70,1000.10,1012.30,1009.10,1094.52,35.72,35.50,35.48,35.41,36.06,35.73,35.73,35.27
478680,1099.58,1008.38,1017.66,1014.66,1000.06,1012.24,1009.14,1094.14,35.69,35.44,35.47,35.39,36.06,35.71,35.69,35.23
478800,1099.74,1008.34,1017.56,1014.94,1000.44,1012.36,1009.10,1094.52,35.72,35.44,35.49,35.41,36.07,35.77,35.70,35.25
478920,1100.04,1008.64,1017.42,1015.26,1000.66,1012.72,1009.62,1094.74,35.86,35.54,35.59,35.50,36.14,35.87,35.76,35.32
479040,1100.02,1008.78,1017.70,1015.22,1000.56,1012.68,1009.88,1094.80,35.88,35.61,35.59,35.52,36.11,35.86,35.80,35.34
479160,1099.52,1008.72,1017.56,1014.50,1000.40,1012.36,1009.44,1094.10,35.72,35.51,35.44,35.40,36.00,35.71,35.75,35.26
479280,1099.16,1008.30,1017.50,1014.58,1000.44,1012.16,1009.00,1093.88,35.61,35.36,35.36,35.29,35.96,35.62,35.65,35.17
479400,1099.06,1008.24,1017.24,1014.88,1000.60,1012.14,1008.98,1094.00,35.68,35.38,35.42,35.32,36.03,35.72,35.65,35.20
479520,1099.42,1008.40,1016.94,1015.10,1000.68,1012.36,1009.20,1094.62,35.78,35.45,35.51,35.40,36.07,35.79,35.70,35.25
479640,1100.08,1009.10,1016.92,1015.54,1001.00,1012.82,1010.04,1095.46,35.97,35.62,35.68,35.55,36.18,35.98,35.84,35.39
479760,1100.28,1009.82,1017.40,1015.62,1000.96,1013.48,1010.72,1096.14,36.13,35.84,35.81,35.70,36.26,36.10,35.96,35.54
479880,1100.40,1009.88,1017.78,1015.26,1000.94,1013.44,1010.84,1096.06,36.08,35.90,35.79,35.70,36.21,36.06,35.99,35.54
480000,1100.10,1009.32,1017.86,1014.70,1000.28,1013.04,1010.06,1095.20,35.90,35.76,35.62,35.56,36.07,35.87,35.91,35.43
480120,1099.94,1008.74,1017.78,1014.92,1000.18,1012.68,1009.64,1094.68,35.78,35.57,35.52,35.45,36.05,35.78,35.81,35.32
480240,1099.82,1008.86,1017.74,1015.14,1000.52,1012.72,1009.72,1094.72,35.85,35.58,35.59,35.48,36.12,35.88,35.80,35.34
480360,1100.18,1009.32,1017.70,1015.14,1000.84,1012.98,1009.98,1095.10,35.93,35.65,35.66,35.55,36.18,35.97,35.85,35.40
480480,1100.46,1009.80,1017.70,1015.46,1001.02,1013.26,1010.72,1096.16,36.11,35.81,35.81,35.69,36.28,36.12,35.97,35.54
480600,1100.94,1010.36,1018.06,1015.54,1000.94,1013.62,1011.20,1096.34,36.19,35.96,35.87,35.77,36.31,36.17,36.04,35.62
480720,1100.52,1010.06,1018.32,1015.22,1000.72,1013.34,1010.96,1096.06,36.08,35.92,35.77,35.70,36.23,36.06,36.02,35.56
480840,1100.16,1009.32,1018.34,1014.90,1000.40,1012.96,1010.32,1095.14,35.87,35.69,35.58,35.54,36.10,35.83,35.90,35.41
480960,1100.12,1008.70,1018.12,1015.00,1000.38,1012.62,1009.84,1094.92,35.81,35.57,35.55,35.47,36.12,35.84,35.81,35.35
481080,1100.00,1009.02,1018.16,1015.38,1000.64,1012.70,1009.82,1094.90,35.87,35.60,35.61,35.50,36.16,35.90,35.81,35.37
481200,1100.38,1009.46,1017.94,1015.64,1000.94,1013.14,1010.34,1095.78,36.01,35.72,35.75,35.60,36.23,36.03,35.90,35.46
481320,1100.98,1010.28,1018.28,1015.76,1001.32,1013.58,1011.02,1096.50,36.19,35.89,35.88,35.75,36.36,36.17,36.02,35.61
481440,1101.40,1010.46,1018.48,1015.76,1000.92,1013.56,1011.26,1096.44,36.21,36.00,35.90,35.80,36.34,36.19,36.08,35.65
481560,1101.00,1009.94,1018.62,1015.20,1000.74,1013.48,1011.04,1095.94,36.08,35.92,35.76,35.71,36.22,36.05,36.03,35.57
481680,1100.58,1009.64,1018.44,1014.96,1000.56,1013.06,1010.20,1095.08,35.86,35.69,35.58,35.53,36.12,35.85,35.87,35.42
481800,1100.56,1009.22,1018.18,1015.36,1000.76,1013.02,1010.32,1095.40,35.91,35.65,35.63,35.54,36.19,35.96,35.87,35.42
481920,1100.76,1009.82,1018.18,1015.62,1001.02,1013.44,1010.48,1095.86,36.02,35.74,35.75,35.64,36.27,36.08,35.93,35.50
482040,1100.96,1009.86,1018.24,1015.60,1000.92,1013.42,1010.82,1095.78,36.02,35.80,35.75,35.66,36.25,36.05,35.95,35.50
482160,1100.40,1009.50,1018.28,1015.14,1000.88,1013.00,1010.30,1095.04,35.87,35.70,35.60,35.55,36.14,35.90,35.87,35.40
482280,1099.94,1008.98,1018.16,1015.04,1000.76,1012.66,1009.58,1094.68,35.72,35.51,35.48,35.40,36.08,35.73,35.76,35.29
482400,1099.90,1008.80,1018.16,1015.40,1000.82,1012.62,1009.42,1094.70,35.77,35.51,35.54,35.42,36.13,35.81,35.75,35.30
482520,1099.98,1009.04,1017.96,1015.56,1001.08,1012.74,1010.08,1094.74,35.84,35.57,35.59,35.47,36.16,35.88,35.78,35.34
482640,1100.40,1009.68,1017.68,1015.86,1001.26,1013.36,1010.32,1095.52,36.00,35.70,35.74,35.60,36.25,36.03,35.88,35.46
482760,1100.62,1010.14,1018.16,1015.80,1001.20,1013.48,1010.72,1095.78,36.09,35.83,35.79,35.69,36.29,36.07,35.95,35.53
482880,1100.72,1010.00,1018.34,1015.58,1000.92,1013.42,1010.78,1095.48,36.00,35.83,35.72,35.65,36.20,35.98,35.96,35.50
483000,1100.20,1009.20,1018.08,1015.34,1000.82,1012.96,1010.02,1094.80,35.82,35.66,35.55,35.51,36.09,35.80,35.85,35.36
483120,1100.02,1009.20,1017.96,1015.54,1001.24,1012.72,1009.80,1094.64,35.81,35.58,35.55,35.48,36.13,35.83,35.79,35.34
483240,1100.20,1009.00,1017.68,1015.88,1001.28,1012.70,1009.80,1094.80,35.89,35.63,35.64,35.53,36.19,35.91,35.83,35.38
483360,1100.50,1009.60,1017.58,1015.92,1001.32,1012.98,1010.38,1095.28,35.96,35.72,35.73,35.61,36.24,35.99,35.89,35.44
483480,1100.88,1010.10,1017.74,1016.26,1001.70,1013.46,1011.02,1096.14,36.15,35.85,35.85,35.73,36.35,36.13,35.99,35.56
483600,1101.10,1010.38,1018.06,1016.08,1001.48,1013.66,1011.22,1096.34,36.18,35.95,35.89,35.78,36.36,36.16,36.06,35.61
483720,1100.98,1010.18,1018.34,1015.70,1001.40,1013.50,1010.90,1095.80,36.07,35.87,35.76,35.71,36.26,36.05,36.00,35.54
483840,1100.48,1009.58,1018.22,1015.50,1001.02,1012.98,1010.48,1095.34,35.88,35.69,35.61,35.54,36.15,35.86,35.89,35.42
483960,1100.52,1009.44,1018.14,1015.88,1001.10,1013.12,1010.48,1095.28,35.91,35.65,35.64,35.56,36.21,35.94,35.86,35.43
484080,1100.68,1009.74,1017.90,1015.90,1001.58,1013.38,1010.62,1095.40,36.00,35.72,35.73,35.62,36.27,36.03,35.91,35.48
484200,1100.50,1009.82,1018.16,1015.66,1001.22,1013.46,1010.78,1095.32,35.95,35.71,35.68,35.60,36.20,35.97,35.90,35.46
484320,1100.14,1009.44,1018.32,1015.34,1001.12,1012.80,1009.64,1094.60,35.79,35.55,35.53,35.47,36.08,35.77,35.78,35.35
484440,1099.86,1008.78,1017.84,1015.62,1000.94,1012.62,1009.44,1094.60,35.70,35.43,35.46,35.39,36.08,35.73,35.69,35.28
484560,1099.84,1008.98,1017.82,1015.64,1001.18,1012.64,1009.54,1094.50,35.77,35.47,35.52,35.43,36.14,35.82,35.71,35.29
484680,1100.42,1009.22,1017.70,1015.88,1001.32,1012.76,1009.94,1094.86,35.88,35.54,35.61,35.51,36.20,35.93,35.78,35.35
484800,1100.76,1009.98,1017.60,1016.18,1001.56,1013.30,1011.12,1095.92,36.11,35.74,35.81,35.68,36.33,36.10,35.94,35.52
484920,1101.28,1010.74,1017.72,1016.10,1001.64,1013.72,1011.52,1096.24,36.22,35.94,35.89,35.79,36.38,36.20,36.04,35.63
485040,1101.16,1010.70,1018.16,1015.90,1001.32,1013.70,1011.62,1095.96,36.14,35.98,35.83,35.75,36.31,36.11,36.04,35.61
485160,1100.60,1009.90,1018.24,1015.66,1001.00,1013.24,1010.96,1095.18,35.94,35.77,35.63,35.57,36.18,35.92,35.95,35.47
485280,1100.40,1009.44,1018.16,1015.66,1001.28,1013.04,1010.72,1095.20,35.87,35.66,35.61,35.53,36.18,35.89,35.87,35.41
485400,1100.46,1009.50,1018.12,1015.78,1001.46,1013.04,1010.88,1095.02,35.94,35.67,35.67,35.56,36.24,35.96,35.88,35.43
485520,1100.76,1009.88,1018.04,1016.16,1001.62,1013.20,1011.04,1095.38,36.05,35.75,35.77,35.66,36.31,36.05,35.94,35.50
485640,1101.04,1010.62,1018.28,1016.30,1001.68,1013.70,1011.76,1096.14,36.20,35.90,35.89,35.78,36.39,36.20,36.05,35.62
485760,1101.28,1010.74,1018.76,1016.16,1001.34,1013.72,1011.66,1096.12,36.20,35.99,35.90,35.81,36.37,36.18,36.08,35.65
485880,1101.02,1010.66,1018.80,1015.80,1001.14,1013.56,1011.42,1095.78,36.04,35.86,35.74,35.71,36.25,36.02,36.01,35.56
486000,1100.56,1009.72,1018.60,1015.70,1001.26,1013.16,1010.58,1094.84,35.86,35.64,35.60,35.53,36.16,35.85,35.89,35.41
486120,1100.30,1009.86,1018.18,1015.84,1001.32,1012.94,1010.58,1094.80,35.85,35.59,35.61,35.51,36.20,35.89,35.84,35.38
486240,1100.20,1010.02,1018.10,1015.78,1001.40,1013.06,1010.54,1094.78,35.88,35.62,35.63,35.53,36.21,35.92,35.84,35.39
486360,1100.84,1010.22,1018.08,1016.08,1001.66,1013.14,1010.78,1095.42,35.98,35.70,35.73,35.60,36.27,36.01,35.89,35.46
486480,1100.88,1010.24,1018.24,1015.98,1001.60,1013.30,1011.04,1095.44,36.02,35.78,35.74,35.64,36.27,36.03,35.94,35.48
486600,1100.52,1010.24,1018.16,1015.68,1001.44,1013.28,1010.66,1094.96,35.89,35.69,35.61,35.57,36.18,35.88,35.88,35.41
486720,1100.14,1009.42,1018.14,1015.60,1001.22,1012.80,1009.98,1094.08,35.71,35.48,35.46,35.40,36.08,35.73,35.76,35.27
486840,1100.12,1009.22,1017.92,1015.98,1001.36,1012.82,1010.12,1094.08,35.77,35.49,35.51,35.43,36.15,35.83,35.75,35.29
486960,1100.06,1009.50,1017.92,1016.16,1001.76,1013.06,1010.18,1094.34,35.84,35.57,35.60,35.49,36.19,35.91,35.80,35.33
487080,1100.28,1010.04,1017.86,1016.32,1002.00,1013.24,1010.64,1094.92,35.94,35.67,35.69,35.58,36.25,36.00,35.86,35.41
487200,1100.78,1010.68,1017.94,1016.62,1002.02,1013.60,1011.30,1095.78,36.11,35.82,35.83,35.71,36.33,36.12,35.97,35.53
487320,1101.06,1010.78,1018.06,1016.34,1002.06,1013.78,1011.52,1095.84,36.13,35.92,35.84,35.74,36.32,36.12,36.02,35.57
487440,1100.50,1010.56,1018.42,1015.94,1001.74,1013.74,1011.20,1095.14,35.99,35.84,35.73,35.64,36.21,35.97,35.98,35.49
487560,1100.26,1009.90,1018.26,1015.78,1001.64,1013.16,1010.58,1094.48,35.81,35.61,35.56,35.49,36.14,35.81,35.84,35.36
487680,1100.20,1009.68,1017.94,1015.80,1001.60,1013.26,1010.64,1094.70,35.84,35.58,35.60,35.50,36.19,35.88,35.81,35.36
487800,1100.40,1009.88,1017.80,1016.16,1001.88,1013.16,1010.72,1094.58,35.88,35.61,35.63,35.53,36.20,35.92,35.84,35.37
487920,1100.34,1010.00,1017.70,1016.40,1001.96,1013.40,1010.94,1095.04,35.98,35.69,35.71,35.60,36.26,36.01,35.88,35.43
488040,1100.76,1010.58,1017.90,1016.36,1002.00,1013.62,1011.26,1095.38,36.05,35.79,35.76,35.66,36.29,36.06,35.93,35.49
488160,1100.68,1010.40,1017.92,1016.08,1001.78,1013.56,1010.90,1095.02,35.97,35.74,35.71,35.62,36.20,35.97,35.91,35.46
488280,1100.36,1009.92,1018.08,1015.70,1001.64,1012.92,1010.04,1094.24,35.77,35.57,35.51,35.45,36.09,35.78,35.78,35.33
488400,1099.96,1009.32,1017.86,1016.10,1001.58,1012.84,1009.90,1094.02,35.73,35.47,35.47,35.40,36.11,35.78,35.72,35.27
488520,1100.06,1009.54,1017.62,1016.12,1001.92,1013.04,1010.02,1094.18,35.78,35.50,35.55,35.44,36.15,35.86,35.74,35.30
488640,1100.20,1009.82,1017.54,1016.50,1002.02,1013.16,1010.20,1094.40,35.87,35.58,35.61,35.49,36.18,35.91,35.79,35.34
488760,1100.60,1010.30,1017.54,1016.78,1002.24,1013.58,1011.02,1095.00,36.00,35.70,35.75,35.61,36.26,36.03,35.88,35.45
488880,1100.50,1010.30,1017.70,1016.56,1001.88,1013.68,1010.98,1095.14,36.02,35.78,35.74,35.65,36.25,36.03,35.93,35.47
489000,1100.12,1010.14,1017.98,1016.24,1001.82,1013.52,1011.04,1094.60,35.88,35.70,35.63,35.57,36.14,35.87,35.90,35.40
489120,1099.64,1009.32,1017.92,1016.22,1001.66,1012.98,1010.34,1094.26,35.72,35.52,35.49,35.44,36.07,35.75,35.79,35.28
489240,1099.90,1009.48,1017.54,1016.50,1002.12,1013.08,1010.42,1094.44,35.84,35.55,35.60,35.50,36.18,35.90,35.81,35.33
489360,1100.24,1009.98,1017.58,1016.48,1002.26,1013.56,1010.98,1094.96,35.96,35.67,35.69,35.59,36.24,36.01,35.87,35.42
489480,1100.54,1010.16,1017.62,1016.34,1002.14,1013.60,1010.82,1094.64,35.95,35.70,35.67,35.59,36.19,35.97,35.89,35.41
489600,1099.98,1009.68,1017.56,1016.10,1001.94,1013.08,1010.42,1094.08,35.77,35.55,35.51,35.47,36.06,35.79,35.80,35.31
489720,1099.72,1009.46,1017.54,1016.12,1002.02,1013.04,1010.14,1093.92,35.67,35.44,35.45,35.37,36.06,35.72,35.73,35.24
489840,1099.62,1009.28,1016.86,1016.66,1001.94,1013.02,1010.18,1093.98,35.78,35.49,35.52,35.43,36.13,35.82,35.74,35.27
489960,1099.88,1009.48,1016.74,1016.76,1002.08,1013.32,1010.48,1094.38,35.86,35.56,35.59,35.49,36.17,35.89,35.78,35.33
490080,1100.18,1010.22,1016.90,1016.94,1002.16,1013.50,1010.82,1094.82,35.97,35.68,35.68,35.58,36.24,35.99,35.87,35.41
490200,1100.20,1010.34,1017.16,1016.52,1001.90,1013.46,1010.88,1094.84,35.95,35.74,35.68,35.59,36.21,35.96,35.88,35.43
490320,1100.02,1009.58,1017.36,1015.82,1001.64,1013.04,1010.76,1094.40,35.82,35.63,35.53,35.46,36.06,35.81,35.81,35.33
490440,1099.62,1009.20,1017.06,1015.78,1001.76,1012.80,1010.30,1093.66,35.68,35.46,35.43,35.35,36.03,35.69,35.72,35.23
490560,1099.48,1009.32,1016.96,1016.30,1001.88,1012.72,1010.14,1093.74,35.71,35.43,35.47,35.37,36.07,35.76,35.70,35.23
490680,1099.70,1009.36,1016.76,1016.36,1002.20,1012.84,1010.10,1093.86,35.75,35.48,35.51,35.39,36.10,35.80,35.72,35.25
490800,1099.96,1009.88,1016.90,1016.64,1002.22,1013.34,1010.82,1094.62,35.93,35.63,35.66,35.54,36.22,35.96,35.82,35.37
490920,1100.44,1010.64,1017.02,1016.52,1002.20,1013.50,1011.30,1095.04,36.05,35.78,35.75,35.63,36.27,36.05,35.92,35.48
491040,1100.48,1010.64,1017.12,1016.42,1002.08,1013.46,1011.26,1094.84,35.99,35.81,35.70,35.61,36.21,35.97,35.93,35.45
491160,1099.86,1009.86,1017.30,1015.86,1001.74,1013.34,1010.54,1094.10,35.81,35.65,35.52,35.46,36.07,35.80,35.84,35.33
491280,1099.82,1009.40,1017.16,1015.96,1001.72,1013.06,1010.54,1093.94,35.75,35.52,35.48,35.41,36.09,35.77,35.76,35.27
491400,1100.16,1009.60,1016.90,1016.38,1002.08,1013.08,1010.64,1094.08,35.85,35.57,35.58,35.48,36.16,35.89,35.79,35.32
491520,1099.78,1010.00,1016.76,1016.12,1002.12,1013.16,1010.68,1094.26,35.84,35.61,35.59,35.48,36.16,35.89,35.81,35.33
491640,1099.62,1009.66,1016.98,1015.84,1001.88,1012.98,1010.24,1093.92,35.71,35.51,35.46,35.40,36.03,35.73,35.74,35.26
491760,1099.04,1009.04,1016.88,1015.88,1001.62,1012.64,1009.56,1093.12,35.55,35.35,35.34,35.26,35.96,35.59,35.62,35.15
491880,1099.06,1009.10,1016.38,1016.28,1001.88,1012.28,1009.62,1093.18,35.59,35.33,35.37,35.27,36.01,35.66,35.61,35.14
492000,1099.24,1009.00,1016.30,1016.20,1001.90,1012.50,1009.72,1093.48,35.66,35.36,35.42,35.32,36.05,35.70,35.64,35.16
492120,1099.58,1009.72,1016.24,1016.62,1002.08,1012.98,1010.18,1094.10,35.81,35.50,35.58,35.43,36.14,35.84,35.72,35.26
492240,1099.72,1010.08,1016.34,1016.64,1001.96,1012.94,1010.54,1094.14,35.89,35.63,35.62,35.51,36.15,35.89,35.79,35.33
492360,1099.48,1010.02,1016.52,1016.02,1001.82,1012.90,1010.58,1094.22,35.80,35.59,35.54,35.46,36.06,35.79,35.77,35.30
492480,1099.02,1009.20,1016.66,1015.94,1001.46,1012.60,1010.02,1093.38,35.62,35.42,35.37,35.30,35.96,35.62,35.68,35.18
492600,1098.84,1008.94,1016.30,1016.10,1001.58,1012.42,1009.40,1093.28,35.60,35.36,35.36,35.28,36.00,35.65,35.63,35.14
492720,1098.78,1008.96,1015.98,1016.28,1001.74,1012.38,1009.44,1093.10,35.61,35.35,35.37,35.29,36.00,35.65,35.61,35.13
492840,1098.80,1009.08,1016.04,1016.36,1001.94,1012.30,1009.76,1093.18,35.70,35.41,35.45,35.37,36.07,35.74,35.65,35.19
492960,1099.34,1009.68,1015.94,1016.46,1002.04,1012.66,1010.24,1093.76,35.82,35.53,35.55,35.44,36.11,35.85,35.72,35.27
493080,1099.26,1009.54,1015.98,1016.16,1002.08,1012.66,1010.36,1093.60,35.79,35.55,35.50,35.42,36.05,35.80,35.72,35.25
493200,1098.72,1009.00,1016.02,1015.96,1001.66,1012.18,1009.66,1093.06,35.58,35.38,35.33,35.27,35.93,35.61,35.62,35.15
493320,1098.64,1008.86,1015.84,1016.04,1001.96,1012.12,1009.38,1092.90,35.57,35.31,35.33,35.24,35.94,35.63,35.58,35.11
493440,1098.92,1009.20,1015.80,1016.58,1002.02,1012.40,1009.98,1093.08,35.67,35.39,35.43,35.32,36.02,35.74,35.63,35.16
493560,1099.12,1009.36,1015.76,1016.38,1001.88,1012.48,1010.24,1093.22,35.68,35.45,35.44,35.34,36.00,35.71,35.65,35.17
493680,1098.56,1009.10,1015.60,1015.86,1001.72,1012.28,1009.56,1092.68,35.55,35.37,35.28,35.24,35.87,35.57,35.59,35.09
493800,1098.24,1008.40,1015.38,1015.98,1001.70,1011.82,1009.02,1092.24,35.42,35.19,35.19,35.13,35.83,35.45,35.49,35.00
493920,1098.16,1008.14,1015.34,1015.94,1001.84,1011.54,1008.88,1091.88,35.37,35.13,35.16,35.09,35.81,35.42,35.44,34.94
494040,1097.64,1007.92,1014.90,1015.80,1001.78,1011.28,1008.10,1091.46,35.24,34.98,35.05,34.97,35.71,35.28,35.34,34.85
494160,1097.14,1007.28,1014.88,1015.82,1001.70,1010.94,1007.84,1092.00,35.13,34.86,34.94,34.87,35.66,35.18,35.22,34.77
494280,1096.96,1007.34,1014.50,1015.88,1001.64,1010.90,1007.56,1092.12,35.12,34.82,34.94,34.86,35.66,35.19,35.20,34.73
494400,1096.62,1007.18,1014.22,1015.80,1001.60,1010.64,1007.16,1091.78,35.03,34.74,34.86,34.78,35.58,35.10,35.14,34.66
494520,1096.30,1006.66,1014.14,1015.94,1001.80,1010.48,1006.82,1091.76,35.00,34.69,34.83,34.75,35.55,35.06,35.09,34.62
494640,1096.16,1006.58,1014.00,1016.06,1001.70,1010.28,1006.72,1091.56,35.01,34.70,34.84,34.75,35.55,35.08,35.09,34.60
494760,1095.78,1006.22,1014.06,1016.10,1001.76,1009.76,1006.48,1091.28,34.93,34.63,34.77,34.70,35.50,35.00,35.03,34.55
494880,1095.74,1006.18,1014.06,1016.02,1001.84,1009.90,1006.50,1091.26,34.92,34.63,34.77,34.68,35.49,34.99,35.01,34.53
495000,1095.56,1006.04,1013.78,1015.98,1001.96,1009.94,1006.18,1091.20,34.90,34.61,34.74,34.66,35.44,34.95,34.99,34.49
495120,1095.20,1005.84,1013.68,1016.02,1001.74,1009.60,1005.86,1090.74,34.84,34.56,34.68,34.60,35.40,34.89,34.93,34.45
495240,1095.14,1005.62,1014.08,1016.06,1001.86,1009.62,1005.92,1090.84,34.87,34.57,34.70,34.62,35.42,34.92,34.93,34.45
495360,1094.76,1005.40,1013.74,1015.92,1001.74,1009.54,1005.54,1090.50,34.81,34.54,34.65,34.57,35.36,34.85,34.89,34.40
495480,1094.62,1005.04,1013.64,1016.08,1001.66,1009.12,1005.58,1090.44,34.77,34.48,34.60,34.53,35.34,34.83,34.85,34.38
495600,1094.58,1005.06,1013.46,1016.06,1001.98,1009.16,1005.50,1090.40,34.78,34.49,34.60,34.53,35.33,34.83,34.85,34.36
495720,1094.22,1005.00,1013.44,1015.82,1001.84,1008.70,1005.36,1090.02,34.70,34.44,34.52,34.46,35.27,34.75,34.79,34.31
495840,1093.68,1004.76,1013.60,1015.78,1001.84,1008.56,1005.24,1089.80,34.70,34.42,34.53,34.45,35.26,34.75,34.78,34.30
495960,1093.46,1004.44,1013.64,1015.74,1001.92,1008.64,1004.82,1089.84,34.68,34.42,34.51,34.44,35.21,34.71,34.78,34.28
496080,1093.56,1004.26,1013.24,1015.80,1001.74,1008.46,1004.54,1089.58,34.62,34.38,34.44,34.38,35.17,34.66,34.73,34.23
496200,1093.54,1004.32,1013.96,1015.88,1001.88,1008.40,1004.94,1089.72,34.70,34.43,34.51,34.44,35.25,34.76,34.76,34.27
496320,1093.52,1004.40,1014.06,1015.94,1002.00,1008.48,1005.14,1089.76,34.76,34.54,34.55,34.48,35.25,34.82,34.82,34.29
496440,1093.44,1004.38,1014.02,1015.90,1001.94,1008.72,1005.50,1089.90,34.77,34.58,34.56,34.49,35.24,34.82,34.84,34.31
496560,1093.36,1004.26,1013.98,1015.86,1001.84,1008.80,1005.46,1089.84,34.76,34.57,34.55,34.50,35.21,34.80,34.85,34.30
496680,1093.28,1004.18,1013.54,1015.76,1001.74,1008.32,1005.34,1089.60,34.68,34.50,34.48,34.42,35.15,34.72,34.80,34.26
496800,1093.24,1004.10,1013.84,1015.90,1002.06,1008.38,1005.30,1089.84,34.75,34.54,34.57,34.46,35.23,34.80,34.81,34.30
496920,1093.58,1004.62,1013.84,1016.26,1002.18,1009.00,1005.88,1090.20,34.92,34.67,34.68,34.58,35.31,34.97,34.89,34.40
497040,1093.70,1004.64,1013.66,1015.94,1002.16,1008.94,1005.90,1090.42,34.94,34.75,34.71,34.62,35.29,34.97,34.94,34.43
497160,1093.84,1004.72,1013.68,1015.96,1001.92,1009.28,1006.02,1090.58,34.98,34.76,34.73,34.64,35.31,34.99,34.95,34.45
497280,1094.02,1004.80,1013.68,1016.20,1002.06,1009.32,1006.16,1090.98,35.06,34.82,34.80,34.71,35.37,35.08,35.00,34.51
497400,1094.02,1004.86,1013.42,1015.88,1001.98,1009.32,1006.22,1090.86,35.04,34.84,34.78,34.70,35.33,35.04,35.00,34.51
497520,1093.86,1004.66,1012.92,1016.02,1001.94,1009.24,1006.10,1090.82,34.97,34.78,34.72,34.65,35.29,34.97,34.97,34.47
497640,1093.54,1004.64,1012.84,1015.80,1002.00,1009.10,1005.92,1090.56,34.91,34.70,34.68,34.61,35.27,34.91,34.92,34.44
497760,1093.32,1004.14,1012.20,1015.80,1001.72,1008.90,1005.44,1089.86,34.77,34.58,34.56,34.50,35.18,34.79,34.84,34.34
497880,1093.06,1004.12,1012.26,1015.92,1001.66,1008.58,1005.26,1089.64,34.73,34.50,34.52,34.45,35.18,34.76,34.78,34.30
498000,1092.80,1003.72,1012.30,1015.86,1001.64,1008.46,1004.90,1089.18,34.67,34.44,34.46,34.40,35.12,34.70,34.74,34.25
498120,1092.78,1003.36,1011.96,1015.74,1001.68,1008.42,1004.28,1088.84,34.58,34.34,34.38,34.33,35.06,34.61,34.68,34.18
498240,1092.64,1003.40,1012.22,1015.88,1001.86,1008.26,1004.40,1088.82,34.61,34.35,34.42,34.35,35.08,34.66,34.68,34.17
498360,1092.52,1003.22,1012.24,1015.82,1001.80,1008.16,1004.56,1088.72,34.57,34.35,34.40,34.32,35.03,34.61,34.67,34.15
498480,1092.24,1003.08,1012.08,1015.80,1001.82,1008.04,1004.22,1088.64,34.53,34.30,34.34,34.28,35.00,34.57,34.62,34.11
498600,1092.24,1003.10,1012.12,1016.02,1001.96,1007.98,1004.36,1088.66,34.58,34.34,34.39,34.31,35.04,34.63,34.64,34.13
498720,1092.22,1003.10,1011.88,1015.72,1001.92,1007.88,1004.14,1088.68,34.55,34.32,34.35,34.28,34.98,34.58,34.62,34.11
498840,1092.14,1002.94,1011.72,1015.80,1001.82,1007.98,1004.02,1088.32,34.49,34.27,34.30,34.23,34.95,34.53,34.58,34.07
498960,1092.14,1002.96,1011.42,1016.00,1001.94,1007.88,1004.16,1088.28,34.55,34.31,34.35,34.27,34.99,34.59,34.60,34.10
499080,1092.10,1002.70,1008.80,1015.88,1001.94,1007.92,1003.92,1088.32,34.53,34.31,34.33,34.26,34.96,34.56,34.59,34.08
499200,1091.86,1002.68,1008.56,1015.86,1001.80,1008.06,1003.92,1088.24,34.53,34.30,34.32,34.25,34.96,34.56,34.58,34.08
499320,1091.74,1002.80,1008.00,1015.90,1001.72,1008.06,1004.02,1088.26,34.58,34.33,34.36,34.27,34.98,34.61,34.60,34.10
499440,1091.62,1002.44,1007.94,1015.92,1001.92,1007.84,1003.72,1088.28,34.52,34.31,34.31,34.23,34.93,34.55,34.58,34.08
499560,1091.52,1002.40,1007.88,1016.00,1001.92,1007.86,1003.64,1088.30,34.54,34.30,34.31,34.24,34.96,34.58,34.56,34.08
499680,1091.60,1002.52,1008.10,1015.96,1001.86,1007.88,1003.76,1088.32,34.57,34.32,34.35,34.27,34.98,34.62,34.58,34.10
499800,1091.54,1002.56,1008.34,1015.78,1001.82,1007.88,1003.78,1088.08,34.52,34.30,34.31,34.23,34.92,34.56,34.56,34.07
499920,1091.42,1002.58,1008.44,1015.84,1001.78,1007.84,1003.74,1088.08,34.52,34.29,34.31,34.24,34.93,34.55,34.55,34.07
500040,1091.30,1002.36,1008.68,1016.02,1001.78,1007.62,1003.46,1087.88,34.46,34.26,34.26,34.21,34.89,34.49,34.52,34.02
500160,1091.16,1002.04,1008.96,1015.96,1001.70,1007.62,1003.00,1087.90,34.41,34.20,34.21,34.15,34.85,34.45,34.47,33.98
500280,1091.10,1002.20,1009.74,1014.26,1002.04,1007.74,1003.08,1087.88,34.48,34.22,34.26,34.18,34.89,34.51,34.48,34.01
500400,1090.96,1002.10,1010.10,1009.56,1001.90,1007.64,1003.12,1087.70,34.47,34.23,34.25,34.17,34.85,34.50,34.48,34.00
500520,1090.76,1001.90,1010.64,1005.96,1001.84,1007.68,1003.04,1087.76,34.48,34.23,34.26,34.18,34.87,34.51,34.48,34.00
500640,1090.92,1001.84,1010.84,1005.28,1002.02,1007.78,1001.86,1087.88,34.50,34.24,34.27,34.18,34.86,34.52,34.49,34.01
500760,1090.88,1001.66,1011.16,1005.18,1001.96,1007.46,999.80,1087.62,34.44,34.19,34.22,34.14,34.82,34.45,34.46,33.99
500880,1090.78,1001.60,1011.24,1005.12,1001.94,1007.52,999.76,1087.58,34.44,34.17,34.23,34.14,34.82,34.47,34.45,33.99
501000,1090.90,1001.52,1011.30,1004.96,1001.94,1007.56,999.86,1087.24,34.39,34.14,34.18,34.10,34.77,34.40,34.42,33.94
501120,1090.62,1001.44,1011.36,1005.08,1001.86,1007.44,999.90,1087.22,34.37,34.10,34.15,34.09,34.78,34.39,34.39,33.92
501240,1090.30,1001.50,1011.28,1004.90,1001.76,1007.44,999.54,1087.26,34.37,34.11,34.15,34.08,34.78,34.39,34.39,33.92
501360,1090.18,1001.30,1011.04,1004.84,1001.78,1007.30,999.20,1086.80,34.30,34.06,34.09,34.03,34.73,34.31,34.34,33.87
501480,1090.04,1001.10,1011.22,1004.54,1001.80,1007.26,999.42,1086.60,34.30,34.04,34.10,34.02,34.74,34.31,34.32,33.86
501600,1089.90,1001.00,1011.08,1004.36,1001.70,1007.14,999.06,1086.56,34.25,34.00,34.06,33.98,34.69,34.25,34.29,33.82
501720,1089.58,1000.74,1011.44,1004.38,1001.64,1007.14,998.80,1086.56,34.22,33.97,34.03,33.96,34.68,34.25,34.27,33.80
501840,1089.72,1000.98,1011.76,1004.38,1001.60,1007.12,998.84,1086.52,34.28,34.01,34.08,34.00,34.71,34.32,34.29,33.82
501960,1089.68,1000.78,1011.74,1004.40,1001.58,1007.10,998.72,1086.34,34.27,34.03,34.07,33.99,34.68,34.29,34.30,33.82
502080,1089.64,1000.84,1011.92,1004.34,1001.68,1007.10,998.88,1086.62,34.34,34.08,34.12,34.04,34.72,34.37,34.32,33.85
502200,1089.90,1001.22,1012.18,1004.46,1001.66,1007.32,998.98,1086.74,34.42,34.14,34.18,34.08,34.75,34.44,34.36,33.90
502320,1089.80,1001.14,1012.08,1004.60,1001.56,1007.28,998.86,1086.92,34.39,34.15,34.14,34.07,34.71,34.40,34.36,33.90
502440,1089.88,1001.10,1012.16,1004.58,1001.54,1007.74,998.94,1087.04,34.42,34.16,34.17,34.08,34.75,34.44,34.36,33.92
502560,1089.96,1001.28,1012.14,1004.58,1001.64,1007.74,998.90,1087.02,34.43,34.18,34.18,34.08,34.74,34.44,34.36,33.92
502680,1089.98,1001.12,1012.12,1004.52,1001.60,1007.60,999.06,1086.96,34.43,34.18,34.16,34.09,34.73,34.43,34.36,33.93
502800,1090.06,1001.26,1012.06,1004.56,1001.60,1007.84,998.86,1087.16,34.46,34.21,34.20,34.12,34.76,34.46,34.39,33.95
502920,1090.14,1001.18,1012.10,1004.56,1001.52,1007.74,998.60,1086.94,34.42,34.18,34.16,34.08,34.72,34.39,34.37,33.92
503040,1090.18,1001.16,1012.30,1004.72,1001.52,1007.96,998.86,1087.20,34.46,34.19,34.21,34.12,34.76,34.46,34.39,33.95
503160,1090.34,1001.70,1012.90,1004.96,1001.74,1008.40,999.14,1087.46,34.61,34.33,34.34,34.23,34.86,34.63,34.48,34.05
503280,1090.68,1001.92,1012.72,1005.26,1001.78,1008.42,999.10,1087.74,34.65,34.43,34.36,34.27,34.86,34.65,34.54,34.10
503400,1090.76,1001.98,1012.68,1005.40,1001.62,1008.78,999.24,1087.96,34.68,34.46,34.39,34.31,34.87,34.66,34.57,34.13
503520,1090.70,1002.18,1012.52,1005.74,1001.44,1008.80,999.32,1087.98,34.68,34.48,34.40,34.31,34.88,34.67,34.59,34.15
503640,1090.60,1002.08,1012.38,1005.68,1001.42,1008.84,999.22,1087.66,34.62,34.44,34.35,34.28,34.84,34.60,34.56,34.12
503760,1090.78,1002.16,1012.36,1005.80,1001.78,1008.88,999.42,1087.82,34.67,34.44,34.40,34.31,34.91,34.67,34.57,34.15
503880,1090.94,1002.36,1012.34,1005.70,1001.44,1008.84,999.34,1087.80,34.68,34.47,34.40,34.33,34.90,34.67,34.59,34.15
504000,1090.78,1002.28,1011.86,1005.76,1001.46,1008.82,999.28,1087.82,34.60,34.42,34.34,34.27,34.84,34.58,34.57,34.11
504120,1090.60,1002.20,1011.86,1006.10,1001.36,1008.84,999.28,1087.70,34.60,34.39,34.35,34.28,34.86,34.62,34.56,34.11
504240,1090.56,1002.20,1011.70,1006.14,1001.38,1008.80,999.12,1087.54,34.59,34.38,34.32,34.27,34.83,34.58,34.57,34.09
504360,1090.46,1001.96,1011.50,1005.96,1001.30,1008.78,999.28,1087.06,34.50,34.31,34.25,34.20,34.78,34.51,34.52,34.03
504480,1090.58,1002.08,1011.60,1006.00,1001.40,1008.96,999.24,1087.28,34.55,34.31,34.29,34.21,34.84,34.56,34.51,34.06
504600,1090.66,1002.16,1011.76,1005.98,1001.34,1008.90,999.24,1087.14,34.56,34.33,34.30,34.23,34.84,34.57,34.52,34.06
504720,1090.52,1002.04,1011.54,1006.02,1001.10,1008.76,999.08,1087.02,34.52,34.30,34.26,34.20,34.80,34.52,34.50,34.03
504840,1090.60,1001.94,1011.52,1005.92,1001.14,1008.76,999.04,1087.10,34.54,34.29,34.28,34.21,34.82,34.56,34.49,34.04
504960,1090.50,1002.02,1011.38,1005.96,1000.94,1008.82,999.02,1087.06,34.50,34.27,34.24,34.18,34.77,34.51,34.48,34.01
505080,1090.50,1001.72,1011.18,1005.78,1000.96,1008.70,999.06,1086.78,34.45,34.21,34.20,34.14,34.73,34.46,34.44,33.98
505200,1090.62,1001.86,1011.48,1005.84,1000.94,1008.80,998.92,1087.14,34.51,34.24,34.25,34.17,34.79,34.53,34.45,34.01
505320,1090.40,1001.98,1011.36,1005.72,1001.14,1008.88,998.84,1086.96,34.51,34.26,34.26,34.17,34.77,34.51,34.46,34.01
505440,1090.42,1001.78,1011.24,1005.72,1000.96,1008.90,998.92,1086.96,34.47,34.24,34.22,34.14,34.75,34.48,34.45,33.99
505560,1090.36,1001.78,1011.54,1005.58,1001.02,1008.86,999.06,1086.96,34.52,34.27,34.27,34.18,34.81,34.55,34.46,34.01
505680,1090.48,1001.88,1011.22,1005.72,1001.14,1008.94,998.98,1087.02,34.50,34.28,34.25,34.18,34.77,34.51,34.46,34.01
505800,1090.30,1001.74,1011.02,1005.68,1000.98,1008.74,998.84,1086.76,34.45,34.24,34.20,34.13,34.73,34.46,34.44,33.98
505920,1090.38,1002.02,1011.44,1005.88,1000.88,1008.82,999.02,1087.10,34.54,34.29,34.27,34.18,34.82,34.57,34.46,34.03
506040,1090.50,1002.26,1011.62,1006.04,1000.96,1008.94,999.34,1087.38,34.62,34.36,34.33,34.25,34.84,34.63,34.51,34.08
506160,1090.48,1002.28,1011.62,1006.06,1000.86,1009.08,999.12,1087.48,34.62,34.38,34.33,34.25,34.82,34.62,34.52,34.09
506280,1090.62,1002.22,1012.02,1006.14,1000.90,1009.38,999.22,1087.86,34.70,34.43,34.41,34.32,34.90,34.69,34.56,34.15
506400,1090.74,1002.62,1011.88,1006.30,1000.96,1009.36,999.50,1087.90,34.73,34.50,34.44,34.35,34.91,34.72,34.60,34.19
506520,1090.76,1002.52,1011.72,1006.50,1000.92,1009.44,999.66,1087.86,34.72,34.50,34.43,34.35,34.89,34.69,34.62,34.18
506640,1090.90,1002.82,1011.92,1006.62,1000.94,1009.46,999.70,1088.12,34.76,34.50,34.46,34.38,34.93,34.73,34.64,34.21
506760,1091.00,1002.82,1011.62,1006.76,1000.80,1009.62,999.54,1087.96,34.71,34.47,34.43,34.36,34.89,34.68,34.62,34.18
506880,1091.10,1002.62,1011.62,1006.70,1000.74,1009.60,999.70,1088.18,34.72,34.46,34.44,34.36,34.92,34.69,34.62,34.20
507000,1091.52,1003.36,1011.94,1006.90,1001.08,1009.84,999.92,1088.74,34.83,34.54,34.53,34.43,35.00,34.80,34.68,34.29
507120,1091.60,1003.58,1012.08,1007.16,1001.02,1009.82,1000.06,1088.82,34.88,34.63,34.55,34.47,35.00,34.83,34.72,34.33
507240,1091.90,1003.90,1012.08,1007.44,1000.98,1010.22,1000.40,1089.14,34.95,34.69,34.62,34.54,35.05,34.89,34.76,34.39
507360,1091.96,1004.14,1012.00,1007.68,1000.82,1010.58,1000.40,1089.12,35.01,34.76,34.66,34.59,35.09,34.95,34.82,34.43
507480,1092.04,1004.02,1011.94,1007.84,1000.82,1010.48,1000.34,1089.12,34.99,34.77,34.65,34.58,35.08,34.93,34.83,34.43
507600,1092.06,1004.16,1011.78,1007.86,1000.58,1010.64,1000.72,1089.34,35.00,34.76,34.67,34.60,35.11,34.95,34.84,34.44
507720,1092.26,1004.10,1011.36,1007.94,1000.56,1010.76,1000.68,1089.22,34.94,34.72,34.63,34.56,35.06,34.88,34.81,34.40
507840,1092.30,1003.90,1011.50,1007.84,1000.76,1010.74,1000.74,1089.10,34.90,34.67,34.61,34.53,35.04,34.86,34.78,34.38
507960,1092.20,1004.14,1011.66,1008.00,1000.90,1010.70,1000.80,1089.00,34.94,34.68,34.65,34.56,35.08,34.91,34.80,34.40
508080,1092.28,1004.14,1011.30,1007.90,1000.78,1010.50,1000.74,1088.78,34.89,34.66,34.62,34.53,35.05,34.85,34.79,34.38
508200,1092.08,1004.00,1011.06,1007.96,1000.76,1010.50,1000.74,1088.82,34.87,34.63,34.59,34.51,35.05,34.83,34.77,34.36
508320,1092.24,1004.02,1011.08,1007.92,1000.74,1010.50,1000.66,1088.46,34.84,34.60,34.56,34.49,35.03,34.81,34.75,34.33
508440,1091.88,1003.80,1010.92,1007.76,1000.52,1010.54,1000.52,1088.30,34.75,34.52,34.48,34.42,34.97,34.73,34.68,34.28
508560,1091.66,1003.72,1010.86,1007.68,1000.70,1010.44,1000.46,1088.20,34.72,34.48,34.46,34.39,34.98,34.73,34.65,34.24
508680,1091.50,1003.56,1010.72,1007.66,1000.70,1010.22,1000.50,1087.92,34.67,34.42,34.41,34.36,34.94,34.66,34.62,34.19
508800,1091.44,1002.96,1010.42,1007.52,1000.72,1010.18,1000.52,1087.60,34.58,34.32,34.34,34.28,34.89,34.58,34.56,34.14
508920,1091.48,1002.98,1010.50,1007.46,1000.74,1010.16,1000.38,1087.56,34.57,34.30,34.34,34.27,34.90,34.58,34.54,34.12
509040,1091.06,1003.28,1010.42,1007.20,1000.66,1009.84,1000.28,1087.12,34.50,34.23,34.27,34.21,34.83,34.48,34.50,34.06
509160,1091.00,1002.94,1010.44,1007.10,1000.70,1009.98,1000.10,1087.06,34.48,34.22,34.26,34.19,34.83,34.49,34.47,34.04
509280,1090.72,1002.84,1010.46,1006.84,1000.88,1009.88,1000.10,1086.60,34.47,34.21,34.25,34.18,34.81,34.47,34.46,34.02
509400,1090.68,1002.64,1010.24,1006.76,1000.78,1009.74,999.78,1086.50,34.39,34.14,34.18,34.12,34.74,34.40,34.41,33.96
509520,1090.56,1002.78,1010.34,1006.76,1000.74,1009.84,999.72,1086.66,34.40,34.14,34.19,34.12,34.77,34.43,34.40,33.95
509640,1090.60,1002.80,1010.32,1006.36,1000.84,1009.70,999.78,1086.20,34.37,34.13,34.15,34.10,34.74,34.39,34.38,33.93
509760,1090.28,1002.26,1010.16,1006.20,1000.74,1009.62,999.58,1086.10,34.31,34.05,34.09,34.03,34.69,34.32,34.33,33.89
509880,1090.18,1002.26,1010.28,1006.18,1000.72,1009.36,999.50,1085.84,34.30,34.03,34.08,34.02,34.68,34.32,34.31,33.86
510000,1089.82,1002.06,1010.00,1005.88,1000.66,1008.92,999.40,1085.64,34.22,33.95,34.00,33.96,34.62,34.24,34.25,33.80
510120,1089.94,1001.82,1010.24,1005.80,1000.84,1009.18,999.50,1085.78,34.25,34.00,34.04,33.98,34.67,34.29,34.25,33.82
510240,1090.30,1002.64,1011.34,1006.00,1000.86,1009.76,999.62,1086.52,34.51,34.17,34.24,34.15,34.79,34.53,34.38,33.98
510360,1090.96,1003.34,1012.20,1006.62,1000.94,1010.28,999.82,1087.66,34.73,34.42,34.41,34.31,34.93,34.71,34.55,34.15
510480,1092.06,1004.44,1013.34,1007.32,1001.08,1011.22,1000.62,1089.44,35.07,34.72,34.69,34.57,35.08,34.96,34.79,34.41
510600,1092.58,1005.38,1013.24,1008.36,1001.02,1011.60,1000.98,1090.20,35.24,35.00,34.86,34.76,35.20,35.13,34.97,34.63
510720,1092.64,1005.24,1012.96,1008.52,1000.78,1011.78,1001.06,1090.12,35.24,35.13,34.88,34.81,35.20,35.15,35.02,34.66
510840,1092.54,1004.84,1012.06,1008.62,1000.58,1011.56,1001.08,1089.60,35.08,35.03,34.77,34.72,35.12,35.02,34.97,34.56
510960,1092.60,1004.60,1011.84,1008.34,1000.78,1011.40,1001.28,1089.72,35.07,34.92,34.77,34.69,35.16,35.03,34.94,34.53
511080,1092.96,1005.00,1012.00,1008.50,1000.90,1011.86,1001.54,1089.80,35.16,34.95,34.85,34.75,35.23,35.14,34.98,34.61
511200,1093.16,1005.84,1012.36,1008.98,1001.10,1012.28,1001.56,1090.54,35.27,35.04,34.93,34.85,35.30,35.25,35.06,34.68
511320,1093.74,1006.28,1012.66,1009.30,1001.22,1012.80,1001.92,1091.02,35.41,35.17,35.06,34.97,35.40,35.36,35.18,34.81
511440,1093.90,1006.60,1012.34,1009.82,1001.10,1012.98,1002.14,1091.28,35.42,35.27,35.08,35.00,35.40,35.38,35.21,34.85
511560,1094.00,1006.00,1011.56,1009.92,1000.84,1012.78,1002.28,1090.80,35.28,35.20,34.96,34.90,35.31,35.24,35.15,34.77
511680,1093.68,1005.86,1011.22,1009.56,1000.84,1012.60,1002.30,1090.58,35.20,35.04,34.88,34.83,35.29,35.17,35.08,34.69
511800,1093.64,1005.90,1011.32,1009.76,1000.88,1012.76,1002.40,1090.54,35.23,35.01,34.92,34.84,35.34,35.21,35.08,34.69
511920,1093.92,1006.14,1011.66,1009.68,1001.00,1012.80,1002.46,1090.94,35.28,35.03,34.95,34.86,35.37,35.23,35.10,34.72
512040,1094.68,1006.88,1012.18,1010.26,1001.18,1013.48,1002.96,1091.56,35.43,35.14,35.09,35.00,35.47,35.40,35.22,34.85
512160,1094.84,1007.58,1012.46,1010.90,1001.14,1013.62,1002.96,1092.04,35.55,35.31,35.18,35.09,35.53,35.49,35.31,34.96
512280,1094.92,1007.60,1012.16,1010.96,1000.76,1013.80,1003.06,1091.84,35.48,35.35,35.14,35.07,35.49,35.44,35.30,34.94
512400,1094.56,1006.88,1011.40,1010.86,1000.68,1013.60,1003.02,1091.16,35.32,35.21,35.01,34.96,35.40,35.28,35.23,34.82
512520,1094.48,1006.88,1011.38,1010.82,1000.86,1013.46,1003.06,1091.32,35.33,35.14,35.02,34.96,35.45,35.30,35.19,34.80
512640,1094.96,1007.46,1011.50,1010.94,1000.94,1013.68,1003.28,1091.58,35.39,35.16,35.08,35.01,35.50,35.38,35.23,34.85
512760,1095.24,1007.92,1012.00,1011.06,1001.28,1013.92,1003.32,1092.20,35.49,35.24,35.16,35.10,35.56,35.46,35.29,34.92
512880,1095.76,1008.44,1012.42,1011.54,1001.38,1014.40,1003.94,1093.08,35.65,35.38,35.30,35.22,35.67,35.60,35.42,35.06
513000,1096.06,1008.90,1012.08,1011.88,1001.04,1014.52,1004.08,1093.04,35.68,35.50,35.31,35.25,35.66,35.61,35.46,35.10
513120,1095.84,1008.48,1011.50,1011.86,1001.14,1014.56,1004.00,1092.38,35.55,35.43,35.21,35.15,35.58,35.49,35.40,35.00
513240,1095.62,1007.76,1011.14,1011.52,1000.74,1014.18,1004.20,1091.94,35.37,35.22,35.09,35.06,35.52,35.35,35.30,34.89
513360,1095.50,1007.70,1011.28,1011.48,1000.76,1014.22,1004.32,1092.00,35.38,35.17,35.11,35.05,35.56,35.38,35.27,34.88
513480,1095.54,1007.84,1011.18,1011.56,1000.84,1014.24,1004.36,1091.64,35.41,35.17,35.12,35.05,35.56,35.41,35.28,34.89
513600,1096.20,1008.30,1011.70,1011.82,1001.14,1014.30,1004.36,1092.42,35.56,35.26,35.24,35.16,35.65,35.51,35.36,34.98
513720,1096.40,1009.04,1012.02,1012.24,1001.08,1014.80,1004.86,1092.66,35.63,35.38,35.29,35.22,35.68,35.58,35.43,35.05
513840,1096.26,1008.94,1011.54,1012.32,1000.56,1014.78,1004.68,1092.50,35.56,35.38,35.23,35.18,35.63,35.50,35.41,35.02
513960,1095.80,1008.28,1010.84,1012.30,1000.34,1014.44,1004.60,1091.86,35.37,35.23,35.08,35.06,35.51,35.35,35.33,34.90
514080,1095.84,1008.12,1011.00,1012.12,1000.70,1014.34,1004.66,1091.60,35.38,35.16,35.10,35.03,35.56,35.38,35.29,34.88
514200,1095.90,1008.30,1011.10,1012.14,1000.74,1014.42,1004.74,1091.56,35.40,35.17,35.11,35.05,35.58,35.41,35.31,34.88
514320,1096.14,1008.50,1011.54,1012.08,1000.78,1014.72,1004.98,1092.18,35.49,35.23,35.19,35.13,35.64,35.48,35.36,34.95
514440,1096.76,1009.32,1011.74,1012.54,1000.92,1014.98,1005.24,1092.54,35.63,35.36,35.30,35.22,35.72,35.59,35.45,35.04
514560,1096.70,1009.48,1011.56,1012.94,1000.84,1014.98,1005.28,1092.56,35.62,35.42,35.30,35.24,35.71,35.57,35.46,35.05
514680,1096.42,1009.18,1010.82,1012.78,1000.66,1014.96,1005.16,1092.10,35.46,35.33,35.16,35.12,35.58,35.42,35.40,34.96
514800,1096.06,1008.72,1010.76,1012.48,1000.66,1014.64,1005.10,1091.78,35.37,35.20,35.10,35.06,35.59,35.39,35.34,34.91
514920,1096.40,1008.86,1011.36,1012.60,1000.84,1014.74,1005.40,1092.16,35.48,35.23,35.19,35.12,35.67,35.49,35.38,34.96
515040,1096.40,1009.28,1011.46,1012.78,1000.90,1014.92,1005.32,1092.34,35.55,35.29,35.23,35.18,35.71,35.55,35.41,35.00
515160,1096.90,1009.64,1012.02,1013.00,1001.04,1015.50,1005.60,1092.78,35.67,35.39,35.34,35.29,35.80,35.65,35.49,35.09
515280,1097.32,1010.32,1012.08,1013.32,1001.02,1015.74,1005.96,1093.32,35.77,35.53,35.44,35.37,35.85,35.73,35.57,35.18
515400,1097.26,1010.18,1011.92,1013.48,1000.94,1015.74,1006.28,1093.06,35.70,35.55,35.39,35.34,35.79,35.65,35.57,35.17
515520,1096.88,1009.80,1011.02,1013.46,1000.48,1015.38,1005.90,1092.28,35.52,35.39,35.22,35.20,35.67,35.48,35.46,35.04
515640,1096.84,1009.34,1010.96,1013.10,1000.32,1015.10,1005.88,1092.04,35.45,35.25,35.18,35.13,35.68,35.44,35.40,34.97
515760,1097.00,1009.46,1011.10,1013.10,1000.62,1014.98,1005.96,1092.50,35.53,35.27,35.24,35.18,35.75,35.53,35.42,34.99
515880,1097.02,1009.84,1011.12,1013.20,1000.66,1015.14,1006.10,1092.88,35.61,35.36,35.31,35.24,35.80,35.60,35.48,35.06
516000,1097.48,1010.58,1012.14,1013.56,1000.70,1015.68,1006.62,1093.88,35.77,35.52,35.46,35.37,35.89,35.75,35.60,35.19
516120,1097.76,1010.98,1011.92,1014.10,1000.74,1015.94,1006.68,1093.96,35.83,35.64,35.51,35.43,35.92,35.79,35.66,35.25
516240,1097.70,1010.72,1011.12,1014.18,1000.34,1015.88,1006.62,1093.46,35.71,35.61,35.42,35.36,35.83,35.68,35.62,35.19
516360,1097.32,1009.72,1010.08,1013.92,1000.10,1015.44,1006.38,1092.78,35.51,35.38,35.24,35.21,35.72,35.48,35.49,35.05
516480,1097.28,1009.76,1010.42,1013.74,1000.36,1015.38,1006.64,1092.84,35.56,35.33,35.27,35.22,35.78,35.55,35.48,35.05
516600,1097.74,1010.32,1010.90,1013.70,1000.56,1015.38,1006.66,1093.36,35.64,35.39,35.36,35.29,35.85,35.65,35.53,35.11
516720,1097.38,1010.58,1010.44,1014.00,1000.30,1015.44,1006.68,1093.10,35.61,35.42,35.33,35.28,35.82,35.60,35.53,35.10
516840,1097.26,1010.24,1009.78,1013.60,1000.24,1015.02,1006.38,1092.36,35.46,35.27,35.18,35.16,35.70,35.44,35.44,34.99
516960,1096.92,1009.60,1009.74,1013.38,1000.18,1014.86,1006.38,1091.98,35.36,35.15,35.11,35.08,35.68,35.38,35.37,34.91
517080,1096.86,1009.52,1009.70,1013.20,1000.46,1014.84,1006.44,1091.86,35.39,35.13,35.14,35.10,35.70,35.42,35.36,34.90
517200,1096.90,1009.72,1010.30,1013.24,1000.58,1014.70,1006.42,1092.12,35.47,35.19,35.21,35.15,35.76,35.48,35.42,34.95
517320,1097.38,1010.56,1011.30,1013.80,1000.64,1015.30,1006.92,1093.32,35.70,35.36,35.39,35.31,35.87,35.69,35.56,35.12
517440,1097.70,1011.14,1011.46,1014.14,1000.54,1015.82,1007.36,1093.76,35.79,35.55,35.48,35.41,35.92,35.78,35.64,35.22
517560,1097.58,1011.00,1011.00,1014.06,1000.50,1015.62,1007.22,1093.64,35.72,35.56,35.43,35.37,35.85,35.70,35.63,35.19
517680,1097.38,1010.56,1009.82,1013.96,999.96,1015.16,1006.68,1092.62,35.52,35.38,35.24,35.21,35.73,35.50,35.52,35.06
517800,1097.22,1010.04,1009.82,1013.86,1000.12,1014.94,1006.78,1092.60,35.47,35.25,35.21,35.17,35.75,35.50,35.44,35.00
517920,1097.40,1009.98,1010.00,1013.78,1000.32,1014.96,1006.82,1092.70,35.53,35.26,35.25,35.20,35.80,35.55,35.44,35.01
518040,1097.78,1010.62,1010.86,1013.82,1000.56,1015.36,1007.14,1093.24,35.67,35.37,35.37,35.31,35.90,35.66,35.53,35.12
518160,1098.16,1011.48,1011.50,1014.54,1000.76,1015.94,1007.60,1094.12,35.87,35.58,35.55,35.49,36.01,35.84,35.67,35.28
518280,1098.60,1012.04,1011.48,1014.50,1000.62,1016.02,1007.84,1094.32,35.93,35.73,35.59,35.54,36.00,35.88,35.74,35.34
518400,1098.48,1011.62,1010.84,1014.68,1000.34,1016.08,1007.72,1093.98,35.81,35.69,35.48,35.45,35.92,35.76,35.71,35.28
518520,1097.84,1010.78,1010.24,1014.48,1000.50,1015.52,1007.40,1093.28,35.60,35.45,35.32,35.32,35.81,35.56,35.59,35.14
518640,1097.86,1010.86,1010.28,1014.20,1000.58,1015.56,1007.58,1093.20,35.65,35.43,35.36,35.35,35.88,35.66,35.58,35.14
518760,1098.28,1011.28,1010.68,1014.48,1000.54,1015.86,1007.64,1093.68,35.78,35.52,35.49,35.42,35.95,35.78,35.65,35.22
518880,1098.24,1011.64,1010.70,1014.70,1000.56,1015.78,1007.76,1093.78,35.76,35.56,35.47,35.42,35.92,35.76,35.66,35.22
519000,1097.94,1011.24,1010.24,1014.58,1000.30,1015.58,1007.58,1093.10,35.61,35.44,35.34,35.30,35.82,35.60,35.58,35.12
519120,1097.38,1010.72,1010.16,1014.38,1000.26,1015.12,1007.20,1092.56,35.48,35.27,35.23,35.21,35.78,35.49,35.49,35.04
519240,1097.50,1010.78,1010.18,1014.30,1000.32,1015.18,1007.18,1092.52,35.52,35.27,35.28,35.22,35.81,35.54,35.47,35.03
519360,1097.62,1011.06,1010.38,1014.32,1000.62,1015.26,1007.46,1092.88,35.60,35.34,35.33,35.29,35.87,35.61,35.52,35.07
519480,1098.08,1011.50,1011.06,1014.38,1000.66,1015.36,1007.74,1093.52,35.76,35.47,35.49,35.41,35.96,35.74,35.62,35.20
519600,1098.24,1011.94,1010.72,1014.88,1000.72,1015.72,1007.88,1093.82,35.81,35.59,35.51,35.47,35.97,35.79,35.67,35.25
519720,1097.98,1011.64,1010.52,1014.76,1000.48,1015.50,1007.88,1093.30,35.68,35.53,35.40,35.39,35.87,35.67,35.65,35.18
519840,1097.62,1010.96,1010.34,1014.58,1000.50,1015.02,1007.68,1092.88,35.53,35.34,35.27,35.28,35.82,35.53,35.55,35.07
519960,1097.92,1010.90,1010.42,1014.38,1000.58,1014.92,1007.66,1092.84,35.58,35.33,35.31,35.29,35.88,35.62,35.54,35.08
520080,1097.86,1011.20,1010.48,1014.66,1000.88,1015.20,1007.88,1093.06,35.63,35.37,35.37,35.34,35.91,35.67,35.56,35.11
520200,1098.28,1011.66,1010.92,1014.94,1001.08,1015.64,1008.12,1093.84,35.79,35.51,35.50,35.44,36.00,35.80,35.66,35.22
520320,1098.80,1012.48,1011.28,1015.48,1001.12,1016.02,1008.64,1094.72,35.99,35.69,35.65,35.61,36.10,35.94,35.79,35.39
520440,1098.90,1012.82,1011.36,1015.74,1001.00,1016.22,1008.62,1094.96,36.01,35.82,35.67,35.64,36.09,35.96,35.84,35.43
520560,1098.70,1012.64,1010.64,1015.84,1000.56,1015.96,1008.48,1094.38,35.88,35.73,35.53,35.54,35.98,35.80,35.78,35.34
520680,1098.30,1011.66,1010.76,1015.68,1000.24,1015.30,1008.26,1093.76,35.66,35.49,35.37,35.39,35.88,35.62,35.66,35.20
520800,1098.28,1011.72,1010.92,1015.38,1000.78,1015.44,1008.22,1093.78,35.69,35.46,35.44,35.40,35.94,35.71,35.63,35.21
520920,1098.44,1012.00,1011.20,1015.44,1000.78,1015.66,1008.26,1093.72,35.76,35.53,35.49,35.45,35.99,35.79,35.68,35.24
521040,1098.36,1011.96,1011.08,1015.50,1000.78,1015.44,1008.24,1093.78,35.70,35.50,35.43,35.41,35.92,35.72,35.64,35.21
521160,1098.06,1011.38,1010.94,1015.30,1000.76,1014.96,1007.92,1092.86,35.53,35.34,35.26,35.26,35.81,35.53,35.53,35.08
521280,1097.64,1011.02,1010.88,1014.88,1000.90,1014.80,1007.92,1092.74,35.48,35.25,35.25,35.22,35.83,35.53,35.48,35.04
521400,1097.84,1011.30,1010.84,1014.88,1000.94,1014.86,1008.16,1092.80,35.57,35.29,35.32,35.27,35.89,35.60,35.50,35.07
521520,1098.12,1011.64,1010.88,1015.02,1001.26,1015.24,1008.32,1093.44,35.66,35.39,35.42,35.35,35.94,35.69,35.56,35.14
521640,1098.58,1012.22,1011.24,1015.52,1001.24,1015.50,1008.26,1094.18,35.84,35.56,35.54,35.48,36.05,35.83,35.69,35.26
521760,1098.74,1012.54,1011.48,1015.70,1001.04,1015.52,1008.48,1094.36,35.89,35.68,35.57,35.55,36.05,35.86,35.75,35.32
521880,1098.58,1012.50,1011.32,1015.80,1000.74,1015.60,1008.28,1093.98,35.77,35.62,35.44,35.47,35.94,35.73,35.71,35.25
522000,1098.18,1011.82,1011.18,1015.52,1000.76,1015.10,1008.14,1093.42,35.59,35.44,35.32,35.34,35.86,35.57,35.61,35.13
522120,1098.20,1011.62,1011.28,1015.42,1000.68,1014.98,1008.18,1093.34,35.61,35.39,35.35,35.32,35.92,35.62,35.58,35.12
522240,1098.28,1011.62,1011.28,1015.36,1000.78,1015.10,1008.22,1093.34,35.63,35.40,35.38,35.35,35.94,35.66,35.60,35.13
522360,1098.76,1012.08,1011.68,1015.70,1000.94,1015.36,1008.32,1093.86,35.81,35.51,35.52,35.48,36.04,35.80,35.68,35.23
522480,1099.14,1013.04,1011.76,1016.02,1001.06,1015.68,1008.74,1094.88,35.96,35.70,35.65,35.60,36.12,35.94,35.80,35.37
522600,1099.36,1013.04,1011.92,1016.48,1000.90,1015.64,1008.84,1094.90,35.96,35.80,35.66,35.63,36.10,35.94,35.83,35.40
522720,1098.94,1012.50,1011.76,1016.44,1000.68,1015.38,1008.64,1094.32,35.82,35.65,35.49,35.49,35.99,35.76,35.77,35.31
522840,1098.40,1012.02,1011.48,1016.18,1000.66,1015.18,1008.56,1093.54,35.64,35.47,35.37,35.37,35.91,35.61,35.67,35.18
522960,1098.66,1012.04,1011.66,1016.04,1001.10,1015.32,1008.74,1093.92,35.75,35.50,35.49,35.44,36.04,35.79,35.69,35.24
523080,1099.10,1012.82,1012.08,1016.34,1001.12,1015.62,1009.04,1094.52,35.92,35.64,35.62,35.56,36.11,35.93,35.78,35.34
523200,1099.02,1012.78,1011.94,1016.50,1000.94,1015.72,1009.20,1094.50,35.92,35.73,35.63,35.58,36.08,35.92,35.81,35.37
523320,1098.58,1012.58,1011.80,1016.46,1001.02,1015.50,1008.76,1094.04,35.78,35.61,35.47,35.45,35.97,35.77,35.74,35.27
523440,1098.50,1011.96,1011.66,1016.14,1000.72,1015.00,1008.68,1093.40,35.60,35.41,35.34,35.33,35.89,35.60,35.62,35.14
523560,1098.54,1011.76,1011.80,1016.00,1000.78,1015.12,1008.70,1093.72,35.69,35.42,35.42,35.38,35.97,35.74,35.62,35.18
523680,1098.84,1012.28,1011.88,1016.32,1000.88,1015.16,1008.78,1093.82,35.77,35.53,35.51,35.45,36.03,35.81,35.68,35.23
523800,1098.52,1012.24,1011.74,1016.46,1000.78,1015.08,1008.84,1093.66,35.70,35.54,35.46,35.42,35.95,35.74,35.69,35.21
523920,1098.14,1011.88,1011.68,1016.10,1000.44,1014.74,1008.76,1092.78,35.54,35.38,35.30,35.29,35.82,35.54,35.56,35.09
524040,1098.00,1011.26,1011.54,1015.70,1000.46,1014.44,1008.54,1092.76,35.48,35.28,35.27,35.23,35.83,35.54,35.50,35.04
524160,1098.46,1011.74,1012.00,1015.92,1001.16,1014.54,1008.76,1093.26,35.64,35.37,35.40,35.34,35.95,35.70,35.57,35.13
524280,1098.52,1012.24,1012.02,1015.94,1001.12,1014.80,1008.74,1093.72,35.73,35.49,35.47,35.41,35.99,35.75,35.64,35.19
524400,1098.42,1012.20,1012.16,1015.82,1000.82,1014.76,1008.60,1093.44,35.65,35.48,35.39,35.37,35.91,35.64,35.65,35.14
524520,1097.98,1011.56,1013.24,1015.68,1000.74,1014.32,1008.50,1092.88,35.50,35.30,35.24,35.22,35.79,35.49,35.53,35.04
524640,1097.98,1011.48,1013.32,1015.72,1000.80,1014.22,1008.20,1092.74,35.51,35.27,35.27,35.23,35.86,35.55,35.50,35.03
524760,1097.94,1011.50,1013.34,1015.66,1000.72,1014.24,1008.36,1093.08,35.58,35.32,35.34,35.29,35.91,35.62,35.52,35.07
524880,1098.20,1011.68,1013.60,1015.78,1001.06,1014.58,1008.56,1093.40,35.71,35.43,35.45,35.38,35.99,35.74,35.60,35.15
525000,1098.62,1012.22,1013.60,1016.28,1001.06,1014.92,1008.82,1094.20,35.82,35.56,35.54,35.49,36.05,35.82,35.69,35.25
525120,1098.62,1012.34,1013.36,1016.54,1000.92,1014.96,1008.66,1094.08,35.80,35.59,35.51,35.49,36.00,35.78,35.70,35.24
525240,1098.08,1011.92,1013.52,1016.40,1000.64,1014.54,1008.36,1093.02,35.60,35.44,35.33,35.34,35.86,35.59,35.60,35.13
525360,1098.02,1011.40,1013.00,1015.98,1000.72,1014.38,1008.52,1093.18,35.55,35.32,35.30,35.28,35.87,35.58,35.53,35.09
525480,1098.14,1011.50,1012.96,1015.78,1000.74,1014.28,1008.52,1093.40,35.62,35.36,35.38,35.32,35.92,35.65,35.56,35.12
525600,1098.10,1011.68,1012.84,1016.02,1000.86,1014.62,1008.50,1093.80,35.70,35.43,35.44,35.39,35.98,35.74,35.61,35.16
525720,1098.60,1012.32,1013.40,1016.18,1001.06,1014.66,1008.90,1094.80,35.88,35.57,35.59,35.52,36.08,35.88,35.71,35.30
525840,1099.08,1012.76,1013.56,1016.36,1000.88,1015.18,1009.00,1094.88,35.94,35.70,35.63,35.58,36.10,35.92,35.78,35.37
525960,1098.90,1012.58,1013.54,1016.46,1000.66,1014.90,1008.94,1094.44,35.81,35.64,35.51,35.51,36.01,35.80,35.73,35.33
526080,1098.38,1011.92,1013.66,1016.34,1000.66,1014.30,1008.76,1093.72,35.64,35.44,35.36,35.35,35.90,35.62,35.59,35.19
526200,1098.50,1011.80,1012.96,1015.96,1000.58,1013.98,1008.80,1093.60,35.63,35.38,35.36,35.32,35.92,35.66,35.56,35.17
526320,1098.58,1011.78,1012.92,1016.12,1000.78,1014.06,1008.78,1093.66,35.66,35.39,35.41,35.35,35.95,35.70,35.58,35.17
526440,1098.90,1012.28,1013.04,1016.02,1000.88,1014.34,1008.84,1094.26,35.82,35.49,35.55,35.46,36.04,35.84,35.67,35.28
526560,1099.10,1012.88,1013.28,1016.30,1000.82,1014.80,1009.14,1095.10,35.96,35.66,35.65,35.58,36.11,35.97,35.78,35.39
526680,1099.36,1012.82,1013.20,1016.76,1000.72,1014.78,1009.32,1095.02,35.95,35.72,35.65,35.60,36.07,35.94,35.80,35.41
526800,1099.06,1012.40,1013.94,1016.62,1000.52,1014.46,1009.04,1094.34,35.78,35.58,35.50,35.49,35.95,35.77,35.69,35.31
526920,1098.80,1012.12,1013.68,1016.34,1000.46,1014.16,1008.98,1093.86,35.65,35.41,35.38,35.35,35.92,35.66,35.57,35.21
527040,1098.68,1011.88,1013.10,1016.26,1000.80,1014.00,1008.86,1093.64,35.66,35.38,35.40,35.34,35.94,35.69,35.56,35.19
527160,1098.84,1011.92,1012.94,1016.34,1000.86,1014.08,1009.10,1093.80,35.72,35.43,35.47,35.39,35.98,35.75,35.61,35.23
527280,1099.12,1012.46,1013.10,1016.30,1000.96,1014.26,1009.38,1094.62,35.87,35.55,35.58,35.49,36.06,35.86,35.71,35.33
527400,1099.22,1012.50,1013.10,1016.58,1000.76,1014.38,1009.40,1094.64,35.89,35.62,35.58,35.52,36.04,35.85,35.73,35.35
527520,1099.12,1012.44,1013.74,1016.56,1000.54,1014.18,1009.16,1093.98,35.75,35.52,35.46,35.41,35.91,35.72,35.67,35.27
527640,1098.84,1011.52,1013.56,1016.38,1000.50,1013.76,1008.94,1093.50,35.61,35.37,35.34,35.31,35.87,35.60,35.57,35.18
527760,1098.80,1011.68,1013.18,1016.34,1000.68,1013.88,1008.88,1093.74,35.66,35.39,35.40,35.34,35.95,35.70,35.58,35.18
527880,1098.84,1011.76,1012.92,1016.32,1000.84,1014.08,1009.00,1093.88,35.71,35.44,35.44,35.38,35.97,35.72,35.62,35.21
528000,1099.12,1012.00,1012.96,1016.60,1000.88,1014.12,1009.26,1094.30,35.81,35.53,35.52,35.46,36.03,35.81,35.69,35.27
528120,1099.30,1012.64,1012.96,1016.72,1000.72,1014.42,1009.50,1094.62,35.84,35.62,35.56,35.51,36.04,35.84,35.74,35.31
528240,1099.22,1012.22,1013.64,1016.80,1000.36,1014.10,1009.10,1093.98,35.74,35.57,35.47,35.42,35.94,35.71,35.70,35.25
528360,1098.66,1011.62,1013.68,1016.58,1000.44,1013.90,1008.90,1093.70,35.59,35.39,35.33,35.31,35.87,35.57,35.60,35.14
528480,1098.68,1011.56,1013.10,1016.34,1000.62,1013.80,1008.92,1093.58,35.60,35.36,35.35,35.31,35.92,35.61,35.58,35.13
528600,1098.44,1011.64,1012.94,1016.22,1000.76,1013.72,1008.92,1093.58,35.63,35.37,35.37,35.33,35.93,35.64,35.58,35.14
528720,1098.98,1011.90,1012.88,1016.84,1000.72,1014.00,1009.28,1094.18,35.78,35.48,35.49,35.43,36.01,35.76,35.67,35.24
528840,1099.36,1012.78,1013.26,1017.26,1000.74,1014.56,1009.54,1095.12,35.98,35.68,35.66,35.59,36.14,35.94,35.80,35.39
528960,1099.64,1013.18,1013.32,1017.58,1000.90,1014.64,1009.50,1095.38,36.02,35.83,35.70,35.66,36.13,35.98,35.87,35.45
529080,1099.48,1012.70,1014.04,1017.68,1000.74,1014.50,1009.26,1094.92,35.89,35.77,35.59,35.58,36.04,35.83,35.84,35.37
529200,1098.88,1012.02,1014.00,1017.34,1000.58,1014.14,1009.16,1093.98,35.68,35.56,35.42,35.42,35.95,35.66,35.71,35.24
529320,1099.04,1012.00,1013.58,1017.24,1000.84,1014.20,1009.36,1094.26,35.74,35.54,35.49,35.44,36.02,35.77,35.71,35.25
529440,1099.18,1012.38,1013.34,1017.38,1000.84,1014.40,1009.56,1094.62,35.87,35.62,35.59,35.52,36.09,35.88,35.76,35.33
529560,1099.36,1012.36,1013.66,1017.38,1000.46,1014.30,1009.46,1094.62,35.85,35.66,35.58,35.52,36.04,35.85,35.78,35.32
529680,1098.96,1012.38,1014.02,1017.36,1000.40,1013.94,1009.24,1093.98,35.66,35.54,35.42,35.41,35.92,35.65,35.71,35.22
529800,1098.72,1011.52,1013.94,1016.76,1000.32,1013.72,1009.06,1093.48,35.56,35.39,35.33,35.30,35.90,35.59,35.61,35.12
529920,1098.60,1011.78,1013.34,1016.96,1000.58,1013.62,1008.94,1093.54,35.65,35.41,35.41,35.34,35.98,35.71,35.63,35.15
530040,1098.72,1012.06,1013.20,1017.14,1000.62,1013.88,1009.14,1093.86,35.70,35.49,35.47,35.40,36.02,35.74,35.67,35.19
530160,1099.36,1012.68,1013.04,1017.60,1000.60,1014.22,1009.26,1094.66,35.87,35.61,35.62,35.51,36.11,35.89,35.78,35.31
530280,1099.66,1013.06,1013.18,1017.98,1000.62,1014.54,1009.56,1094.90,35.94,35.75,35.66,35.60,36.12,35.95,35.84,35.38
530400,1099.20,1012.84,1014.06,1018.00,1000.54,1014.42,1009.30,1094.68,35.86,35.71,35.58,35.53,36.03,35.83,35.84,35.34
530520,1098.94,1012.16,1014.08,1017.74,1000.38,1014.18,1009.20,1093.84,35.66,35.52,35.39,35.39,35.92,35.65,35.71,35.20
530640,1098.88,1011.98,1013.76,1017.44,1000.74,1013.92,1009.10,1093.76,35.67,35.46,35.41,35.37,35.99,35.72,35.67,35.19
530760,1098.92,1012.38,1013.56,1017.30,1000.66,1014.14,1009.20,1094.22,35.76,35.51,35.50,35.44,36.04,35.79,35.71,35.25
530880,1099.24,1012.68,1013.62,1017.54,1000.74,1014.22,1009.44,1094.50,35.82,35.58,35.56,35.49,36.08,35.85,35.75,35.29
531000,1099.52,1013.10,1013.56,1018.04,1001.00,1014.56,1009.80,1095.16,35.98,35.72,35.68,35.61,36.16,35.97,35.84,35.40
531120,1099.56,1013.62,1014.02,1018.36,1000.80,1014.88,1009.78,1095.10,36.02,35.83,35.73,35.68,36.17,36.00,35.91,35.46
531240,1099.36,1013.24,1014.58,1018.50,1000.28,1014.76,1009.86,1094.72,35.89,35.77,35.62,35.61,36.07,35.89,35.88,35.40
531360,1099.14,1012.68,1014.76,1017.98,1000.28,1014.10,1009.28,1094.04,35.70,35.53,35.43,35.42,35.97,35.68,35.74,35.25
531480,1098.90,1012.36,1014.50,1017.64,1000.34,1013.92,1009.36,1093.84,35.67,35.46,35.42,35.38,35.99,35.69,35.68,35.21
531600,1098.88,1012.20,1014.14,1017.56,1000.60,1013.78,1009.36,1093.68,35.68,35.45,35.44,35.40,36.01,35.71,35.67,35.20
531720,1099.02,1012.48,1013.80,1017.78,1000.78,1013.88,1009.58,1094.16,35.81,35.54,35.55,35.47,36.08,35.81,35.73,35.27
531840,1099.24,1013.10,1013.70,1018.26,1000.94,1014.36,1009.64,1094.52,35.90,35.66,35.63,35.57,36.11,35.89,35.80,35.35
531960,1099.26,1013.12,1014.36,1018.20,1000.54,1014.18,1009.52,1094.46,35.85,35.67,35.59,35.54,36.05,35.84,35.80,35.34
532080,1098.70,1012.62,1014.54,1018.00,1000.30,1013.92,1009.22,1093.82,35.67,35.52,35.41,35.38,35.93,35.65,35.69,35.22
532200,1098.60,1011.86,1014.32,1017.48,1000.66,1013.70,1009.16,1093.70,35.60,35.39,35.35,35.32,35.94,35.61,35.61,35.15
532320,1098.30,1012.10,1013.94,1017.42,1000.62,1013.28,1009.32,1093.46,35.61,35.38,35.38,35.33,35.97,35.64,35.60,35.13
532440,1098.62,1012.06,1013.66,1017.46,1000.92,1013.62,1009.22,1093.90,35.67,35.41,35.43,35.37,36.02,35.69,35.63,35.18
532560,1098.96,1012.70,1013.56,1017.98,1000.90,1013.76,1009.38,1094.14,35.82,35.54,35.57,35.49,36.10,35.83,35.74,35.27
532680,1099.22,1012.88,1013.90,1018.14,1000.80,1014.02,1009.50,1094.58,35.86,35.65,35.59,35.53,36.09,35.84,35.77,35.31
532800,1098.92,1012.68,1014.16,1018.00,1000.62,1013.94,1009.36,1093.96,35.73,35.56,35.48,35.45,35.98,35.72,35.71,35.24
532920,1098.58,1012.10,1014.18,1017.62,1000.48,1013.44,1009.32,1093.72,35.58,35.41,35.33,35.32,35.91,35.59,35.61,35.14
533040,1098.46,1011.82,1013.82,1017.56,1000.48,1013.52,1008.98,1093.82,35.64,35.41,35.39,35.35,35.99,35.69,35.60,35.15
533160,1098.68,1012.24,1013.46,1017.64,1000.84,1013.54,1009.32,1094.06,35.69,35.46,35.44,35.38,36.00,35.72,35.64,35.18
533280,1098.84,1012.60,1013.30,1017.80,1000.82,1013.76,1009.22,1094.34,35.81,35.54,35.52,35.47,36.07,35.82,35.70,35.27
533400,1099.12,1013.04,1013.56,1018.08,1001.00,1014.18,1009.40,1094.74,35.89,35.65,35.60,35.54,36.09,35.89,35.78,35.32
533520,1099.10,1012.86,1014.32,1018.20,1000.70,1014.18,1009.40,1094.50,35.82,35.64,35.53,35.50,36.02,35.80,35.76,35.30
533640,1098.48,1012.14,1014.42,1018.06,1000.48,1013.50,1009.00,1093.56,35.64,35.46,35.35,35.35,35.91,35.61,35.64,35.17
533760,1098.46,1011.86,1013.88,1017.52,1000.62,1013.32,1009.18,1093.68,35.59,35.36,35.33,35.31,35.93,35.64,35.58,35.14
533880,1098.56,1011.96,1013.58,1017.74,1000.46,1013.30,1009.16,1093.60,35.64,35.38,35.39,35.33,35.97,35.68,35.59,35.14
534000,1098.64,1012.08,1013.48,1017.58,1000.82,1013.68,1009.16,1094.00,35.72,35.47,35.47,35.40,36.02,35.75,35.66,35.19
534120,1099.36,1012.82,1013.42,1017.98,1000.86,1013.92,1009.60,1094.66,35.92,35.64,35.64,35.53,36.12,35.91,35.78,35.34
534240,1099.66,1013.34,1013.72,1018.64,1000.90,1014.14,1009.78,1095.16,35.99,35.78,35.69,35.62,36.14,35.97,35.86,35.42
534360,1099.36,1013.14,1014.24,1018.56,1000.64,1014.22,1009.60,1094.78,35.90,35.76,35.61,35.56,36.05,35.86,35.83,35.37
534480,1098.78,1012.52,1014.44,1018.28,1000.44,1013.86,1009.08,1094.04,35.69,35.55,35.42,35.40,35.93,35.66,35.72,35.24
534600,1098.80,1011.88,1014.06,1018.12,1000.92,1013.82,1009.18,1094.02,35.69,35.53,35.45,35.42,36.01,35.77,35.69,35.22
534720,1099.64,1013.12,1014.12,1018.64,1001.22,1014.46,1010.00,1095.92,36.05,35.76,35.76,35.67,36.21,36.07,35.92,35.50
534840,1100.48,1014.52,1014.58,1019.44,1001.56,1015.06,1010.28,1097.30,36.36,36.10,36.02,35.90,36.38,36.33,36.14,35.73
534960,1101.02,1015.04,1014.72,1020.18,1001.30,1015.56,1010.66,1097.68,36.42,36.32,36.08,36.01,36.42,36.38,36.23,35.84
535080,1100.60,1014.96,1015.92,1020.28,1000.94,1015.46,1010.48,1096.98,36.32,36.28,35.98,35.95,36.34,36.26,36.19,35.77
535200,1100.32,1013.86,1015.92,1019.78,1000.88,1015.00,1010.20,1095.98,36.06,36.00,35.76,35.73,36.17,36.01,36.07,35.58
535320,1100.26,1013.34,1015.82,1019.58,1000.84,1014.54,1010.22,1095.78,35.97,35.83,35.70,35.66,36.19,35.99,35.96,35.49
535440,1100.28,1013.40,1015.74,1019.54,1000.88,1014.52,1010.38,1095.76,36.02,35.82,35.75,35.69,36.25,36.05,35.95,35.51
535560,1100.24,1013.58,1015.78,1019.54,1001.02,1014.34,1010.36,1095.50,36.00,35.81,35.72,35.66,36.20,36.00,35.93,35.48
535680,1099.76,1013.24,1015.60,1019.30,1000.68,1014.26,1009.90,1094.76,35.81,35.67,35.55,35.54,36.09,35.78,35.81,35.37
535800,1099.12,1012.90,1015.54,1018.80,1000.70,1013.88,1009.62,1094.28,35.66,35.47,35.41,35.38,36.00,35.66,35.68,35.24
535920,1099.14,1012.48,1015.14,1018.50,1000.72,1013.66,1009.62,1094.34,35.70,35.46,35.45,35.39,36.05,35.75,35.67,35.24
536040,1099.46,1012.72,1014.90,1018.44,1000.84,1013.80,1009.78,1094.44,35.74,35.49,35.51,35.43,36.08,35.78,35.70,35.26
536160,1099.68,1012.96,1014.84,1018.82,1001.20,1014.02,1009.82,1095.02,35.92,35.61,35.62,35.55,36.17,35.91,35.79,35.37
536280,1100.04,1013.76,1014.82,1019.28,1001.34,1014.50,1010.18,1095.54,36.01,35.78,35.72,35.65,36.22,36.01,35.87,35.44
536400,1099.98,1013.62,1015.16,1019.28,1000.92,1014.18,1010.20,1095.22,35.95,35.80,35.65,35.62,36.15,35.94,35.88,35.43
536520,1099.58,1013.10,1015.26,1019.06,1000.84,1013.94,1009.78,1094.36,35.74,35.63,35.49,35.49,36.01,35.75,35.79,35.31
536640,1099.40,1012.48,1015.08,1018.90,1000.74,1013.76,1009.66,1094.22,35.68,35.48,35.41,35.38,36.01,35.70,35.68,35.22
536760,1099.30,1012.60,1014.74,1018.68,1000.98,1013.68,1009.72,1094.18,35.72,35.48,35.47,35.41,36.06,35.75,35.68,35.23
536880,1099.46,1012.86,1014.86,1018.58,1001.06,1013.78,1009.88,1094.52,35.81,35.54,35.54,35.48,36.10,35.81,35.71,35.29
537000,1099.58,1013.54,1014.52,1018.80,1001.20,1014.08,1010.08,1095.34,35.96,35.67,35.69,35.59,36.19,35.95,35.83,35.39
537120,1099.84,1013.54,1014.78,1019.28,1001.28,1014.44,1010.08,1095.32,35.99,35.78,35.71,35.64,36.19,35.98,35.88,35.44
537240,1099.80,1013.62,1015.26,1019.32,1000.78,1013.90,1009.98,1094.94,35.86,35.73,35.62,35.57,36.08,35.86,35.85,35.36
537360,1099.24,1012.48,1015.32,1018.88,1000.56,1013.74,1009.72,1094.54,35.69,35.52,35.43,35.42,35.98,35.67,35.72,35.24
537480,1099.08,1012.38,1014.64,1018.68,1000.88,1013.86,1009.68,1094.46,35.74,35.51,35.51,35.45,36.07,35.79,35.72,35.27
537600,1099.52,1013.18,1014.66,1018.72,1001.12,1013.94,1010.18,1095.06,35.89,35.62,35.62,35.54,36.13,35.92,35.80,35.35
537720,1099.54,1013.26,1015.10,1019.00,1000.98,1014.00,1010.12,1095.18,35.89,35.67,35.61,35.55,36.11,35.88,35.83,35.36
537840,1099.30,1012.84,1015.14,1018.98,1000.96,1013.64,1009.92,1094.16,35.74,35.56,35.48,35.44,35.99,35.73,35.75,35.27
537960,1098.92,1012.34,1014.72,1018.54,1001.02,1013.36,1009.56,1093.92,35.61,35.40,35.37,35.33,35.96,35.61,35.64,35.17
538080,1099.08,1012.20,1014.68,1018.46,1001.24,1013.42,1009.64,1093.94,35.70,35.44,35.45,35.39,36.04,35.74,35.66,35.20
538200,1099.30,1012.40,1014.46,1018.56,1001.34,1013.38,1010.00,1094.54,35.78,35.52,35.53,35.46,36.09,35.83,35.72,35.27
538320,1099.74,1013.26,1014.22,1019.00,1001.56,1014.04,1010.28,1095.72,35.99,35.69,35.71,35.62,36.21,36.00,35.85,35.42
538440,1099.98,1013.80,1014.40,1019.50,1001.60,1014.46,1010.32,1096.24,36.16,35.88,35.82,35.75,36.28,36.12,35.97,35.55
538560,1100.24,1013.96,1015.00,1019.60,1001.60,1014.52,1010.32,1096.14,36.11,35.96,35.80,35.76,36.25,36.07,35.99,35.55
538680,1099.92,1013.40,1015.46,1019.60,1001.02,1014.22,1010.04,1095.26,35.94,35.84,35.64,35.63,36.12,35.90,35.91,35.44
538800,1099.68,1012.78,1015.28,1019.22,1001.22,1013.78,1009.96,1094.94,35.82,35.66,35.55,35.51,36.08,35.81,35.82,35.33
538920,1099.58,1012.68,1014.96,1019.24,1001.24,1013.80,1010.12,1094.90,35.87,35.65,35.61,35.53,36.15,35.90,35.82,35.36
539040,1099.74,1013.26,1015.02,1019.22,1001.42,1014.08,1010.18,1095.14,35.92,35.68,35.66,35.58,36.18,35.94,35.85,35.38
539160,1100.08,1013.46,1015.12,1019.22,1001.68,1014.26,1010.14,1095.52,36.02,35.77,35.73,35.66,36.25,36.02,35.91,35.45
539280,1100.02,1013.50,1015.38,1019.46,1001.64,1014.34,1010.40,1095.44,36.00,35.80,35.73,35.66,36.22,35.99,35.92,35.45
539400,1099.70,1013.26,1015.56,1019.50,1001.00,1013.96,1009.74,1095.00,35.83,35.69,35.57,35.53,36.08,35.84,35.85,35.37
539520,1099.26,1012.54,1015.44,1019.06,1001.14,1013.64,1009.68,1094.30,35.70,35.51,35.43,35.40,36.00,35.68,35.72,35.25
539640,1099.38,1012.42,1015.10,1018.94,1001.18,1013.40,1009.70,1094.68,35.78,35.53,35.52,35.44,36.09,35.81,35.72,35.27
539760,1099.62,1012.88,1015.04,1019.02,1001.48,1013.70,1009.74,1094.66,35.86,35.62,35.59,35.52,36.14,35.87,35.77,35.32
539880,1100.04,1013.44,1014.88,1019.44,1001.82,1014.20,1009.90,1095.70,36.07,35.75,35.78,35.67,36.25,36.04,35.92,35.46
540000,1100.42,1013.78,1014.90,1019.86,1002.02,1014.52,1010.36,1096.36,36.20,35.96,35.89,35.79,36.33,36.16,36.03,35.60
540120,1100.60,1014.10,1015.30,1019.90,1001.62,1014.54,1010.54,1096.40,36.18,36.02,35.87,35.80,36.29,36.12,36.05,35.61
540240,1100.40,1013.76,1016.12,1019.84,1001.28,1014.46,1010.18,1095.68,36.00,35.88,35.70,35.64,36.17,35.96,35.97,35.50
540360,1099.88,1012.90,1015.90,1019.60,1001.42,1014.12,1010.18,1095.28,35.87,35.70,35.60,35.56,36.16,35.87,35.85,35.40
540480,1099.98,1013.06,1015.84,1019.70,1001.62,1014.20,1010.16,1095.40,35.89,35.68,35.63,35.57,36.20,35.92,35.84,35.40
540600,1099.88,1013.20,1015.66,1019.54,1001.70,1014.16,1010.26,1095.14,35.89,35.67,35.63,35.57,36.18,35.90,35.84,35.38
540720,1099.92,1013.26,1015.56,1019.64,1001.70,1014.16,1010.34,1095.50,35.94,35.70,35.68,35.61,36.21,35.95,35.86,35.41
540840,1100.08,1013.18,1015.64,1019.70,1001.72,1014.22,1010.24,1095.36,35.95,35.72,35.68,35.62,36.20,35.94,35.88,35.42
540960,1100.20,1013.20,1015.60,1019.80,1001.84,1014.20,1010.46,1095.46,35.98,35.74,35.70,35.65,36.23,35.96,35.90,35.44
541080,1100.30,1013.32,1015.70,1019.78,1001.98,1014.34,1010.42,1095.66,36.00,35.77,35.72,35.67,36.25,36.00,35.92,35.45
541200,1100.20,1013.66,1015.78,1020.04,1001.92,1014.40,1010.62,1095.68,36.02,35.78,35.74,35.69,36.27,36.02,35.94,35.48
541320,1100.54,1013.86,1015.78,1020.04,1002.02,1014.76,1010.70,1095.88,36.08,35.83,35.79,35.73,36.32,36.08,35.98,35.52
541440,1100.32,1013.98,1016.22,1020.10,1001.96,1014.88,1010.82,1095.84,36.05,35.85,35.77,35.73,36.29,36.04,35.99,35.51
541560,1100.36,1013.96,1016.20,1020.14,1001.94,1014.84,1010.80,1096.02,36.08,35.86,35.80,35.75,36.32,36.06,36.00,35.53
541680,1100.56,1013.92,1016.32,1020.36,1002.06,1014.70,1010.70,1095.84,36.06,35.86,35.80,35.75,36.30,36.05,35.99,35.53
541800,1100.66,1013.64,1016.24,1020.36,1002.06,1014.66,1010.76,1095.80,36.04,35.84,35.77,35.72,36.28,36.02,35.97,35.51
541920,1100.94,1013.70,1016.52,1020.34,1001.94,1014.98,1010.86,1095.94,36.12,35.87,35.84,35.77,36.35,36.12,36.01,35.56
542040,1101.04,1014.20,1016.64,1020.50,1002.00,1015.12,1010.86,1096.00,36.10,35.90,35.83,35.76,36.31,36.09,36.03,35.55
542160,1100.44,1013.90,1016.52,1020.46,1001.88,1014.68,1010.58,1095.44,35.96,35.78,35.67,35.64,36.19,35.94,35.96,35.46
542280,1100.04,1013.08,1016.82,1020.26,1001.74,1014.38,1010.42,1094.90,35.76,35.57,35.52,35.49,36.10,35.76,35.83,35.33
542400,1100.04,1013.16,1016.34,1019.92,1001.94,1014.18,1010.64,1095.00,35.81,35.56,35.57,35.50,36.17,35.87,35.81,35.34
542520,1100.14,1013.26,1016.18,1019.94,1002.06,1014.40,1010.62,1095.08,35.89,35.63,35.64,35.56,36.20,35.94,35.84,35.38
542640,1099.98,1013.22,1016.22,1019.94,1001.66,1014.10,1010.28,1094.98,35.82,35.63,35.57,35.52,36.13,35.86,35.83,35.34
542760,1099.62,1012.92,1016.22,1019.54,1001.44,1013.72,1009.98,1094.12,35.66,35.48,35.41,35.39,36.02,35.67,35.71,35.23
542880,1099.34,1012.44,1015.62,1019.40,1001.46,1013.40,1010.02,1094.26,35.63,35.41,35.39,35.34,36.03,35.69,35.67,35.18
543000,1099.28,1012.68,1015.44,1019.22,1001.56,1013.64,1010.06,1094.64,35.71,35.45,35.47,35.39,36.09,35.77,35.70,35.21
543120,1099.36,1012.88,1015.24,1019.24,1001.94,1013.82,1010.10,1094.92,35.80,35.58,35.59,35.48,36.15,35.84,35.77,35.29
543240,1100.06,1013.54,1015.18,1019.76,1002.28,1014.32,1010.76,1096.12,36.04,35.76,35.76,35.66,36.27,36.04,35.92,35.47
543360,1100.60,1013.98,1015.40,1020.18,1002.10,1014.64,1010.74,1096.56,36.14,35.95,35.85,35.76,36.30,36.13,36.00,35.56
543480,1100.44,1013.92,1016.16,1020.42,1001.76,1014.50,1010.80,1096.26,36.05,35.95,35.76,35.72,36.22,36.02,35.98,35.52
543600,1099.88,1013.20,1016.12,1020.20,1001.52,1014.08,1010.66,1095.36,35.87,35.73,35.59,35.58,36.12,35.85,35.87,35.39
543720,1099.92,1013.16,1016.02,1019.98,1001.80,1013.94,1010.50,1095.34,35.84,35.64,35.60,35.53,36.16,35.88,35.83,35.36
543840,1099.88,1013.00,1015.72,1019.82,1001.70,1014.08,1010.44,1095.50,35.86,35.65,35.62,35.55,36.18,35.92,35.84,35.36
543960,1100.12,1013.04,1015.50,1019.72,1002.00,1014.16,1010.58,1095.60,35.91,35.68,35.67,35.59,36.21,35.96,35.87,35.40
544080,1100.48,1013.52,1015.56,1020.10,1002.34,1014.44,1010.94,1096.20,36.09,35.81,35.79,35.71,36.31,36.11,35.95,35.52
544200,1100.80,1014.08,1015.64,1020.28,1002.28,1014.78,1010.82,1096.42,36.15,35.92,35.85,35.77,36.34,36.15,36.02,35.57
544320,1100.62,1013.72,1016.32,1020.40,1001.98,1014.68,1010.88,1096.12,36.05,35.90,35.76,35.72,36.24,36.04,35.99,35.51
544440,1100.20,1013.06,1016.36,1020.28,1002.00,1014.04,1010.70,1095.14,35.83,35.69,35.55,35.53,36.11,35.82,35.86,35.39
544560,1100.00,1012.74,1016.12,1019.96,1002.08,1014.06,1010.52,1095.30,35.82,35.62,35.57,35.50,36.16,35.84,35.81,35.36
544680,1100.06,1013.24,1015.84,1019.98,1002.08,1014.16,1010.58,1095.70,35.93,35.69,35.68,35.58,36.23,35.97,35.86,35.41
544800,1100.26,1013.16,1015.78,1020.12,1001.92,1014.18,1010.58,1095.76,35.94,35.73,35.66,35.59,36.19,35.95,35.87,35.42
544920,1099.76,1013.10,1015.94,1019.92,1002.00,1013.66,1010.18,1095.00,35.80,35.62,35.54,35.46,36.09,35.76,35.78,35.32
545040,1099.32,1012.62,1015.90,1019.48,1001.64,1013.56,1009.98,1094.50,35.66,35.45,35.40,35.35,36.01,35.67,35.68,35.23
545160,1099.32,1012.50,1015.46,1019.26,1001.82,1013.30,1010.04,1094.58,35.73,35.48,35.47,35.38,36.09,35.78,35.69,35.24
545280,1099.40,1012.50,1015.28,1019.24,1002.04,1013.56,1010.34,1094.82,35.80,35.54,35.53,35.45,36.13,35.85,35.73,35.28
545400,1100.00,1013.22,1015.16,1019.56,1002.34,1013.62,1010.58,1095.44,35.95,35.68,35.69,35.58,36.21,35.98,35.85,35.39
545520,1100.40,1013.70,1015.14,1019.98,1002.40,1014.02,1010.84,1096.06,36.07,35.83,35.78,35.69,36.27,36.06,35.94,35.49
545640,1100.28,1013.66,1015.40,1020.18,1002.02,1014.00,1010.64,1095.84,36.01,35.85,35.74,35.67,36.22,35.99,35.96,35.47
545760,1099.84,1013.14,1015.80,1019.94,1001.54,1013.82,1010.16,1095.10,35.85,35.69,35.56,35.53,36.09,35.80,35.85,35.36
545880,1099.72,1012.78,1015.76,1019.40,1001.80,1013.82,1010.20,1095.00,35.78,35.57,35.52,35.46,36.10,35.80,35.79,35.30
546000,1099.76,1012.74,1015.30,1019.64,1001.76,1013.78,1010.14,1095.30,35.88,35.64,35.61,35.52,36.17,35.90,35.82,35.35
546120,1100.00,1013.02,1015.40,1019.84,1001.98,1014.00,1010.46,1095.54,35.97,35.72,35.67,35.59,36.23,35.97,35.89,35.40
546240,1100.30,1013.84,1015.44,1020.20,1002.22,1014.56,1010.90,1096.56,36.17,35.88,35.86,35.74,36.33,36.13,36.01,35.56
546360,1100.90,1014.56,1015.50,1020.74,1002.26,1014.96,1011.18,1097.02,36.26,36.03,35.93,35.85,36.39,36.22,36.09,35.66
546480,1100.90,1014.26,1016.20,1020.74,1001.92,1014.96,1011.04,1096.98,36.19,36.04,35.89,35.83,36.33,36.14,36.08,35.64
546600,1100.72,1013.72,1016.62,1020.62,1001.74,1014.38,1010.70,1095.74,35.98,35.87,35.69,35.67,36.19,35.96,35.99,35.51
546720,1100.52,1013.32,1016.34,1020.34,1001.78,1014.22,1010.86,1095.74,35.93,35.74,35.65,35.60,36.20,35.95,35.90,35.44
546840,1100.56,1013.34,1016.10,1020.24,1002.02,1014.24,1010.84,1095.80,35.97,35.75,35.72,35.63,36.26,36.01,35.91,35.46
546960,1100.56,1013.58,1016.00,1020.14,1002.26,1014.22,1010.92,1095.80,36.02,35.78,35.76,35.67,36.26,36.02,35.95,35.49
547080,1101.12,1013.92,1016.08,1020.70,1002.40,1014.82,1011.34,1096.94,36.21,35.94,35.95,35.83,36.38,36.20,36.08,35.62
547200,1101.58,1015.18,1016.16,1021.00,1002.48,1015.70,1011.56,1097.74,36.40,36.14,36.06,35.96,36.48,36.35,36.20,35.78
547320,1101.64,1015.26,1016.92,1021.58,1002.16,1015.58,1011.80,1097.66,36.38,36.24,36.07,35.99,36.46,36.34,36.23,35.81
547440,1101.30,1014.74,1017.54,1021.40,1002.04,1015.30,1011.28,1096.84,36.19,36.12,35.89,35.88,36.34,36.17,36.16,35.70
547560,1100.94,1013.78,1017.32,1020.92,1001.96,1014.56,1011.12,1096.16,36.00,35.87,35.74,35.70,36.24,35.96,36.02,35.54
547680,1100.98,1013.80,1017.04,1020.62,1002.08,1014.60,1011.08,1096.04,36.00,35.80,35.75,35.68,36.29,36.01,35.97,35.52
547800,1100.66,1013.76,1016.94,1020.56,1002.20,1014.82,1011.16,1096.10,36.02,35.80,35.77,35.70,36.30,36.04,35.97,35.52
547920,1100.94,1013.84,1016.88,1021.00,1002.22,1014.92,1011.62,1096.46,36.13,35.88,35.87,35.76,36.37,36.12,36.03,35.58
548040,1101.30,1014.74,1017.04,1021.34,1002.28,1015.04,1011.68,1096.88,36.22,35.98,35.94,35.85,36.40,36.20,36.09,35.66
548160,1101.26,1014.74,1017.26,1021.28,1001.90,1015.02,1011.58,1096.84,36.17,35.98,35.87,35.81,36.33,36.12,36.09,35.63
548280,1100.68,1014.08,1017.38,1021.10,1001.78,1014.52,1011.26,1096.22,35.99,35.82,35.70,35.68,36.21,35.94,35.98,35.51
548400,1100.52,1013.36,1017.08,1020.64,1001.88,1014.28,1011.08,1095.66,35.88,35.68,35.62,35.57,36.20,35.88,35.87,35.43
548520,1100.78,1013.46,1016.92,1020.66,1002.14,1014.32,1011.44,1096.04,36.02,35.75,35.76,35.68,36.30,36.06,35.94,35.51
548640,1100.98,1014.20,1016.94,1020.82,1002.24,1014.72,1011.56,1096.52,36.14,35.89,35.83,35.76,36.34,36.15,36.02,35.58
548760,1101.00,1014.22,1017.40,1020.98,1002.26,1014.74,1011.52,1096.28,36.09,35.90,35.78,35.73,36.28,36.07,36.01,35.57
548880,1100.70,1013.76,1017.36,1020.84,1001.70,1014.42,1011.22,1095.30,35.89,35.72,35.63,35.59,36.16,35.88,35.89,35.43
549000,1099.96,1013.16,1017.06,1020.22,1001.80,1013.84,1011.04,1095.06,35.73,35.53,35.50,35.48,36.08,35.75,35.78,35.32
549120,1099.50,1012.54,1016.96,1019.60,1001.70,1013.62,1010.48,1094.34,35.56,35.32,35.35,35.31,35.99,35.58,35.63,35.20
549240,1099.10,1012.12,1016.26,1019.38,1001.78,1012.98,1009.96,1093.64,35.42,35.17,35.20,35.16,35.89,35.44,35.51,35.06
549360,1098.90,1012.04,1015.92,1019.24,1001.98,1012.94,1010.04,1093.64,35.49,35.23,35.28,35.20,35.97,35.58,35.54,35.07
549480,1099.16,1012.44,1015.58,1019.24,1002.00,1013.04,1010.08,1094.04,35.61,35.35,35.38,35.28,36.03,35.69,35.60,35.14
549600,1099.60,1012.96,1015.44,1019.64,1002.22,1013.72,1010.42,1095.08,35.82,35.51,35.57,35.43,36.15,35.87,35.73,35.27
549720,1100.18,1013.82,1015.60,1020.22,1002.40,1014.44,1010.54,1096.20,36.05,35.76,35.76,35.64,36.28,36.05,35.91,35.47
549840,1100.40,1014.08,1015.48,1020.64,1002.32,1014.46,1010.66,1096.30,36.11,35.93,35.80,35.71,36.28,36.09,35.98,35.53
549960,1100.24,1013.62,1016.42,1020.42,1001.90,1014.56,1010.70,1095.86,35.98,35.88,35.70,35.62,36.17,35.95,35.94,35.47
550080,1099.68,1012.82,1016.32,1020.52,1001.70,1014.06,1010.42,1095.12,35.78,35.65,35.51,35.48,36.07,35.75,35.83,35.32
550200,1099.80,1012.74,1015.80,1020.06,1002.18,1013.96,1010.36,1095.12,35.82,35.61,35.58,35.48,36.14,35.87,35.81,35.33
550320,1099.88,1013.06,1015.70,1020.04,1002.22,1014.12,1010.58,1095.22,35.91,35.69,35.66,35.56,36.21,35.96,35.86,35.39
550440,1099.88,1013.12,1015.52,1020.12,1002.12,1014.00,1010.52,1095.14,35.88,35.70,35.65,35.55,36.15,35.90,35.86,35.37
550560,1099.48,1012.92,1015.90,1019.96,1001.74,1013.56,1010.16,1094.40,35.72,35.57,35.46,35.44,36.02,35.72,35.77,35.28
550680,1098.84,1012.08,1016.00,1019.68,1001.84,1013.38,1010.06,1094.08,35.63,35.42,35.37,35.32,35.99,35.63,35.65,35.18
550800,1099.24,1012.30,1015.16,1019.46,1001.90,1013.42,1010.16,1094.22,35.70,35.45,35.45,35.38,36.07,35.74,35.68,35.21
550920,1099.50,1012.52,1015.06,1019.60,1002.10,1013.56,1010.28,1094.74,35.81,35.53,35.55,35.45,36.12,35.84,35.75,35.27
551040,1100.00,1013.42,1015.54,1019.88,1002.44,1014.02,1010.62,1095.78,36.05,35.73,35.74,35.62,36.25,36.02,35.89,35.45
551160,1100.62,1014.02,1015.66,1020.62,1002.46,1014.28,1010.94,1096.66,36.19,35.92,35.86,35.76,36.33,36.15,36.00,35.59
551280,1100.70,1014.06,1015.70,1020.74,1002.20,1014.48,1010.86,1096.58,36.16,36.00,35.82,35.77,36.28,36.11,36.03,35.60
551400,1099.98,1013.46,1016.22,1020.60,1001.82,1014.00,1010.90,1095.64,35.94,35.85,35.66,35.62,36.15,35.92,35.93,35.48
551520,1099.78,1012.74,1016.14,1020.52,1001.70,1013.92,1010.58,1095.20,35.83,35.67,35.57,35.51,36.11,35.84,35.83,35.37
551640,1099.76,1013.02,1015.78,1020.14,1002.42,1013.88,1010.64,1095.30,35.89,35.67,35.63,35.55,36.19,35.94,35.83,35.38
551760,1099.96,1013.14,1015.48,1020.20,1002.40,1013.88,1010.68,1095.42,35.96,35.73,35.69,35.60,36.22,35.98,35.87,35.42
551880,1100.66,1013.86,1015.72,1020.58,1002.46,1014.56,1011.34,1096.44,36.14,35.87,35.84,35.74,36.35,36.13,36.00,35.56
552000,1100.92,1014.74,1016.14,1021.02,1002.36,1015.02,1011.42,1097.44,36.31,36.07,35.99,35.89,36.42,36.28,36.13,35.72
552120,1101.14,1014.80,1016.38,1021.48,1002.10,1015.14,1011.34,1097.46,36.31,36.17,35.99,35.91,36.39,36.26,36.18,35.75
552240,1101.12,1014.14,1017.04,1021.36,1001.82,1014.76,1011.10,1096.62,36.15,36.01,35.86,35.78,36.27,36.08,36.12,35.64
552360,1100.56,1013.50,1017.18,1020.82,1001.76,1014.40,1010.80,1095.76,35.95,35.80,35.68,35.63,36.19,35.91,35.98,35.48
552480,1100.56,1013.56,1016.38,1020.52,1001.90,1014.40,1011.04,1095.78,35.98,35.75,35.72,35.63,36.25,36.00,35.94,35.48
552600,1100.48,1013.76,1016.40,1020.62,1002.08,1014.36,1011.16,1096.04,36.02,35.78,35.76,35.67,36.28,36.04,35.96,35.50
552720,1100.90,1014.04,1016.48,1020.86,1002.26,1014.54,1011.60,1096.52,36.14,35.86,35.86,35.76,36.37,36.15,36.02,35.59
552840,1101.12,1014.64,1016.66,1021.02,1002.26,1014.92,1011.54,1096.76,36.25,36.00,35.94,35.85,36.42,36.23,36.10,35.68
552960,1101.10,1014.60,1017.04,1021.18,1002.14,1014.98,1011.52,1096.94,36.19,36.03,35.90,35.82,36.37,36.17,36.11,35.67
553080,1101.08,1014.22,1017.28,1021.16,1001.70,1014.54,1011.30,1096.02,36.01,35.86,35.72,35.68,36.22,35.96,36.01,35.54
553200,1100.38,1013.44,1017.26,1021.00,1001.78,1014.08,1011.16,1095.54,35.86,35.68,35.60,35.55,36.18,35.87,35.88,35.43
553320,1100.34,1013.48,1016.88,1020.56,1001.78,1014.02,1011.22,1095.42,35.87,35.65,35.63,35.55,36.21,35.91,35.86,35.41
553440,1100.46,1013.42,1016.78,1020.60,1002.10,1014.00,1011.22,1095.34,35.93,35.67,35.69,35.59,36.25,35.95,35.88,35.44
553560,1100.90,1014.08,1016.52,1020.82,1002.18,1014.24,1011.22,1096.20,36.08,35.81,35.80,35.69,36.34,36.09,35.96,35.52
553680,1101.02,1014.10,1016.92,1020.92,1001.92,1014.56,1011.28,1096.14,36.10,35.89,35.82,35.73,36.31,36.09,36.00,35.55
553800,1100.58,1013.98,1017.00,1021.00,1001.68,1014.44,1011.14,1095.66,35.99,35.81,35.70,35.65,36.20,35.97,35.94,35.48
553920,1100.16,1013.28,1016.92,1020.74,1001.68,1014.12,1010.84,1094.98,35.80,35.61,35.55,35.49,36.12,35.80,35.82,35.36
554040,1099.92,1013.08,1016.68,1020.42,1001.60,1014.06,1010.96,1094.88,35.81,35.56,35.57,35.49,36.16,35.86,35.80,35.34
554160,1099.90,1012.94,1016.44,1020.46,1001.70,1013.98,1010.76,1095.08,35.83,35.57,35.58,35.51,36.17,35.89,35.81,35.34
554280,1100.30,1013.58,1016.46,1020.52,1001.78,1013.84,1010.86,1095.14,35.93,35.64,35.65,35.58,36.22,35.95,35.84,35.39
554400,1100.36,1013.76,1016.44,1020.46,1001.84,1014.10,1010.90,1095.58,35.97,35.74,35.70,35.62,36.26,35.99,35.91,35.44
554520,1100.68,1013.84,1016.30,1021.10,1001.86,1014.50,1011.20,1096.26,36.10,35.84,35.81,35.71,36.33,36.10,35.98,35.53
554640,1100.80,1014.48,1016.58,1021.38,1001.94,1014.48,1011.38,1096.44,36.16,35.93,35.87,35.78,36.34,36.13,36.06,35.58
554760,1100.66,1014.34,1017.00,1021.28,1001.72,1014.52,1011.14,1096.00,36.07,35.88,35.77,35.72,36.26,36.04,36.03,35.54
554880,1100.26,1013.82,1016.86,1021.08,1001.54,1013.76,1010.80,1095.30,35.87,35.71,35.58,35.55,36.12,35.84,35.91,35.40
555000,1100.08,1013.38,1016.78,1020.56,1001.62,1013.94,1010.84,1095.22,35.85,35.63,35.59,35.52,36.17,35.88,35.85,35.37
555120,1100.18,1013.72,1016.80,1020.52,1001.92,1013.84,1010.92,1095.30,35.90,35.67,35.65,35.56,36.22,35.94,35.87,35.40
555240,1100.24,1013.76,1016.72,1020.64,1001.88,1014.00,1011.00,1095.62,35.99,35.75,35.72,35.63,36.26,36.02,35.92,35.45
555360,1100.58,1014.42,1016.56,1020.90,1002.02,1014.54,1011.22,1096.16,36.14,35.87,35.86,35.75,36.35,36.15,36.02,35.57
555480,1100.84,1014.62,1016.78,1021.42,1001.80,1014.60,1011.32,1096.14,36.16,35.96,35.87,35.79,36.35,36.16,36.06,35.61
555600,1100.52,1014.30,1017.20,1021.20,1001.54,1014.50,1011.02,1095.92,36.04,35.88,35.74,35.69,36.24,36.02,36.00,35.53
555720,1100.12,1013.42,1017.02,1020.92,1001.48,1013.90,1010.86,1095.18,35.83,35.65,35.56,35.52,36.14,35.82,35.83,35.38
555840,1099.86,1013.40,1016.78,1020.58,1001.62,1013.78,1010.92,1095.16,35.82,35.60,35.57,35.49,36.18,35.87,35.80,35.36
555960,1099.94,1013.46,1016.62,1020.58,1001.60,1013.84,1010.92,1095.12,35.87,35.62,35.62,35.54,36.21,35.90,35.82,35.37
556080,1100.46,1014.02,1016.54,1020.82,1002.22,1014.28,1011.08,1096.10,36.06,35.75,35.77,35.68,36.32,36.05,35.93,35.50
556200,1100.82,1014.78,1016.74,1021.24,1002.22,1014.82,1011.54,1096.66,36.24,35.95,35.92,35.81,36.40,36.21,36.06,35.64
556320,1101.16,1014.96,1017.14,1021.64,1002.08,1014.86,1011.60,1096.84,36.25,36.07,35.93,35.85,36.38,36.21,36.10,35.67
556440,1100.70,1014.74,1017.44,1021.60,1001.74,1014.70,1011.86,1096.26,36.09,35.96,35.76,35.73,36.27,36.03,36.05,35.58
556560,1100.32,1013.84,1017.34,1020.86,1001.50,1014.14,1011.14,1095.36,35.89,35.72,35.61,35.56,36.17,35.85,35.90,35.44
556680,1100.10,1013.70,1017.16,1020.66,1001.62,1014.08,1011.04,1095.48,35.89,35.66,35.64,35.55,36.22,35.90,35.86,35.40
556800,1100.58,1013.78,1016.82,1020.88,1002.14,1014.02,1011.06,1095.52,35.94,35.70,35.69,35.59,36.24,35.95,35.90,35.43
556920,1100.98,1014.10,1016.88,1021.06,1002.18,1014.30,1011.46,1096.20,36.12,35.83,35.86,35.73,36.35,36.10,36.02,35.56
557040,1101.38,1015.22,1017.06,1021.60,1002.12,1015.08,1011.74,1097.26,36.31,36.02,35.99,35.89,36.45,36.28,36.14,35.71
557160,1101.50,1015.26,1017.50,1021.94,1001.94,1015.10,1012.02,1096.90,36.31,36.12,35.99,35.91,36.42,36.28,36.19,35.74
557280,1101.28,1014.68,1017.66,1021.86,1001.60,1014.84,1011.58,1096.38,36.15,36.02,35.84,35.80,36.31,36.09,36.12,35.64
557400,1100.48,1014.04,1017.74,1021.36,1001.56,1014.46,1011.32,1095.64,35.95,35.76,35.68,35.62,36.21,35.93,35.97,35.50
557520,1100.56,1014.18,1017.62,1021.02,1001.70,1014.28,1011.44,1095.68,35.98,35.73,35.72,35.64,36.27,36.02,35.93,35.49
557640,1100.62,1014.28,1017.48,1021.26,1001.78,1014.28,1011.56,1095.90,36.03,35.79,35.77,35.68,36.31,36.07,35.96,35.51
557760,1101.08,1014.66,1017.46,1021.50,1001.98,1014.60,1011.86,1096.68,36.19,35.90,35.91,35.78,36.42,36.22,36.06,35.63
557880,1101.60,1015.30,1017.80,1021.94,1002.12,1015.18,1012.32,1097.60,36.37,36.09,36.04,35.93,36.51,36.36,36.21,35.77
558000,1101.36,1015.62,1018.22,1022.26,1001.92,1015.44,1012.32,1097.54,36.38,36.20,36.05,35.97,36.49,36.35,36.24,35.80
558120,1101.38,1015.06,1018.32,1022.38,1001.60,1015.10,1012.06,1096.96,36.24,36.09,35.91,35.87,36.37,36.19,36.19,35.71
558240,1100.44,1014.52,1018.36,1021.70,1001.62,1014.56,1011.82,1096.08,36.01,35.87,35.75,35.68,36.27,36.00,36.06,35.56
558360,1100.94,1014.56,1017.96,1021.48,1001.64,1014.46,1011.78,1096.38,36.06,35.83,35.78,35.70,36.34,36.08,36.03,35.57
558480,1101.02,1014.72,1018.00,1021.60,1001.94,1014.58,1011.84,1096.52,36.13,35.89,35.85,35.75,36.40,36.16,36.06,35.60
558600,1101.10,1014.76,1017.82,1021.58,1001.82,1014.56,1011.68,1096.26,36.08,35.90,35.80,35.72,36.34,36.10,36.05,35.58
558720,1100.52,1014.20,1017.92,1021.38,1001.52,1014.10,1011.54,1095.10,35.91,35.72,35.62,35.57,36.20,35.89,35.95,35.45
558840,1100.10,1013.48,1017.74,1020.62,1001.46,1013.62,1011.18,1095.00,35.78,35.57,35.54,35.47,36.17,35.79,35.84,35.35
558960,1100.12,1013.68,1017.62,1020.74,1001.34,1013.56,1011.24,1095.00,35.86,35.59,35.63,35.51,36.23,35.90,35.84,35.37
559080,1100.30,1014.14,1017.40,1020.94,1001.76,1014.04,1011.18,1095.34,35.95,35.68,35.71,35.57,36.26,35.96,35.87,35.43
559200,1101.06,1014.60,1017.40,1021.44,1001.74,1014.32,1011.50,1096.30,36.17,35.85,35.88,35.75,36.38,36.15,36.01,35.58
559320,1101.34,1015.38,1017.70,1021.84,1001.80,1014.68,1012.06,1096.88,36.29,36.04,35.98,35.86,36.45,36.27,36.13,35.71
559440,1101.12,1015.46,1018.12,1021.92,1001.68,1014.72,1011.84,1096.72,36.25,36.09,35.96,35.86,36.41,36.21,36.15,35.70
559560,1100.96,1014.60,1018.18,1021.76,1001.24,1014.14,1011.56,1095.84,36.06,35.90,35.79,35.72,36.26,36.03,36.07,35.58
559680,1100.36,1013.88,1017.90,1021.60,1001.30,1013.78,1011.50,1095.26,35.90,35.72,35.66,35.59,36.22,35.92,35.94,35.46
559800,1100.54,1014.16,1017.84,1021.50,1001.64,1013.82,1011.60,1095.54,35.97,35.73,35.74,35.64,36.31,36.03,35.96,35.48
559920,1100.66,1014.40,1017.72,1021.64,1001.78,1014.04,1011.52,1095.72,36.04,35.79,35.81,35.70,36.34,36.09,36.00,35.52
560040,1101.24,1014.70,1017.64,1021.82,1002.08,1014.50,1012.00,1096.74,36.24,35.94,35.97,35.85,36.45,36.26,36.12,35.66
560160,1101.90,1015.72,1018.10,1022.06,1001.98,1014.90,1012.02,1097.46,36.37,36.13,36.05,35.95,36.52,36.37,36.20,35.78
560280,1101.84,1015.58,1018.40,1022.50,1001.76,1014.98,1012.02,1097.34,36.34,36.19,36.01,35.95,36.45,36.30,36.22,35.77
560400,1101.46,1014.84,1018.54,1022.32,1001.52,1014.50,1011.86,1096.48,36.13,36.01,35.84,35.80,36.32,36.10,36.12,35.65
560520,1100.88,1014.16,1018.16,1021.82,1001.62,1013.98,1011.52,1095.80,35.99,35.81,35.71,35.66,36.28,35.99,36.01,35.54
560640,1100.88,1014.14,1018.10,1021.66,1001.62,1013.80,1011.44,1095.90,36.04,35.79,35.77,35.68,36.33,36.08,35.99,35.54
560760,1100.76,1014.50,1017.96,1021.68,1001.86,1014.14,1011.84,1096.08,36.08,35.83,35.82,35.72,36.35,36.11,36.01,35.56
560880,1101.38,1014.94,1018.02,1021.96,1001.90,1014.50,1012.04,1096.70,36.23,35.93,35.94,35.82,36.45,36.22,36.10,35.67
561000,1101.68,1015.38,1018.22,1022.20,1001.94,1015.00,1012.08,1097.16,36.35,36.07,36.02,35.91,36.50,36.31,36.19,35.77
561120,1101.84,1015.50,1018.64,1022.24,1001.78,1014.90,1012.10,1097.14,36.29,36.09,35.95,35.88,36.42,36.23,36.18,35.73
561240,1101.30,1014.92,1018.56,1022.24,1001.36,1014.40,1012.08,1096.26,36.08,35.91,35.75,35.74,36.28,36.04,36.08,35.61
561360,1100.94,1014.22,1018.54,1021.60,1001.30,1014.08,1011.76,1095.74,35.96,35.73,35.67,35.61,36.23,35.96,35.96,35.50
561480,1100.94,1014.42,1018.30,1021.50,1001.84,1014.06,1011.90,1096.14,36.04,35.75,35.77,35.67,36.32,36.06,35.97,35.53
561600,1101.02,1014.52,1018.26,1021.62,1001.78,1014.14,1011.90,1096.02,36.06,35.81,35.79,35.71,36.33,36.09,36.01,35.54
561720,1100.82,1014.22,1018.34,1021.56,1001.32,1013.94,1011.84,1095.30,35.96,35.75,35.71,35.64,36.24,35.97,35.97,35.47
561840,1100.30,1013.54,1018.12,1021.02,1001.38,1013.40,1011.26,1094.82,35.76,35.55,35.52,35.46,36.13,35.77,35.83,35.34
561960,1100.30,1013.54,1017.80,1020.82,1001.36,1013.44,1011.40,1094.88,35.78,35.53,35.55,35.45,36.18,35.83,35.80,35.34
562080,1100.26,1013.52,1017.84,1020.84,1001.64,1013.38,1011.52,1094.98,35.91,35.60,35.65,35.54,36.25,35.94,35.85,35.38
562200,1100.56,1014.28,1017.78,1021.16,1001.82,1013.68,1011.80,1095.76,36.08,35.78,35.80,35.68,36.35,36.08,35.97,35.51
562320,1101.28,1015.04,1018.02,1021.66,1001.96,1014.52,1011.84,1096.86,36.26,35.98,35.95,35.83,36.43,36.24,36.09,35.67
562440,1101.44,1014.98,1018.38,1022.20,1001.86,1014.58,1012.12,1096.78,36.28,36.09,35.97,35.87,36.41,36.25,36.16,35.70
562560,1101.32,1014.88,1018.44,1022.06,1001.26,1014.40,1011.96,1096.24,36.11,36.00,35.82,35.77,36.28,36.09,36.11,35.62
562680,1100.76,1014.02,1018.28,1021.70,1001.46,1013.70,1011.54,1095.50,35.94,35.77,35.68,35.61,36.22,35.92,35.99,35.48
562800,1100.78,1014.00,1018.14,1021.52,1001.46,1013.82,1011.54,1095.80,35.99,35.76,35.74,35.64,36.29,36.02,35.97,35.49
562920,1100.80,1014.06,1018.02,1021.74,1001.58,1013.96,1011.68,1095.78,36.05,35.81,35.78,35.68,36.32,36.08,36.00,35.52
563040,1100.74,1014.42,1018.04,1021.72,1001.92,1014.18,1012.02,1096.32,36.14,35.90,35.89,35.76,36.39,36.16,36.06,35.59
563160,1101.76,1015.20,1018.30,1022.24,1002.12,1014.82,1012.24,1097.54,36.38,36.08,36.06,35.94,36.52,36.35,36.22,35.77
563280,1101.84,1015.88,1018.52,1022.62,1002.04,1015.40,1012.60,1097.98,36.48,36.26,36.14,36.04,36.57,36.44,36.30,35.88
563400,1101.92,1015.92,1019.22,1022.82,1001.60,1015.20,1012.54,1097.68,36.38,36.27,36.07,36.00,36.50,36.34,36.29,35.84
563520,1101.48,1014.96,1019.00,1022.66,1001.54,1014.62,1012.28,1096.58,36.18,36.05,35.88,35.83,36.37,36.14,36.16,35.70
563640,1101.34,1014.58,1018.96,1022.34,1001.50,1014.48,1012.12,1096.44,36.07,35.89,35.80,35.74,36.36,36.09,36.07,35.61
563760,1101.48,1014.72,1018.68,1022.34,1001.76,1014.42,1012.26,1096.48,36.17,35.91,35.88,35.79,36.42,36.20,36.09,35.64
563880,1101.70,1014.82,1018.92,1022.22,1001.78,1014.56,1012.24,1096.52,36.17,35.94,35.88,35.81,36.40,36.19,36.11,35.64
564000,1101.32,1014.76,1018.82,1022.00,1001.54,1014.22,1011.82,1095.92,36.03,35.83,35.75,35.72,36.28,36.04,36.04,35.56
564120,1100.60,1013.96,1018.74,1021.56,1001.50,1013.86,1011.50,1095.08,35.83,35.63,35.60,35.54,36.18,35.83,35.89,35.41
564240,1100.74,1013.74,1018.32,1021.46,1001.82,1013.84,1011.56,1095.30,35.92,35.64,35.67,35.57,36.26,35.95,35.90,35.43
564360,1100.96,1014.28,1018.28,1021.76,1001.98,1014.12,1011.70,1095.74,36.09,35.76,35.80,35.68,36.35,36.11,35.98,35.53
564480,1100.90,1014.46,1018.48,1021.76,1001.96,1014.12,1011.84,1096.06,36.09,35.86,35.80,35.72,36.33,36.11,36.02,35.56
564600,1100.78,1014.32,1018.50,1021.68,1001.62,1013.80,1011.54,1095.30,35.94,35.76,35.68,35.63,36.23,35.97,35.94,35.47
564720,1100.30,1013.10,1018.14,1021.20,1001.32,1013.40,1011.34,1094.74,35.79,35.57,35.52,35.46,36.12,35.78,35.81,35.36
564840,1100.36,1013.32,1018.06,1021.08,1001.66,1013.30,1011.32,1095.02,35.84,35.58,35.58,35.47,36.19,35.87,35.81,35.37
564960,1100.26,1013.54,1018.18,1021.08,1001.82,1013.22,1011.32,1095.14,35.92,35.66,35.67,35.56,36.25,35.96,35.86,35.41
565080,1100.18,1013.34,1017.94,1021.02,1001.54,1013.38,1011.24,1094.94,35.86,35.65,35.63,35.54,36.19,35.89,35.85,35.39
565200,1099.76,1012.84,1017.74,1020.82,1001.44,1012.92,1010.86,1094.38,35.71,35.50,35.47,35.41,36.05,35.70,35.74,35.26
565320,1099.70,1012.80,1017.52,1020.62,1001.62,1012.66,1010.82,1094.30,35.68,35.43,35.45,35.36,36.09,35.68,35.69,35.24
565440,1100.04,1013.02,1017.28,1020.56,1001.72,1012.80,1010.98,1094.76,35.85,35.54,35.57,35.47,36.19,35.87,35.76,35.32
565560,1099.92,1013.46,1017.56,1020.70,1001.60,1013.12,1011.12,1095.00,35.90,35.66,35.64,35.53,36.20,35.92,35.82,35.38
565680,1099.82,1013.22,1017.60,1020.74,1001.50,1013.04,1011.00,1094.42,35.82,35.61,35.57,35.47,36.12,35.79,35.78,35.34
565800,1099.26,1012.68,1017.28,1020.60,1001.52,1012.52,1010.74,1094.24,35.66,35.45,35.42,35.35,36.03,35.65,35.69,35.24
565920,1099.32,1012.46,1016.98,1020.24,1001.52,1012.54,1010.64,1094.26,35.70,35.45,35.48,35.38,36.09,35.74,35.68,35.24
566040,1099.52,1012.56,1016.82,1020.50,1001.64,1012.52,1010.62,1094.30,35.78,35.53,35.54,35.43,36.13,35.81,35.74,35.27
566160,1099.78,1012.98,1016.82,1020.58,1001.76,1012.96,1010.98,1095.00,35.90,35.64,35.68,35.55,36.19,35.91,35.83,35.36
566280,1100.54,1013.74,1016.94,1020.92,1002.08,1013.66,1011.34,1095.86,36.14,35.85,35.84,35.71,36.33,36.11,35.98,35.53
566400,1100.66,1014.32,1017.30,1021.66,1001.82,1013.72,1011.64,1096.40,36.23,36.01,35.90,35.80,36.35,36.18,36.07,35.62
566520,1100.62,1014.20,1017.54,1021.62,1001.46,1013.60,1011.38,1096.08,36.13,36.01,35.82,35.75,36.25,36.06,36.07,35.57
566640,1100.20,1013.32,1017.66,1021.20,1001.34,1013.14,1011.22,1095.38,35.93,35.77,35.64,35.59,36.16,35.88,35.95,35.45
566760,1100.24,1013.20,1017.46,1020.90,1001.60,1013.08,1011.26,1095.38,35.94,35.72,35.67,35.57,36.21,35.95,35.91,35.43
566880,1100.40,1013.36,1017.40,1021.04,1001.86,1013.04,1011.20,1095.30,36.00,35.74,35.72,35.61,36.25,36.01,35.93,35.47
567000,1100.58,1013.64,1017.42,1021.32,1001.96,1013.32,1011.28,1095.42,36.01,35.77,35.74,35.64,36.26,36.01,35.94,35.48
567120,1100.72,1013.90,1017.50,1021.34,1002.04,1013.32,1011.28,1095.86,36.11,35.84,35.83,35.72,36.33,36.12,36.01,35.55
567240,1100.98,1013.92,1017.78,1021.70,1002.06,1013.48,1011.52,1095.82,36.13,35.92,35.86,35.76,36.33,36.12,36.05,35.57
567360,1100.30,1013.76,1017.98,1021.50,1001.74,1013.52,1011.36,1095.44,36.02,35.84,35.75,35.67,36.24,36.00,36.01,35.51
567480,1099.88,1013.30,1017.76,1021.18,1001.50,1012.76,1010.90,1094.62,35.84,35.64,35.57,35.51,36.13,35.81,35.84,35.38
567600,1099.72,1012.92,1017.54,1020.50,1001.42,1012.58,1010.86,1094.42,35.72,35.47,35.50,35.42,36.09,35.74,35.75,35.29
567720,1099.16,1012.40,1017.40,1020.28,1001.40,1012.42,1010.32,1093.52,35.59,35.33,35.37,35.31,36.00,35.59,35.63,35.19
567840,1098.76,1011.90,1016.72,1019.80,1001.24,1011.78,1009.86,1093.22,35.41,35.15,35.19,35.13,35.86,35.42,35.49,35.07
567960,1098.72,1011.78,1016.70,1019.56,1001.52,1011.74,1009.90,1093.16,35.51,35.21,35.28,35.16,35.94,35.58,35.51,35.08
568080,1099.10,1012.48,1015.96,1019.74,1002.04,1012.30,1010.44,1094.20,35.74,35.41,35.51,35.34,36.08,35.79,35.65,35.23
568200,1099.38,1012.82,1016.04,1020.30,1001.86,1012.60,1010.36,1094.62,35.88,35.64,35.61,35.48,36.13,35.90,35.78,35.34
568320,1099.38,1012.80,1016.42,1020.34,1001.68,1012.54,1010.30,1094.56,35.81,35.66,35.55,35.47,36.06,35.82,35.79,35.31
568440,1098.90,1012.26,1016.36,1020.28,1001.56,1012.24,1010.06,1093.74,35.67,35.51,35.40,35.34,35.98,35.66,35.70,35.21
568560,1098.96,1011.88,1016.00,1019.98,1001.54,1012.22,1010.06,1093.80,35.67,35.45,35.42,35.33,36.03,35.70,35.67,35.20
568680,1098.94,1012.04,1015.86,1019.98,1001.80,1012.30,1009.86,1094.04,35.74,35.49,35.50,35.39,36.07,35.78,35.71,35.24
568800,1099.32,1012.38,1015.76,1020.16,1001.90,1012.52,1010.32,1094.48,35.88,35.61,35.63,35.50,36.14,35.91,35.82,35.33
568920,1099.88,1013.64,1016.28,1020.74,1002.04,1013.32,1010.44,1095.78,36.12,35.83,35.81,35.70,36.28,36.12,35.95,35.52
569040,1100.38,1014.10,1016.40,1021.40,1002.20,1013.64,1010.68,1096.14,36.23,36.02,35.91,35.80,36.33,36.19,36.06,35.63
569160,1100.46,1013.94,1016.76,1021.46,1001.64,1013.56,1010.86,1095.94,36.16,36.04,35.84,35.76,36.26,36.10,36.05,35.60
569280,1099.86,1013.06,1017.08,1021.20,1001.26,1012.96,1010.62,1094.86,35.94,35.83,35.64,35.60,36.11,35.90,35.95,35.45
569400,1099.60,1012.56,1016.90,1020.74,1001.66,1012.74,1010.40,1094.70,35.84,35.67,35.59,35.51,36.12,35.87,35.86,35.37
569520,1099.60,1012.56,1016.80,1020.58,1001.76,1012.76,1010.42,1094.64,35.89,35.67,35.64,35.54,36.18,35.93,35.86,35.38
569640,1099.78,1012.92,1016.58,1020.70,1001.90,1012.92,1010.48,1094.86,35.98,35.73,35.73,35.61,36.25,36.00,35.92,35.45
569760,1100.16,1013.54,1016.74,1020.92,1002.02,1013.52,1010.72,1095.68,36.11,35.86,35.82,35.71,36.31,36.11,35.99,35.54
569880,1100.26,1013.66,1017.12,1021.40,1001.96,1013.44,1010.84,1095.52,36.08,35.91,35.80,35.71,36.27,36.08,36.01,35.53
570000,1099.98,1013.20,1017.26,1021.14,1001.90,1013.14,1010.44,1094.98,35.90,35.78,35.62,35.59,36.15,35.90,35.92,35.43
570120,1099.54,1012.54,1016.98,1020.72,1001.68,1012.76,1010.40,1094.50,35.78,35.59,35.52,35.46,36.09,35.80,35.81,35.32
570240,1099.54,1012.48,1016.86,1020.76,1001.94,1012.78,1010.28,1094.48,35.82,35.57,35.57,35.46,36.14,35.86,35.80,35.32
570360,1099.54,1012.74,1016.60,1020.80,1002.08,1012.72,1010.42,1094.44,35.87,35.61,35.62,35.51,36.18,35.90,35.82,35.34
570480,1100.20,1013.10,1016.48,1020.82,1002.18,1013.26,1010.66,1095.02,36.01,35.73,35.74,35.61,36.26,36.05,35.91,35.45
570600,1100.26,1013.66,1016.34,1021.30,1002.18,1013.58,1010.76,1095.40,36.10,35.85,35.80,35.69,36.28,36.10,35.98,35.53
570720,1100.00,1013.58,1016.88,1021.42,1001.98,1013.52,1010.82,1095.06,36.00,35.84,35.73,35.64,36.21,36.02,35.96,35.49
570840,1099.62,1012.98,1017.16,1021.00,1001.62,1012.92,1010.48,1094.34,35.80,35.63,35.56,35.49,36.10,35.80,35.85,35.36
570960,1099.54,1012.62,1016.88,1020.76,1001.76,1012.86,1010.48,1094.20,35.80,35.59,35.57,35.49,36.15,35.84,35.81,35.34
571080,1099.98,1012.92,1016.46,1020.94,1002.18,1013.06,1010.74,1094.62,35.93,35.68,35.67,35.57,36.21,35.97,35.87,35.41
571200,1099.70,1013.04,1016.38,1020.92,1002.04,1013.14,1010.72,1094.74,35.93,35.72,35.66,35.57,36.19,35.96,35.89,35.41
571320,1099.48,1012.78,1016.86,1020.88,1001.66,1013.08,1010.62,1094.24,35.80,35.62,35.51,35.45,36.06,35.79,35.84,35.32
571440,1099.12,1012.16,1016.70,1020.50,1001.86,1012.62,1010.34,1093.66,35.67,35.45,35.42,35.35,36.01,35.69,35.72,35.22
571560,1099.34,1012.54,1016.08,1020.30,1002.20,1012.66,1010.40,1094.12,35.82,35.54,35.56,35.44,36.12,35.84,35.78,35.29
571680,1099.82,1013.28,1016.10,1020.66,1002.22,1012.74,1010.70,1094.68,35.96,35.69,35.68,35.55,36.19,35.97,35.86,35.40
571800,1099.78,1013.30,1016.20,1021.02,1002.22,1012.94,1010.48,1094.52,35.95,35.75,35.67,35.57,36.15,35.93,35.90,35.41
571920,1099.32,1012.72,1016.48,1020.74,1002.02,1012.92,1010.14,1094.04,35.80,35.61,35.53,35.43,36.05,35.77,35.80,35.32
572040,1099.12,1012.10,1016.34,1020.30,1002.02,1012.48,1009.94,1093.78,35.68,35.46,35.43,35.35,36.03,35.68,35.71,35.23
572160,1099.22,1012.26,1015.74,1020.42,1002.12,1012.42,1010.28,1093.90,35.78,35.50,35.53,35.42,36.11,35.82,35.74,35.28
572280,1099.52,1012.82,1015.82,1020.62,1002.36,1012.58,1010.44,1094.32,35.88,35.59,35.62,35.49,36.18,35.91,35.80,35.35
572400,1100.30,1013.46,1016.54,1020.96,1002.52,1013.18,1010.80,1095.56,36.10,35.79,35.78,35.66,36.31,36.12,35.95,35.51
572520,1100.54,1014.18,1016.88,1021.48,1002.74,1013.58,1010.98,1096.02,36.25,35.99,35.91,35.80,36.38,36.23,36.06,35.65
572640,1100.68,1014.12,1016.46,1021.80,1002.56,1013.60,1011.00,1095.92,36.22,36.08,35.88,35.80,36.33,36.19,36.09,35.64
572760,1100.44,1013.54,1017.12,1021.76,1002.36,1013.38,1010.50,1095.14,36.02,35.91,35.73,35.66,36.19,35.98,35.99,35.52
572880,1099.72,1012.84,1016.96,1021.36,1002.44,1013.04,1010.46,1094.86,35.89,35.71,35.61,35.55,36.15,35.87,35.89,35.42
573000,1099.86,1013.16,1016.36,1021.26,1002.50,1013.12,1010.70,1094.92,35.99,35.73,35.72,35.61,36.24,36.02,35.91,35.46
573120,1100.26,1013.34,1016.32,1021.26,1002.64,1013.28,1010.80,1095.14,36.05,35.81,35.77,35.66,36.27,36.06,35.96,35.50
573240,1100.04,1013.18,1016.64,1021.28,1002.40,1013.42,1010.76,1094.98,35.95,35.77,35.68,35.59,36.17,35.94,35.92,35.44
573360,1099.44,1012.70,1016.84,1021.10,1002.36,1013.04,1010.30,1094.14,35.76,35.59,35.48,35.45,36.05,35.76,35.80,35.31
573480,1099.32,1012.48,1016.50,1020.56,1002.30,1012.72,1010.24,1094.06,35.73,35.51,35.49,35.42,36.08,35.80,35.75,35.29
573600,1099.42,1012.86,1016.04,1020.90,1002.50,1012.78,1010.24,1094.16,35.86,35.59,35.61,35.49,36.16,35.91,35.79,35.34
573720,1099.56,1012.90,1016.10,1020.80,1002.64,1013.04,1010.26,1094.20,35.87,35.64,35.61,35.51,36.14,35.89,35.82,35.35
573840,1099.12,1012.54,1016.18,1020.76,1002.68,1012.86,1010.26,1093.88,35.75,35.55,35.47,35.42,36.04,35.75,35.75,35.28
573960,1098.94,1011.80,1016.02,1020.12,1002.52,1012.44,1009.90,1093.42,35.62,35.39,35.37,35.29,35.98,35.63,35.64,35.18
574080,1098.78,1012.08,1015.44,1020.12,1002.50,1012.42,1009.94,1093.36,35.68,35.40,35.44,35.33,36.04,35.73,35.64,35.19
574200,1098.90,1012.16,1015.66,1020.20,1002.86,1012.52,1009.72,1093.48,35.75,35.48,35.48,35.38,36.07,35.78,35.68,35.23
574320,1099.56,1012.68,1016.46,1020.28,1003.06,1013.06,1010.12,1094.26,35.93,35.62,35.63,35.50,36.20,35.93,35.80,35.34
574440,1099.74,1013.38,1016.56,1020.78,1002.98,1013.44,1010.42,1094.86,36.04,35.78,35.74,35.62,36.24,36.03,35.89,35.46
574560,1099.70,1013.40,1016.30,1021.00,1002.96,1013.38,1010.36,1094.82,36.00,35.81,35.71,35.61,36.19,35.99,35.91,35.46
574680,1099.32,1012.62,1015.78,1021.10,1002.70,1013.10,1010.04,1094.10,35.81,35.68,35.52,35.49,36.07,35.79,35.84,35.34
574800,1099.04,1012.16,1015.60,1020.34,1002.66,1012.70,1009.94,1093.96,35.73,35.53,35.47,35.40,36.06,35.75,35.75,35.26
574920,1099.16,1012.38,1015.72,1020.30,1002.76,1012.70,1010.24,1093.92,35.79,35.54,35.53,35.43,36.11,35.82,35.76,35.29
575040,1099.12,1012.54,1016.00,1020.36,1002.98,1012.92,1010.24,1094.30,35.87,35.60,35.59,35.48,36.15,35.87,35.81,35.33
575160,1099.64,1013.22,1016.82,1020.92,1003.20,1013.34,1010.40,1095.04,36.02,35.74,35.72,35.62,36.24,36.02,35.90,35.45
575280,1099.98,1013.44,1016.64,1021.10,1003.28,1013.64,1010.74,1095.14,36.08,35.86,35.77,35.67,36.24,36.07,35.96,35.50
575400,1099.78,1013.16,1015.98,1021.26,1003.16,1013.40,1010.52,1094.80,35.99,35.82,35.67,35.62,36.14,35.95,35.93,35.44
575520,1099.54,1012.78,1015.62,1020.92,1003.02,1013.28,1010.16,1094.06,35.79,35.61,35.52,35.46,36.05,35.77,35.79,35.32
575640,1099.48,1012.32,1015.64,1020.68,1003.24,1013.12,1010.16,1093.88,35.78,35.55,35.53,35.44,36.09,35.82,35.77,35.30
575760,1099.38,1012.50,1015.74,1020.62,1003.32,1013.18,1010.22,1094.22,35.85,35.58,35.58,35.48,36.13,35.86,35.79,35.32
575880,1099.68,1012.84,1016.38,1020.90,1003.40,1013.34,1010.32,1094.88,35.96,35.67,35.67,35.58,36.21,35.97,35.86,35.41
576000,1100.32,1013.56,1016.80,1021.34,1003.54,1013.94,1010.72,1095.38,36.12,35.82,35.81,35.69,36.29,36.08,35.97,35.53
576120,1100.18,1013.68,1016.70,1021.54,1003.44,1014.02,1010.76,1095.22,36.13,35.92,35.81,35.71,36.26,36.07,36.01,35.55
576240,1100.04,1013.00,1016.20,1021.34,1003.24,1013.74,1010.40,1094.78,35.97,35.79,35.66,35.57,36.14,35.93,35.95,35.46
576360,1099.36,1012.38,1015.88,1021.10,1003.24,1013.38,1010.30,1094.06,35.80,35.60,35.53,35.47,36.10,35.78,35.82,35.34
576480,1099.50,1012.60,1016.22,1020.96,1003.24,1013.40,1010.62,1094.56,35.91,35.62,35.62,35.53,36.19,35.94,35.85,35.38
576600,1099.84,1013.04,1016.42,1021.12,1003.46,1013.74,1010.60,1094.88,36.01,35.74,35.71,35.61,36.24,36.02,35.90,35.46
576720,1099.84,1013.26,1016.24,1021.28,1003.26,1013.78,1010.58,1094.64,35.96,35.74,35.67,35.58,36.19,35.97,35.89,35.44
576840,1099.46,1012.52,1015.52,1021.14,1003.24,1013.52,1010.16,1093.64,35.80,35.60,35.51,35.46,36.04,35.78,35.78,35.32
576960,1099.16,1012.10,1015.46,1020.72,1003.16,1013.22,1010.00,1093.34,35.68,35.47,35.44,35.36,36.04,35.72,35.73,35.24
577080,1098.78,1012.24,1015.68,1020.62,1003.26,1013.04,1009.94,1093.70,35.71,35.46,35.48,35.37,36.07,35.76,35.71,35.23
577200,1099.16,1012.20,1016.12,1020.54,1003.34,1013.28,1010.26,1093.84,35.79,35.52,35.55,35.44,36.12,35.85,35.76,35.28
577320,1099.60,1013.08,1016.76,1020.96,1003.72,1013.72,1010.48,1094.66,35.97,35.67,35.69,35.56,36.23,35.99,35.85,35.40
577440,1099.82,1013.42,1016.92,1021.46,1003.62,1013.80,1010.40,1094.82,36.02,35.79,35.72,35.62,36.23,36.02,35.91,35.45
577560,1099.68,1013.08,1016.08,1021.14,1003.34,1013.74,1010.14,1094.44,35.90,35.73,35.62,35.55,36.13,35.88,35.87,35.39
577680,1099.20,1012.30,1015.62,1021.00,1003.28,1013.18,1010.04,1093.78,35.72,35.55,35.46,35.40,36.05,35.72,35.74,35.27
577800,1099.18,1012.22,1015.66,1020.82,1003.34,1013.20,1010.02,1094.02,35.75,35.51,35.50,35.40,36.11,35.80,35.73,35.26
577920,1099.24,1012.14,1016.00,1020.88,1003.52,1013.44,1010.12,1094.14,35.79,35.55,35.53,35.44,36.13,35.84,35.76,35.29
578040,1099.52,1012.60,1016.48,1020.80,1003.68,1013.72,1010.46,1094.28,35.92,35.63,35.65,35.53,36.20,35.95,35.82,35.36
578160,1099.52,1013.10,1016.34,1021.06,1003.52,1014.10,1010.38,1094.58,35.98,35.73,35.68,35.59,36.20,35.99,35.88,35.42
578280,1099.42,1012.86,1016.00,1021.12,1003.24,1013.68,1010.02,1094.26,35.89,35.69,35.57,35.52,36.12,35.85,35.84,35.37
578400,1099.00,1012.24,1015.36,1020.90,1002.86,1013.40,1009.76,1093.62,35.69,35.51,35.43,35.35,36.00,35.69,35.73,35.25
578520,1098.94,1012.24,1015.34,1020.30,1003.18,1013.16,1009.78,1093.54,35.69,35.45,35.44,35.33,36.04,35.71,35.69,35.21
578640,1098.80,1012.22,1015.78,1020.30,1003.16,1013.22,1009.86,1093.34,35.72,35.46,35.46,35.36,36.07,35.73,35.69,35.22
578760,1099.32,1012.40,1016.64,1020.46,1003.62,1013.70,1010.14,1094.08,35.86,35.58,35.60,35.50,36.17,35.88,35.80,35.33
578880,1100.04,1013.68,1017.54,1020.94,1003.70,1014.18,1010.54,1095.38,36.13,35.82,35.84,35.68,36.30,36.10,35.96,35.51
579000,1100.20,1013.98,1017.52,1021.66,1003.64,1014.60,1010.74,1095.70,36.22,36.01,35.89,35.77,36.33,36.18,36.04,35.62
579120,1100.22,1013.88,1017.00,1021.82,1003.24,1014.66,1010.72,1095.22,36.10,35.99,35.82,35.70,36.23,36.08,36.04,35.57
579240,1099.80,1013.08,1016.14,1021.50,1003.10,1014.28,1010.28,1094.30,35.90,35.77,35.57,35.54,36.11,35.86,35.90,35.42
579360,1099.50,1012.68,1016.02,1020.98,1003.34,1013.80,1010.32,1094.10,35.83,35.63,35.55,35.46,36.12,35.86,35.81,35.34
579480,1099.62,1012.76,1016.08,1020.84,1003.46,1013.94,1010.46,1094.04,35.89,35.64,35.61,35.50,36.18,35.92,35.82,35.36
579600,1100.00,1013.20,1017.16,1021.24,1003.48,1014.14,1010.58,1094.52,36.02,35.74,35.75,35.59,36.24,36.02,35.89,35.44
579720,1100.46,1014.02,1017.36,1021.56,1003.90,1014.70,1010.76,1095.28,36.18,35.91,35.89,35.73,36.35,36.17,36.01,35.58
579840,1100.62,1014.30,1017.24,1021.84,1003.68,1014.84,1010.94,1095.48,36.22,36.03,35.91,35.78,36.35,36.19,36.08,35.63
579960,1100.50,1014.16,1016.34,1021.90,1003.44,1014.82,1010.80,1095.00,36.09,35.97,35.78,35.70,36.24,36.07,36.04,35.56
580080,1099.72,1013.22,1016.62,1021.56,1003.18,1014.14,1010.52,1094.16,35.86,35.72,35.57,35.49,36.11,35.82,35.90,35.40
580200,1099.72,1012.66,1016.18,1021.24,1003.46,1013.96,1010.56,1094.04,35.82,35.60,35.54,35.45,36.13,35.83,35.80,35.34
580320,1099.60,1012.90,1016.34,1021.12,1003.70,1013.98,1010.62,1093.98,35.87,35.60,35.59,35.48,36.17,35.89,35.81,35.35
580440,1100.02,1013.34,1016.50,1021.26,1003.86,1014.10,1010.70,1094.50,35.99,35.69,35.68,35.56,36.25,35.99,35.88,35.42
580560,1100.00,1013.66,1016.92,1021.68,1004.00,1014.48,1010.76,1094.80,36.04,35.80,35.75,35.63,36.27,36.03,35.94,35.48
580680,1099.86,1013.58,1016.34,1021.62,1003.68,1014.48,1010.52,1094.48,35.95,35.77,35.66,35.59,36.18,35.92,35.92,35.44
580800,1099.28,1012.88,1015.84,1021.24,1003.62,1013.96,1010.22,1093.58,35.76,35.56,35.47,35.42,36.06,35.73,35.77,35.31
580920,1099.16,1012.42,1015.92,1021.00,1003.64,1013.84,1010.18,1093.52,35.73,35.50,35.48,35.38,36.11,35.77,35.72,35.27
581040,1099.26,1012.40,1016.38,1021.10,1004.00,1013.98,1010.26,1093.64,35.82,35.55,35.56,35.45,36.16,35.85,35.76,35.31
581160,1099.60,1013.04,1016.72,1021.22,1004.06,1014.16,1010.24,1094.02,35.93,35.65,35.63,35.51,36.21,35.92,35.82,35.36
581280,1099.90,1013.28,1016.96,1021.40,1004.16,1014.64,1010.42,1094.38,36.01,35.74,35.72,35.60,36.26,36.00,35.89,35.44
581400,1099.84,1013.44,1016.76,1021.66,1003.88,1014.62,1010.46,1094.42,35.96,35.77,35.69,35.58,36.20,35.93,35.90,35.41
581520,1099.46,1012.96,1016.18,1021.50,1003.72,1014.16,1010.26,1093.76,35.79,35.60,35.52,35.45,36.07,35.74,35.80,35.31
581640,1099.28,1012.26,1015.88,1021.10,1003.90,1014.06,1009.90,1093.40,35.69,35.46,35.44,35.36,36.05,35.71,35.72,35.23
581760,1099.08,1012.32,1016.24,1020.88,1004.00,1013.98,1009.90,1093.50,35.74,35.47,35.49,35.39,36.10,35.78,35.72,35.24
581880,1099.18,1012.70,1016.60,1021.06,1004.00,1014.06,1010.26,1093.72,35.80,35.54,35.55,35.44,36.13,35.83,35.75,35.27
582000,1099.48,1012.82,1016.68,1021.14,1004.18,1014.20,1010.26,1093.78,35.88,35.62,35.61,35.51,36.16,35.89,35.81,35.33
582120,1099.58,1012.82,1017.18,1021.40,1004.00,1014.48,1010.30,1094.34,35.95,35.67,35.68,35.56,36.20,35.94,35.86,35.39
582240,1100.10,1013.50,1017.40,1021.84,1004.04,1014.76,1010.60,1095.02,36.11,35.79,35.79,35.67,36.28,36.07,35.95,35.51
582360,1100.24,1013.72,1017.46,1022.10,1004.16,1014.84,1010.76,1095.22,36.14,35.90,35.82,35.71,36.30,36.10,36.01,35.55
582480,1099.88,1013.54,1016.62,1022.02,1003.72,1014.94,1010.36,1094.70,36.03,35.83,35.71,35.63,36.21,35.96,35.98,35.48
582600,1099.44,1012.80,1016.04,1021.86,1003.70,1014.44,1010.24,1093.92,35.83,35.65,35.54,35.48,36.08,35.79,35.85,35.34
582720,1099.18,1012.32,1016.02,1021.20,1003.60,1014.22,1010.02,1093.72,35.75,35.53,35.49,35.42,36.09,35.75,35.77,35.27
582840,1099.08,1012.24,1015.82,1021.10,1003.60,1013.88,1009.82,1093.32,35.66,35.41,35.43,35.35,36.01,35.65,35.68,35.20
582960,1098.50,1011.94,1015.20,1020.90,1003.64,1013.44,1009.40,1092.62,35.48,35.23,35.26,35.19,35.89,35.48,35.54,35.08
583080,1098.18,1011.12,1015.40,1020.50,1003.70,1013.10,1009.14,1092.40,35.43,35.16,35.21,35.11,35.89,35.47,35.47,35.02
583200,1098.10,1011.12,1015.38,1020.08,1003.82,1013.10,1009.22,1092.24,35.44,35.14,35.21,35.11,35.89,35.49,35.45,35.00
583320,1097.68,1010.94,1015.16,1019.60,1003.46,1012.86,1008.94,1091.70,35.35,35.07,35.12,35.05,35.80,35.40,35.40,34.93
583440,1097.42,1010.78,1015.30,1019.54,1003.46,1012.82,1008.86,1091.46,35.30,35.02,35.07,34.99,35.79,35.35,35.35,34.88
583560,1097.38,1010.84,1015.52,1019.26,1003.68,1012.52,1008.92,1091.48,35.33,35.05,35.11,35.01,35.80,35.38,35.36,34.88
583680,1097.22,1010.72,1015.46,1019.22,1003.60,1012.42,1008.48,1091.12,35.26,35.02,35.06,34.96,35.72,35.31,35.33,34.84
583800,1097.00,1010.24,1015.50,1019.12,1003.76,1012.42,1008.30,1091.10,35.23,34.97,35.03,34.93,35.69,35.27,35.31,34.81
583920,1096.62,1010.12,1015.68,1018.74,1003.56,1012.26,1008.22,1090.84,35.23,34.96,35.03,34.93,35.69,35.26,35.30,34.79
584040,1096.56,1009.76,1015.40,1018.64,1003.56,1012.00,1007.80,1090.52,35.14,34.89,34.95,34.87,35.63,35.17,35.23,34.74
584160,1096.30,1009.58,1015.48,1018.36,1003.74,1011.86,1007.82,1090.38,35.16,34.88,34.97,34.87,35.65,35.21,35.22,34.72
584280,1096.24,1009.56,1015.66,1018.38,1003.70,1012.14,1007.56,1090.38,35.16,34.88,34.96,34.87,35.63,35.19,35.21,34.71
584400,1095.88,1009.32,1015.32,1018.20,1003.66,1011.68,1007.46,1089.96,35.08,34.82,34.89,34.80,35.55,35.10,35.14,34.65
584520,1095.68,1009.22,1015.48,1018.14,1003.80,1011.56,1007.52,1089.86,35.07,34.80,34.89,34.79,35.56,35.12,35.12,34.63
584640,1095.60,1008.88,1015.20,1017.72,1003.68,1011.36,1007.14,1089.74,35.03,34.77,34.86,34.75,35.52,35.07,35.10,34.61
584760,1095.22,1008.68,1014.90,1017.54,1003.58,1011.08,1007.04,1089.36,34.95,34.67,34.76,34.67,35.46,34.98,35.05,34.55
584880,1094.98,1008.30,1014.76,1017.28,1003.64,1011.10,1006.70,1089.00,34.93,34.64,34.74,34.64,35.45,34.99,35.02,34.52
585000,1094.66,1008.26,1014.70,1018.12,1003.58,1010.60,1006.54,1088.62,34.86,34.58,34.68,34.59,35.38,34.89,34.97,34.47
585120,1094.62,1008.02,1014.96,1020.22,1003.72,1010.60,1006.14,1088.48,34.82,34.52,34.63,34.54,35.34,34.87,34.91,34.43
585240,1094.22,1007.68,1014.94,1019.32,1003.48,1010.44,1006.10,1088.32,34.87,34.58,34.68,34.57,35.37,34.92,34.92,34.44
585360,1094.24,1007.72,1014.98,1019.92,1003.64,1010.44,1005.70,1088.30,34.84,34.58,34.66,34.55,35.32,34.87,34.91,34.42
585480,1094.34,1007.68,1014.80,1019.52,1003.66,1010.40,1005.66,1088.28,34.84,34.57,34.66,34.56,35.33,34.87,34.89,34.42
585600,1094.10,1007.16,1014.32,1019.30,1003.70,1010.36,1005.48,1088.26,34.84,34.56,34.66,34.55,35.31,34.85,34.89,34.40
585720,1093.76,1007.04,1013.96,1019.40,1003.50,1009.98,1005.10,1087.98,34.76,34.48,34.56,34.48,35.25,34.76,34.83,34.35
585840,1093.66,1006.90,1014.02,1016.46,1003.38,1009.84,1005.12,1087.86,34.73,34.45,34.55,34.46,35.24,34.75,34.80,34.32
585960,1093.10,1006.62,1013.76,1015.56,1003.24,1009.62,1004.78,1087.68,34.67,34.41,34.51,34.40,35.18,34.69,34.76,34.26
586080,1092.90,1006.44,1013.48,1015.32,1003.40,1009.38,1004.60,1087.48,34.60,34.34,34.43,34.34,35.13,34.62,34.70,34.22
586200,1093.12,1006.60,1013.66,1015.30,1003.76,1009.84,1004.78,1087.90,34.78,34.48,34.56,34.46,35.25,34.85,34.78,34.30
586320,1093.66,1007.16,1012.28,1015.44,1003.70,1010.30,1004.92,1088.68,35.00,34.66,34.73,34.59,35.34,35.01,34.91,34.45
586440,1093.72,1007.44,1011.40,1015.86,1003.72,1010.38,1004.68,1088.60,35.04,34.80,34.77,34.65,35.33,35.03,34.99,34.50
586560,1093.46,1007.02,1011.26,1015.66,1003.50,1010.26,1004.62,1088.62,34.94,34.74,34.68,34.60,35.27,34.92,34.94,34.46
586680,1093.40,1006.80,1011.32,1015.62,1003.54,1010.22,1004.68,1088.74,34.97,34.72,34.71,34.62,35.32,34.99,34.94,34.47
586800,1093.62,1007.02,1010.96,1015.60,1003.74,1010.42,1004.74,1089.00,35.12,34.82,34.86,34.72,35.40,35.15,35.02,34.57
586920,1094.38,1007.68,1011.70,1016.14,1003.88,1010.64,1005.00,1090.06,35.29,34.96,34.99,34.85,35.50,35.26,35.13,34.71
587040,1094.92,1008.22,1012.44,1016.24,1003.84,1011.44,1005.16,1090.52,35.42,35.13,35.10,34.96,35.56,35.38,35.22,34.81
587160,1094.96,1008.20,1012.52,1016.38,1003.62,1011.46,1005.16,1090.64,35.39,35.17,35.06,34.95,35.52,35.35,35.26,34.82
587280,1094.48,1008.04,1012.64,1016.40,1003.56,1010.90,1005.10,1089.96,35.23,35.05,34.95,34.86,35.43,35.21,35.19,34.74
587400,1094.36,1007.60,1013.02,1016.30,1003.76,1011.08,1005.02,1089.96,35.25,35.00,34.96,34.85,35.48,35.25,35.16,34.73
587520,1094.62,1007.88,1013.32,1016.20,1003.80,1011.12,1005.04,1090.34,35.31,35.03,35.02,34.90,35.52,35.32,35.19,34.78
587640,1094.90,1008.32,1014.02,1016.46,1003.88,1011.58,1005.46,1090.86,35.43,35.11,35.11,34.99,35.58,35.41,35.25,34.87
587760,1095.66,1008.82,1014.68,1017.00,1003.84,1012.30,1005.60,1091.74,35.61,35.27,35.26,35.12,35.69,35.55,35.38,35.02
587880,1095.84,1009.60,1014.92,1017.48,1003.76,1012.58,1005.68,1091.72,35.65,35.39,35.31,35.18,35.70,35.58,35.43,35.07
588000,1095.88,1009.00,1014.20,1017.32,1003.26,1012.18,1005.64,1091.36,35.52,35.31,35.21,35.11,35.60,35.46,35.37,35.00
588120,1095.66,1008.48,1013.92,1017.16,1003.40,1012.02,1005.66,1091.04,35.37,35.15,35.09,34.98,35.55,35.34,35.27,34.91
588240,1095.64,1008.54,1014.08,1017.02,1003.44,1011.98,1005.74,1091.00,35.40,35.12,35.12,34.99,35.59,35.38,35.27,34.90
588360,1095.64,1008.58,1014.04,1017.08,1003.50,1011.88,1005.82,1091.20,35.44,35.15,35.15,35.02,35.63,35.42,35.30,34.93
588480,1095.98,1009.16,1015.12,1017.14,1003.56,1012.50,1005.84,1091.80,35.59,35.26,35.28,35.12,35.72,35.56,35.39,35.03
588600,1096.36,1009.66,1015.22,1017.56,1003.64,1012.98,1006.08,1092.06,35.68,35.38,35.36,35.21,35.76,35.64,35.47,35.11
588720,1096.32,1009.76,1014.70,1017.72,1003.42,1012.84,1006.08,1091.84,35.61,35.37,35.30,35.17,35.70,35.53,35.44,35.08
588840,1095.78,1009.36,1013.82,1017.52,1003.24,1012.28,1005.86,1091.26,35.43,35.20,35.14,35.04,35.60,35.39,35.34,34.98
588960,1095.90,1009.02,1014.02,1017.44,1003.42,1012.18,1005.78,1091.32,35.44,35.15,35.14,35.01,35.63,35.42,35.31,34.95
589080,1096.08,1009.18,1014.14,1017.42,1003.52,1012.42,1006.10,1091.46,35.48,35.18,35.18,35.04,35.65,35.47,35.33,34.97
589200,1096.44,1009.56,1014.84,1017.48,1003.42,1012.60,1006.34,1091.88,35.61,35.25,35.28,35.14,35.70,35.56,35.41,35.04
589320,1097.10,1010.18,1015.22,1017.90,1003.60,1013.12,1006.70,1092.44,35.77,35.42,35.44,35.27,35.80,35.71,35.53,35.18
589440,1097.22,1010.56,1015.00,1018.08,1003.64,1013.46,1006.72,1092.78,35.81,35.53,35.45,35.33,35.81,35.73,35.57,35.22
589560,1096.88,1010.52,1014.62,1018.14,1003.36,1013.34,1006.68,1092.24,35.68,35.46,35.34,35.22,35.73,35.60,35.50,35.14
589680,1096.66,1009.80,1013.86,1017.90,1003.34,1012.92,1006.44,1091.58,35.51,35.27,35.19,35.09,35.65,35.45,35.39,35.04
589800,1096.58,1009.86,1014.42,1017.98,1003.66,1012.98,1006.54,1091.82,35.59,35.31,35.28,35.16,35.74,35.60,35.42,35.08
589920,1097.24,1010.60,1014.74,1018.18,1003.68,1013.30,1006.92,1092.50,35.72,35.42,35.39,35.26,35.81,35.72,35.51,35.17
590040,1097.20,1010.60,1014.54,1018.20,1003.52,1013.44,1006.84,1092.38,35.68,35.45,35.37,35.24,35.77,35.67,35.52,35.17
590160,1096.94,1010.16,1013.76,1018.04,1003.32,1013.12,1006.54,1091.66,35.53,35.32,35.24,35.13,35.66,35.50,35.43,35.05
590280,1096.68,1009.84,1013.78,1017.74,1003.26,1013.04,1006.48,1091.36,35.45,35.20,35.19,35.06,35.65,35.46,35.36,35.00
590400,1096.66,1009.76,1013.96,1017.68,1003.36,1013.06,1006.38,1091.58,35.51,35.21,35.22,35.09,35.70,35.52,35.38,35.01
590520,1097.06,1010.04,1014.30,1017.84,1003.48,1013.26,1006.72,1092.00,35.61,35.27,35.29,35.14,35.76,35.59,35.43,35.06
590640,1097.50,1011.06,1014.86,1018.40,1003.68,1013.78,1006.96,1092.74,35.76,35.43,35.42,35.27,35.85,35.73,35.54,35.19
590760,1097.52,1011.12,1014.68,1018.72,1003.54,1014.16,1007.00,1092.78,35.80,35.56,35.47,35.33,35.86,35.75,35.61,35.23
590880,1097.30,1011.14,1014.24,1018.80,1003.24,1013.84,1006.74,1092.34,35.66,35.51,35.38,35.27,35.78,35.64,35.56,35.17
591000,1097.08,1010.66,1013.60,1018.54,1003.18,1013.64,1006.74,1091.76,35.54,35.35,35.24,35.16,35.70,35.50,35.48,35.06
591120,1097.30,1010.54,1013.88,1018.54,1003.26,1013.60,1006.88,1091.94,35.59,35.34,35.31,35.19,35.77,35.59,35.49,35.08
591240,1097.54,1011.08,1014.12,1018.62,1003.38,1013.74,1007.10,1092.18,35.66,35.40,35.36,35.25,35.83,35.66,35.53,35.13
591360,1097.88,1011.40,1014.64,1019.02,1003.44,1014.12,1007.46,1092.88,35.80,35.50,35.48,35.34,35.91,35.76,35.61,35.22
591480,1098.12,1011.78,1014.76,1019.42,1003.46,1014.46,1007.62,1093.28,35.89,35.61,35.55,35.42,35.95,35.84,35.69,35.30
591600,1098.06,1011.70,1014.52,1019.44,1003.24,1014.64,1007.52,1093.04,35.80,35.61,35.51,35.39,35.88,35.75,35.68,35.27
591720,1097.68,1011.30,1013.20,1019.10,1003.10,1014.14,1007.28,1092.30,35.61,35.45,35.34,35.24,35.79,35.57,35.56,35.15
591840,1097.68,1011.02,1013.64,1019.22,1002.96,1014.06,1007.32,1092.32,35.64,35.38,35.34,35.22,35.85,35.62,35.53,35.15
591960,1097.98,1011.50,1014.18,1019.20,1003.38,1014.42,1007.66,1092.60,35.75,35.46,35.45,35.32,35.91,35.74,35.60,35.21
592080,1098.06,1011.68,1014.04,1019.32,1003.02,1014.56,1007.66,1092.68,35.75,35.52,35.46,35.33,35.89,35.73,35.63,35.22
592200,1097.86,1011.38,1013.06,1019.24,1002.88,1014.38,1007.28,1092.10,35.61,35.42,35.31,35.21,35.77,35.59,35.55,35.14
592320,1097.60,1010.70,1013.04,1018.88,1002.92,1014.04,1007.12,1091.54,35.49,35.27,35.22,35.12,35.73,35.47,35.46,35.05
592440,1097.88,1010.86,1013.32,1018.84,1003.10,1014.10,1007.32,1091.80,35.59,35.32,35.31,35.18,35.83,35.61,35.50,35.09
592560,1097.98,1011.18,1013.64,1019.20,1003.16,1014.16,1007.44,1092.04,35.67,35.40,35.38,35.24,35.86,35.66,35.56,35.13
592680,1098.22,1011.66,1014.16,1019.52,1003.14,1014.60,1007.72,1092.90,35.79,35.51,35.48,35.35,35.95,35.77,35.66,35.23
592800,1098.62,1012.50,1014.78,1019.94,1003.26,1014.98,1008.16,1093.64,35.98,35.68,35.64,35.49,36.05,35.91,35.77,35.37
592920,1098.84,1012.94,1014.64,1020.14,1003.24,1015.30,1008.16,1093.76,36.00,35.81,35.66,35.54,36.04,35.93,35.83,35.41
593040,1098.32,1012.54,1013.80,1020.20,1002.80,1015.14,1008.02,1093.22,35.87,35.74,35.55,35.46,35.96,35.80,35.79,35.34
593160,1098.08,1012.00,1013.18,1019.86,1002.80,1014.72,1007.72,1092.60,35.70,35.54,35.41,35.33,35.89,35.65,35.68,35.22
593280,1098.08,1011.90,1013.20,1019.76,1002.86,1014.68,1007.86,1092.42,35.68,35.46,35.41,35.30,35.91,35.67,35.62,35.18
593400,1098.04,1011.90,1013.08,1019.72,1002.98,1014.56,1007.78,1092.40,35.66,35.43,35.40,35.29,35.90,35.65,35.60,35.16
593520,1098.34,1012.12,1013.80,1019.82,1003.28,1014.82,1008.04,1092.76,35.78,35.49,35.50,35.38,35.98,35.76,35.67,35.23
593640,1098.56,1012.62,1013.92,1020.30,1003.14,1015.18,1008.24,1093.54,35.90,35.62,35.59,35.47,36.05,35.87,35.76,35.34
593760,1098.66,1012.62,1013.88,1020.38,1002.90,1015.04,1008.28,1093.28,35.86,35.67,35.56,35.46,36.00,35.84,35.77,35.32
593880,1098.32,1012.34,1013.02,1020.10,1002.76,1014.82,1008.02,1092.48,35.69,35.53,35.41,35.34,35.87,35.66,35.70,35.22
594000,1098.12,1011.78,1012.92,1019.88,1002.82,1014.46,1008.06,1092.42,35.61,35.40,35.36,35.26,35.90,35.61,35.62,35.15
594120,1098.40,1012.02,1013.40,1019.80,1003.02,1014.56,1008.16,1092.50,35.70,35.44,35.43,35.31,35.96,35.71,35.64,35.19
594240,1098.60,1012.06,1013.74,1020.08,1003.04,1014.96,1008.18,1092.72,35.80,35.51,35.50,35.39,36.01,35.80,35.70,35.24
594360,1098.70,1012.92,1014.24,1020.56,1003.16,1015.32,1008.50,1093.70,35.95,35.66,35.64,35.52,36.11,35.93,35.80,35.36
594480,1099.16,1013.36,1014.20,1020.90,1003.10,1015.68,1008.66,1093.96,36.01,35.79,35.67,35.57,36.10,35.96,35.85,35.42
594600,1099.08,1013.22,1013.56,1021.00,1002.78,1015.60,1008.72,1093.34,35.90,35.74,35.57,35.50,36.03,35.83,35.82,35.37
594720,1098.56,1012.42,1012.78,1020.70,1002.78,1015.10,1008.44,1092.82,35.70,35.51,35.41,35.33,35.92,35.65,35.70,35.23
594840,1098.50,1012.24,1012.82,1020.50,1002.78,1015.08,1008.40,1092.68,35.69,35.45,35.41,35.31,35.96,35.68,35.65,35.20
594960,1098.50,1012.24,1012.86,1020.50,1003.16,1015.06,1008.50,1092.50,35.72,35.45,35.44,35.33,35.98,35.72,35.65,35.21
595080,1098.56,1012.56,1013.66,1020.50,1003.34,1015.26,1008.54,1092.98,35.83,35.53,35.54,35.42,36.06,35.83,35.72,35.27
595200,1098.84,1013.02,1013.88,1020.78,1002.98,1015.56,1008.70,1093.32,35.94,35.67,35.63,35.50,36.11,35.91,35.80,35.36
595320,1098.70,1013.02,1013.72,1020.98,1002.70,1015.60,1008.66,1093.30,35.91,35.70,35.60,35.49,36.04,35.85,35.81,35.35
595440,1098.42,1012.42,1012.58,1020.78,1002.70,1015.52,1008.44,1092.44,35.72,35.53,35.43,35.36,35.94,35.67,35.75,35.23
595560,1098.34,1012.02,1012.60,1020.78,1002.62,1014.94,1008.36,1092.48,35.65,35.43,35.38,35.29,35.94,35.66,35.68,35.17
595680,1098.36,1012.22,1012.90,1020.52,1002.78,1015.12,1008.60,1092.48,35.71,35.45,35.45,35.33,36.00,35.73,35.69,35.19
595800,1098.56,1012.42,1013.28,1020.44,1002.90,1015.26,1008.82,1092.76,35.78,35.53,35.50,35.39,36.03,35.77,35.72,35.22
595920,1099.16,1012.98,1014.22,1020.82,1003.02,1015.94,1008.92,1093.66,35.95,35.67,35.66,35.53,36.14,35.95,35.83,35.36
596040,1099.30,1013.82,1014.32,1021.38,1003.12,1016.18,1009.30,1093.96,36.06,35.84,35.74,35.62,36.20,36.03,35.92,35.46
596160,1099.28,1013.58,1013.70,1021.38,1002.84,1015.98,1009.32,1093.96,36.00,35.86,35.69,35.60,36.13,35.94,35.92,35.43
596280,1098.76,1012.88,1012.84,1021.34,1002.62,1015.66,1008.86,1093.06,35.78,35.67,35.51,35.44,35.99,35.75,35.80,35.31
596400,1098.74,1012.48,1012.96,1021.04,1002.80,1015.56,1008.72,1093.04,35.75,35.54,35.49,35.39,36.01,35.77,35.73,35.27
596520,1099.02,1012.78,1013.54,1021.02,1003.10,1015.72,1009.02,1093.54,35.89,35.62,35.62,35.50,36.13,35.93,35.80,35.35
596640,1099.44,1013.34,1013.62,1021.64,1003.22,1016.06,1009.00,1093.72,35.96,35.74,35.66,35.56,36.14,35.98,35.86,35.41
596760,1098.98,1013.40,1013.28,1021.42,1002.60,1015.90,1009.04,1093.36,35.88,35.73,35.59,35.51,36.06,35.86,35.85,35.36
596880,1098.56,1012.44,1012.48,1021.00,1002.48,1015.32,1008.54,1092.62,35.69,35.54,35.42,35.35,35.95,35.67,35.74,35.24
597000,1098.38,1012.42,1012.54,1020.90,1002.68,1015.22,1008.64,1092.60,35.67,35.46,35.42,35.33,36.00,35.70,35.69,35.21
597120,1098.88,1012.52,1012.84,1021.04,1002.78,1015.18,1008.94,1092.54,35.74,35.50,35.49,35.37,36.04,35.78,35.72,35.23
597240,1098.74,1012.86,1013.32,1021.04,1002.76,1015.46,1009.02,1093.12,35.85,35.58,35.58,35.45,36.11,35.86,35.78,35.30
597360,1099.24,1013.38,1013.84,1021.40,1002.80,1015.84,1009.32,1093.60,35.98,35.70,35.68,35.55,36.17,35.96,35.86,35.40
597480,1099.30,1013.40,1013.60,1021.66,1002.74,1015.88,1009.18,1093.64,35.95,35.76,35.66,35.55,36.12,35.92,35.88,35.40
597600,1099.10,1013.00,1012.36,1021.30,1002.62,1015.50,1008.98,1093.02,35.78,35.63,35.51,35.42,36.01,35.75,35.80,35.30
597720,1098.84,1012.40,1012.48,1020.96,1002.70,1015.34,1008.80,1092.76,35.69,35.49,35.44,35.33,36.00,35.70,35.70,35.22
597840,1098.74,1012.58,1012.92,1020.92,1002.74,1015.44,1008.76,1093.04,35.79,35.51,35.52,35.38,36.08,35.83,35.72,35.27
597960,1098.72,1013.04,1012.94,1021.24,1002.66,1015.52,1008.94,1093.10,35.82,35.59,35.55,35.43,36.08,35.84,35.76,35.29
598080,1097.98,1012.70,1012.76,1021.12,1002.88,1015.26,1008.38,1090.86,35.61,35.49,35.47,35.32,35.84,35.62,35.61,35.07
598200,1097.64,1011.76,1012.00,1020.84,1002.40,1014.62,1008.14,1090.60,35.37,35.31,35.33,35.15,35.72,35.40,35.47,34.83
598320,1097.40,1011.76,1012.38,1020.64,1002.48,1014.72,1008.18,1090.60,35.44,35.30,35.36,35.18,35.81,35.51,35.48,34.86
598440,1096.74,1011.74,1012.26,1020.74,1002.54,1014.62,1007.36,1089.06,35.22,35.23,35.34,35.12,35.67,35.37,35.31,34.61
598560,1096.62,1011.80,1012.16,1020.84,1002.44,1014.60,1007.46,1089.06,35.20,35.33,35.24,35.07,35.63,35.29,35.37,34.60
598680,1096.52,1011.56,1011.86,1020.66,1002.36,1014.08,1007.28,1088.98,35.16,35.25,35.10,34.96,35.61,35.19,35.36,34.59
598800,1096.52,1010.84,1011.76,1020.22,1002.38,1014.04,1007.44,1089.46,35.25,35.19,35.13,34.99,35.72,35.32,35.36,34.67
598920,1096.64,1011.38,1012.12,1020.14,1002.22,1014.12,1007.50,1090.18,35.37,35.25,35.22,35.06,35.80,35.41,35.43,34.79
599040,1097.08,1011.78,1012.56,1020.20,1002.34,1014.28,1007.90,1090.94,35.50,35.37,35.31,35.16,35.88,35.52,35.51,34.92
599160,1097.70,1012.42,1013.26,1020.56,1002.16,1014.62,1008.00,1091.80,35.68,35.49,35.45,35.30,35.97,35.67,35.62,35.07
599280,1097.98,1012.44,1012.84,1020.74,1002.14,1014.74,1008.34,1092.24,35.71,35.57,35.46,35.32,35.95,35.70,35.67,35.13
599400,1097.66,1012.14,1012.26,1020.58,1002.04,1014.44,1007.88,1091.66,35.60,35.48,35.32,35.21,35.84,35.54,35.59,35.06
599520,1097.54,1011.46,1011.84,1020.20,1002.24,1014.26,1007.76,1091.42,35.49,35.30,35.22,35.12,35.81,35.45,35.51,35.00
599640,1097.56,1011.46,1012.22,1020.16,1002.00,1014.18,1007.62,1091.54,35.53,35.30,35.28,35.15,35.87,35.55,35.51,35.03
599760,1097.80,1011.72,1012.36,1020.04,1002.06,1014.10,1008.00,1091.80,35.57,35.34,35.32,35.19,35.89,35.58,35.53,35.06
599880,1097.82,1011.96,1012.94,1020.22,1002.28,1014.60,1008.22,1092.44,35.70,35.43,35.42,35.28,35.97,35.69,35.61,35.16
600000,1097.76,1012.28,1012.94,1020.40,1002.42,1014.52,1008.42,1092.62,35.74,35.52,35.45,35.31,35.97,35.72,35.66,35.19
600120,1097.90,1012.08,1012.24,1020.40,1002.38,1014.40,1007.90,1092.26,35.61,35.47,35.36,35.25,35.87,35.61,35.61,35.14
600240,1097.52,1011.36,1011.80,1020.22,1002.24,1014.06,1007.64,1091.72,35.48,35.30,35.22,35.12,35.80,35.47,35.50,35.04
600360,1097.52,1011.38,1012.00,1020.08,1002.08,1013.76,1007.54,1091.54,35.51,35.27,35.25,35.12,35.84,35.54,35.49,35.03
600480,1097.80,1011.50,1012.12,1019.90,1002.04,1014.12,1007.78,1091.70,35.54,35.30,35.30,35.15,35.88,35.58,35.51,35.06
600600,1097.98,1012.04,1013.08,1020.18,1002.08,1014.30,1008.20,1092.26,35.70,35.45,35.44,35.27,36.00,35.72,35.62,35.16
600720,1098.38,1012.70,1013.10,1020.54,1002.00,1014.82,1008.32,1092.78,35.82,35.62,35.52,35.38,36.03,35.82,35.72,35.25
600840,1098.44,1012.54,1012.70,1020.76,1002.02,1014.82,1008.14,1092.82,35.76,35.68,35.48,35.36,35.97,35.74,35.75,35.24
600960,1098.04,1011.90,1012.00,1020.48,1002.04,1014.40,1007.84,1092.04,35.62,35.53,35.33,35.24,35.88,35.55,35.68,35.14
601080,1097.96,1011.98,1012.22,1020.44,1001.80,1014.32,1007.86,1092.08,35.60,35.46,35.34,35.23,35.92,35.61,35.64,35.12
601200,1097.94,1012.00,1012.34,1020.62,1001.76,1014.34,1007.80,1092.32,35.67,35.50,35.41,35.28,35.98,35.67,35.66,35.15
601320,1098.38,1012.30,1012.60,1020.70,1001.84,1014.72,1008.16,1092.82,35.75,35.58,35.48,35.35,36.03,35.74,35.71,35.21
601440,1098.68,1012.98,1012.88,1020.88,1001.72,1015.18,1008.66,1093.34,35.87,35.68,35.58,35.45,36.11,35.84,35.80,35.30
601560,1098.88,1012.90,1012.76,1021.12,1001.64,1015.08,1008.50,1093.22,35.87,35.77,35.56,35.46,36.06,35.81,35.83,35.31
601680,1098.52,1012.60,1011.92,1021.18,1001.74,1014.88,1008.22,1092.74,35.72,35.67,35.43,35.33,35.96,35.64,35.77,35.23
601800,1098.26,1012.14,1012.00,1020.58,1001.62,1014.52,1008.12,1092.08,35.61,35.49,35.34,35.24,35.94,35.58,35.68,35.14
601920,1098.40,1012.22,1012.00,1020.62,1001.54,1014.56,1008.26,1092.14,35.69,35.50,35.42,35.29,36.02,35.70,35.69,35.17
602040,1098.50,1012.16,1012.46,1020.80,1001.74,1014.98,1008.44,1092.72,35.78,35.58,35.50,35.37,36.08,35.77,35.75,35.23
602160,1098.86,1012.94,1012.68,1021.08,1001.66,1015.22,1008.60,1093.08,35.91,35.73,35.62,35.48,36.15,35.90,35.83,35.33
602280,1098.90,1013.26,1012.76,1021.48,1001.64,1015.24,1008.58,1093.32,35.94,35.84,35.63,35.51,36.13,35.90,35.87,35.36
602400,1098.72,1012.96,1012.10,1021.44,1001.56,1014.88,1008.60,1093.06,35.83,35.79,35.51,35.42,36.03,35.73,35.83,35.30
602520,1098.40,1012.44,1012.08,1021.14,1001.60,1014.62,1008.28,1092.56,35.67,35.58,35.38,35.29,35.95,35.62,35.72,35.20
602640,1098.42,1012.34,1012.08,1021.12,1001.68,1014.52,1008.46,1092.54,35.72,35.55,35.44,35.33,36.03,35.75,35.71,35.22
602760,1098.48,1012.64,1012.02,1021.06,1001.68,1014.76,1008.50,1092.72,35.78,35.60,35.50,35.38,36.06,35.79,35.76,35.25
602880,1098.58,1012.92,1012.34,1021.36,1001.58,1015.12,1008.62,1093.20,35.88,35.69,35.59,35.47,36.12,35.87,35.82,35.32
603000,1098.86,1013.22,1012.34,1021.70,1001.56,1015.18,1008.80,1093.38,35.93,35.80,35.62,35.52,36.14,35.90,35.88,35.36
603120,1098.84,1013.06,1012.60,1021.80,1001.60,1015.16,1008.58,1093.14,35.83,35.77,35.53,35.45,36.06,35.78,35.86,35.31
603240,1098.42,1012.58,1012.64,1021.44,1001.60,1014.84,1008.54,1092.46,35.66,35.59,35.37,35.31,35.96,35.61,35.78,35.19
603360,1098.54,1012.44,1012.72,1021.28,1001.60,1014.60,1008.40,1092.24,35.69,35.51,35.42,35.32,36.02,35.70,35.73,35.19
603480,1098.48,1012.68,1012.80,1021.50,1001.66,1014.86,1008.52,1092.46,35.77,35.57,35.49,35.39,36.07,35.78,35.77,35.24
603600,1098.90,1012.94,1012.80,1021.56,1001.60,1015.20,1008.76,1093.22,35.84,35.66,35.54,35.45,36.12,35.85,35.82,35.30
603720,1099.28,1013.38,1013.22,1021.94,1001.68,1015.34,1008.90,1093.58,35.98,35.80,35.67,35.56,36.21,35.96,35.90,35.39
603840,1099.38,1013.94,1013.24,1022.12,1001.64,1015.38,1009.06,1093.68,36.02,35.92,35.70,35.60,36.22,35.98,35.95,35.44
603960,1099.28,1013.60,1013.64,1022.14,1001.62,1015.28,1008.78,1093.30,35.89,35.85,35.58,35.50,36.11,35.86,35.94,35.38
604080,1098.64,1012.76,1013.64,1021.94,1001.58,1014.74,1008.60,1092.60,35.71,35.63,35.43,35.36,36.01,35.67,35.82,35.24
