time since start in seconds,Sensor on channel 0 Pressure (mbar),Sensor on channel 1 Pressure (mbar),Sensor on channel 2 Pressure (mbar),Sensor on channel 3 Pressure (mbar),Sensor on channel 4 Pressure (mbar),Sensor on channel 5 Pressure (mbar),Sensor on channel 6 Pressure (mbar),Sensor on channel 7 Pressure (mbar),Sensor on channel 0 Temperature (C),Sensor on channel 1 Temperature (C),Sensor on channel 2 Temperature (C),Sensor on channel 3 Temperature (C),Sensor on channel 4 Temperature (C),Sensor on channel 5 Temperature (C),Sensor on channel 6 Temperature (C),Sensor on channel 7 Temperature (C)
0,1057.73,1060.47,1042.20,1071.75,1054.83,1052.43,1049.53,1041.85,31.68,32.08,31.70,31.27,32.85,33.32,32.08,32.56
120,1063.70,1063.96,1047.72,1079.68,1057.58,1057.54,1053.58,1048.38,32.88,32.36,32.62,33.07,34.35,34.72,33.90,34.13
240,1068.62,1067.18,1052.64,1085.64,1058.70,1061.90,1055.44,1053.26,33.74,32.65,33.35,34.17,35.24,35.49,35.03,35.01
360,1072.86,1069.68,1056.48,1090.18,1062.48,1065.70,1057.42,1056.74,34.23,32.97,33.83,34.68,35.58,35.81,35.50,35.36
480,1074.98,1072.14,1059.32,1092.52,1064.40,1068.14,1059.14,1058.88,34.55,33.24,34.15,34.92,35.71,35.88,35.75,35.48
600,1078.28,1074.42,1061.78,1095.24,1066.94,1070.82,1061.88,1061.60,34.80,33.50,34.40,35.19,35.96,36.11,35.98,35.74
720,1079.52,1076.18,1063.90,1096.98,1070.70,1072.48,1063.86,1062.88,35.00,33.78,34.67,35.34,36.02,36.13,36.12,35.76
840,1080.96,1077.88,1065.20,1098.46,1073.36,1073.74,1065.26,1063.58,35.07,33.93,34.78,35.37,36.02,36.12,36.11,35.75
960,1081.30,1078.80,1065.86,1098.86,1074.66,1074.86,1066.60,1063.96,34.98,33.92,34.76,35.25,35.89,36.02,36.02,35.65
1080,1082.92,1080.38,1067.04,1100.16,1076.42,1076.98,1068.42,1065.40,35.12,34.08,34.90,35.41,36.01,36.18,36.15,35.77
1200,1083.70,1081.46,1068.04,1101.02,1077.56,1078.08,1068.94,1065.82,35.17,34.21,34.97,35.38,35.90,36.04,36.06,35.67
1320,1084.78,1082.70,1069.28,1102.10,1079.10,1079.62,1070.20,1066.36,35.27,34.35,35.09,35.51,36.02,36.10,36.15,35.73
1440,1085.54,1083.42,1070.32,1102.72,1080.44,1080.88,1071.02,1066.70,35.24,34.38,35.09,35.42,35.84,35.97,36.00,35.61
1560,1086.16,1084.46,1071.14,1103.68,1080.82,1082.14,1070.76,1067.12,35.33,34.50,35.19,35.48,35.93,36.03,36.06,35.66
1680,1086.90,1085.06,1072.00,1104.36,1081.20,1083.02,1074.42,1067.86,35.31,34.54,35.18,35.45,35.84,35.95,35.98,35.59
1800,1087.34,1085.58,1072.76,1105.14,1083.30,1084.50,1078.64,1068.14,35.41,34.65,35.29,35.52,35.92,36.06,36.09,35.69
1920,1088.32,1086.46,1073.80,1105.86,1084.50,1085.56,1080.36,1068.78,35.45,34.72,35.33,35.57,35.95,36.06,36.07,35.71
2040,1088.36,1086.72,1074.18,1106.20,1085.36,1085.96,1080.94,1068.60,35.43,34.75,35.34,35.52,35.82,35.94,36.00,35.60
2160,1090.50,1087.82,1075.66,1107.62,1087.14,1088.00,1082.58,1069.56,35.57,34.88,35.48,35.72,36.10,36.19,36.18,35.83
2280,1090.46,1088.20,1076.10,1108.08,1086.54,1088.38,1083.26,1069.70,35.67,35.01,35.62,35.79,36.08,36.20,36.26,35.84
2400,1090.40,1088.56,1076.64,1108.60,1088.30,1089.14,1084.04,1069.96,35.68,35.04,35.62,35.74,36.04,36.11,36.17,35.78
2520,1090.84,1088.66,1077.10,1109.22,1089.46,1090.02,1084.72,1070.04,35.65,35.06,35.62,35.71,35.96,36.07,36.11,35.76
2640,1090.78,1088.52,1077.58,1109.32,1089.78,1090.06,1085.22,1069.60,35.63,35.06,35.61,35.65,35.91,35.97,36.05,35.69
2760,1092.14,1088.84,1078.48,1110.58,1092.06,1091.32,1086.70,1070.42,35.75,35.15,35.70,35.80,36.08,36.18,36.19,35.85
2880,1091.96,1089.30,1079.04,1111.16,1091.86,1091.56,1086.72,1070.18,35.84,35.27,35.81,35.85,36.09,36.17,36.22,35.82
3000,1092.24,1089.50,1079.50,1111.34,1092.12,1091.90,1087.36,1070.14,35.82,35.30,35.81,35.81,35.98,36.07,36.17,35.81
3120,1092.54,1089.40,1079.64,1111.38,1092.82,1092.24,1087.76,1069.94,35.73,35.27,35.74,35.70,35.85,35.96,36.03,35.67
3240,1092.26,1089.10,1080.00,1111.54,1094.12,1092.40,1088.12,1069.54,35.73,35.27,35.76,35.71,35.87,35.94,36.04,35.68
3360,1093.78,1089.34,1080.76,1112.58,1096.26,1093.44,1089.06,1070.06,35.82,35.34,35.83,35.86,36.03,36.12,36.18,35.87
3480,1093.70,1089.52,1081.18,1113.08,1097.08,1093.52,1089.14,1069.90,35.93,35.46,35.94,35.89,36.07,36.13,36.29,35.89
3600,1093.90,1089.32,1081.62,1113.32,1097.54,1093.68,1089.78,1069.80,35.90,35.45,35.92,35.86,35.98,36.07,36.19,35.80
3720,1095.58,1089.44,1081.78,1113.64,1097.84,1093.94,1089.94,1069.48,35.85,35.43,35.89,35.82,35.90,36.01,36.11,35.75
3840,1095.60,1089.14,1081.90,1113.64,1098.08,1093.78,1090.04,1068.80,35.82,35.44,35.89,35.79,35.86,35.97,36.05,35.69
3960,1096.64,1089.04,1082.24,1114.24,1098.48,1094.08,1090.64,1068.78,35.82,35.45,35.88,35.78,35.86,35.98,36.07,35.70
4080,1096.46,1088.98,1082.26,1114.16,1098.56,1094.02,1090.62,1068.10,35.79,35.43,35.86,35.73,35.78,35.90,36.04,35.63
4200,1097.18,1088.92,1082.70,1114.74,1099.38,1094.48,1091.20,1068.12,35.84,35.47,35.90,35.80,35.87,35.97,36.09,35.71
4320,1097.28,1088.54,1082.84,1114.60,1099.00,1094.18,1090.92,1067.56,35.77,35.45,35.86,35.70,35.70,35.83,35.98,35.58
4440,1097.76,1088.62,1083.22,1115.00,1099.58,1094.44,1091.36,1067.70,35.85,35.49,35.91,35.79,35.82,35.93,36.07,35.70
4560,1098.46,1088.56,1083.38,1115.16,1099.60,1094.34,1091.30,1067.16,35.79,35.50,35.87,35.70,35.75,35.80,35.96,35.62
4680,1099.88,1088.82,1084.28,1116.36,1100.42,1095.18,1092.38,1067.58,36.07,35.67,36.11,36.03,36.14,36.22,36.37,35.97
4800,1100.06,1088.78,1084.26,1116.50,1100.58,1095.08,1092.26,1067.04,35.98,35.66,36.06,35.91,35.94,36.03,36.20,35.81
4920,1099.86,1088.38,1084.20,1116.46,1100.20,1094.46,1092.32,1066.20,35.91,35.63,36.02,35.82,35.77,35.89,36.08,35.67
5040,1100.30,1088.48,1084.44,1116.60,1100.40,1094.78,1092.48,1066.26,35.92,35.63,36.01,35.83,35.85,35.93,36.09,35.70
5160,1100.56,1088.06,1084.46,1116.86,1100.44,1094.62,1092.56,1066.06,35.90,35.63,36.00,35.79,35.76,35.86,36.05,35.66
5280,1100.82,1087.86,1084.70,1117.02,1100.18,1094.54,1092.60,1065.72,35.92,35.66,36.01,35.85,35.78,35.88,36.08,35.72
5400,1101.42,1087.76,1084.64,1117.22,1100.28,1094.52,1092.86,1065.20,35.85,35.63,35.96,35.76,35.68,35.82,35.98,35.61
5520,1100.98,1087.36,1084.70,1117.28,1100.18,1094.60,1092.80,1064.82,35.88,35.64,35.98,35.78,35.74,35.85,36.02,35.64
5640,1101.90,1087.14,1085.06,1117.44,1100.20,1094.44,1092.94,1064.74,35.86,35.63,35.96,35.75,35.70,35.83,35.99,35.65
5760,1101.92,1086.92,1085.00,1117.34,1100.16,1094.32,1092.92,1064.04,35.88,35.66,36.00,35.78,35.72,35.82,36.02,35.63
5880,1102.48,1086.80,1085.42,1117.68,1100.24,1094.46,1093.30,1063.98,35.93,35.70,36.03,35.83,35.79,35.90,36.10,35.70
6000,1102.38,1086.60,1085.40,1117.46,1100.14,1094.40,1093.22,1063.82,35.87,35.68,35.99,35.73,35.69,35.78,36.00,35.57
6120,1103.56,1086.84,1086.00,1118.94,1100.50,1094.80,1093.86,1064.72,36.11,35.84,36.18,36.04,36.04,36.09,36.31,35.93
6240,1103.44,1086.36,1086.10,1118.78,1100.30,1094.34,1093.94,1064.34,36.03,35.81,36.14,35.90,35.86,35.92,36.18,35.78
6360,1103.22,1086.20,1085.92,1118.78,1100.10,1093.96,1093.54,1063.90,35.97,35.80,36.11,35.85,35.77,35.83,36.10,35.70
6480,1103.72,1085.94,1086.20,1118.90,1099.70,1094.00,1093.60,1064.10,35.98,35.80,36.09,35.84,35.76,35.83,36.09,35.72
6600,1103.38,1085.50,1085.86,1118.70,1099.10,1093.46,1093.36,1063.58,35.89,35.76,36.03,35.75,35.62,35.71,36.00,35.58
6720,1103.96,1085.20,1086.00,1119.04,1099.08,1093.64,1093.46,1063.72,35.97,35.80,36.08,35.83,35.75,35.82,36.11,35.69
6840,1104.02,1084.86,1085.92,1119.04,1098.86,1093.18,1093.28,1063.24,35.88,35.75,36.02,35.73,35.61,35.69,35.98,35.56
6960,1104.14,1084.62,1086.06,1119.52,1098.86,1093.18,1093.46,1063.46,35.94,35.79,36.05,35.82,35.72,35.78,36.07,35.65
7080,1104.30,1084.34,1086.12,1119.62,1098.64,1093.04,1093.34,1063.42,35.91,35.78,36.05,35.81,35.70,35.78,36.05,35.64
7200,1104.14,1083.88,1085.96,1119.28,1098.28,1092.42,1092.94,1063.16,35.92,35.79,36.06,35.78,35.65,35.73,36.03,35.62
7320,1105.86,1084.18,1086.26,1120.18,1098.76,1092.98,1093.80,1063.88,36.04,35.87,36.13,35.95,35.88,35.90,36.17,35.83
7440,1105.52,1084.00,1086.46,1120.56,1098.50,1092.82,1093.50,1063.76,36.12,35.95,36.21,35.96,35.90,35.98,36.30,35.89
7560,1105.40,1083.42,1086.58,1120.50,1098.22,1092.40,1093.42,1063.74,36.06,35.93,36.18,35.91,35.84,35.87,36.21,35.80
7680,1105.52,1083.26,1086.38,1120.26,1097.60,1091.80,1093.00,1063.08,35.96,35.87,36.11,35.80,35.67,35.71,36.06,35.64
7800,1105.24,1082.92,1086.32,1120.50,1097.20,1091.40,1092.64,1063.14,35.99,35.89,36.11,35.81,35.72,35.78,36.11,35.65
7920,1105.44,1082.40,1086.28,1120.34,1096.96,1091.28,1092.60,1063.14,35.92,35.86,36.08,35.80,35.68,35.73,36.06,35.66
8040,1105.46,1082.28,1086.30,1120.44,1095.90,1090.54,1092.44,1063.08,35.94,35.86,36.08,35.76,35.66,35.73,36.07,35.65
8160,1106.34,1082.16,1086.60,1121.14,1096.30,1091.10,1092.64,1063.56,36.04,35.94,36.16,35.92,35.83,35.87,36.17,35.82
8280,1106.24,1081.96,1086.54,1121.28,1095.88,1090.66,1092.48,1063.26,36.07,35.97,36.21,35.93,35.80,35.84,36.17,35.77
8400,1106.22,1081.54,1086.70,1121.32,1095.20,1089.82,1091.76,1063.20,36.07,35.96,36.19,35.91,35.78,35.81,36.18,35.76
8520,1106.46,1080.98,1086.34,1121.36,1094.74,1089.44,1091.72,1063.18,36.01,35.95,36.16,35.85,35.70,35.76,36.11,35.71
8640,1105.94,1080.62,1086.18,1121.48,1094.00,1088.48,1090.92,1062.74,35.97,35.91,36.11,35.81,35.64,35.70,36.06,35.63
8760,1106.62,1080.46,1086.28,1121.32,1093.74,1087.92,1090.66,1062.80,35.97,35.91,36.12,35.85,35.69,35.77,36.10,35.68
8880,1106.28,1079.88,1086.16,1121.04,1092.72,1086.94,1089.72,1062.12,35.89,35.86,36.06,35.72,35.55,35.61,35.97,35.56
9000,1106.64,1079.84,1086.18,1121.48,1092.70,1086.68,1089.50,1062.46,35.97,35.91,36.11,35.84,35.70,35.75,36.09,35.70
9120,1106.68,1079.32,1085.96,1121.38,1092.12,1085.94,1089.12,1062.24,35.90,35.89,36.08,35.78,35.61,35.66,36.02,35.63
9240,1108.30,1079.34,1086.62,1122.62,1092.86,1086.24,1089.32,1063.18,36.18,36.08,36.30,36.08,36.04,36.04,36.41,36.00
9360,1108.02,1079.12,1086.62,1122.42,1092.36,1085.46,1088.78,1063.00,36.11,36.04,36.26,35.97,35.84,35.86,36.24,35.83
9480,1107.50,1078.84,1086.36,1122.04,1091.64,1084.64,1087.62,1062.48,36.03,36.01,36.20,35.87,35.69,35.73,36.13,35.70
9600,1107.56,1078.36,1086.36,1122.34,1091.40,1084.30,1087.80,1062.44,36.03,36.00,36.19,35.87,35.73,35.77,36.14,35.73
9720,1107.34,1077.44,1086.02,1122.12,1090.60,1083.80,1087.34,1061.90,35.93,35.94,36.11,35.76,35.54,35.62,35.99,35.58
9840,1107.46,1077.46,1085.94,1122.18,1090.66,1083.76,1087.20,1062.00,35.99,35.97,36.15,35.83,35.68,35.73,36.10,35.68
9960,1107.94,1077.06,1085.86,1122.02,1090.32,1083.52,1086.96,1061.94,35.94,35.94,36.10,35.77,35.60,35.66,36.04,35.64
10080,1108.98,1077.52,1086.42,1123.16,1090.58,1083.78,1087.22,1062.60,36.18,36.09,36.29,36.05,35.97,35.98,36.33,35.96
10200,1109.06,1076.88,1086.32,1123.18,1090.58,1083.64,1086.94,1062.46,36.12,36.07,36.26,35.97,35.84,35.84,36.25,35.83
10320,1108.38,1076.24,1086.12,1122.82,1089.78,1083.18,1086.52,1062.00,36.01,36.00,36.18,35.82,35.64,35.64,36.09,35.66
10440,1108.48,1076.04,1086.12,1122.96,1090.24,1083.32,1086.52,1062.22,36.03,36.01,36.19,35.87,35.72,35.76,36.16,35.75
10560,1108.52,1075.42,1085.70,1122.92,1089.66,1082.92,1086.34,1061.62,35.95,35.97,36.12,35.77,35.56,35.60,36.01,35.60
10680,1108.68,1075.28,1085.64,1123.02,1089.46,1083.08,1086.16,1061.40,35.99,36.00,36.16,35.84,35.65,35.67,36.07,35.65
10800,1108.78,1074.78,1085.62,1122.92,1089.38,1083.46,1086.12,1061.58,35.95,35.96,36.11,35.78,35.54,35.59,35.98,35.62
10920,1108.44,1074.42,1085.36,1122.96,1088.70,1083.52,1086.24,1061.26,35.97,35.97,36.13,35.80,35.58,35.59,35.99,35.63
11040,1109.60,1074.56,1085.44,1123.46,1088.96,1084.22,1087.18,1061.66,35.97,36.02,36.15,35.84,35.71,35.72,36.07,35.70
11160,1109.28,1074.38,1085.74,1123.78,1088.80,1084.80,1087.50,1061.78,36.09,36.06,36.26,35.95,35.88,35.85,36.25,35.84
11280,1109.46,1073.86,1085.74,1123.66,1088.34,1084.66,1087.22,1061.66,36.06,36.03,36.23,35.90,35.75,35.79,36.16,35.79
11400,1109.36,1073.40,1085.36,1123.46,1088.04,1084.16,1086.92,1061.26,35.95,35.96,36.13,35.76,35.59,35.65,36.05,35.64
11520,1108.80,1072.70,1084.88,1123.38,1087.20,1083.64,1086.32,1061.02,35.91,35.93,36.09,35.71,35.57,35.62,36.03,35.61
11640,1109.96,1072.72,1085.14,1123.78,1087.18,1083.80,1086.72,1061.32,35.99,35.98,36.16,35.87,35.73,35.75,36.14,35.75
11760,1109.70,1072.06,1084.92,1123.70,1086.48,1083.08,1086.22,1060.72,35.94,35.96,36.13,35.77,35.59,35.62,36.05,35.60
11880,1110.50,1072.18,1085.40,1124.30,1086.58,1083.58,1086.44,1061.50,36.11,36.09,36.27,36.00,35.91,35.92,36.28,35.91
12000,1110.24,1071.70,1085.20,1124.16,1085.76,1082.62,1085.76,1061.22,36.02,36.04,36.21,35.87,35.71,35.72,36.15,35.73
12120,1109.98,1071.44,1085.30,1124.14,1085.26,1082.40,1085.40,1060.78,36.02,36.04,36.19,35.85,35.67,35.72,36.12,35.68
12240,1110.02,1070.86,1084.94,1124.06,1084.78,1081.80,1084.90,1060.80,35.94,35.99,36.13,35.79,35.62,35.66,36.05,35.63
12360,1109.80,1070.66,1084.88,1124.04,1084.16,1081.44,1084.10,1060.60,35.97,36.00,36.15,35.80,35.62,35.68,36.08,35.65
12480,1110.40,1070.50,1084.82,1124.24,1083.88,1081.18,1084.00,1060.74,36.00,36.02,36.18,35.84,35.71,35.77,36.11,35.72
12600,1109.58,1069.88,1084.34,1124.04,1082.88,1080.32,1082.84,1060.10,35.90,35.97,36.10,35.72,35.53,35.58,36.00,35.58
12720,1110.24,1069.62,1084.40,1124.42,1083.06,1080.18,1082.56,1060.26,35.96,35.98,36.14,35.80,35.65,35.74,36.08,35.68
12840,1109.62,1069.02,1083.86,1123.94,1081.80,1078.98,1081.68,1060.04,35.88,35.93,36.07,35.69,35.50,35.55,35.96,35.54
12960,1109.94,1068.94,1084.02,1124.42,1081.66,1079.02,1081.54,1060.18,35.95,35.98,36.12,35.80,35.65,35.71,36.07,35.69
13080,1109.82,1068.36,1083.76,1124.02,1080.74,1078.00,1080.42,1059.48,35.88,35.92,36.06,35.69,35.49,35.55,35.96,35.53
13200,1110.24,1068.26,1083.86,1124.44,1080.80,1078.02,1080.38,1059.80,35.93,35.97,36.10,35.78,35.62,35.70,36.07,35.67
13320,1110.36,1067.82,1083.92,1124.40,1079.98,1077.22,1079.60,1059.82,35.90,35.95,36.09,35.74,35.56,35.62,36.01,35.60
13440,1110.60,1067.58,1083.90,1124.64,1080.12,1077.22,1079.26,1060.02,35.96,35.99,36.13,35.81,35.70,35.75,36.12,35.74
13560,1110.82,1067.28,1083.60,1124.52,1079.48,1076.34,1078.60,1059.80,35.90,35.95,36.08,35.69,35.58,35.60,36.01,35.61
13680,1110.60,1067.20,1083.64,1124.78,1079.08,1076.04,1078.40,1059.94,35.98,36.02,36.15,35.80,35.70,35.73,36.15,35.74
13800,1110.84,1066.84,1083.54,1124.58,1078.66,1075.58,1077.58,1059.76,35.89,35.98,36.10,35.71,35.62,35.63,36.03,35.64
13920,1111.24,1066.88,1083.58,1125.12,1078.50,1075.44,1077.42,1059.86,36.00,36.03,36.17,35.87,35.78,35.77,36.19,35.79
14040,1111.66,1066.56,1083.62,1125.24,1078.18,1075.28,1077.26,1060.10,36.03,36.04,36.19,35.88,35.80,35.83,36.20,35.80
14160,1111.34,1066.12,1083.56,1125.08,1077.60,1074.32,1076.54,1060.04,35.92,35.98,36.13,35.76,35.67,35.70,36.10,35.69
14280,1112.32,1066.22,1083.70,1125.76,1077.62,1074.54,1076.24,1060.50,36.12,36.12,36.28,36.00,35.94,35.94,36.34,35.93
14400,1112.28,1065.90,1083.72,1125.84,1077.18,1074.24,1075.98,1060.46,36.08,36.11,36.26,35.91,35.81,35.80,36.23,35.82
14520,1111.64,1065.52,1083.54,1125.56,1076.22,1073.30,1074.98,1059.98,36.02,36.06,36.20,35.83,35.68,35.71,36.14,35.70
14640,1111.76,1065.30,1083.56,1125.52,1076.26,1073.30,1074.80,1060.02,36.01,36.06,36.18,35.84,35.73,35.75,36.13,35.73
14760,1111.74,1064.58,1082.84,1125.32,1075.06,1072.30,1073.86,1059.52,35.91,36.00,36.12,35.73,35.55,35.59,36.01,35.56
14880,1111.94,1064.52,1082.88,1125.74,1075.02,1071.96,1073.72,1059.68,35.97,36.03,36.15,35.81,35.67,35.74,36.11,35.68
15000,1111.58,1064.24,1082.70,1125.62,1074.52,1071.68,1073.10,1059.58,35.89,35.99,36.11,35.75,35.60,35.64,36.03,35.58
15120,1112.64,1064.42,1083.24,1126.02,1074.50,1071.88,1073.38,1060.40,36.11,36.12,36.27,35.98,35.92,35.94,36.33,35.92
15240,1112.88,1064.22,1083.30,1126.14,1074.36,1071.60,1072.92,1060.46,36.12,36.14,36.28,35.98,35.88,35.90,36.30,35.89
15360,1112.48,1063.54,1083.08,1125.86,1073.36,1070.60,1071.94,1059.86,36.03,36.09,36.22,35.84,35.70,35.72,36.14,35.72
15480,1112.46,1063.66,1082.86,1126.02,1073.48,1070.18,1071.60,1059.86,36.03,36.09,36.21,35.85,35.74,35.77,36.15,35.76
15600,1112.34,1063.26,1082.72,1126.06,1072.74,1070.00,1071.26,1059.92,35.95,36.05,36.16,35.78,35.66,35.70,36.08,35.62
15720,1112.68,1063.20,1082.62,1126.24,1072.58,1069.84,1071.32,1059.88,36.07,36.12,36.25,35.91,35.85,35.87,36.26,35.81
15840,1112.98,1062.92,1082.62,1126.20,1072.26,1069.38,1070.44,1059.98,36.03,36.10,36.23,35.87,35.76,35.78,36.16,35.78
15960,1112.28,1062.40,1082.34,1126.12,1071.32,1068.58,1069.72,1059.34,35.96,36.04,36.16,35.77,35.61,35.66,36.03,35.63
16080,1112.68,1062.18,1082.32,1126.12,1071.22,1068.52,1069.44,1059.60,35.97,36.05,36.17,35.80,35.69,35.74,36.10,35.69
16200,1112.58,1061.72,1082.20,1125.96,1070.96,1067.98,1068.82,1059.54,35.91,36.02,36.13,35.72,35.61,35.66,36.03,35.63
16320,1113.64,1061.74,1082.32,1127.02,1070.92,1068.00,1069.20,1060.18,36.13,36.14,36.30,36.00,35.93,35.98,36.32,35.92
16440,1113.74,1061.68,1082.36,1127.00,1070.62,1067.64,1068.84,1060.10,36.09,36.12,36.27,35.94,35.83,35.85,36.24,35.85
16560,1112.68,1061.24,1081.86,1126.26,1069.80,1066.82,1067.76,1059.40,35.97,36.05,36.19,35.81,35.68,35.71,36.12,35.69
16680,1112.88,1061.02,1081.64,1126.42,1069.72,1066.76,1067.58,1059.70,35.97,36.06,36.18,35.82,35.70,35.76,36.12,35.71
16800,1112.72,1060.48,1081.64,1126.44,1069.20,1066.04,1067.02,1059.58,35.91,36.03,36.13,35.77,35.65,35.69,36.05,35.65
16920,1113.28,1060.54,1081.72,1126.54,1068.88,1066.04,1066.84,1059.46,36.03,36.10,36.22,35.87,35.82,35.84,36.21,35.77
17040,1113.74,1060.20,1081.58,1126.68,1068.74,1065.80,1066.40,1059.68,36.00,36.08,36.21,35.84,35.75,35.80,36.15,35.75
17160,1113.10,1059.84,1081.26,1126.52,1068.00,1065.14,1065.78,1059.18,35.97,36.06,36.17,35.76,35.67,35.71,36.08,35.68
17280,1113.50,1059.74,1081.18,1126.60,1067.88,1064.92,1065.78,1059.48,35.97,36.05,36.16,35.80,35.71,35.76,36.11,35.71
17400,1113.10,1059.44,1080.84,1126.62,1067.08,1064.06,1065.04,1059.00,35.90,36.00,36.10,35.72,35.57,35.61,36.00,35.57
17520,1113.42,1059.14,1080.86,1126.72,1067.14,1064.16,1064.94,1059.32,35.94,36.03,36.14,35.78,35.69,35.76,36.10,35.68
17640,1113.50,1058.84,1080.74,1126.96,1066.58,1063.70,1064.60,1059.14,35.93,36.02,36.13,35.77,35.66,35.71,36.05,35.67
17760,1113.46,1058.68,1080.72,1126.96,1066.30,1063.38,1064.04,1059.08,35.97,36.04,36.17,35.82,35.72,35.78,36.12,35.68
17880,1113.30,1058.54,1080.70,1126.88,1065.92,1063.00,1063.78,1059.04,35.90,36.02,36.12,35.76,35.65,35.71,36.05,35.62
18000,1113.34,1058.10,1080.24,1126.74,1065.40,1062.54,1063.58,1058.82,35.92,36.02,36.13,35.75,35.63,35.71,36.07,35.64
18120,1114.78,1058.38,1080.58,1127.38,1065.90,1062.80,1063.86,1059.40,36.02,36.10,36.21,35.89,35.86,35.89,36.27,35.83
18240,1114.38,1058.24,1080.60,1127.62,1065.70,1062.54,1063.30,1059.36,36.07,36.13,36.26,35.93,35.89,35.90,36.25,35.83
18360,1114.02,1058.08,1080.50,1127.48,1065.38,1062.40,1062.92,1059.50,36.04,36.12,36.26,35.90,35.83,35.88,36.24,35.83
18480,1113.94,1057.88,1080.10,1127.36,1064.78,1061.58,1062.52,1059.38,35.96,36.06,36.18,35.79,35.71,35.75,36.11,35.70
18600,1113.58,1057.66,1079.98,1127.48,1064.50,1061.72,1062.46,1059.12,35.99,36.09,36.20,35.86,35.78,35.83,36.19,35.76
18720,1113.88,1056.98,1080.12,1127.46,1064.26,1061.16,1061.98,1059.08,35.95,36.06,36.18,35.81,35.72,35.78,36.11,35.70
18840,1113.84,1056.96,1079.66,1127.50,1063.64,1060.62,1061.54,1058.92,35.96,36.05,36.17,35.77,35.71,35.77,36.11,35.70
18960,1113.98,1056.66,1079.54,1127.56,1063.60,1060.64,1061.44,1059.18,35.97,36.06,36.19,35.81,35.77,35.84,36.16,35.76
19080,1113.68,1056.34,1079.36,1127.46,1063.28,1060.18,1060.92,1059.06,35.87,36.00,36.12,35.73,35.67,35.72,36.05,35.66
19200,1114.92,1056.46,1079.84,1128.10,1063.54,1060.38,1061.36,1059.32,36.12,36.14,36.31,35.99,36.01,36.03,36.37,35.99
19320,1115.02,1056.38,1079.74,1128.06,1063.16,1060.16,1061.06,1059.32,36.07,36.13,36.27,35.93,35.89,35.90,36.26,35.86
19440,1114.48,1055.84,1079.50,1127.86,1062.98,1059.52,1060.84,1059.28,36.00,36.08,36.22,35.84,35.78,35.82,36.18,35.77
19560,1114.54,1055.96,1079.40,1128.02,1062.34,1059.38,1060.34,1059.06,36.01,36.08,36.23,35.84,35.77,35.85,36.18,35.75
19680,1114.42,1055.52,1079.10,1127.80,1061.94,1059.10,1059.86,1059.06,35.93,36.04,36.16,35.78,35.69,35.75,36.08,35.66
19800,1114.10,1054.86,1078.74,1127.50,1061.50,1058.34,1059.30,1058.74,35.90,36.02,36.13,35.71,35.62,35.68,36.03,35.61
19920,1115.18,1055.00,1078.88,1128.04,1061.72,1058.80,1059.60,1058.94,35.99,36.08,36.20,35.86,35.83,35.90,36.18,35.80
20040,1114.82,1054.84,1078.70,1127.98,1061.18,1058.46,1059.40,1058.76,35.98,36.07,36.20,35.81,35.74,35.78,36.13,35.72
20160,1114.82,1054.92,1078.72,1128.00,1061.20,1058.36,1059.24,1058.84,36.00,36.09,36.21,35.84,35.79,35.85,36.16,35.78
20280,1114.78,1054.44,1078.06,1127.82,1060.62,1057.34,1058.60,1058.54,35.91,36.01,36.14,35.74,35.67,35.73,36.05,35.62
20400,1114.22,1054.06,1077.94,1127.62,1059.94,1057.14,1058.34,1058.46,35.87,35.97,36.11,35.70,35.64,35.68,36.04,35.62
20520,1115.00,1054.10,1078.08,1128.08,1060.16,1057.32,1058.32,1058.62,35.94,36.02,36.16,35.81,35.81,35.85,36.16,35.77
20640,1114.48,1053.58,1077.94,1128.02,1059.70,1057.04,1058.40,1058.48,35.93,36.02,36.15,35.76,35.73,35.76,36.09,35.67
20760,1114.76,1053.46,1077.92,1128.06,1059.56,1056.76,1058.26,1058.48,35.95,36.04,36.19,35.79,35.76,35.84,36.14,35.71
20880,1114.60,1053.24,1077.72,1127.98,1059.34,1056.36,1057.70,1058.34,35.88,36.00,36.12,35.72,35.67,35.71,36.03,35.63
21000,1114.52,1053.18,1077.40,1127.90,1058.98,1056.00,1057.54,1058.12,35.93,36.04,36.16,35.76,35.75,35.81,36.12,35.68
21120,1114.74,1052.50,1077.74,1127.94,1058.88,1055.78,1057.12,1058.24,35.89,36.02,36.13,35.74,35.71,35.72,36.07,35.65
21240,1114.84,1052.38,1077.52,1127.88,1058.54,1055.78,1056.98,1058.20,35.94,36.05,36.17,35.77,35.74,35.78,36.11,35.69
21360,1115.12,1052.10,1077.44,1127.96,1058.56,1055.78,1056.94,1058.48,35.97,36.06,36.20,35.84,35.79,35.87,36.16,35.75
21480,1114.82,1051.86,1077.08,1127.74,1058.10,1055.24,1056.50,1058.02,35.88,36.01,36.13,35.69,35.62,35.69,36.02,35.60
21600,1115.16,1051.72,1077.12,1128.18,1058.06,1055.34,1056.58,1057.84,35.95,36.05,36.18,35.81,35.78,35.85,36.14,35.76
21720,1114.92,1051.24,1076.86,1128.06,1057.56,1054.90,1056.18,1057.98,35.89,36.00,36.12,35.72,35.65,35.71,36.02,35.62
21840,1114.80,1051.26,1077.04,1128.08,1057.48,1054.72,1056.28,1058.06,35.93,36.03,36.17,35.77,35.75,35.83,36.10,35.68
21960,1115.16,1051.14,1076.94,1127.76,1057.38,1054.50,1056.14,1058.10,35.87,36.01,36.14,35.70,35.70,35.76,36.04,35.66
22080,1115.36,1051.04,1076.94,1128.24,1057.36,1054.42,1056.18,1057.90,35.97,36.08,36.20,35.81,35.84,35.88,36.19,35.74
22200,1115.72,1050.72,1076.94,1128.32,1057.28,1054.30,1056.22,1058.38,35.97,36.07,36.21,35.82,35.84,35.89,36.17,35.77
22320,1115.14,1050.46,1076.68,1128.32,1056.64,1053.90,1055.70,1057.76,35.92,36.04,36.17,35.73,35.71,35.76,36.06,35.66
22440,1115.50,1050.16,1076.84,1128.48,1056.82,1053.68,1055.76,1058.04,35.95,36.06,36.19,35.80,35.78,35.84,36.13,35.72
22560,1115.30,1049.98,1076.46,1128.58,1056.52,1053.54,1055.46,1057.72,35.88,36.01,36.15,35.75,35.72,35.78,36.04,35.63
22680,1116.36,1049.98,1077.00,1129.18,1056.96,1053.82,1056.04,1058.58,36.09,36.15,36.30,35.98,36.03,36.05,36.34,35.95
22800,1116.36,1049.88,1077.06,1129.28,1056.66,1053.84,1055.84,1058.58,36.09,36.16,36.32,35.95,35.99,36.01,36.30,35.90
22920,1115.84,1049.22,1076.48,1128.72,1056.12,1053.28,1055.40,1058.34,35.99,36.10,36.23,35.81,35.79,35.82,36.14,35.73
23040,1115.88,1049.12,1076.24,1128.68,1056.16,1053.16,1055.20,1058.12,36.00,36.10,36.25,35.83,35.85,35.87,36.20,35.76
23160,1115.92,1048.82,1076.22,1128.58,1055.64,1052.78,1055.24,1058.12,35.93,36.05,36.16,35.74,35.73,35.78,36.08,35.67
23280,1115.66,1048.38,1076.34,1128.58,1055.48,1052.62,1054.82,1058.10,35.94,36.06,36.19,35.78,35.75,35.81,36.11,35.68
23400,1116.86,1048.52,1076.58,1129.38,1056.12,1053.02,1055.22,1058.66,36.02,36.14,36.26,35.93,35.96,36.02,36.24,35.88
23520,1116.80,1048.40,1076.70,1129.48,1056.02,1052.82,1055.30,1058.42,36.14,36.21,36.36,36.00,36.06,36.09,36.33,35.94
23640,1116.50,1048.36,1076.50,1129.28,1055.78,1052.52,1055.14,1058.38,36.08,36.17,36.32,35.91,35.95,35.97,36.28,35.87
23760,1116.70,1047.74,1076.44,1129.40,1055.34,1052.42,1054.94,1058.58,36.03,36.13,36.28,35.89,35.90,35.94,36.23,35.82
23880,1115.60,1047.16,1075.92,1129.00,1054.80,1051.50,1054.52,1058.00,35.95,36.09,36.22,35.78,35.74,35.77,36.11,35.66
24000,1116.42,1047.14,1075.92,1129.18,1054.78,1051.78,1054.52,1058.30,36.01,36.12,36.25,35.85,35.84,35.91,36.17,35.79
24120,1115.80,1046.70,1075.74,1128.94,1054.20,1051.50,1053.92,1057.92,35.92,36.07,36.19,35.76,35.72,35.77,36.06,35.66
24240,1116.06,1046.72,1075.76,1129.12,1054.40,1051.40,1054.06,1057.96,35.97,36.10,36.23,35.82,35.82,35.91,36.17,35.75
24360,1116.00,1046.22,1075.82,1129.02,1054.24,1051.34,1053.78,1057.84,35.95,36.08,36.21,35.79,35.82,35.88,36.13,35.75
24480,1115.94,1045.94,1075.62,1129.00,1054.02,1051.02,1053.74,1057.72,35.96,36.09,36.21,35.82,35.82,35.88,36.14,35.70
24600,1117.20,1046.04,1076.08,1129.66,1054.40,1051.48,1054.32,1058.44,36.04,36.14,36.28,35.92,35.99,36.06,36.27,35.90
24720,1117.00,1045.80,1076.22,1129.62,1054.46,1051.18,1054.26,1058.34,36.13,36.20,36.37,35.95,36.05,36.08,36.32,35.96
24840,1117.12,1045.70,1075.98,1129.74,1054.18,1050.98,1054.22,1058.02,36.08,36.18,36.32,35.92,35.93,35.98,36.27,35.86
24960,1116.36,1045.18,1075.66,1129.40,1053.78,1050.48,1053.86,1057.96,35.96,36.10,36.23,35.78,35.79,35.82,36.11,35.70
25080,1116.40,1045.14,1075.74,1129.18,1053.56,1050.44,1053.66,1057.80,35.98,36.12,36.25,35.83,35.84,35.90,36.17,35.75
25200,1116.46,1044.66,1075.42,1129.14,1053.14,1050.20,1053.70,1057.68,35.94,36.08,36.20,35.77,35.78,35.83,36.09,35.68
25320,1116.34,1044.44,1075.30,1129.02,1052.86,1050.06,1053.34,1057.58,35.97,36.10,36.22,35.82,35.82,35.89,36.12,35.73
25440,1116.64,1044.26,1075.06,1129.16,1052.68,1050.10,1053.20,1057.46,35.97,36.09,36.22,35.80,35.81,35.88,36.12,35.71
25560,1116.06,1043.56,1074.90,1128.68,1052.22,1049.50,1052.98,1057.28,35.92,36.06,36.19,35.74,35.72,35.77,36.05,35.64
25680,1116.74,1043.58,1075.16,1129.34,1052.72,1049.60,1053.38,1057.52,36.02,36.12,36.27,35.91,35.93,36.00,36.22,35.85
25800,1116.66,1043.48,1074.86,1129.10,1052.46,1049.32,1053.40,1057.38,35.97,36.09,36.23,35.82,35.86,35.90,36.16,35.76
25920,1116.58,1043.10,1074.88,1129.10,1052.24,1049.42,1053.12,1057.30,35.98,36.09,36.22,35.82,35.84,35.91,36.16,35.76
26040,1116.72,1043.04,1074.76,1129.10,1052.14,1049.24,1052.96,1057.20,35.92,36.07,36.19,35.76,35.80,35.86,36.11,35.68
26160,1116.48,1042.66,1074.44,1128.84,1051.62,1048.66,1052.64,1057.08,35.91,36.04,36.17,35.74,35.74,35.80,36.07,35.66
26280,1117.48,1042.66,1074.76,1129.28,1052.00,1049.18,1053.14,1057.42,36.03,36.13,36.27,35.89,35.96,36.03,36.25,35.86
26400,1116.94,1042.34,1074.56,1129.38,1051.94,1048.80,1052.66,1057.18,36.00,36.12,36.26,35.84,35.87,35.91,36.18,35.76
26520,1116.64,1042.28,1074.44,1129.38,1051.78,1048.76,1052.62,1057.28,36.01,36.13,36.28,35.88,35.92,35.93,36.20,35.83
26640,1116.64,1041.76,1074.22,1129.00,1051.66,1048.72,1052.50,1057.14,35.92,36.07,36.19,35.77,35.79,35.84,36.10,35.70
26760,1116.48,1041.56,1074.06,1128.82,1051.12,1048.46,1052.62,1056.96,35.95,36.08,36.20,35.77,35.82,35.86,36.14,35.72
26880,1116.62,1041.28,1073.88,1128.80,1051.22,1048.42,1052.38,1056.98,35.93,36.06,36.19,35.76,35.78,35.88,36.11,35.72
27000,1116.46,1041.04,1073.62,1128.82,1050.82,1048.00,1052.18,1056.84,35.92,36.06,36.19,35.76,35.78,35.85,36.08,35.68
27120,1116.78,1041.04,1073.74,1129.02,1051.08,1048.14,1052.36,1057.00,35.98,36.10,36.24,35.83,35.90,35.95,36.17,35.79
27240,1116.64,1040.92,1073.68,1128.76,1050.94,1047.90,1052.38,1056.92,35.91,36.08,36.20,35.73,35.80,35.86,36.10,35.71
27360,1117.64,1040.90,1074.10,1129.88,1051.54,1048.62,1053.00,1057.56,36.14,36.21,36.37,36.03,36.14,36.18,36.40,36.02
27480,1117.56,1040.52,1073.86,1129.86,1051.48,1048.42,1052.94,1057.48,36.09,36.18,36.35,35.94,36.03,36.06,36.32,35.92
27600,1116.96,1040.00,1073.46,1129.52,1050.60,1047.82,1052.38,1056.90,35.98,36.12,36.25,35.80,35.83,35.84,36.14,35.73
27720,1117.10,1040.04,1073.48,1129.54,1050.72,1047.62,1052.42,1056.92,36.00,36.13,36.26,35.86,35.87,35.93,36.19,35.80
27840,1116.96,1039.46,1073.12,1128.96,1050.60,1047.54,1052.22,1056.92,35.92,36.07,36.19,35.74,35.77,35.82,36.07,35.67
27960,1116.72,1039.18,1072.74,1129.04,1050.30,1047.32,1052.04,1056.82,35.95,36.09,36.22,35.80,35.84,35.89,36.14,35.72
28080,1116.72,1038.92,1072.42,1128.98,1050.16,1047.30,1052.06,1056.76,35.90,36.05,36.18,35.76,35.81,35.84,36.09,35.71
28200,1116.30,1038.54,1072.22,1128.90,1049.94,1047.28,1051.62,1056.46,35.91,36.06,36.20,35.77,35.80,35.87,36.09,35.68
28320,1117.94,1038.62,1072.70,1129.16,1050.80,1047.86,1052.30,1057.02,36.04,36.13,36.26,35.91,36.04,36.09,36.26,35.90
28440,1117.74,1038.64,1072.56,1129.28,1050.54,1047.64,1052.20,1057.10,36.11,36.19,36.35,35.96,36.04,36.09,36.32,35.96
28560,1117.66,1038.46,1072.50,1129.28,1050.52,1047.64,1052.26,1057.00,36.09,36.20,36.36,35.91,36.05,36.09,36.30,35.88
28680,1117.04,1037.92,1072.00,1129.20,1050.18,1047.18,1051.88,1057.02,35.98,36.10,36.25,35.80,35.87,35.94,36.19,35.78
28800,1116.74,1037.72,1071.86,1128.94,1050.04,1046.90,1052.00,1056.66,35.95,36.08,36.23,35.79,35.85,35.91,36.14,35.73
28920,1116.80,1037.42,1071.64,1129.04,1050.12,1047.12,1052.02,1056.66,35.97,36.09,36.24,35.83,35.88,35.97,36.19,35.75
29040,1117.06,1037.24,1071.46,1128.90,1049.78,1046.90,1051.78,1056.72,35.90,36.07,36.20,35.77,35.82,35.88,36.10,35.71
29160,1117.24,1036.96,1071.20,1128.94,1049.64,1046.70,1051.82,1056.76,36.02,36.12,36.27,35.84,35.91,36.01,36.20,35.83
29280,1117.40,1036.82,1071.20,1128.82,1049.84,1046.82,1051.86,1056.58,36.01,36.12,36.26,35.86,35.93,36.00,36.22,35.82
29400,1116.76,1036.34,1070.66,1128.50,1049.22,1046.52,1051.28,1056.16,35.95,36.09,36.21,35.76,35.76,35.83,36.10,35.68
29520,1117.24,1036.40,1070.60,1128.76,1049.56,1046.52,1051.42,1056.42,36.00,36.11,36.25,35.84,35.91,35.99,36.20,35.80
29640,1117.22,1035.72,1070.36,1128.56,1049.30,1046.12,1051.44,1055.90,35.92,36.06,36.19,35.75,35.79,35.86,36.09,35.68
29760,1117.02,1035.68,1070.36,1128.68,1049.46,1046.10,1051.42,1056.04,35.97,36.10,36.24,35.83,35.91,35.94,36.16,35.75
29880,1117.08,1035.26,1070.08,1128.24,1049.16,1045.82,1051.34,1055.98,35.88,36.04,36.17,35.73,35.79,35.84,36.07,35.67
30000,1117.08,1035.30,1069.80,1128.44,1049.00,1045.88,1051.04,1055.80,35.96,36.08,36.23,35.82,35.89,35.94,36.15,35.75
30120,1117.56,1034.80,1069.68,1128.28,1049.08,1046.06,1051.32,1056.00,35.97,36.09,36.23,35.84,35.90,35.98,36.17,35.79
30240,1116.76,1034.52,1069.10,1127.80,1048.86,1045.66,1051.18,1055.72,35.94,36.06,36.19,35.75,35.80,35.85,36.11,35.69
30360,1117.54,1034.24,1069.14,1127.94,1048.76,1045.90,1051.26,1055.90,35.95,36.07,36.22,35.82,35.89,35.97,36.18,35.77
30480,1116.90,1033.90,1068.80,1127.68,1048.40,1045.54,1050.90,1055.46,35.90,36.04,36.17,35.72,35.75,35.83,36.04,35.65
30600,1116.86,1033.86,1068.68,1127.86,1048.58,1045.78,1051.08,1055.72,35.96,36.07,36.21,35.80,35.89,35.96,36.17,35.78
30720,1116.90,1033.58,1068.68,1127.88,1048.16,1045.80,1050.84,1055.56,35.89,36.05,36.18,35.76,35.77,35.89,36.05,35.71
30840,1118.12,1033.78,1068.90,1128.38,1048.74,1046.30,1051.66,1056.30,36.13,36.19,36.36,36.02,36.16,36.21,36.39,36.04
30960,1118.26,1033.94,1068.84,1128.22,1048.98,1046.26,1051.84,1056.26,36.09,36.18,36.34,35.95,36.07,36.11,36.31,35.94
31080,1117.54,1033.40,1068.52,1127.90,1048.60,1045.76,1051.38,1055.82,36.05,36.16,36.31,35.87,35.95,36.00,36.21,35.82
31200,1117.88,1033.18,1068.42,1128.08,1048.66,1045.78,1051.38,1055.80,36.03,36.15,36.29,35.88,35.95,36.01,36.22,35.84
31320,1117.42,1032.62,1068.02,1127.28,1048.32,1045.30,1051.18,1055.40,35.94,36.09,36.22,35.75,35.80,35.86,36.09,35.68
31440,1117.46,1032.52,1067.94,1127.34,1048.38,1045.54,1051.44,1055.74,36.01,36.13,36.27,35.87,35.94,36.02,36.20,35.84
31560,1117.58,1032.30,1067.86,1127.12,1048.12,1045.44,1051.22,1055.64,35.93,36.10,36.23,35.77,35.84,35.90,36.11,35.78
31680,1117.50,1032.06,1067.78,1127.46,1048.50,1045.22,1051.26,1055.58,36.05,36.18,36.34,35.91,36.03,36.07,36.29,35.89
31800,1117.54,1031.38,1067.28,1127.22,1048.38,1045.36,1051.20,1055.58,35.97,36.11,36.25,35.82,35.91,35.93,36.17,35.76
31920,1117.22,1031.40,1067.10,1126.94,1048.24,1045.18,1050.94,1055.36,35.98,36.12,36.26,35.84,35.90,35.95,36.16,35.78
32040,1117.62,1031.42,1066.92,1127.00,1048.46,1045.30,1051.06,1055.22,35.96,36.10,36.24,35.83,35.89,35.96,36.15,35.76
32160,1117.02,1030.94,1066.46,1126.62,1047.94,1044.98,1050.82,1054.90,35.94,36.09,36.21,35.76,35.82,35.89,36.11,35.68
32280,1117.72,1030.76,1066.54,1126.76,1048.04,1045.10,1051.14,1055.22,35.98,36.11,36.24,35.82,35.91,35.99,36.17,35.80
32400,1117.08,1030.28,1065.92,1126.40,1047.74,1044.64,1050.60,1054.88,35.90,36.06,36.18,35.73,35.78,35.84,36.07,35.65
32520,1117.48,1030.22,1065.98,1126.54,1047.72,1044.90,1050.72,1054.94,35.96,36.10,36.22,35.81,35.90,36.00,36.16,35.77
32640,1117.60,1029.66,1065.76,1126.40,1047.74,1044.82,1050.66,1054.78,35.92,36.07,36.20,35.77,35.80,35.92,36.07,35.67
32760,1117.46,1029.62,1065.58,1126.38,1048.04,1044.62,1050.82,1054.76,36.01,36.14,36.27,35.86,35.97,36.03,36.23,35.83
32880,1117.80,1029.48,1065.60,1126.32,1048.00,1044.94,1051.14,1054.94,35.99,36.11,36.26,35.85,35.93,35.99,36.19,35.80
33000,1117.22,1028.94,1065.02,1125.96,1047.74,1044.56,1050.88,1054.68,35.96,36.10,36.23,35.78,35.86,35.93,36.15,35.71
33120,1117.90,1028.92,1064.94,1126.12,1047.66,1044.80,1050.92,1054.70,35.97,36.12,36.25,35.82,35.92,36.02,36.19,35.79
33240,1117.24,1028.42,1064.68,1125.72,1047.48,1044.40,1050.88,1054.42,35.93,36.09,36.21,35.75,35.81,35.90,36.07,35.70
33360,1117.50,1028.44,1064.58,1125.56,1047.64,1044.54,1050.80,1054.56,35.96,36.10,36.23,35.81,35.93,35.98,36.16,35.80
33480,1117.10,1028.04,1064.16,1125.56,1047.42,1044.62,1050.70,1054.50,35.89,36.07,36.19,35.71,35.79,35.86,36.06,35.72
33600,1118.70,1028.16,1064.72,1126.34,1048.58,1045.46,1051.76,1055.40,36.19,36.26,36.40,36.07,36.30,36.37,36.47,36.12
33720,1118.56,1027.92,1064.58,1126.10,1048.00,1045.36,1051.62,1055.18,36.10,36.20,36.37,35.96,36.11,36.17,36.35,35.96
33840,1117.76,1027.70,1064.18,1125.60,1047.80,1044.70,1051.14,1054.56,36.03,36.17,36.31,35.87,35.97,36.03,36.24,35.82
33960,1117.98,1027.62,1063.74,1125.56,1047.94,1044.68,1051.20,1054.66,36.03,36.16,36.29,35.88,35.99,36.04,36.22,35.85
34080,1117.70,1026.98,1063.18,1124.70,1047.70,1044.58,1050.66,1054.32,35.93,36.10,36.21,35.74,35.82,35.89,36.10,35.69
34200,1117.86,1026.80,1063.14,1124.86,1047.44,1044.46,1050.98,1054.60,35.98,36.12,36.25,35.82,35.94,36.01,36.18,35.81
34320,1118.00,1026.50,1062.88,1124.86,1047.64,1044.66,1051.18,1054.62,35.97,36.12,36.24,35.81,35.94,36.00,36.17,35.82
34440,1117.24,1026.06,1062.36,1124.74,1047.30,1044.22,1051.04,1054.28,35.94,36.11,36.24,35.80,35.90,36.00,36.17,35.78
34560,1118.12,1026.04,1062.42,1124.62,1047.74,1044.68,1051.38,1054.64,36.02,36.16,36.28,35.90,36.04,36.12,36.29,35.91
34680,1117.44,1025.68,1061.98,1124.18,1047.42,1044.08,1050.94,1054.30,35.94,36.11,36.23,35.77,35.83,35.93,36.13,35.71
34800,1117.84,1025.48,1061.96,1124.18,1047.32,1044.24,1050.94,1054.48,35.99,36.13,36.26,35.84,35.98,36.06,36.21,35.84
34920,1117.52,1024.78,1061.48,1123.82,1047.28,1043.92,1050.94,1054.20,35.92,36.08,36.19,35.73,35.80,35.89,36.09,35.68
35040,1117.74,1024.72,1061.10,1123.78,1047.20,1043.96,1050.94,1054.32,35.96,36.09,36.24,35.78,35.92,35.99,36.18,35.80
35160,1117.50,1024.36,1060.88,1123.74,1047.20,1043.82,1050.62,1054.08,35.87,36.01,36.15,35.72,35.84,35.89,36.10,35.70
35280,1117.40,1024.08,1060.58,1123.46,1047.12,1043.76,1050.60,1053.98,35.94,36.06,36.21,35.78,35.91,35.96,36.13,35.78
35400,1117.32,1023.90,1060.38,1123.54,1046.88,1043.88,1050.76,1053.84,35.89,36.06,36.18,35.75,35.87,35.92,36.08,35.73
35520,1117.30,1023.76,1060.38,1123.22,1047.04,1043.56,1050.50,1053.92,35.95,36.08,36.21,35.79,35.90,35.97,36.16,35.77
35640,1118.02,1023.60,1060.18,1123.18,1047.26,1043.96,1050.82,1053.84,35.99,36.11,36.26,35.87,35.97,36.08,36.22,35.84
35760,1117.30,1023.12,1059.86,1122.78,1046.68,1043.42,1050.42,1053.52,35.92,36.07,36.19,35.73,35.81,35.93,36.12,35.69
35880,1117.66,1023.18,1059.80,1122.86,1047.32,1043.60,1050.70,1053.64,35.98,36.10,36.23,35.83,35.95,36.05,36.19,35.81
36000,1117.52,1022.66,1059.38,1122.48,1047.24,1043.48,1050.52,1053.58,35.91,36.08,36.20,35.78,35.89,35.92,36.10,35.76
36120,1118.36,1022.64,1059.54,1123.00,1047.36,1044.10,1051.30,1054.20,36.12,36.21,36.36,35.99,36.20,36.24,36.39,36.06
36240,1118.46,1022.48,1059.38,1122.88,1047.50,1044.34,1051.38,1054.12,36.07,36.19,36.33,35.92,36.07,36.13,36.30,35.92
36360,1117.88,1022.14,1059.10,1122.42,1047.24,1043.92,1051.22,1053.68,36.01,36.17,36.30,35.86,35.95,36.04,36.23,35.83
36480,1117.98,1022.22,1058.94,1122.28,1047.24,1044.24,1051.30,1053.62,36.03,36.17,36.30,35.87,36.01,36.09,36.27,35.88
36600,1117.50,1021.80,1058.38,1121.82,1046.88,1043.70,1051.08,1053.52,35.95,36.12,36.23,35.77,35.85,35.95,36.14,35.72
36720,1117.76,1021.38,1058.14,1121.74,1047.00,1043.80,1051.18,1053.50,35.99,36.15,36.26,35.83,35.95,36.05,36.21,35.82
36840,1117.64,1021.16,1057.86,1121.56,1047.20,1043.78,1051.00,1053.36,35.93,36.11,36.23,35.79,35.92,35.93,36.15,35.77
36960,1117.78,1020.92,1057.94,1121.66,1047.42,1043.90,1051.16,1053.42,36.06,36.17,36.33,35.90,36.11,36.14,36.30,35.91
37080,1118.24,1020.90,1057.52,1121.58,1047.40,1044.16,1051.16,1053.40,36.02,36.16,36.30,35.89,36.04,36.11,36.25,35.88
37200,1117.54,1020.48,1057.06,1121.14,1046.90,1043.48,1050.96,1053.10,35.95,36.14,36.26,35.78,35.89,35.98,36.15,35.72
37320,1117.70,1020.34,1057.10,1121.02,1047.06,1043.74,1050.90,1053.10,35.99,36.14,36.25,35.83,35.96,36.05,36.21,35.82
37440,1117.76,1019.90,1056.64,1120.92,1046.98,1043.54,1050.76,1052.84,35.92,36.09,36.22,35.78,35.91,35.98,36.13,35.71
37560,1118.88,1020.10,1056.78,1121.24,1047.88,1044.38,1051.76,1053.82,36.17,36.26,36.43,36.07,36.31,36.38,36.49,36.13
37680,1118.64,1019.90,1056.80,1121.12,1047.94,1044.26,1051.66,1053.76,36.11,36.24,36.38,35.97,36.15,36.20,36.36,35.98
37800,1117.76,1019.72,1056.38,1120.60,1047.34,1043.94,1051.48,1053.06,36.05,36.21,36.33,35.86,36.00,36.06,36.23,35.84
37920,1118.08,1019.44,1056.16,1120.52,1047.46,1043.96,1051.46,1053.06,36.03,36.19,36.31,35.89,36.00,36.10,36.26,35.84
38040,1117.76,1018.84,1055.58,1120.04,1047.14,1043.56,1051.22,1052.82,35.95,36.14,36.23,35.77,35.85,35.94,36.12,35.70
38160,1117.94,1018.84,1055.38,1119.82,1047.28,1043.74,1051.28,1053.04,36.00,36.17,36.26,35.82,35.98,36.08,36.22,35.83
38280,1117.72,1018.26,1055.06,1119.44,1047.00,1043.48,1051.22,1052.86,35.93,36.11,36.20,35.75,35.87,35.96,36.12,35.72
38400,1117.38,1018.08,1054.78,1119.58,1046.92,1043.18,1051.18,1052.70,35.97,36.13,36.25,35.82,35.92,36.01,36.20,35.79
38520,1117.62,1017.78,1054.28,1119.24,1047.08,1043.24,1051.28,1052.60,35.93,36.11,36.20,35.79,35.87,35.97,36.15,35.77
38640,1117.60,1017.34,1054.20,1118.98,1046.96,1043.22,1050.90,1052.46,35.95,36.12,36.22,35.77,35.89,36.02,36.17,35.73
38760,1118.36,1017.40,1053.98,1119.04,1047.42,1043.72,1051.16,1052.64,36.02,36.17,36.27,35.88,36.05,36.14,36.31,35.89
38880,1117.84,1017.02,1053.84,1118.90,1047.04,1043.66,1051.04,1052.42,35.99,36.15,36.26,35.81,35.96,36.02,36.20,35.78
39000,1118.26,1017.22,1053.74,1118.52,1047.08,1043.80,1051.06,1052.60,36.04,36.18,36.30,35.90,36.02,36.11,36.25,35.88
39120,1117.88,1016.58,1053.28,1118.00,1047.06,1043.48,1050.90,1052.26,35.94,36.12,36.22,35.77,35.89,35.98,36.14,35.73
39240,1117.76,1016.54,1052.90,1117.96,1047.06,1043.68,1050.78,1052.40,36.01,36.15,36.27,35.83,36.01,36.12,36.21,35.81
39360,1117.74,1016.04,1052.72,1117.70,1047.02,1043.64,1050.80,1052.44,35.95,36.11,36.22,35.78,35.92,36.02,36.14,35.77
39480,1117.46,1015.92,1052.40,1117.36,1046.84,1043.40,1050.60,1052.18,35.94,36.11,36.21,35.77,35.90,36.00,36.15,35.74
39600,1118.68,1015.86,1052.58,1118.00,1047.38,1044.04,1051.38,1052.50,36.03,36.20,36.28,35.92,36.12,36.20,36.29,35.94
39720,1118.46,1015.64,1052.28,1117.70,1047.40,1043.92,1051.40,1052.42,36.10,36.24,36.36,35.96,36.10,36.22,36.35,35.97
39840,1118.48,1015.54,1052.12,1117.60,1047.42,1043.96,1051.36,1052.48,36.11,36.25,36.37,35.96,36.11,36.24,36.34,35.94
39960,1118.20,1015.10,1052.00,1117.32,1047.38,1043.62,1051.26,1052.52,36.02,36.20,36.29,35.85,35.99,36.08,36.23,35.83
40080,1117.70,1014.62,1051.60,1117.04,1047.16,1043.62,1051.14,1052.00,36.02,36.20,36.29,35.86,35.99,36.07,36.23,35.80
40200,1117.88,1014.56,1051.50,1116.84,1047.44,1043.66,1051.32,1052.16,35.98,36.18,36.27,35.85,35.96,36.05,36.19,35.79
40320,1117.58,1014.28,1051.02,1116.32,1047.04,1043.42,1051.06,1051.90,35.98,36.18,36.25,35.81,35.94,36.05,36.17,35.77
40440,1118.48,1014.18,1051.28,1116.80,1047.56,1043.78,1051.68,1052.42,36.07,36.22,36.35,35.97,36.13,36.25,36.33,35.97
40560,1117.72,1013.68,1050.42,1115.92,1047.20,1043.30,1051.22,1051.92,35.98,36.18,36.28,35.80,35.95,36.03,36.19,35.78
40680,1118.06,1013.54,1050.48,1116.08,1047.26,1043.44,1051.28,1051.98,36.01,36.20,36.29,35.84,35.99,36.10,36.23,35.83
40800,1117.78,1013.28,1050.02,1115.74,1046.94,1043.22,1051.16,1051.94,35.93,36.16,36.24,35.80,35.89,35.98,36.13,35.72
40920,1118.54,1013.50,1050.22,1116.24,1047.84,1044.16,1052.00,1052.50,36.17,36.30,36.41,36.06,36.27,36.36,36.47,36.09
41040,1118.44,1013.10,1049.92,1115.68,1047.52,1043.82,1051.60,1052.30,36.08,36.25,36.35,35.92,36.10,36.16,36.32,35.92
41160,1117.92,1012.86,1049.46,1115.30,1047.34,1043.58,1051.52,1051.94,36.05,36.22,36.32,35.87,36.02,36.10,36.25,35.83
41280,1118.20,1012.60,1049.18,1115.04,1047.62,1043.68,1051.66,1052.02,36.03,36.21,36.31,35.89,36.06,36.13,36.25,35.86
41400,1117.66,1012.10,1048.62,1114.54,1047.32,1043.56,1051.24,1051.88,35.98,36.18,36.26,35.80,35.91,36.01,36.17,35.75
41520,1118.20,1011.96,1048.44,1114.48,1047.42,1043.74,1051.48,1051.74,36.01,36.20,36.29,35.86,36.03,36.13,36.23,35.86
41640,1117.94,1011.70,1048.06,1114.28,1046.84,1043.18,1051.36,1051.44,35.93,36.15,36.22,35.76,35.87,35.99,36.12,35.71
41760,1117.74,1011.38,1048.06,1114.40,1047.06,1043.40,1051.34,1051.52,36.01,36.19,36.27,35.86,35.99,36.10,36.22,35.81
41880,1117.48,1011.10,1047.68,1113.84,1047.10,1043.28,1051.00,1051.28,35.92,36.15,36.22,35.77,35.90,35.99,36.13,35.74
42000,1117.60,1010.98,1047.42,1113.56,1046.98,1043.34,1050.88,1051.24,35.96,36.18,36.24,35.82,35.93,36.11,36.18,35.77
42120,1117.58,1010.66,1047.06,1113.40,1046.98,1043.28,1050.84,1051.26,35.92,36.15,36.21,35.78,35.90,36.00,36.13,35.77
42240,1117.34,1010.38,1046.76,1113.04,1046.86,1043.08,1050.94,1051.12,35.93,36.14,36.22,35.78,35.91,36.05,36.17,35.75
42360,1118.70,1010.44,1046.88,1113.42,1047.54,1043.72,1051.74,1051.50,36.03,36.23,36.28,35.90,36.12,36.24,36.32,35.95
42480,1118.30,1010.18,1046.72,1113.34,1047.60,1043.78,1051.70,1051.50,36.08,36.25,36.36,35.96,36.18,36.26,36.38,35.98
42600,1118.04,1010.08,1046.56,1113.04,1047.52,1043.80,1051.62,1051.50,36.08,36.24,36.34,35.93,36.08,36.22,36.34,35.95
42720,1118.04,1009.60,1045.90,1112.58,1047.46,1043.62,1051.46,1051.48,35.99,36.19,36.27,35.81,35.99,36.09,36.22,35.81
42840,1117.46,1009.08,1045.54,1112.42,1047.36,1043.24,1051.16,1051.14,35.96,36.18,36.25,35.81,35.95,36.04,36.18,35.76
42960,1119.10,1009.30,1045.84,1112.64,1047.94,1043.86,1052.02,1051.78,36.08,36.24,36.35,35.96,36.16,36.28,36.34,35.98
43080,1118.74,1008.90,1045.58,1112.62,1047.86,1044.04,1051.96,1051.66,36.14,36.30,36.40,36.01,36.23,36.31,36.43,36.03
43200,1118.44,1008.72,1045.28,1112.34,1047.72,1043.86,1051.84,1051.52,36.10,36.28,36.38,35.95,36.10,36.23,36.36,35.96
43320,1118.22,1008.62,1044.98,1111.88,1047.78,1043.68,1051.66,1051.50,36.02,36.23,36.30,35.86,36.00,36.13,36.25,35.85
43440,1117.82,1008.24,1044.52,1111.34,1047.62,1043.44,1051.42,1051.12,35.99,36.20,36.26,35.80,35.94,36.00,36.17,35.77
43560,1118.50,1008.10,1044.64,1111.56,1047.74,1043.74,1051.86,1051.54,36.07,36.25,36.33,35.93,36.12,36.23,36.32,35.92
43680,1118.22,1007.94,1044.08,1111.22,1047.66,1043.64,1051.66,1051.00,36.04,36.25,36.31,35.87,36.04,36.14,36.27,35.86
43800,1118.14,1008.00,1044.04,1111.18,1047.68,1043.52,1051.76,1051.06,36.05,36.27,36.32,35.92,36.09,36.20,36.28,35.87
43920,1117.92,1007.40,1043.54,1110.92,1047.68,1043.16,1051.66,1051.02,35.99,36.22,36.27,35.83,35.99,36.06,36.21,35.81
44040,1117.34,1007.08,1042.92,1110.08,1047.42,1040.50,1051.26,1050.68,35.93,36.17,36.22,35.76,35.91,36.13,36.11,35.73
44160,1118.04,1006.82,1042.94,1110.14,1047.68,1041.10,1051.58,1050.74,35.95,36.18,36.24,35.80,36.00,36.20,36.23,35.81
44280,1117.36,1006.54,1042.48,1109.82,1047.10,1040.48,1051.24,1050.52,35.91,36.15,36.20,35.74,35.88,36.17,36.13,35.71
44400,1117.92,1006.52,1042.58,1109.90,1047.46,1039.98,1051.54,1050.52,35.98,36.17,36.24,35.83,36.03,36.22,36.23,35.83
44520,1117.82,1006.16,1042.16,1109.46,1047.44,1038.80,1051.24,1050.46,35.94,36.16,36.21,35.78,35.96,36.20,36.14,35.73
44640,1118.48,1006.40,1042.24,1109.78,1047.92,1040.54,1052.00,1051.00,36.12,36.28,36.36,35.99,36.26,36.37,36.43,36.05
44760,1118.34,1006.00,1042.14,1109.48,1047.94,1039.88,1051.76,1050.72,36.01,36.23,36.30,35.85,36.06,36.32,36.27,35.86
44880,1117.84,1005.98,1041.76,1109.06,1047.70,1039.30,1051.66,1050.62,36.03,36.23,36.30,35.87,36.05,36.30,36.26,35.86
45000,1117.92,1005.68,1041.48,1108.90,1047.70,1039.28,1051.74,1050.72,36.00,36.22,36.28,35.87,36.02,36.28,36.25,35.85
45120,1117.26,1005.30,1040.90,1108.38,1047.48,1039.02,1051.34,1050.14,35.93,36.19,36.24,35.76,35.92,36.22,36.18,35.74
45240,1117.86,1005.06,1040.74,1108.40,1047.86,1039.74,1051.60,1050.52,36.00,36.21,36.27,35.85,36.04,36.25,36.28,35.86
45360,1117.44,1004.64,1040.24,1107.80,1047.60,1039.08,1051.34,1050.24,35.93,36.17,36.21,35.74,35.92,36.20,36.16,35.74
45480,1117.64,1004.74,1040.36,1107.98,1047.70,1039.36,1051.58,1050.58,35.98,36.20,36.26,35.84,36.01,36.22,36.25,35.85
45600,1117.72,1004.50,1039.88,1107.72,1047.62,1039.46,1051.32,1050.36,35.95,36.19,36.24,35.82,35.97,36.21,36.19,35.79
45720,1117.70,1004.26,1039.58,1107.48,1047.52,1039.44,1051.38,1050.28,35.97,36.18,36.24,35.82,35.95,36.23,36.20,35.82
45840,1119.00,1004.20,1039.90,1107.64,1048.38,1040.08,1052.14,1050.70,36.05,36.26,36.31,35.94,36.20,36.30,36.34,35.99
45960,1118.38,1004.24,1039.90,1107.58,1048.52,1039.88,1052.14,1050.76,36.14,36.30,36.40,36.02,36.23,36.42,36.47,36.03
46080,1118.18,1003.96,1039.26,1107.28,1048.20,1039.62,1052.22,1050.48,36.06,36.27,36.35,35.93,36.14,36.36,36.37,35.95
46200,1118.00,1003.68,1038.86,1106.48,1047.88,1039.48,1051.64,1050.46,35.96,36.18,36.25,35.81,35.97,36.28,36.23,35.80
46320,1117.58,1003.46,1038.80,1106.34,1047.86,1039.36,1051.62,1050.02,35.99,36.20,36.27,35.83,36.02,36.26,36.25,35.80
46440,1118.10,1003.26,1038.48,1106.28,1047.94,1039.64,1051.80,1050.02,35.95,36.19,36.25,35.84,35.98,36.24,36.24,35.83
46560,1117.64,1002.98,1038.00,1105.68,1047.72,1039.18,1051.36,1049.94,35.97,36.20,36.24,35.81,35.96,36.21,36.21,35.78
46680,1117.96,1002.88,1037.98,1105.70,1047.84,1039.28,1051.50,1049.88,35.97,36.19,36.24,35.83,36.01,36.21,36.22,35.83
46800,1117.58,1002.20,1037.48,1104.86,1047.54,1039.02,1051.04,1049.56,35.87,36.13,36.17,35.70,35.85,36.13,36.11,35.67
46920,1117.78,1002.04,1037.34,1104.92,1047.64,1039.04,1051.38,1049.60,35.96,36.18,36.23,35.81,36.01,36.19,36.22,35.84
47040,1117.66,1001.92,1037.02,1104.82,1047.56,1039.14,1051.38,1049.60,35.92,36.15,36.21,35.79,35.95,36.16,36.20,35.78
47160,1117.50,1001.80,1036.86,1104.50,1047.52,1038.98,1051.42,1049.48,35.97,36.18,36.24,35.80,35.98,36.20,36.20,35.79
47280,1117.72,1001.68,1036.62,1104.04,1047.62,1038.94,1051.32,1049.44,35.91,36.15,36.20,35.77,35.92,36.14,36.17,35.76
47400,1117.44,1001.40,1036.26,1103.64,1047.54,1038.68,1051.02,1049.34,35.93,36.16,36.21,35.77,35.93,36.15,36.18,35.76
47520,1118.78,1001.50,1036.20,1104.40,1048.32,1039.86,1051.80,1050.02,36.04,36.23,36.28,35.97,36.16,36.27,36.33,36.00
47640,1118.30,1001.28,1036.38,1104.16,1048.22,1039.48,1052.02,1049.82,36.10,36.28,36.37,35.97,36.19,36.35,36.39,36.00
47760,1118.50,1001.38,1036.16,1104.04,1048.26,1039.54,1051.84,1049.96,36.11,36.30,36.36,35.95,36.17,36.34,36.39,35.98
47880,1117.84,1000.86,1035.74,1103.48,1048.38,1039.12,1051.74,1049.90,36.00,36.24,36.29,35.84,36.03,36.25,36.25,35.84
48000,1117.44,1000.76,1035.20,1103.14,1047.94,1039.04,1051.48,1049.70,35.97,36.23,36.27,35.83,36.03,36.24,36.26,35.82
48120,1117.64,1000.58,1034.82,1102.92,1048.08,1039.22,1051.62,1049.74,35.96,36.21,36.25,35.82,35.98,36.19,36.20,35.84
48240,1117.44,1000.28,1034.58,1102.48,1047.88,1039.04,1051.44,1049.58,35.96,36.19,36.23,35.80,35.98,36.20,36.20,35.79
48360,1117.58,999.96,1034.64,1102.44,1047.92,1039.26,1051.32,1049.40,35.98,36.22,36.27,35.87,36.03,36.23,36.25,35.88
48480,1117.58,999.80,1034.22,1102.32,1047.88,1039.18,1051.42,1049.50,35.91,36.18,36.22,35.80,35.92,36.19,36.16,35.80
48600,1118.26,999.90,1034.34,1102.54,1048.56,1039.32,1052.30,1049.78,36.11,36.30,36.37,35.99,36.25,36.35,36.43,36.04
48720,1118.60,999.78,1033.80,1102.36,1048.86,1039.50,1052.10,1049.90,36.09,36.28,36.35,35.97,36.20,36.34,36.40,36.00
48840,1117.96,999.36,1033.74,1101.62,1048.30,1038.98,1051.72,1049.54,35.98,36.23,36.28,35.81,36.01,36.25,36.24,35.81
48960,1117.74,999.24,1033.44,1101.54,1048.42,1038.98,1051.92,1049.52,36.02,36.22,36.30,35.88,36.03,36.26,36.27,35.88
49080,1117.62,999.06,1032.96,1100.92,1048.32,1038.86,1051.52,1049.24,35.93,36.18,36.21,35.77,35.96,36.18,36.17,35.76
49200,1117.52,998.78,1032.84,1100.74,1048.22,1038.80,1051.42,1049.16,35.94,36.18,36.24,35.79,35.99,36.18,36.18,35.79
49320,1118.74,999.08,1032.82,1101.18,1048.92,1039.50,1052.18,1049.56,36.04,36.24,36.29,35.96,36.17,36.27,36.35,36.01
49440,1118.60,998.98,1032.68,1101.02,1049.00,1039.30,1052.18,1049.66,36.14,36.33,36.39,36.02,36.24,36.37,36.48,36.03
49560,1118.42,998.70,1032.64,1100.74,1048.92,1039.16,1052.14,1049.60,36.12,36.30,36.38,35.98,36.19,36.36,36.42,36.00
49680,1118.16,998.46,1032.12,1100.20,1048.94,1039.08,1051.88,1049.38,36.00,36.24,36.29,35.84,36.03,36.27,36.25,35.83
49800,1117.84,998.46,1031.84,1099.84,1048.74,1038.74,1051.62,1049.22,36.01,36.24,36.29,35.84,36.03,36.26,36.25,35.83
49920,1117.92,997.94,1031.48,1099.74,1048.74,1039.04,1051.94,1049.28,35.98,36.22,36.25,35.84,36.01,36.21,36.24,35.84
50040,1117.32,997.92,1031.00,1099.06,1048.30,1038.44,1051.26,1048.86,35.94,36.19,36.22,35.76,35.93,36.18,36.15,35.74
50160,1117.74,997.80,1031.02,1099.04,1048.62,1038.76,1051.48,1048.74,35.97,36.21,36.26,35.84,36.03,36.22,36.23,35.85
50280,1117.32,997.34,1030.60,1098.40,1048.32,1038.28,1051.08,1048.40,35.90,36.16,36.19,35.73,35.89,36.15,36.14,35.71
50400,1117.72,997.26,1030.60,1098.52,1048.54,1038.52,1051.42,1048.76,35.96,36.18,36.23,35.85,36.03,36.20,36.24,35.84
50520,1117.36,997.08,1030.50,1098.14,1048.28,1038.24,1051.48,1048.78,35.90,36.16,36.19,35.79,35.92,36.14,36.20,35.79
50640,1118.38,997.34,1030.72,1098.66,1049.24,1039.20,1052.00,1049.40,36.14,36.30,36.38,36.05,36.33,36.38,36.50,36.11
50760,1118.26,997.40,1030.36,1098.34,1049.10,1039.10,1051.96,1049.20,36.08,36.26,36.34,35.95,36.20,36.35,36.40,36.00
50880,1117.40,996.94,1029.66,1097.60,1048.74,1038.58,1051.80,1048.74,35.94,36.16,36.24,35.79,36.01,36.25,36.24,35.81
51000,1117.56,996.76,1029.66,1097.68,1048.80,1038.44,1051.98,1048.88,35.99,36.18,36.26,35.88,36.08,36.28,36.32,35.90
51120,1117.56,996.54,1029.34,1097.06,1048.82,1038.22,1051.60,1048.54,35.91,36.15,36.20,35.73,35.95,36.19,36.17,35.75
51240,1117.54,996.44,1029.22,1097.00,1049.06,1038.54,1051.64,1048.52,35.99,36.22,36.27,35.87,36.07,36.23,36.30,35.87
51360,1117.52,996.32,1028.78,1096.62,1048.78,1038.38,1051.74,1048.30,35.93,36.17,36.21,35.78,35.97,36.18,36.18,35.75
51480,1117.16,996.16,1028.40,1096.44,1048.68,1038.34,1051.68,1048.22,35.97,36.19,36.26,35.84,36.00,36.21,36.26,35.84
51600,1117.48,996.04,1028.34,1096.08,1048.74,1038.22,1051.46,1048.16,35.92,36.17,36.22,35.79,35.97,36.18,36.20,35.81
51720,1117.24,996.00,1028.04,1095.74,1048.70,1037.88,1051.14,1047.98,35.95,36.18,36.21,35.78,35.98,36.17,36.21,35.79
51840,1118.58,995.88,1028.02,1096.14,1049.44,1038.64,1052.10,1048.46,36.03,36.24,36.29,35.93,36.19,36.27,36.35,35.99
51960,1118.40,995.92,1027.88,1095.86,1049.42,1038.64,1052.02,1048.52,36.09,36.28,36.36,35.96,36.24,36.35,36.41,36.03
52080,1118.04,995.74,1027.82,1095.42,1049.40,1038.30,1052.00,1048.32,36.05,36.25,36.33,35.90,36.13,36.32,36.34,35.90
52200,1118.04,995.70,1027.68,1095.28,1049.22,1038.40,1051.84,1048.30,35.98,36.21,36.26,35.82,36.05,36.25,36.26,35.84
52320,1117.36,995.54,1027.06,1094.72,1049.18,1037.88,1051.58,1048.20,35.98,36.20,36.25,35.81,36.02,36.23,36.25,35.83
52440,1118.22,995.52,1027.36,1095.06,1049.58,1038.00,1052.00,1048.54,36.05,36.25,36.30,35.93,36.21,36.30,36.36,35.97
52560,1118.02,995.24,1026.98,1094.60,1049.44,1038.00,1051.56,1048.42,36.02,36.24,36.30,35.86,36.08,36.27,36.31,35.88
52680,1118.14,995.14,1026.62,1094.34,1049.36,1038.08,1051.80,1048.22,36.04,36.25,36.30,35.91,36.12,36.30,36.31,35.93
52800,1117.74,995.02,1026.42,1093.92,1049.22,1037.94,1051.76,1048.22,35.95,36.19,36.23,35.79,35.99,36.21,36.21,35.79
52920,1117.22,995.00,1026.28,1093.66,1049.18,1037.82,1051.70,1048.06,35.96,36.20,36.25,35.81,35.96,36.22,36.22,35.82
53040,1117.46,994.78,1025.96,1093.46,1049.36,1037.86,1051.70,1048.16,35.94,36.18,36.23,35.81,36.01,36.20,36.23,35.83
53160,1117.02,994.50,1025.54,1092.94,1049.00,1037.46,1051.20,1047.64,35.88,36.13,36.18,35.72,35.91,36.16,36.15,35.71
53280,1117.74,994.60,1025.48,1093.02,1049.64,1037.78,1051.72,1047.84,36.02,36.20,36.29,35.89,36.13,36.27,36.33,35.96
53400,1117.50,994.20,1025.26,1092.90,1049.52,1037.62,1051.62,1047.64,35.95,36.17,36.23,35.81,36.06,36.23,36.27,35.86
53520,1117.30,994.30,1025.26,1092.70,1049.50,1037.60,1051.70,1047.62,35.99,36.20,36.28,35.87,36.10,36.25,36.32,35.86
53640,1117.34,993.98,1024.90,1092.46,1049.42,1037.78,1051.48,1047.60,35.93,36.18,36.23,35.80,35.97,36.20,36.21,35.81
53760,1117.08,993.98,1024.44,1092.18,1049.30,1037.32,1051.16,1047.32,35.93,36.18,36.22,35.78,35.97,36.20,36.21,35.78
53880,1118.50,994.24,1024.80,1092.24,1050.10,1038.02,1051.90,1047.94,36.05,36.24,36.30,35.98,36.20,36.29,36.37,36.00
54000,1118.32,994.24,1024.82,1092.32,1049.84,1038.08,1051.98,1047.94,36.12,36.30,36.38,35.99,36.22,36.38,36.44,36.03
54120,1117.68,994.10,1024.74,1091.90,1049.86,1037.80,1051.88,1048.12,36.08,36.28,36.37,35.96,36.17,36.37,36.42,35.96
54240,1117.70,993.96,1024.10,1091.40,1049.96,1037.70,1051.68,1047.74,35.99,36.20,36.26,35.84,36.06,36.29,36.28,35.86
54360,1116.96,993.60,1023.92,1091.08,1049.58,1037.16,1051.48,1047.24,35.94,36.17,36.23,35.77,35.94,36.24,36.20,35.76
54480,1118.28,994.02,1023.98,1091.44,1050.34,1037.74,1052.04,1048.02,36.06,36.25,36.32,35.97,36.19,36.32,36.40,36.00
54600,1118.08,993.68,1023.88,1091.02,1050.14,1037.60,1051.74,1047.92,36.03,36.25,36.31,35.89,36.11,36.30,36.32,35.90
54720,1117.86,993.68,1023.64,1091.04,1050.06,1037.32,1051.82,1047.70,36.06,36.26,36.34,35.93,36.11,36.32,36.37,35.95
54840,1117.36,993.58,1023.28,1090.44,1049.98,1037.24,1051.70,1047.36,35.97,36.21,36.26,35.81,36.02,36.24,36.23,35.81
54960,1117.18,993.32,1022.74,1090.08,1049.86,1037.20,1051.22,1047.22,35.95,36.20,36.24,35.78,35.98,36.22,36.20,35.78
55080,1118.76,993.50,1023.30,1090.58,1050.42,1037.74,1051.98,1047.98,36.08,36.26,36.31,35.95,36.21,36.29,36.37,35.99
55200,1118.16,993.38,1023.24,1090.48,1050.34,1037.56,1051.92,1047.84,36.10,36.31,36.39,35.97,36.24,36.39,36.47,36.05
55320,1117.84,993.46,1023.00,1090.06,1050.38,1037.56,1052.00,1047.68,36.09,36.28,36.36,35.94,36.18,36.37,36.40,35.98
55440,1118.12,993.26,1022.38,1089.72,1050.38,1037.30,1051.74,1047.60,35.99,36.23,36.28,35.85,36.08,36.29,36.29,35.87
55560,1117.10,993.06,1022.18,1089.28,1049.94,1036.96,1051.50,1047.06,35.95,36.20,36.25,35.78,35.96,36.24,36.23,35.78
55680,1117.48,993.08,1021.86,1089.02,1050.24,1037.10,1051.58,1047.28,35.97,36.20,36.25,35.83,36.04,36.24,36.25,35.87
55800,1116.90,992.68,1021.56,1088.60,1049.82,1036.82,1051.10,1046.80,35.89,36.14,36.18,35.69,35.92,36.17,36.14,35.71
55920,1117.30,992.82,1021.64,1088.70,1050.18,1036.86,1051.40,1047.02,35.96,36.18,36.24,35.83,36.05,36.22,36.26,35.85
56040,1117.44,992.80,1021.28,1088.70,1050.24,1036.72,1051.24,1047.00,35.91,36.17,36.22,35.80,35.95,36.19,36.21,35.81
56160,1117.24,992.64,1021.18,1088.64,1050.08,1036.92,1051.38,1047.14,36.02,36.24,36.30,35.90,36.11,36.27,36.32,35.95
56280,1117.30,992.44,1020.82,1087.84,1050.14,1036.84,1051.18,1046.60,35.92,36.17,36.21,35.77,36.01,36.21,36.21,35.80
56400,1116.94,992.32,1020.82,1087.80,1049.96,1036.74,1051.08,1046.50,35.94,36.18,36.25,35.80,36.00,36.22,36.21,35.82
56520,1117.58,992.18,1020.50,1087.80,1050.18,1036.78,1051.00,1046.72,35.95,36.17,36.22,35.82,36.01,36.19,36.20,35.83
56640,1117.36,992.24,1020.24,1087.42,1050.02,1036.80,1050.94,1046.64,35.93,36.17,36.22,35.78,35.99,36.19,36.18,35.76
56760,1118.70,992.58,1020.46,1087.92,1050.78,1037.30,1052.16,1047.34,36.07,36.24,36.32,36.00,36.25,36.34,36.45,36.06
56880,1118.16,992.48,1020.42,1087.62,1050.74,1037.34,1051.96,1047.00,36.14,36.31,36.39,35.99,36.25,36.38,36.46,36.02
57000,1118.18,992.70,1020.32,1087.52,1050.74,1036.98,1051.80,1047.12,36.10,36.29,36.37,35.94,36.20,36.36,36.39,35.97
57120,1117.76,992.34,1019.84,1086.78,1050.52,1036.86,1051.74,1046.72,35.99,36.22,36.27,35.81,36.03,36.26,36.25,35.82
57240,1117.54,992.52,1019.54,1086.86,1050.44,1036.96,1051.68,1046.70,36.03,36.23,36.29,35.86,36.08,36.29,36.30,35.87
57360,1117.48,992.20,1019.54,1086.48,1050.48,1036.76,1051.56,1046.78,35.94,36.19,36.23,35.80,36.00,36.23,36.24,35.83
57480,1117.22,991.92,1019.14,1086.36,1050.32,1036.68,1051.66,1046.78,35.98,36.21,36.26,35.84,36.02,36.25,36.29,35.85
57600,1117.54,992.02,1019.20,1085.76,1050.72,1036.68,1051.88,1046.68,35.96,36.20,36.25,35.84,36.05,36.23,36.27,35.85
57720,1116.84,991.80,1018.78,1085.46,1050.16,1036.50,1051.26,1046.18,35.93,36.16,36.22,35.75,35.96,36.18,36.19,35.75
57840,1118.42,992.02,1018.92,1085.64,1050.94,1036.80,1051.68,1047.04,35.99,36.24,36.28,35.89,36.15,36.28,36.34,35.94
57960,1117.88,992.10,1018.94,1085.82,1051.00,1036.78,1051.88,1046.88,36.09,36.26,36.35,35.94,36.22,36.39,36.42,36.03
58080,1117.68,991.90,1018.82,1085.66,1050.96,1037.10,1052.02,1046.70,36.07,36.25,36.34,35.96,36.22,36.37,36.42,36.01
58200,1117.52,991.90,1018.40,1085.26,1050.72,1036.84,1051.50,1046.70,35.98,36.20,36.26,35.80,36.03,36.27,36.25,35.82
58320,1117.06,991.90,1018.24,1085.26,1050.74,1036.70,1051.34,1046.18,36.00,36.21,36.27,35.84,36.05,36.27,36.29,35.84
58440,1117.26,991.56,1018.06,1084.98,1050.74,1036.68,1051.28,1046.30,35.94,36.18,36.22,35.81,36.03,36.22,36.23,35.82
58560,1117.24,991.62,1017.68,1084.44,1050.54,1038.22,1051.32,1046.00,35.97,36.19,36.24,35.80,36.03,36.22,36.23,35.82
58680,1117.60,991.68,1017.82,1084.82,1050.88,1040.74,1051.44,1046.16,36.01,36.22,36.29,35.88,36.11,36.26,36.32,35.90
58800,1117.60,991.68,1017.34,1084.28,1050.84,1040.84,1051.52,1046.02,35.96,36.19,36.25,35.81,36.01,36.23,36.23,35.83
58920,1118.16,992.14,1017.80,1084.72,1051.54,1041.36,1052.16,1046.62,36.15,36.32,36.40,36.03,36.35,36.41,36.52,36.10
59040,1118.16,992.08,1017.68,1084.72,1051.64,1041.34,1052.06,1046.40,36.10,36.31,36.38,35.97,36.23,36.38,36.42,36.01
59160,1117.36,991.76,1017.42,1084.02,1051.16,1040.82,1051.76,1045.82,36.00,36.25,36.31,35.84,36.07,36.31,36.30,35.83
59280,1117.58,991.76,1017.24,1083.92,1051.32,1040.80,1051.88,1046.32,36.03,36.24,36.30,35.90,36.14,36.32,36.33,35.92
59400,1117.26,991.26,1016.90,1083.44,1051.14,1040.54,1051.48,1045.90,35.95,36.18,36.24,35.77,35.96,36.24,36.21,35.77
59520,1117.12,991.46,1016.78,1083.50,1051.40,1040.64,1051.76,1046.00,36.02,36.22,36.28,35.88,36.09,36.28,36.33,35.90
59640,1117.20,991.20,1016.50,1082.88,1051.18,1040.68,1051.64,1045.74,35.94,36.17,36.22,35.77,35.95,36.22,36.20,35.79
59760,1117.02,991.10,1016.60,1082.80,1051.20,1040.66,1051.50,1045.86,35.99,36.19,36.27,35.84,36.06,36.26,36.29,35.86
59880,1117.12,991.10,1016.18,1082.70,1051.26,1040.66,1051.68,1045.74,35.94,36.16,36.21,35.77,35.99,36.21,36.22,35.80
60000,1116.88,991.02,1016.06,1082.46,1051.32,1040.38,1051.30,1045.70,35.98,36.17,36.25,35.78,36.03,36.23,36.25,35.83
60120,1117.34,991.04,1015.90,1082.46,1051.32,1040.46,1051.26,1045.52,35.95,36.17,36.23,35.82,36.01,36.21,36.24,35.84
60240,1116.90,990.88,1015.60,1082.14,1051.04,1040.46,1051.22,1045.36,35.97,36.16,36.24,35.81,36.01,36.21,36.26,35.81
60360,1117.14,990.86,1015.50,1082.08,1051.16,1040.54,1051.14,1045.42,35.95,36.15,36.22,35.81,36.03,36.20,36.24,35.85
60480,1116.38,990.58,1014.94,1081.56,1050.70,1040.10,1050.94,1045.00,35.84,36.08,36.15,35.68,35.91,36.15,36.14,35.71
60600,1117.00,990.74,1014.90,1081.76,1051.14,1040.24,1051.18,1045.20,35.93,36.13,36.20,35.81,36.04,36.20,36.25,35.87
60720,1116.64,990.68,1014.64,1081.24,1050.84,1040.00,1050.76,1044.90,35.87,36.09,36.15,35.71,35.92,36.15,36.15,35.71
60840,1116.98,990.76,1014.80,1081.40,1051.26,1040.20,1051.16,1045.08,35.94,36.14,36.21,35.82,36.06,36.20,36.28,35.83
60960,1116.90,990.64,1014.78,1081.08,1051.04,1040.22,1051.10,1045.06,35.92,36.14,36.20,35.78,35.99,36.18,36.22,35.78
61080,1116.80,990.72,1014.64,1080.86,1051.26,1040.28,1050.88,1045.00,35.97,36.17,36.26,35.83,36.05,36.23,36.28,35.90
61200,1116.78,990.72,1014.42,1080.68,1051.36,1040.06,1050.96,1045.04,35.90,36.13,36.19,35.74,35.99,36.18,36.20,35.76
61320,1116.74,990.78,1014.28,1080.70,1051.30,1040.00,1051.06,1044.96,35.95,36.17,36.24,35.82,36.05,36.21,36.25,35.84
61440,1117.30,990.80,1014.26,1080.76,1051.16,1040.20,1051.28,1045.18,35.98,36.19,36.26,35.85,36.09,36.21,36.28,35.88
61560,1116.66,990.62,1013.76,1080.10,1050.94,1039.96,1051.00,1044.88,35.94,36.16,36.20,35.76,35.98,36.19,36.22,35.78
61680,1117.64,990.98,1014.16,1080.64,1051.86,1040.42,1051.54,1045.44,36.06,36.22,36.32,35.93,36.21,36.30,36.41,36.02
61800,1116.96,990.64,1013.80,1080.00,1051.44,1040.16,1051.22,1044.76,35.97,36.18,36.23,35.80,36.04,36.25,36.27,35.79
61920,1117.32,990.62,1013.66,1080.00,1051.42,1040.10,1051.28,1044.68,35.99,36.17,36.26,35.84,36.09,36.26,36.29,35.87
62040,1117.28,990.52,1013.56,1079.68,1051.70,1040.06,1051.38,1044.72,35.91,36.11,36.19,35.72,36.03,36.21,36.22,35.75
62160,1117.94,991.14,1013.68,1080.34,1052.08,1040.60,1051.90,1045.32,36.15,36.28,36.39,36.04,36.36,36.40,36.53,36.12
62280,1117.98,990.82,1013.80,1080.22,1052.04,1040.64,1051.96,1045.30,36.10,36.27,36.37,35.98,36.24,36.39,36.45,36.02
62400,1117.10,990.62,1013.42,1079.48,1051.88,1040.30,1051.60,1045.04,35.99,36.19,36.28,35.83,36.09,36.30,36.30,35.86
62520,1117.08,990.58,1013.16,1079.44,1052.02,1040.28,1051.52,1045.02,35.98,36.17,36.26,35.84,36.10,36.29,36.31,35.88
62640,1116.94,990.80,1012.98,1079.46,1051.92,1040.26,1051.44,1044.98,35.91,36.14,36.21,35.79,36.02,36.24,36.23,35.81
62760,1117.18,990.86,1012.92,1079.54,1052.06,1040.38,1051.42,1045.02,36.05,36.23,36.32,35.96,36.18,36.33,36.38,35.96
62880,1117.56,990.80,1012.94,1078.96,1052.22,1040.40,1051.36,1044.98,36.04,36.22,36.31,35.91,36.13,36.32,36.35,35.94
63000,1116.82,990.60,1012.64,1078.62,1051.94,1040.30,1051.30,1044.50,35.95,36.19,36.26,35.79,36.01,36.26,36.24,35.80
63120,1117.08,990.54,1012.50,1078.44,1052.02,1040.26,1051.26,1044.60,35.99,36.19,36.26,35.84,36.10,36.28,36.28,35.87
63240,1116.78,990.60,1012.36,1078.18,1051.86,1040.18,1051.10,1044.54,35.92,36.15,36.23,35.79,35.97,36.22,36.20,35.81
63360,1118.22,991.06,1012.74,1078.84,1052.90,1040.96,1052.28,1045.20,36.18,36.31,36.42,36.10,36.42,36.44,36.57,36.20
63480,1117.98,991.00,1012.60,1078.64,1052.88,1040.70,1052.12,1045.12,36.12,36.29,36.39,35.98,36.25,36.40,36.44,36.00
63600,1116.82,990.66,1012.32,1078.06,1052.20,1040.36,1051.40,1044.82,35.98,36.20,36.29,35.83,36.09,36.34,36.33,35.86
63720,1116.86,990.76,1012.14,1078.00,1052.32,1040.40,1051.64,1044.78,35.99,36.19,36.28,35.85,36.12,36.32,36.32,35.89
63840,1116.78,990.80,1012.00,1077.78,1052.20,1040.52,1051.18,1044.98,35.93,36.16,36.24,35.80,35.99,36.28,36.22,35.83
63960,1118.48,991.50,1012.46,1078.46,1052.98,1041.20,1052.56,1045.32,36.23,36.33,36.45,36.12,36.45,36.48,36.61,36.21
64080,1117.84,991.46,1012.22,1078.26,1052.96,1040.96,1052.44,1045.36,36.15,36.31,36.41,36.00,36.28,36.45,36.47,36.04
64200,1116.96,991.12,1011.72,1077.66,1052.76,1040.54,1051.96,1044.62,36.05,36.24,36.33,35.89,36.13,36.38,36.37,35.91
64320,1117.12,991.10,1011.78,1077.40,1052.70,1040.50,1051.96,1044.78,36.02,36.22,36.31,35.87,36.11,36.33,36.33,35.91
64440,1117.12,991.00,1011.60,1077.14,1052.70,1040.54,1051.94,1044.60,35.96,36.20,36.27,35.83,36.04,36.28,36.20,35.82
64560,1117.88,991.26,1011.88,1077.82,1053.20,1040.86,1052.58,1045.12,36.18,36.33,36.43,36.09,36.38,36.46,36.57,36.15
64680,1118.14,991.34,1011.64,1077.52,1053.32,1040.94,1052.30,1045.12,36.14,36.31,36.40,36.01,36.27,36.44,36.48,36.05
64800,1116.94,991.10,1011.34,1076.68,1052.56,1040.62,1051.80,1044.44,36.02,36.26,36.33,35.85,36.06,36.34,36.31,35.84
64920,1117.58,991.02,1011.24,1076.94,1053.04,1040.78,1051.92,1044.72,36.09,36.28,36.36,35.93,36.23,36.38,36.40,35.98
65040,1117.30,990.96,1010.80,1076.64,1052.94,1040.78,1051.80,1044.78,35.99,36.21,36.29,35.85,36.07,36.35,36.29,35.90
65160,1117.88,991.34,1011.20,1077.06,1053.46,1041.02,1052.72,1045.08,36.19,36.33,36.44,36.08,36.40,36.49,36.58,36.16
65280,1117.96,991.22,1011.14,1077.00,1053.36,1041.14,1052.56,1044.98,36.14,36.33,36.42,36.02,36.28,36.46,36.49,36.05
65400,1117.22,991.02,1010.76,1076.34,1053.30,1040.66,1052.18,1044.44,36.04,36.26,36.33,35.87,36.12,36.38,36.34,35.88
65520,1117.10,991.06,1010.60,1076.28,1053.16,1040.50,1052.28,1044.64,36.04,36.24,36.31,35.88,36.14,36.37,36.36,35.92
65640,1117.02,991.04,1010.24,1075.92,1052.82,1040.38,1051.70,1044.18,35.96,36.20,36.25,35.79,36.02,36.29,36.24,35.81
65760,1116.96,990.76,1010.24,1075.74,1052.78,1040.46,1051.54,1044.10,36.00,36.21,36.27,35.82,36.02,36.29,36.27,35.85
65880,1117.88,991.16,1010.18,1076.08,1053.46,1040.98,1052.46,1044.56,36.08,36.26,36.35,35.95,36.24,36.39,36.43,36.06
66000,1117.46,991.20,1009.90,1076.00,1053.46,1040.92,1052.40,1044.58,36.10,36.28,36.38,35.98,36.29,36.43,36.49,36.05
66120,1117.16,991.00,1010.02,1075.58,1053.12,1040.76,1052.20,1044.20,36.06,36.25,36.34,35.92,36.21,36.41,36.40,35.98
66240,1117.24,990.94,1009.86,1075.48,1052.96,1040.74,1052.08,1043.94,35.99,36.19,36.28,35.85,36.10,36.33,36.31,35.88
66360,1116.84,990.94,1009.74,1075.02,1052.72,1040.62,1051.92,1043.72,36.00,36.21,36.28,35.84,36.02,36.31,36.30,35.85
66480,1117.00,990.96,1009.74,1075.14,1052.84,1040.68,1051.80,1043.94,35.99,36.20,36.28,35.87,36.09,36.30,36.30,35.89
66600,1116.42,991.10,1009.38,1074.82,1052.76,1040.26,1051.64,1043.66,35.93,36.17,36.23,35.76,35.99,36.25,36.21,35.76
66720,1116.58,990.86,1009.34,1074.68,1052.80,1040.18,1051.66,1043.72,35.96,36.16,36.24,35.82,36.07,36.26,36.26,35.83
66840,1116.60,990.88,1009.22,1074.50,1052.90,1040.18,1051.60,1043.60,35.91,36.13,36.21,35.78,36.03,36.22,36.24,35.83
66960,1116.44,990.62,1008.82,1074.28,1052.46,1040.16,1051.30,1043.36,35.94,36.14,36.24,35.77,36.05,36.23,36.28,35.83
67080,1117.76,991.02,1009.16,1074.76,1053.20,1040.68,1051.90,1043.76,36.03,36.22,36.30,35.92,36.20,36.33,36.37,35.99
67200,1117.30,991.10,1009.10,1074.78,1053.10,1040.60,1051.96,1043.60,36.07,36.25,36.34,35.95,36.24,36.40,36.41,35.99
67320,1117.48,991.06,1009.16,1074.50,1053.12,1040.58,1051.82,1043.52,36.07,36.24,36.35,35.94,36.16,36.37,36.42,35.94
67440,1117.12,991.10,1008.84,1074.08,1053.04,1040.52,1051.72,1043.62,35.98,36.19,36.26,35.82,36.07,36.30,36.28,35.85
67560,1116.64,990.96,1008.72,1073.78,1052.96,1040.34,1051.48,1043.48,35.98,36.20,36.28,35.83,36.06,36.30,36.30,35.84
67680,1117.74,991.14,1008.94,1074.34,1053.84,1040.82,1052.20,1043.94,36.08,36.24,36.34,35.95,36.29,36.38,36.44,36.04
67800,1117.44,991.30,1009.00,1074.04,1053.68,1040.50,1052.22,1043.80,36.11,36.27,36.39,35.99,36.30,36.45,36.50,36.05
67920,1117.26,991.28,1008.66,1073.66,1053.46,1040.64,1052.02,1043.56,36.06,36.23,36.35,35.91,36.18,36.41,36.42,35.97
68040,1117.14,991.08,1008.48,1073.48,1053.34,1040.46,1052.06,1043.46,36.00,36.20,36.28,35.85,36.10,36.33,36.28,35.88
68160,1116.60,991.20,1008.22,1073.38,1053.04,1039.96,1051.82,1043.06,36.00,36.20,36.28,35.83,36.07,36.31,36.29,35.85
68280,1116.86,991.16,1008.28,1073.06,1052.84,1040.02,1051.68,1043.00,35.98,36.19,36.27,35.83,36.07,36.29,36.29,35.87
68400,1116.38,991.14,1007.82,1072.84,1052.72,1040.06,1051.22,1042.74,35.94,36.15,36.22,35.76,35.98,36.23,36.22,35.76
68520,1116.76,991.26,1007.74,1072.84,1052.90,1040.04,1051.52,1042.80,35.98,36.17,36.24,35.84,36.07,36.28,36.30,35.87
68640,1116.70,991.04,1007.82,1072.66,1052.80,1040.08,1051.48,1042.68,35.94,36.14,36.22,35.79,36.05,36.24,36.26,35.83
68760,1116.50,991.00,1007.54,1072.42,1052.62,1039.78,1051.28,1042.44,35.96,36.15,36.23,35.80,36.03,36.23,36.26,35.77
68880,1117.42,991.18,1007.54,1072.82,1053.28,1040.24,1051.70,1042.80,36.03,36.19,36.28,35.91,36.18,36.31,36.37,35.99
69000,1117.14,991.16,1007.54,1072.70,1053.06,1040.22,1051.78,1042.90,36.06,36.23,36.34,35.92,36.19,36.38,36.42,35.98
69120,1117.04,991.28,1007.54,1072.64,1052.96,1040.26,1051.70,1042.88,36.06,36.20,36.32,35.91,36.16,36.37,36.40,35.96
69240,1117.04,991.18,1007.44,1072.30,1052.78,1040.24,1051.52,1042.78,35.95,36.15,36.24,35.80,36.06,36.29,36.27,35.83
69360,1116.60,990.98,1007.20,1072.00,1053.02,1040.08,1051.26,1042.48,35.98,36.16,36.26,35.83,36.09,36.29,36.27,35.86
69480,1117.78,991.22,1007.54,1072.38,1053.48,1040.20,1052.16,1043.12,36.07,36.22,36.33,35.95,36.25,36.36,36.41,36.02
69600,1117.22,991.56,1007.50,1072.30,1053.34,1040.30,1052.14,1043.04,36.10,36.26,36.37,35.97,36.26,36.43,36.45,36.02
69720,1117.06,991.34,1007.26,1072.08,1053.56,1040.32,1052.16,1042.88,36.05,36.23,36.34,35.92,36.20,36.40,36.42,35.95
69840,1117.12,991.38,1007.12,1072.00,1053.48,1040.38,1052.22,1042.82,36.03,36.21,36.31,35.89,36.17,36.37,36.38,35.93
69960,1116.18,991.16,1006.78,1071.48,1052.96,1039.98,1051.64,1042.44,35.94,36.15,36.25,35.77,36.00,36.28,36.24,35.78
70080,1116.76,991.40,1006.84,1071.28,1053.16,1040.06,1051.76,1042.60,36.01,36.18,36.28,35.84,36.09,36.30,36.32,35.90
70200,1117.20,991.50,1006.60,1071.20,1053.00,1039.84,1051.70,1042.54,35.95,36.15,36.24,35.76,35.99,36.25,36.26,35.83
70320,1117.82,991.72,1006.98,1071.74,1053.84,1040.58,1052.16,1042.98,36.18,36.31,36.41,36.06,36.38,36.46,36.58,36.14
70440,1117.54,991.86,1006.98,1071.72,1053.74,1040.40,1052.28,1043.04,36.12,36.29,36.39,35.99,36.26,36.43,36.48,36.03
70560,1116.86,991.82,1006.56,1071.06,1053.36,1040.26,1052.08,1042.60,36.05,36.25,36.33,35.87,36.12,36.36,36.34,35.88
70680,1117.02,991.84,1006.74,1071.16,1053.70,1040.40,1052.02,1042.62,36.06,36.24,36.33,35.88,36.15,36.36,36.36,35.90
70800,1116.78,991.64,1006.40,1070.74,1053.40,1040.12,1051.82,1042.52,35.96,36.20,36.28,35.78,36.08,36.31,36.24,35.86
70920,1117.68,991.98,1006.90,1071.34,1053.96,1040.46,1052.48,1043.10,36.20,36.34,36.45,36.09,36.40,36.48,36.60,36.18
71040,1117.70,992.20,1006.60,1071.30,1053.90,1040.50,1052.30,1042.96,36.14,36.30,36.40,35.99,36.29,36.47,36.49,36.05
71160,1116.70,991.96,1006.38,1070.78,1053.54,1039.90,1052.02,1042.54,36.01,36.21,36.31,35.84,36.08,36.37,36.32,35.86
71280,1116.76,991.92,1006.30,1070.82,1053.50,1039.80,1052.08,1042.66,36.02,36.22,36.31,35.88,36.12,36.36,36.37,35.92
71400,1116.80,991.78,1005.96,1070.38,1053.32,1039.78,1051.74,1042.38,35.95,36.18,36.27,35.83,36.02,36.31,36.24,35.87
71520,1117.00,991.84,1006.02,1070.68,1053.46,1039.92,1052.12,1042.76,36.10,36.26,36.37,35.96,36.25,36.40,36.46,36.02
71640,1117.28,991.76,1006.04,1070.66,1053.78,1040.00,1052.16,1042.90,36.08,36.25,36.35,35.92,36.21,36.38,36.40,36.01
71760,1116.48,991.64,1005.96,1070.06,1053.34,1039.58,1051.82,1041.92,36.01,36.21,36.30,35.83,36.06,36.32,36.30,35.82
71880,1116.82,991.72,1005.92,1070.00,1053.42,1039.56,1051.90,1042.20,36.04,36.23,36.32,35.88,36.12,36.33,36.34,35.90
72000,1116.22,991.64,1005.44,1069.72,1053.18,1039.38,1051.70,1041.78,35.94,36.16,36.23,35.76,36.00,36.26,36.22,35.78
72120,1116.52,991.58,1005.46,1069.68,1053.26,1039.58,1051.60,1041.92,36.01,36.20,36.29,35.88,36.14,36.30,36.34,35.91
72240,1116.50,991.68,1005.40,1069.54,1053.06,1039.52,1051.62,1041.92,35.94,36.15,36.23,35.80,36.02,36.27,36.27,35.83
72360,1116.62,991.82,1005.36,1069.66,1053.36,1039.64,1051.92,1041.92,36.05,36.24,36.34,35.91,36.21,36.37,36.43,35.99
72480,1116.78,991.84,1005.38,1069.64,1053.46,1039.76,1051.74,1042.00,36.02,36.19,36.29,35.89,36.15,36.35,36.37,35.93
72600,1115.72,991.78,1004.84,1068.68,1052.90,1039.88,1051.28,1041.62,35.90,36.11,36.20,35.73,35.95,36.25,36.22,35.75
72720,1116.54,991.92,1004.96,1068.86,1053.26,1039.50,1051.50,1041.82,35.97,36.15,36.25,35.85,36.10,36.30,36.31,35.88
72840,1116.04,991.88,1004.78,1068.66,1052.88,1039.18,1051.08,1041.58,35.92,36.12,36.20,35.74,35.97,36.23,36.19,35.76
72960,1116.48,991.76,1004.87,1068.70,1053.08,1039.36,1051.40,1041.66,35.98,36.17,36.24,35.84,36.13,36.29,36.31,35.90
73080,1116.44,991.76,1004.68,1068.40,1052.96,1039.56,1051.32,1041.46,35.93,36.13,36.21,35.75,36.00,36.26,36.22,35.78
73200,1117.52,992.16,1005.30,1069.20,1053.64,1039.96,1052.14,1042.10,36.17,36.29,36.41,36.06,36.39,36.46,36.57,36.18
73320,1117.08,992.14,1005.10,1068.86,1053.42,1039.76,1052.06,1042.08,36.05,36.22,36.33,35.90,36.19,36.38,36.40,35.95
73440,1116.78,992.04,1005.06,1068.78,1053.28,1039.60,1051.92,1041.74,36.06,36.22,36.33,35.89,36.17,36.35,36.39,35.94
73560,1116.72,992.20,1004.84,1068.70,1053.54,1039.52,1051.72,1041.82,36.02,36.21,36.30,35.88,36.15,36.33,36.34,35.94
73680,1116.24,992.02,1004.64,1068.38,1052.94,1039.36,1051.44,1041.22,35.99,36.19,36.27,35.80,36.01,36.28,36.25,35.80
73800,1116.64,992.10,1004.64,1068.10,1053.16,1039.56,1051.62,1041.80,36.02,36.19,36.29,35.87,36.12,36.30,36.34,35.93
73920,1116.06,992.04,1004.32,1067.74,1052.92,1039.30,1051.52,1041.32,35.95,36.16,36.23,35.77,35.98,36.24,36.23,35.77
74040,1116.26,992.18,1004.46,1067.80,1052.94,1039.34,1051.88,1041.32,36.01,36.19,36.28,35.86,36.12,36.29,36.35,35.89
74160,1116.20,992.20,1004.42,1067.70,1052.80,1039.08,1051.66,1041.32,35.94,36.14,36.24,35.77,36.00,36.24,36.28,35.79
74280,1117.18,992.76,1004.64,1068.40,1053.56,1039.82,1052.00,1041.94,36.16,36.28,36.40,36.06,36.40,36.45,36.58,36.17
74400,1116.94,992.52,1004.66,1068.20,1053.52,1039.70,1051.96,1041.92,36.14,36.26,36.39,36.00,36.30,36.45,36.50,36.08
74520,1116.46,992.52,1004.24,1067.74,1053.16,1039.62,1051.74,1041.24,35.98,36.16,36.27,35.82,36.07,36.33,36.32,35.85
74640,1116.40,992.62,1004.04,1067.58,1052.98,1039.38,1051.66,1041.12,36.01,36.17,36.27,35.86,36.08,36.33,36.32,35.85
74760,1116.30,992.68,1003.92,1067.50,1053.04,1039.30,1051.78,1041.10,35.95,36.14,36.23,35.80,36.04,36.28,36.22,35.81
74880,1116.16,992.42,1003.92,1067.10,1053.12,1039.16,1051.52,1040.94,35.99,36.14,36.25,35.83,36.09,36.29,36.27,35.82
75000,1117.10,992.88,1004.18,1067.70,1053.68,1039.56,1052.38,1041.52,36.05,36.18,36.31,35.95,36.25,36.36,36.44,36.06
75120,1116.72,993.02,1004.10,1067.64,1053.50,1039.58,1052.16,1041.46,36.10,36.24,36.36,35.95,36.28,36.43,36.48,36.01
75240,1116.68,993.02,1004.18,1067.50,1053.58,1039.78,1052.30,1041.38,36.08,36.24,36.36,35.93,36.23,36.41,36.43,35.99
75360,1116.46,992.94,1004.22,1067.10,1053.14,1039.50,1052.06,1041.24,36.00,36.19,36.28,35.83,36.08,36.34,36.30,35.86
75480,1116.30,992.98,1004.06,1066.90,1053.00,1039.34,1051.84,1041.02,36.02,36.21,36.30,35.86,36.07,36.31,36.32,35.86
75600,1117.48,993.28,1004.38,1067.60,1053.64,1039.78,1052.34,1041.68,36.10,36.26,36.37,35.99,36.29,36.40,36.45,36.06
75720,1117.16,993.34,1004.30,1067.42,1053.66,1039.58,1052.40,1041.36,36.19,36.32,36.45,36.04,36.26,36.47,36.49,36.06
75840,1117.28,993.42,1004.06,1067.34,1053.82,1039.60,1052.38,1041.22,36.11,36.28,36.38,35.95,36.24,36.44,36.43,35.99
75960,1115.74,993.22,1003.60,1066.64,1053.02,1039.18,1051.64,1040.54,35.96,36.19,36.26,35.74,35.97,36.32,36.24,35.74
76080,1116.14,993.38,1003.60,1066.50,1053.16,1039.32,1051.80,1040.78,36.00,36.19,36.27,35.85,36.10,36.34,36.32,35.87
76200,1115.86,993.12,1003.46,1066.22,1052.86,1039.18,1051.66,1040.74,35.92,36.13,36.21,35.74,35.97,36.26,36.22,35.74
76320,1116.00,993.16,1003.64,1066.42,1053.00,1039.04,1051.62,1040.80,35.99,36.17,36.26,35.84,36.12,36.31,36.33,35.90
76440,1116.18,993.28,1003.46,1066.32,1052.68,1039.02,1051.52,1040.74,35.93,36.15,36.23,35.82,36.02,36.26,36.25,35.80
76560,1117.04,993.76,1003.84,1066.92,1053.86,1039.48,1052.56,1041.30,36.18,36.29,36.41,36.08,36.41,36.48,36.59,36.17
76680,1117.16,993.74,1003.96,1066.96,1053.58,1039.44,1052.38,1041.10,36.10,36.25,36.36,35.95,36.26,36.43,36.46,36.02
76800,1116.44,993.50,1003.78,1066.22,1053.16,1039.28,1051.98,1040.60,36.05,36.23,36.33,35.88,36.11,36.38,36.37,35.91
76920,1116.54,993.66,1003.90,1066.24,1053.36,1039.26,1052.18,1040.82,36.06,36.23,36.32,35.90,36.17,36.37,36.39,35.96
77040,1116.14,993.40,1003.36,1065.82,1052.98,1038.98,1051.92,1040.32,35.98,36.19,36.26,35.78,36.03,36.29,36.27,35.80
77160,1116.22,993.42,1003.30,1065.80,1053.24,1039.04,1052.10,1040.44,36.01,36.20,36.28,35.85,36.15,36.31,36.36,35.89
77280,1116.02,993.52,1002.96,1065.48,1052.78,1038.76,1051.58,1040.28,35.93,36.13,36.21,35.77,36.00,36.24,36.23,35.75
77400,1115.82,993.28,1002.92,1065.46,1052.72,1038.88,1051.50,1040.30,35.97,36.16,36.23,35.81,36.03,36.27,36.28,35.85
77520,1115.96,993.20,1002.72,1065.38,1052.68,1038.72,1051.46,1040.20,35.91,36.11,36.19,35.74,36.03,36.23,36.20,35.81
77640,1115.88,993.60,1002.86,1065.38,1052.50,1038.68,1051.46,1040.28,35.97,36.15,36.25,35.82,36.07,36.27,36.30,35.89
77760,1116.38,993.70,1003.10,1065.58,1052.80,1039.04,1051.56,1040.50,36.00,36.17,36.26,35.87,36.15,36.29,36.36,35.94
77880,1115.78,993.56,1002.72,1065.30,1052.44,1038.66,1051.48,1040.04,35.94,36.13,36.20,35.76,35.99,36.23,36.24,35.78
78000,1116.52,993.58,1002.98,1065.34,1052.70,1038.84,1051.54,1040.10,35.98,36.16,36.24,35.83,36.10,36.28,36.33,35.87
78120,1116.40,993.68,1002.68,1065.36,1052.44,1038.68,1051.24,1039.94,35.94,36.13,36.22,35.78,35.98,36.25,36.21,35.76
78240,1117.32,994.14,1003.14,1066.02,1053.38,1039.32,1052.00,1040.54,36.18,36.27,36.40,36.09,36.44,36.47,36.59,36.19
78360,1116.88,994.04,1003.16,1065.86,1053.24,1039.30,1051.90,1040.60,36.09,36.23,36.35,35.93,36.23,36.42,36.43,36.00
78480,1116.10,994.06,1002.76,1065.46,1053.02,1039.00,1051.90,1040.16,36.02,36.19,36.29,35.86,36.14,36.38,36.36,35.91
78600,1117.42,994.32,1003.04,1065.78,1053.30,1039.28,1052.48,1040.64,36.10,36.23,36.35,36.01,36.31,36.43,36.48,36.06
78720,1116.58,994.32,1002.90,1065.52,1053.02,1039.16,1052.24,1040.32,36.11,36.24,36.36,35.94,36.21,36.43,36.46,35.99
78840,1116.62,994.18,1002.88,1065.60,1053.10,1039.30,1052.40,1040.32,36.10,36.25,36.37,35.95,36.22,36.43,36.46,36.01
78960,1116.54,994.04,1002.82,1065.06,1053.22,1039.12,1051.96,1040.14,36.02,36.20,36.29,35.85,36.11,36.34,36.33,35.88
79080,1116.14,994.22,1002.58,1064.76,1052.78,1038.82,1051.88,1039.82,36.01,36.19,36.28,35.84,36.09,36.34,36.32,35.86
79200,1116.28,994.28,1002.48,1064.74,1052.76,1038.74,1051.84,1039.96,35.97,36.16,36.26,35.82,36.06,36.31,36.30,35.84
79320,1115.40,993.98,1002.28,1064.36,1052.62,1038.36,1051.72,1039.40,35.92,36.11,36.19,35.74,36.00,36.26,36.24,35.77
79440,1116.08,994.22,1002.24,1064.56,1052.64,1038.60,1052.02,1039.68,35.96,36.14,36.22,35.83,36.09,36.29,36.33,35.87
79560,1115.46,994.18,1002.10,1064.16,1052.30,1038.32,1051.44,1039.44,35.91,36.10,36.19,35.73,35.96,36.22,36.21,35.74
79680,1116.12,994.24,1002.20,1064.40,1052.54,1038.46,1051.50,1039.56,35.99,36.15,36.25,35.87,36.12,36.28,36.34,35.90
79800,1115.90,994.42,1002.02,1064.36,1052.42,1038.38,1051.46,1039.38,35.94,36.12,36.23,35.79,36.00,36.26,36.23,35.78
79920,1117.04,994.74,1002.74,1065.08,1053.26,1039.30,1052.14,1040.10,36.17,36.28,36.41,36.07,36.45,36.49,36.61,36.18
80040,1116.76,994.72,1002.58,1064.74,1053.12,1039.12,1052.28,1039.98,36.10,36.24,36.36,35.94,36.24,36.42,36.45,36.01
80160,1115.98,994.70,1002.28,1064.44,1052.88,1038.86,1051.90,1039.44,36.04,36.21,36.29,35.80,36.12,36.38,36.33,35.87
80280,1116.94,994.96,1002.46,1064.66,1053.26,1039.16,1052.34,1040.22,36.06,36.24,36.32,35.94,36.27,36.40,36.43,36.01
80400,1116.70,995.10,1002.60,1064.84,1053.04,1039.14,1052.20,1040.00,36.16,36.27,36.39,36.01,36.35,36.47,36.52,36.06
80520,1116.62,995.18,1002.68,1064.80,1053.06,1039.20,1052.38,1039.90,36.12,36.27,36.38,35.99,36.28,36.45,36.50,36.04
80640,1116.24,995.16,1002.56,1064.34,1052.78,1038.80,1052.40,1039.96,36.02,36.22,36.32,35.85,36.10,36.36,36.34,35.88
80760,1116.04,995.12,1002.32,1064.26,1052.78,1038.62,1051.98,1039.84,36.03,36.22,36.31,35.86,36.11,36.36,36.36,35.88
80880,1116.22,995.18,1002.20,1064.02,1052.78,1038.52,1052.22,1039.76,35.97,36.17,36.26,35.83,36.08,36.31,36.26,35.86
81000,1115.68,994.92,1001.94,1063.92,1052.38,1038.34,1051.70,1039.34,35.95,36.16,36.25,35.78,36.03,36.28,36.26,35.80
81120,1117.10,995.36,1002.48,1064.56,1053.16,1038.88,1052.38,1039.98,36.08,36.23,36.33,35.98,36.28,36.39,36.45,36.05
81240,1116.40,995.44,1002.40,1064.28,1053.20,1038.94,1052.36,1039.88,36.12,36.26,36.37,35.99,36.30,36.47,36.53,36.04
81360,1116.22,995.50,1002.24,1064.10,1052.88,1039.00,1052.22,1039.86,36.06,36.21,36.33,35.93,36.22,36.43,36.42,35.98
81480,1116.22,995.34,1002.04,1063.96,1052.82,1038.68,1052.22,1039.40,35.98,36.14,36.26,35.84,36.11,36.35,36.32,35.87
81600,1115.72,995.08,1001.74,1063.82,1052.50,1038.52,1052.04,1039.16,35.95,36.11,36.22,35.80,36.06,36.31,36.29,35.85
81720,1115.88,995.22,1001.80,1063.80,1052.50,1038.42,1052.20,1039.22,35.99,36.14,36.26,35.87,36.13,36.33,36.37,35.91
81840,1115.88,995.12,1001.56,1063.68,1052.46,1038.28,1051.92,1039.12,35.95,36.11,36.21,35.80,36.06,36.27,36.27,35.84
81960,1115.64,995.14,1001.80,1063.56,1052.56,1038.64,1052.00,1039.18,36.02,36.20,36.29,35.86,36.20,36.35,36.41,35.95
82080,1115.84,995.22,1001.72,1063.56,1052.42,1038.50,1051.84,1038.96,35.93,36.14,36.22,35.78,36.04,36.29,36.26,35.79
82200,1115.74,995.34,1001.60,1063.32,1052.12,1038.52,1051.68,1038.86,36.00,36.15,36.26,35.86,36.12,36.30,36.31,35.89
82320,1115.80,995.48,1001.66,1063.30,1052.22,1038.56,1051.62,1038.80,35.95,36.14,36.22,35.78,36.08,36.28,36.25,35.84
82440,1115.58,995.28,1001.70,1063.16,1052.18,1038.44,1051.60,1038.56,35.96,36.14,36.24,35.78,36.07,36.28,36.31,35.80
82560,1117.08,995.68,1002.18,1063.74,1052.54,1038.66,1052.14,1039.20,36.06,36.20,36.32,35.96,36.27,36.38,36.44,36.04
82680,1116.46,995.86,1002.06,1063.60,1052.40,1038.86,1052.14,1039.08,36.13,36.27,36.38,35.98,36.31,36.44,36.50,36.03
82800,1116.34,996.02,1002.16,1063.84,1052.58,1038.92,1052.02,1039.04,36.11,36.25,36.37,35.96,36.20,36.42,36.46,35.98
82920,1116.08,996.00,1001.96,1063.56,1052.54,1038.58,1052.02,1038.96,36.01,36.19,36.28,35.84,36.10,36.34,36.30,35.87
83040,1115.66,995.94,1001.86,1063.16,1052.34,1038.32,1051.70,1038.62,36.02,36.19,36.29,35.83,36.10,36.34,36.34,35.88
83160,1116.92,995.90,1002.04,1063.62,1052.88,1038.72,1052.48,1039.04,36.09,36.22,36.34,35.97,36.31,36.40,36.46,36.05
83280,1116.36,996.00,1002.26,1063.64,1052.84,1038.60,1052.30,1038.86,36.10,36.23,36.36,35.97,36.30,36.47,36.51,36.06
83400,1116.18,996.00,1002.10,1063.62,1052.66,1038.46,1052.32,1038.70,36.08,36.22,36.36,35.95,36.25,36.44,36.48,35.97
83520,1116.14,995.92,1001.88,1063.28,1052.56,1038.48,1052.14,1038.92,36.00,36.17,36.28,35.84,36.11,36.35,36.33,35.88
83640,1115.80,995.98,1001.74,1063.18,1052.36,1038.50,1051.84,1038.58,36.01,36.17,36.28,35.83,36.10,36.36,36.36,35.89
83760,1116.74,996.22,1001.92,1063.48,1052.84,1038.66,1052.30,1039.16,36.09,36.22,36.34,35.96,36.27,36.42,36.45,36.07
83880,1116.32,996.40,1001.92,1063.52,1052.76,1038.72,1052.18,1039.10,36.13,36.26,36.38,35.95,36.30,36.46,36.48,36.06
84000,1116.28,996.36,1001.86,1063.34,1052.86,1038.60,1052.28,1039.02,36.11,36.26,36.39,35.93,36.26,36.43,36.47,35.97
84120,1116.08,996.20,1001.70,1063.10,1052.42,1038.34,1052.12,1038.60,36.02,36.20,36.30,35.86,36.11,36.35,36.34,35.88
84240,1115.70,996.10,1001.74,1063.00,1052.38,1038.28,1051.82,1038.36,36.04,36.19,36.31,35.88,36.10,36.34,36.33,35.90
84360,1116.80,996.46,1002.00,1063.20,1052.90,1038.84,1052.50,1039.12,36.11,36.23,36.36,36.00,36.30,36.43,36.47,36.06
84480,1116.36,996.46,1001.96,1063.22,1052.40,1038.62,1052.40,1038.68,36.15,36.27,36.40,35.96,36.27,36.46,36.49,36.03
84600,1116.44,996.70,1001.96,1063.16,1052.56,1038.72,1052.32,1038.84,36.10,36.25,36.36,35.94,36.21,36.45,36.45,35.98
84720,1115.90,996.48,1001.54,1062.78,1052.44,1038.28,1051.96,1038.24,35.99,36.17,36.28,35.82,36.07,36.35,36.30,35.84
84840,1115.80,996.56,1001.38,1062.86,1052.32,1038.26,1051.94,1038.22,36.05,36.20,36.30,35.90,36.15,36.35,36.35,35.88
84960,1115.82,996.46,1001.34,1062.58,1052.32,1038.22,1051.88,1038.00,35.98,36.16,36.26,35.82,36.07,36.31,36.29,35.85
85080,1115.52,996.46,1001.16,1062.64,1052.06,1038.18,1051.66,1037.78,35.99,36.17,36.28,35.85,36.09,36.32,36.30,35.89
85200,1115.80,996.48,1001.30,1062.82,1052.02,1038.12,1051.60,1037.84,35.98,36.15,36.24,35.85,36.08,36.31,36.29,35.86
85320,1115.04,996.34,1001.08,1062.06,1051.74,1037.90,1051.32,1037.54,35.92,36.13,36.21,35.74,35.98,36.26,36.23,35.76
85440,1116.18,996.82,1001.46,1062.86,1052.32,1038.50,1052.04,1038.14,36.08,36.20,36.30,35.94,36.24,36.36,36.47,36.02
85560,1115.72,996.72,1001.40,1062.46,1052.12,1038.36,1051.60,1037.64,36.03,36.18,36.28,35.86,36.13,36.34,36.34,35.89
85680,1115.70,996.78,1001.22,1062.64,1051.94,1038.40,1051.70,1037.44,36.03,36.18,36.28,35.89,36.12,36.36,36.36,35.90
85800,1115.36,996.62,1001.08,1062.14,1051.66,1038.14,1051.58,1037.30,35.91,36.08,36.19,35.76,36.03,36.28,36.26,35.79
85920,1115.02,996.60,1001.26,1062.18,1051.72,1037.86,1051.32,1037.20,35.94,36.09,36.21,35.77,36.02,36.27,36.27,35.77
86040,1116.54,997.06,1001.62,1062.82,1052.06,1038.46,1051.84,1037.94,36.04,36.16,36.28,35.91,36.22,36.36,36.42,35.99
86160,1116.34,997.28,1001.52,1062.94,1052.12,1038.52,1052.04,1038.00,36.14,36.25,36.39,36.02,36.32,36.47,36.55,36.08
86280,1116.02,997.18,1001.62,1062.68,1052.10,1038.40,1051.90,1037.72,36.09,36.22,36.36,35.93,36.21,36.43,36.48,35.97
86400,1115.66,997.18,1001.30,1062.56,1052.06,1038.34,1052.06,1037.68,36.01,36.17,36.28,35.85,36.14,36.37,36.35,35.90
86520,1115.50,997.02,1001.28,1062.22,1051.82,1038.22,1051.56,1037.52,35.99,36.17,36.28,35.84,36.09,36.34,36.34,35.87
86640,1116.36,997.20,1001.44,1062.42,1052.20,1038.30,1052.00,1037.90,36.08,36.21,36.33,35.94,36.23,36.39,36.45,36.01
86760,1115.76,997.26,1001.34,1062.40,1051.88,1038.34,1051.92,1037.38,36.02,36.19,36.30,35.85,36.13,36.36,36.36,35.90
86880,1116.06,997.20,1001.36,1062.44,1051.98,1038.20,1051.96,1037.54,36.07,36.21,36.32,35.92,36.20,36.39,36.42,35.96
87000,1116.00,997.20,1001.28,1062.34,1051.92,1038.02,1051.96,1037.44,36.00,36.16,36.27,35.86,36.12,36.32,36.34,35.90
87120,1115.68,997.36,1001.10,1062.16,1051.70,1037.98,1051.74,1037.26,36.06,36.18,36.30,35.91,36.19,36.37,36.43,35.97
87240,1116.36,997.36,1001.60,1062.68,1052.34,1038.54,1052.42,1037.92,36.07,36.24,36.35,35.96,36.27,36.43,36.45,36.03
87360,1116.38,997.70,1001.64,1062.72,1052.38,1038.54,1052.52,1037.76,36.14,36.27,36.40,36.01,36.32,36.50,36.53,36.08
87480,1116.00,997.78,1001.62,1062.62,1052.14,1038.48,1052.38,1037.42,36.11,36.27,36.37,35.95,36.26,36.48,36.49,36.02
87600,1115.82,997.50,1001.38,1062.24,1051.94,1038.24,1052.06,1037.26,36.01,36.19,36.29,35.84,36.10,36.37,36.32,35.83
87720,1115.30,997.34,1001.36,1061.94,1051.50,1038.06,1051.78,1037.08,35.99,36.15,36.26,35.81,36.07,36.34,36.29,35.82
87840,1116.02,997.66,1001.58,1062.26,1051.98,1038.08,1052.38,1037.62,36.06,36.20,36.34,35.94,36.24,36.39,36.43,36.00
87960,1115.20,997.60,1001.12,1061.92,1051.50,1037.76,1051.88,1036.90,36.02,36.18,36.29,35.83,36.08,36.34,36.32,35.85
88080,1115.60,997.56,1001.04,1061.82,1051.54,1037.76,1051.62,1036.78,35.95,36.14,36.25,35.82,36.01,36.29,36.27,35.82
88200,1115.30,997.30,1001.02,1061.56,1051.22,1037.64,1051.52,1036.74,35.97,36.14,36.25,35.80,36.04,36.29,36.28,35.82
88320,1116.40,997.50,1001.24,1062.38,1052.06,1038.28,1052.38,1037.46,36.08,36.19,36.32,35.96,36.26,36.37,36.46,36.03
88440,1116.08,997.74,1001.14,1062.18,1051.90,1038.34,1052.28,1037.36,36.11,36.23,36.38,36.00,36.32,36.47,36.51,36.07
88560,1115.48,997.66,1001.18,1062.08,1051.66,1038.32,1052.10,1036.80,36.07,36.18,36.34,35.88,36.17,36.44,36.44,35.96
88680,1115.36,997.72,1001.08,1062.00,1051.60,1038.00,1051.82,1036.94,35.95,36.12,36.25,35.81,36.11,36.36,36.33,35.88
88800,1115.02,997.66,1000.98,1061.74,1051.18,1037.84,1051.72,1036.70,35.96,36.11,36.23,35.81,36.06,36.33,36.32,35.85
88920,1116.42,997.80,1001.20,1062.38,1052.12,1038.22,1052.24,1037.16,36.06,36.17,36.31,35.97,36.27,36.42,36.50,36.05
89040,1115.80,998.06,1001.14,1062.26,1052.00,1038.34,1052.38,1037.10,36.11,36.20,36.35,35.99,36.33,36.48,36.50,36.08
89160,1115.72,997.94,1001.12,1062.18,1052.16,1038.14,1052.32,1036.84,36.10,36.20,36.36,35.98,36.29,36.48,36.51,36.01
89280,1115.66,997.80,1001.10,1062.06,1051.86,1037.98,1052.24,1036.82,36.01,36.14,36.28,35.86,36.13,36.40,36.36,35.87
89400,1114.86,997.60,1000.96,1061.76,1051.48,1037.94,1051.76,1036.74,35.96,36.12,36.25,35.82,36.06,36.36,36.32,35.85
89520,1116.06,997.88,1001.20,1062.14,1052.02,1038.24,1052.22,1037.22,36.06,36.16,36.31,35.96,36.26,36.42,36.45,36.03
89640,1115.78,997.84,1001.40,1061.94,1051.74,1038.12,1052.20,1037.08,36.09,36.20,36.34,35.94,36.27,36.46,36.48,36.02
89760,1115.76,998.04,1001.40,1062.00,1051.58,1038.10,1052.10,1036.96,36.10,36.21,36.36,35.92,36.20,36.44,36.48,36.01
89880,1115.94,998.06,1001.16,1061.60,1051.50,1038.10,1052.06,1036.84,36.02,36.18,36.29,35.87,36.11,36.38,36.34,35.88
90000,1115.26,997.92,1000.86,1061.34,1051.24,1037.84,1051.76,1036.44,36.01,36.18,36.29,35.81,36.10,36.35,36.34,35.84
90120,1115.56,997.76,1001.02,1061.68,1051.40,1037.74,1051.86,1036.56,36.01,36.17,36.28,35.87,36.12,36.33,36.35,35.88
90240,1114.78,997.72,1000.88,1061.24,1050.96,1037.30,1051.42,1035.80,35.94,36.12,36.21,35.74,35.99,36.28,36.23,35.74
90360,1115.32,997.70,1000.90,1061.38,1051.28,1037.52,1051.42,1036.24,35.99,36.14,36.25,35.85,36.10,36.31,36.32,35.90
90480,1115.16,997.66,1000.96,1061.48,1051.20,1037.54,1051.48,1036.22,35.95,36.12,36.24,35.80,36.06,36.29,36.29,35.84
90600,1114.78,997.62,1000.88,1061.20,1051.06,1037.30,1051.16,1036.12,35.95,36.09,36.23,35.82,36.08,36.30,36.28,35.86
90720,1115.88,997.80,1001.06,1061.62,1051.66,1037.72,1051.84,1036.46,36.01,36.13,36.25,35.93,36.20,36.34,36.39,35.97
90840,1115.64,998.02,1001.20,1061.44,1051.60,1037.88,1051.78,1036.16,36.08,36.18,36.34,35.94,36.26,36.42,36.50,35.98
90960,1115.66,998.06,1001.06,1061.46,1051.64,1037.74,1051.74,1036.38,36.06,36.16,36.32,35.90,36.23,36.42,36.43,35.99
91080,1115.38,998.00,1000.92,1061.20,1051.54,1037.74,1051.74,1036.18,35.96,36.09,36.23,35.78,36.12,36.36,36.34,35.89
91200,1115.16,998.02,1000.98,1061.18,1051.32,1037.76,1051.58,1036.22,36.04,36.16,36.30,35.90,36.22,36.42,36.45,36.04
91320,1115.28,997.98,1001.04,1061.28,1051.40,1037.64,1051.76,1036.24,36.01,36.13,36.27,35.89,36.18,36.38,36.40,35.95
91440,1114.62,997.84,1000.80,1060.80,1050.64,1037.34,1051.36,1035.50,35.89,36.05,36.19,35.73,36.00,36.30,36.25,35.76
91560,1114.90,997.96,1000.82,1060.96,1050.98,1037.56,1051.50,1035.82,35.95,36.09,36.22,35.81,36.10,36.32,36.32,35.87
91680,1115.10,997.98,1000.64,1061.04,1050.96,1037.64,1051.44,1035.72,35.92,36.07,36.20,35.80,36.04,36.30,36.27,35.85
91800,1114.92,998.02,1000.48,1060.84,1050.96,1037.58,1051.22,1035.24,35.94,36.08,36.21,35.79,36.07,36.31,36.29,35.85
91920,1115.80,998.20,1001.12,1061.32,1051.38,1037.82,1051.90,1036.02,36.00,36.10,36.26,35.91,36.21,36.38,36.41,35.99
92040,1115.66,998.38,1001.02,1061.32,1051.24,1037.76,1051.66,1035.72,36.06,36.16,36.31,35.92,36.24,36.43,36.45,35.99
92160,1115.58,998.30,1001.00,1061.24,1051.22,1037.74,1051.78,1035.84,36.05,36.15,36.31,35.91,36.19,36.42,36.40,35.95
92280,1115.56,998.10,1000.98,1061.14,1051.06,1037.66,1051.68,1035.88,36.03,36.15,36.29,35.89,36.16,36.38,36.37,35.92
92400,1114.84,998.00,1000.90,1060.76,1050.66,1037.26,1051.54,1035.48,35.98,36.13,36.23,35.81,36.02,36.32,36.30,35.82
92520,1115.14,998.04,1000.94,1060.90,1051.04,1037.50,1051.50,1035.60,35.99,36.14,36.26,35.85,36.10,36.31,36.32,35.88
92640,1114.96,998.06,1000.62,1060.62,1050.56,1037.22,1051.40,1035.00,35.93,36.11,36.21,35.76,36.00,36.27,36.22,35.76
92760,1115.08,998.16,1000.68,1060.72,1050.62,1037.24,1051.30,1035.34,35.96,36.10,36.22,35.81,36.09,36.29,36.31,35.86
92880,1114.90,998.16,1000.74,1060.66,1050.60,1037.06,1051.48,1035.30,35.90,36.05,36.18,35.77,36.02,36.27,36.27,35.82
93000,1114.66,998.14,1000.78,1060.64,1050.70,1037.12,1051.36,1035.20,35.94,36.06,36.20,35.76,36.03,36.30,36.32,35.87
93120,1115.88,998.28,1000.84,1060.98,1051.44,1037.68,1051.82,1035.70,35.97,36.08,36.24,35.88,36.23,36.35,36.42,35.98
93240,1115.42,998.28,1000.82,1060.78,1051.20,1037.58,1051.74,1035.66,36.06,36.13,36.30,35.90,36.28,36.43,36.47,36.04
93360,1115.48,998.46,1001.02,1061.10,1051.08,1037.72,1051.52,1035.46,36.04,36.14,36.30,35.90,36.20,36.42,36.44,35.97
93480,1115.42,998.44,1000.70,1060.82,1050.94,1037.62,1051.50,1035.24,35.99,36.11,36.26,35.86,36.14,36.38,36.37,35.91
93600,1114.76,998.26,1000.48,1060.74,1050.82,1037.64,1051.56,1034.94,35.97,36.10,36.25,35.80,36.11,36.35,36.32,35.89
93720,1116.04,998.48,1000.78,1061.16,1051.42,1037.88,1052.04,1035.52,36.04,36.12,36.29,35.95,36.26,36.41,36.45,36.03
93840,1115.94,998.70,1000.96,1061.02,1051.16,1037.96,1051.92,1035.22,36.09,36.19,36.34,35.97,36.25,36.47,36.49,36.04
93960,1115.48,998.64,1000.82,1060.78,1051.02,1037.92,1051.94,1035.20,36.06,36.17,36.32,35.95,36.19,36.45,36.45,36.00
94080,1115.20,998.52,1000.90,1060.74,1050.90,1037.70,1051.76,1035.18,35.98,36.12,36.25,35.79,36.09,36.36,36.32,35.85
94200,1115.14,998.38,1000.80,1060.82,1050.94,1037.62,1051.64,1035.00,36.03,36.15,36.29,35.85,36.11,36.36,36.38,35.88
94320,1115.08,998.60,1000.70,1060.84,1050.64,1037.44,1051.90,1035.02,35.97,36.12,36.24,35.83,36.09,36.32,36.31,35.85
94440,1114.20,998.46,1000.38,1060.38,1050.48,1037.10,1051.34,1034.28,35.87,36.04,36.16,35.71,35.97,36.27,36.20,35.74
94560,1115.14,998.64,1000.64,1060.44,1051.04,1037.60,1051.54,1034.76,36.00,36.10,36.24,35.88,36.21,36.36,36.41,35.96
94680,1115.22,998.72,1000.62,1060.50,1051.02,1037.34,1051.76,1034.88,35.99,36.11,36.24,35.84,36.16,36.37,36.38,35.88
94800,1115.22,998.80,1000.94,1060.74,1051.08,1037.28,1052.02,1034.88,36.08,36.19,36.32,35.93,36.29,36.43,36.46,36.00
94920,1115.32,998.94,1000.90,1060.70,1050.90,1037.40,1052.00,1034.84,36.04,36.14,36.28,35.88,36.20,36.41,36.42,35.95
95040,1114.72,998.60,1000.58,1060.18,1050.48,1037.00,1051.50,1034.64,35.92,36.08,36.20,35.77,36.02,36.32,36.28,35.80
95160,1115.10,998.68,1000.56,1060.28,1050.54,1037.20,1051.80,1034.54,35.98,36.11,36.24,35.85,36.11,36.34,36.36,35.89
95280,1114.44,998.70,1000.72,1060.30,1050.42,1036.96,1051.54,1034.46,35.89,36.04,36.19,35.78,35.99,36.27,36.28,35.77
95400,1116.08,999.28,1001.32,1061.08,1051.50,1037.82,1052.60,1035.46,36.17,36.22,36.40,36.09,36.48,36.51,36.66,36.22
95520,1115.58,999.44,1001.26,1060.82,1051.10,1037.76,1052.20,1035.20,36.09,36.19,36.35,35.95,36.28,36.47,36.50,36.04
95640,1114.96,998.80,1001.16,1060.38,1050.96,1037.44,1051.74,1034.70,35.98,36.14,36.27,35.84,36.13,36.40,36.36,35.89
95760,1115.52,999.12,1001.20,1060.60,1051.16,1037.68,1052.04,1035.26,36.08,36.16,36.32,35.95,36.29,36.45,36.47,36.03
95880,1115.16,999.10,1000.92,1060.62,1051.12,1037.72,1052.02,1034.90,36.04,36.17,36.30,35.88,36.16,36.42,36.39,35.93
96000,1115.10,999.20,1000.82,1060.78,1050.72,1037.24,1051.82,1034.72,36.03,36.15,36.28,35.85,36.16,36.40,36.40,35.87
96120,1115.12,998.94,1000.70,1060.12,1050.60,1037.22,1051.72,1034.50,35.99,36.11,36.23,35.83,36.09,36.34,36.32,35.86
96240,1114.12,998.80,1000.56,1059.84,1050.18,1036.82,1051.32,1034.04,35.91,36.07,36.16,35.73,35.97,36.26,36.23,35.73
96360,1114.22,998.76,1000.50,1059.90,1050.52,1036.88,1051.52,1034.16,35.93,36.05,36.18,35.78,36.06,36.29,36.32,35.84
96480,1113.86,998.64,1000.38,1059.62,1050.38,1036.22,1051.42,1034.08,35.80,35.97,36.11,35.65,35.97,36.15,36.22,35.76
96600,1115.96,999.36,1000.92,1060.58,1051.14,1037.36,1052.30,1034.82,36.14,36.20,36.35,36.05,36.40,36.49,36.58,36.17
96720,1115.84,999.26,1000.90,1060.48,1051.04,1037.24,1052.00,1034.70,36.10,36.19,36.36,35.95,36.27,36.36,36.49,36.03
96840,1115.20,999.38,1001.08,1060.44,1050.80,1037.22,1052.02,1034.52,36.13,36.21,36.39,35.94,36.31,36.36,36.53,35.99
96960,1116.12,999.84,1001.18,1060.88,1051.42,1037.78,1052.52,1035.00,36.15,36.25,36.40,36.04,36.38,36.45,36.55,36.12
97080,1115.70,999.96,1001.26,1060.78,1051.50,1037.78,1052.42,1034.98,36.18,36.28,36.44,36.02,36.35,36.44,36.58,36.12
97200,1115.40,999.96,1001.40,1060.76,1051.36,1037.68,1052.30,1034.94,36.14,36.26,36.40,35.99,36.29,36.39,36.50,36.04
97320,1115.08,999.56,1001.22,1060.64,1051.32,1037.34,1052.18,1034.46,36.04,36.19,36.32,35.90,36.17,36.30,36.40,35.94
97440,1114.86,999.40,1001.04,1060.42,1050.86,1037.18,1051.96,1034.14,35.99,36.14,36.28,35.82,36.10,36.23,36.33,35.87
97560,1114.92,999.42,1000.96,1060.34,1051.10,1037.16,1051.80,1034.18,36.03,36.15,36.29,35.91,36.18,36.30,36.38,35.92
97680,1115.06,999.44,1000.98,1060.26,1050.98,1036.92,1051.90,1034.10,35.97,36.11,36.25,35.83,36.09,36.22,36.32,35.87
97800,1115.00,999.32,1000.78,1060.20,1050.76,1036.94,1051.76,1034.00,36.05,36.16,36.32,35.92,36.20,36.28,36.43,35.93
97920,1115.14,999.32,1001.02,1060.12,1050.76,1037.00,1051.80,1034.18,36.02,36.14,36.30,35.87,36.16,36.29,36.39,35.93
98040,1114.88,999.22,1000.88,1060.02,1050.64,1036.88,1051.60,1034.06,35.97,36.11,36.25,35.81,36.06,36.21,36.30,35.85
98160,1114.80,999.18,1000.86,1059.92,1050.72,1037.04,1051.56,1033.92,36.00,36.13,36.27,35.86,36.14,36.26,36.34,35.91
98280,1114.76,999.04,1000.52,1059.84,1050.30,1036.60,1051.64,1033.70,35.92,36.06,36.20,35.78,36.00,36.17,36.27,35.82
98400,1114.18,999.02,1000.54,1059.66,1050.06,1036.42,1051.18,1033.62,35.90,36.05,36.19,35.76,36.02,36.16,36.27,35.78
98520,1115.14,999.18,1000.74,1059.84,1050.52,1036.72,1051.64,1033.88,35.99,36.09,36.24,35.87,36.18,36.27,36.39,35.94
98640,1114.94,999.38,1000.66,1060.06,1050.48,1036.94,1051.60,1033.74,36.00,36.11,36.26,35.85,36.16,36.28,36.37,35.93
98760,1114.88,999.24,1000.56,1059.90,1050.38,1036.68,1051.52,1033.68,36.01,36.10,36.26,35.86,36.15,36.28,36.36,35.90
98880,1114.96,999.32,1000.58,1059.96,1050.46,1036.66,1051.42,1033.76,35.97,36.08,36.22,35.82,36.08,36.21,36.31,35.86
99000,1113.94,999.30,1000.26,1059.60,1049.96,1036.50,1051.02,1033.34,35.91,36.05,36.20,35.75,36.01,36.16,36.25,35.79
99120,1114.96,999.44,1000.62,1060.14,1050.70,1036.82,1051.48,1033.76,36.00,36.10,36.25,35.90,36.21,36.31,36.42,35.98
99240,1114.78,999.32,1000.68,1059.74,1050.46,1036.74,1051.36,1033.60,35.98,36.10,36.25,35.83,36.09,36.22,36.34,35.87
99360,1114.82,999.34,1000.66,1059.62,1050.28,1036.82,1051.36,1033.60,36.01,36.11,36.27,35.85,36.14,36.28,36.38,35.93
99480,1114.66,999.04,1000.38,1059.36,1050.24,1036.34,1051.04,1033.42,35.91,36.06,36.19,35.76,36.02,36.16,36.25,35.79
99600,1114.42,998.92,1000.32,1059.26,1050.16,1036.34,1050.72,1033.12,35.92,36.04,36.20,35.73,36.04,36.17,36.26,35.82
99720,1115.60,999.60,1000.88,1059.84,1050.64,1036.94,1051.64,1034.00,35.99,36.10,36.27,35.90,36.24,36.32,36.41,35.98
99840,1115.48,999.68,1001.00,1060.00,1050.60,1037.00,1051.58,1033.94,36.13,36.22,36.38,36.02,36.30,36.42,36.55,36.09
99960,1115.40,999.70,1001.10,1059.84,1050.82,1036.94,1051.84,1033.76,36.12,36.21,36.38,35.95,36.25,36.36,36.48,36.02
100080,1114.92,999.42,1001.00,1059.70,1050.72,1036.78,1051.70,1033.58,36.02,36.15,36.29,35.84,36.12,36.25,36.35,35.89
100200,1114.40,999.42,1000.72,1059.52,1050.48,1036.58,1051.28,1033.20,35.98,36.12,36.24,35.81,36.06,36.21,36.32,35.82
100320,1115.62,999.72,1001.06,1059.78,1050.76,1036.92,1051.94,1033.92,36.07,36.20,36.31,35.96,36.28,36.35,36.47,36.04
100440,1115.58,999.90,1001.10,1059.64,1050.66,1037.06,1051.64,1033.62,36.14,36.24,36.39,36.00,36.29,36.37,36.52,36.01
100560,1115.40,999.96,1000.88,1059.66,1050.62,1037.02,1051.72,1033.88,36.13,36.24,36.38,35.98,36.26,36.38,36.48,36.05
100680,1115.10,999.76,1000.88,1059.68,1050.50,1036.90,1051.40,1033.58,36.03,36.18,36.31,35.87,36.12,36.25,36.34,35.89
100800,1114.52,999.66,1000.86,1059.64,1050.50,1036.76,1051.48,1033.36,36.04,36.15,36.31,35.89,36.16,36.26,36.37,35.90
100920,1114.62,999.68,1000.76,1059.32,1050.60,1036.60,1051.42,1033.46,35.96,36.11,36.23,35.85,36.10,36.25,36.31,35.90
101040,1114.38,999.68,1000.82,1059.22,1050.66,1036.36,1051.30,1033.30,35.99,36.13,36.25,35.83,36.09,36.23,36.31,35.85
101160,1114.70,999.46,1000.88,1059.38,1050.60,1036.68,1051.52,1033.28,36.03,36.15,36.29,35.89,36.16,36.28,36.40,35.94
101280,1114.40,999.22,1000.70,1059.36,1050.36,1036.58,1051.56,1033.26,35.92,36.10,36.23,35.80,36.08,36.21,36.30,35.84
101400,1115.26,999.50,1001.10,1059.46,1050.76,1037.28,1052.04,1033.50,36.14,36.21,36.37,36.02,36.36,36.45,36.57,36.11
101520,1115.06,999.82,1001.04,1059.46,1050.76,1037.14,1051.92,1033.44,36.08,36.18,36.34,35.95,36.25,36.36,36.47,36.01
101640,1114.66,999.64,1000.88,1059.36,1050.52,1036.84,1051.78,1033.26,36.04,36.16,36.30,35.88,36.15,36.29,36.37,35.92
101760,1114.86,999.58,1000.94,1059.54,1050.46,1036.76,1051.82,1033.36,36.06,36.17,36.31,35.92,36.17,36.34,36.43,35.99
101880,1114.38,999.54,1000.88,1059.24,1050.44,1036.48,1051.58,1032.86,35.94,36.09,36.23,35.79,36.01,36.19,36.27,35.81
102000,1114.44,999.54,1000.68,1059.08,1050.34,1036.28,1051.50,1032.74,35.99,36.13,36.25,35.84,36.09,36.20,36.33,35.88
102120,1114.46,999.54,1000.66,1059.06,1050.14,1036.34,1051.36,1032.86,35.94,36.10,36.23,35.81,36.02,36.19,36.29,35.82
102240,1114.40,999.40,1000.70,1059.00,1050.14,1036.32,1051.38,1032.90,35.98,36.12,36.25,35.83,36.08,36.20,36.32,35.86
102360,1114.76,999.14,1000.64,1059.24,1050.24,1036.36,1051.54,1033.00,36.01,36.12,36.27,35.88,36.15,36.26,36.36,35.95
102480,1114.56,999.26,1000.36,1058.66,1050.28,1036.26,1051.32,1032.72,35.92,36.06,36.20,35.77,36.05,36.15,36.29,35.83
102600,1115.12,999.78,1000.80,1059.44,1050.86,1037.12,1051.72,1033.20,36.13,36.20,36.35,36.03,36.37,36.45,36.59,36.13
102720,1115.08,999.58,1000.84,1059.46,1050.86,1037.02,1051.70,1033.10,36.05,36.15,36.31,35.91,36.22,36.34,36.44,35.97
102840,1114.44,999.36,1000.60,1059.24,1050.56,1036.92,1051.50,1032.90,36.03,36.13,36.27,35.90,36.19,36.33,36.44,35.96
102960,1114.66,999.30,1000.64,1059.16,1050.34,1036.56,1051.58,1032.88,35.99,36.10,36.25,35.85,36.16,36.27,36.37,35.90
103080,1113.74,999.12,1000.42,1058.74,1050.02,1036.04,1051.00,1032.40,35.89,36.04,36.18,35.73,35.99,36.15,36.25,35.76
103200,1113.98,999.16,1000.36,1058.82,1050.10,1036.26,1051.18,1032.42,35.95,36.06,36.21,35.81,36.10,36.21,36.32,35.87
103320,1114.10,998.90,1000.30,1058.62,1050.20,1036.24,1051.16,1032.46,35.88,36.03,36.17,35.77,36.03,36.17,36.26,35.81
103440,1114.24,999.02,1000.32,1058.82,1050.08,1036.34,1051.10,1032.42,35.99,36.10,36.24,35.88,36.14,36.27,36.37,35.92
103560,1114.48,999.14,1000.24,1058.82,1050.10,1036.30,1051.50,1032.56,35.96,36.08,36.22,35.85,36.13,36.26,36.34,35.91
103680,1114.16,999.08,1000.28,1058.46,1049.78,1035.92,1050.92,1032.00,35.93,36.08,36.21,35.79,36.05,36.18,36.27,35.82
103800,1115.58,999.44,1000.64,1059.00,1050.78,1036.94,1051.66,1032.66,36.07,36.17,36.31,35.98,36.29,36.37,36.48,36.09
103920,1115.22,999.28,1000.68,1059.14,1050.70,1037.02,1051.66,1032.68,36.13,36.21,36.38,35.99,36.32,36.42,36.56,36.05
104040,1115.20,999.42,1000.84,1058.82,1050.62,1037.06,1051.60,1032.66,36.09,36.19,36.34,35.96,36.22,36.37,36.46,35.98
104160,1115.14,999.42,1000.82,1058.90,1050.46,1036.88,1051.58,1032.56,36.07,36.18,36.33,35.93,36.19,36.34,36.44,35.96
104280,1114.08,999.12,1000.56,1058.50,1050.14,1036.24,1051.12,1032.12,35.95,36.08,36.23,35.76,36.01,36.18,36.28,35.79
104400,1114.08,999.06,1000.26,1058.58,1050.32,1036.24,1051.22,1032.20,35.96,36.08,36.21,35.80,36.08,36.23,36.30,35.83
104520,1114.28,999.06,1000.34,1058.50,1050.26,1036.02,1051.18,1032.26,35.88,36.02,36.15,35.77,35.97,36.12,36.21,35.82
104640,1114.26,999.06,1000.54,1058.64,1050.28,1036.78,1051.34,1032.18,35.99,36.11,36.25,35.88,36.24,36.31,36.42,35.95
104760,1114.64,998.94,1000.30,1058.52,1050.38,1036.48,1051.52,1032.36,35.97,36.10,36.24,35.85,36.16,36.28,36.37,35.91
104880,1114.38,998.88,1000.30,1058.52,1049.90,1036.24,1051.20,1031.94,35.98,36.10,36.22,35.81,36.01,36.20,36.32,35.84
105000,1114.54,998.96,1000.62,1058.38,1050.34,1036.30,1051.28,1032.08,35.98,36.12,36.25,35.88,36.12,36.25,36.33,35.88
105120,1114.02,998.62,1000.20,1058.08,1049.88,1035.72,1051.02,1031.60,35.91,36.06,36.19,35.73,35.95,36.12,36.20,35.75
105240,1114.44,998.90,1000.44,1058.46,1050.20,1036.48,1051.42,1031.84,36.00,36.10,36.25,35.87,36.16,36.28,36.37,35.95
105360,1114.52,998.78,1000.54,1058.30,1050.02,1036.50,1051.30,1031.92,35.95,36.07,36.22,35.81,36.08,36.23,36.33,35.87
105480,1114.12,998.90,1000.56,1058.26,1049.90,1036.38,1051.08,1031.88,35.96,36.09,36.24,35.80,36.07,36.25,36.32,35.88
105600,1115.44,999.06,1000.90,1058.46,1050.48,1036.54,1051.54,1032.32,36.03,36.14,36.29,35.93,36.24,36.33,36.43,36.03
105720,1114.90,999.10,1000.80,1058.72,1050.48,1036.72,1051.80,1032.22,36.13,36.21,36.35,35.95,36.33,36.37,36.51,36.07
105840,1114.84,998.88,1000.80,1058.78,1050.36,1036.80,1051.62,1032.20,36.09,36.19,36.34,35.91,36.20,36.32,36.47,35.98
105960,1114.62,998.80,1000.90,1058.36,1050.24,1036.38,1051.56,1031.98,35.98,36.13,36.26,35.81,36.06,36.21,36.30,35.83
106080,1114.66,998.92,1000.88,1058.40,1050.32,1036.46,1051.64,1031.78,36.04,36.16,36.30,35.91,36.16,36.30,36.41,35.90
106200,1114.64,998.86,1000.80,1058.30,1050.22,1036.28,1051.48,1031.82,35.98,36.11,36.25,35.84,36.08,36.19,36.31,35.86
106320,1113.80,998.52,1000.40,1058.30,1050.16,1036.14,1051.04,1031.62,35.95,36.08,36.20,35.78,36.04,36.17,36.27,35.82
106440,1114.78,998.48,1000.82,1058.22,1050.42,1036.74,1051.54,1031.98,36.00,36.11,36.25,35.90,36.19,36.32,36.42,35.98
106560,1114.34,998.42,1000.60,1058.24,1050.32,1036.50,1051.16,1031.50,35.97,36.09,36.23,35.82,36.10,36.23,36.33,35.84
106680,1114.60,998.74,1000.66,1058.38,1050.50,1036.64,1051.16,1031.52,36.02,36.11,36.26,35.91,36.18,36.31,36.38,35.91
106800,1114.22,998.70,1000.62,1058.18,1050.42,1036.54,1051.26,1031.62,35.94,36.09,36.22,35.83,36.10,36.23,36.30,35.84
106920,1114.44,998.84,1000.78,1058.32,1050.50,1036.62,1051.56,1031.72,36.08,36.16,36.31,35.94,36.24,36.35,36.47,36.01
107040,1114.56,998.48,1000.68,1058.34,1050.44,1036.60,1051.66,1031.82,36.03,36.13,36.28,35.90,36.19,36.31,36.41,35.95
107160,1114.36,998.40,1000.60,1057.98,1050.08,1036.38,1051.10,1031.52,35.98,36.09,36.24,35.83,36.08,36.24,36.32,35.86
107280,1114.52,998.58,1000.54,1058.06,1050.22,1036.32,1051.26,1031.42,36.04,36.14,36.28,35.89,36.20,36.29,36.41,35.93
107400,1114.32,998.46,1000.60,1057.98,1050.08,1036.32,1051.44,1031.44,35.96,36.09,36.23,35.85,36.11,36.20,36.29,35.82
107520,1114.42,998.78,1000.84,1058.14,1050.10,1036.66,1051.70,1031.66,36.05,36.16,36.33,35.93,36.23,36.36,36.48,36.00
107640,1114.44,998.58,1000.66,1058.08,1050.28,1036.52,1051.64,1031.72,36.02,36.13,36.27,35.90,36.17,36.30,36.41,35.95
107760,1114.06,998.46,1000.34,1058.08,1049.96,1036.26,1051.42,1031.40,35.95,36.08,36.23,35.82,36.09,36.23,36.34,35.85
107880,1113.92,998.52,1000.46,1058.08,1049.98,1036.24,1051.40,1031.52,35.97,36.09,36.25,35.88,36.12,36.25,36.36,35.93
108000,1114.10,998.20,1000.28,1057.92,1050.02,1035.98,1051.58,1031.40,35.91,36.05,36.20,35.81,36.08,36.18,36.27,35.88
108120,1114.04,998.32,1000.34,1058.34,1050.00,1036.38,1051.62,1031.22,36.01,36.11,36.27,35.91,36.18,36.31,36.42,35.94
108240,1114.36,998.44,1000.64,1058.10,1050.20,1036.30,1051.58,1031.42,36.01,36.11,36.27,35.89,36.17,36.31,36.39,35.94
108360,1114.32,998.18,1000.30,1057.88,1049.86,1036.04,1051.48,1031.36,35.95,36.07,36.21,35.81,36.08,36.24,36.32,35.86
108480,1113.90,998.36,1000.30,1057.82,1050.02,1036.00,1051.48,1031.20,35.98,36.08,36.23,35.83,36.15,36.24,36.35,35.90
108600,1113.90,998.22,1000.28,1057.76,1049.86,1036.14,1051.40,1031.18,35.91,36.03,36.18,35.77,36.03,36.19,36.28,35.82
108720,1113.90,997.92,1000.08,1057.50,1049.72,1035.76,1051.28,1030.78,35.92,36.03,36.18,35.75,36.02,36.17,36.28,35.78
108840,1115.24,998.46,1000.38,1058.14,1050.50,1036.62,1051.60,1031.46,36.04,36.10,36.27,35.93,36.22,36.32,36.42,36.01
108960,1114.82,998.56,1000.36,1057.90,1050.36,1036.48,1051.56,1031.36,36.09,36.17,36.32,35.95,36.28,36.39,36.47,36.02
109080,1114.64,998.46,1000.42,1057.98,1050.36,1036.62,1051.66,1031.60,36.08,36.16,36.30,35.93,36.23,36.36,36.46,36.00
109200,1114.64,998.42,1000.60,1057.70,1050.20,1036.30,1051.64,1031.40,35.98,36.09,36.23,35.82,36.10,36.24,36.33,35.87
109320,1114.32,998.36,1000.50,1057.94,1050.12,1036.28,1051.52,1031.26,36.02,36.13,36.28,35.89,36.15,36.30,36.41,35.94
109440,1114.32,998.16,1000.40,1057.64,1050.04,1035.98,1051.50,1031.00,35.97,36.10,36.24,35.84,36.10,36.21,36.30,35.89
109560,1113.94,998.40,1000.38,1057.40,1049.86,1035.82,1051.38,1030.90,35.99,36.11,36.24,35.79,36.07,36.19,36.33,35.84
109680,1115.30,998.76,1000.78,1058.04,1050.74,1036.64,1052.06,1031.62,36.08,36.17,36.32,35.99,36.33,36.41,36.55,36.08
109800,1115.04,999.04,1000.88,1058.16,1050.60,1036.96,1052.00,1031.68,36.17,36.25,36.41,36.04,36.36,36.46,36.63,36.16
109920,1115.10,999.00,1000.80,1058.00,1050.82,1036.96,1051.86,1031.56,36.16,36.25,36.40,36.02,36.32,36.44,36.54,36.10
110040,1114.46,998.64,1000.74,1057.64,1050.48,1036.70,1051.74,1031.16,36.03,36.18,36.31,35.86,36.14,36.28,36.38,35.90
110160,1114.06,998.80,1000.52,1057.58,1050.42,1036.14,1051.58,1031.32,36.02,36.16,36.29,35.87,36.11,36.29,36.38,35.91
110280,1114.14,998.46,1000.48,1057.66,1050.44,1036.16,1051.60,1031.28,35.96,36.09,36.23,35.83,36.08,36.22,36.31,35.88
110400,1113.88,998.32,1000.34,1057.36,1049.88,1035.88,1051.42,1030.72,35.95,36.09,36.22,35.78,36.04,36.20,36.28,35.81
110520,1115.32,998.56,1000.92,1057.58,1050.82,1036.70,1052.04,1031.48,36.08,36.17,36.32,35.99,36.29,36.41,36.48,36.06
110640,1114.96,998.50,1000.82,1057.80,1050.58,1036.76,1052.06,1031.40,36.13,36.21,36.38,35.98,36.34,36.44,36.56,36.10
110760,1114.66,998.50,1000.94,1057.94,1050.50,1036.68,1051.94,1031.24,36.09,36.18,36.35,35.91,36.20,36.38,36.46,35.97
110880,1114.54,998.60,1000.72,1057.68,1050.58,1036.52,1051.84,1031.08,36.00,36.13,36.26,35.85,36.14,36.28,36.35,35.91
111000,1114.20,998.24,1000.14,1057.46,1050.36,1036.26,1051.58,1030.82,35.99,36.12,36.26,35.83,36.10,36.25,36.35,35.87
111120,1114.26,998.32,1000.46,1057.46,1050.28,1036.42,1051.40,1030.78,36.02,36.13,36.27,35.87,36.15,36.29,36.38,35.93
111240,1114.24,998.28,1000.26,1057.52,1050.18,1036.34,1051.32,1030.40,35.96,36.09,36.22,35.82,36.02,36.23,36.27,35.80
111360,1114.18,998.34,1000.60,1057.64,1050.54,1036.32,1051.76,1030.80,36.05,36.15,36.30,35.93,36.20,36.34,36.44,35.97
111480,1114.62,998.42,1000.68,1057.46,1050.30,1036.46,1051.62,1030.94,36.03,36.12,36.27,35.89,36.18,36.30,36.41,35.92
111600,1114.24,998.36,1000.60,1057.26,1050.26,1036.12,1051.30,1030.58,36.01,36.12,36.26,35.84,36.09,36.25,36.35,35.88
111720,1114.48,998.64,1000.62,1057.32,1050.28,1036.34,1051.44,1030.70,36.06,36.16,36.31,35.90,36.18,36.32,36.42,35.95
111840,1114.26,998.32,1000.40,1057.38,1050.22,1036.30,1051.50,1030.70,35.98,36.14,36.26,35.80,36.05,36.26,36.35,35.90
111960,1115.20,998.70,1000.68,1057.68,1050.96,1036.76,1052.10,1030.84,36.19,36.25,36.42,36.08,36.42,36.51,36.63,36.19
112080,1114.78,998.50,1000.56,1057.54,1050.82,1036.86,1052.04,1030.70,36.08,36.18,36.33,35.93,36.21,36.37,36.47,35.99
112200,1114.30,998.50,1000.60,1057.28,1050.16,1036.68,1051.58,1030.36,36.04,36.15,36.30,35.87,36.15,36.31,36.39,35.92
112320,1115.02,998.78,1000.60,1057.70,1051.02,1037.12,1052.08,1030.92,36.14,36.19,36.35,36.01,36.31,36.42,36.55,36.07
112440,1114.10,998.42,1000.48,1057.24,1050.50,1036.60,1051.54,1030.50,35.99,36.12,36.28,35.84,36.11,36.29,36.36,35.86
112560,1114.30,998.42,1000.40,1057.30,1050.48,1036.58,1051.84,1030.54,36.02,36.12,36.27,35.88,36.15,36.32,36.41,35.94
112680,1114.18,998.26,1000.42,1057.36,1050.42,1036.52,1051.62,1030.26,35.95,36.08,36.24,35.84,36.08,36.25,36.33,35.81
112800,1114.04,998.34,1000.56,1057.42,1050.36,1036.66,1051.58,1030.74,36.01,36.11,36.28,35.90,36.22,36.33,36.42,35.95
112920,1114.30,998.32,1000.42,1057.24,1050.42,1036.52,1051.62,1030.52,36.01,36.10,36.26,35.91,36.20,36.32,36.42,35.96
113040,1113.58,998.22,1000.04,1056.82,1050.06,1036.06,1051.22,1030.28,35.93,36.06,36.19,35.75,36.01,36.17,36.27,35.79
113160,1113.92,998.20,1000.02,1056.88,1050.04,1036.42,1051.28,1030.26,35.97,36.08,36.22,35.82,36.13,36.26,36.36,35.89
113280,1113.84,998.22,999.92,1056.82,1049.98,1036.24,1051.20,1030.00,35.90,36.04,36.18,35.80,36.06,36.21,36.25,35.78
113400,1113.92,998.42,1000.00,1056.74,1050.06,1036.22,1051.28,1030.24,36.01,36.09,36.26,35.88,36.14,36.28,36.38,35.91
113520,1114.32,998.48,1000.28,1056.84,1050.06,1036.30,1051.32,1030.42,36.01,36.09,36.25,35.87,36.17,36.29,36.38,35.94
113640,1113.54,998.28,999.96,1056.80,1049.88,1035.94,1051.06,1029.98,35.94,36.06,36.20,35.76,36.01,36.19,36.27,35.77
113760,1113.92,998.38,1000.00,1056.86,1049.92,1036.08,1051.30,1029.98,35.98,36.08,36.22,35.84,36.10,36.24,36.34,35.88
113880,1113.94,998.34,999.94,1056.78,1050.06,1035.92,1051.16,1029.90,35.91,36.04,36.16,35.79,36.06,36.16,36.28,35.77
114000,1113.88,998.34,1000.02,1056.76,1049.90,1036.26,1051.16,1029.98,36.02,36.12,36.26,35.88,36.18,36.32,36.41,35.94
114120,1114.28,998.44,999.86,1056.88,1049.96,1036.20,1051.42,1030.12,35.99,36.09,36.23,35.85,36.15,36.27,36.38,35.92
114240,1113.78,998.24,999.98,1056.48,1049.88,1036.08,1051.18,1030.00,35.96,36.09,36.21,35.81,36.06,36.24,36.33,35.84
114360,1114.66,998.50,1000.30,1056.84,1050.26,1036.48,1051.90,1030.06,36.06,36.15,36.29,35.93,36.25,36.37,36.47,36.00
114480,1114.40,998.52,1000.18,1056.66,1050.16,1036.36,1051.60,1029.92,36.02,36.12,36.26,35.82,36.12,36.25,36.36,35.88
114600,1115.22,998.92,1000.76,1057.38,1050.72,1037.16,1052.10,1030.72,36.21,36.26,36.42,36.11,36.48,36.56,36.66,36.22
114720,1115.08,998.92,1000.68,1057.20,1050.52,1037.08,1052.06,1030.48,36.13,36.21,36.37,36.00,36.31,36.45,36.53,36.07
114840,1114.16,998.68,1000.44,1056.94,1050.00,1036.68,1051.74,1029.96,36.05,36.17,36.32,35.90,36.13,36.35,36.43,35.94
114960,1114.18,998.66,1000.36,1056.82,1050.16,1036.58,1051.78,1030.02,36.04,36.14,36.29,35.90,36.15,36.32,36.41,35.92
115080,1114.36,998.58,1000.34,1056.68,1050.16,1036.48,1051.68,1029.96,36.00,36.11,36.25,35.85,36.09,36.25,36.35,35.89
115200,1113.88,998.36,999.96,1056.66,1050.18,1036.30,1051.48,1029.82,35.97,36.09,36.23,35.82,36.08,36.25,36.35,35.87
115320,1113.92,998.36,1000.06,1056.74,1050.20,1036.44,1051.58,1029.92,36.00,36.10,36.25,35.88,36.14,36.30,36.38,35.93
115440,1113.90,998.44,999.94,1056.50,1050.10,1036.42,1051.46,1029.84,35.95,36.06,36.19,35.79,36.06,36.23,36.31,35.84
115560,1114.80,998.80,1000.82,1057.02,1050.58,1037.08,1051.98,1030.46,36.16,36.21,36.39,36.05,36.39,36.49,36.58,36.16
115680,1114.92,998.78,1000.52,1057.14,1050.46,1037.06,1052.20,1030.38,36.14,36.22,36.38,36.00,36.34,36.45,36.55,36.09
115800,1114.68,998.82,1000.36,1056.76,1050.04,1036.58,1051.72,1030.36,36.04,36.16,36.30,35.89,36.19,36.32,36.38,35.95
115920,1114.10,998.76,1000.20,1056.68,1050.00,1036.74,1051.86,1030.10,36.07,36.17,36.32,35.90,36.19,36.37,36.43,35.99
116040,1114.12,998.68,1000.34,1056.72,1050.14,1036.62,1051.92,1030.14,36.03,36.13,36.28,35.91,36.18,36.35,36.44,35.95
116160,1113.94,998.72,1000.26,1056.72,1050.10,1036.42,1051.50,1029.88,35.98,36.11,36.25,35.84,36.11,36.27,36.37,35.89
116280,1113.50,998.60,1000.14,1056.44,1050.12,1036.40,1051.48,1029.56,36.00,36.09,36.24,35.85,36.13,36.27,36.38,35.90
116400,1113.58,998.56,999.90,1056.42,1049.96,1036.34,1051.28,1029.64,35.92,36.06,36.20,35.80,36.09,36.24,36.32,35.83
116520,1113.40,998.38,999.94,1056.08,1049.58,1036.08,1051.10,1029.50,35.93,36.04,36.19,35.80,36.07,36.23,36.31,35.84
116640,1113.58,998.26,1000.04,1056.32,1049.80,1036.20,1051.04,1029.60,35.97,36.07,36.21,35.87,36.11,36.28,36.36,35.91
116760,1113.60,998.24,1000.02,1056.24,1049.84,1036.12,1051.12,1029.32,35.88,36.01,36.17,35.78,36.00,36.22,36.27,35.78
116880,1114.72,998.82,1000.34,1056.78,1050.62,1036.98,1051.82,1030.26,36.13,36.19,36.35,36.05,36.39,36.50,36.61,36.14
117000,1114.74,998.72,1000.40,1056.90,1050.26,1036.88,1051.82,1030.14,36.10,36.18,36.34,35.98,36.30,36.42,36.52,36.05
117120,1114.40,998.78,1000.36,1056.80,1050.30,1036.58,1051.52,1029.84,36.06,36.17,36.31,35.90,36.19,36.34,36.43,35.95
117240,1114.36,998.80,1000.24,1056.56,1050.26,1036.36,1051.52,1029.72,36.06,36.17,36.31,35.91,36.17,36.35,36.45,35.93
117360,1113.88,998.62,1000.06,1056.34,1050.16,1036.20,1051.22,1029.50,35.95,36.09,36.21,35.80,36.06,36.23,36.31,35.83
117480,1113.68,998.50,999.94,1056.18,1050.08,1035.90,1051.10,1029.42,35.96,36.09,36.21,35.81,36.08,36.25,36.33,35.86
117600,1114.92,998.82,1000.26,1056.52,1050.24,1036.76,1051.76,1030.06,36.04,36.13,36.29,35.95,36.25,36.38,36.45,36.05
117720,1114.50,998.94,1000.22,1056.68,1050.30,1036.78,1051.78,1029.68,36.10,36.18,36.34,35.94,36.28,36.42,36.52,36.02
117840,1114.12,998.88,1000.16,1056.60,1050.26,1036.74,1051.72,1029.66,36.09,36.16,36.31,35.94,36.26,36.40,36.49,35.97
117960,1113.94,998.78,1000.18,1056.40,1050.20,1036.58,1051.72,1029.50,35.98,36.09,36.23,35.84,36.12,36.27,36.36,35.88
118080,1113.72,998.58,1000.00,1056.04,1049.84,1036.30,1051.38,1029.08,35.97,36.09,36.22,35.79,36.07,36.24,36.33,35.81
118200,1114.12,998.76,1000.34,1056.42,1050.20,1036.56,1051.56,1029.64,36.04,36.14,36.28,35.93,36.27,36.35,36.44,36.01
118320,1113.96,998.58,1000.10,1056.20,1049.92,1036.38,1051.66,1029.32,35.98,36.10,36.24,35.84,36.13,36.30,36.39,35.90
118440,1113.90,998.60,999.96,1056.46,1049.70,1036.44,1051.66,1029.42,36.01,36.12,36.27,35.90,36.15,36.31,36.44,35.95
118560,1113.92,998.44,999.92,1056.02,1049.76,1036.06,1051.22,1029.16,35.94,36.07,36.21,35.79,36.03,36.23,36.30,35.84
118680,1113.68,998.36,1000.16,1055.94,1049.68,1036.00,1051.04,1029.12,35.98,36.09,36.22,35.82,36.04,36.22,36.30,35.86
118800,1114.06,998.54,999.96,1055.74,1049.78,1036.12,1051.18,1029.22,35.96,36.09,36.22,35.79,36.08,36.25,36.34,35.88
118920,1113.74,998.30,999.98,1055.78,1049.86,1036.00,1051.20,1029.04,35.96,36.09,36.23,35.79,36.10,36.26,36.33,35.88
119040,1115.10,998.78,1000.58,1056.36,1050.50,1036.92,1051.88,1029.80,36.08,36.17,36.30,36.01,36.33,36.45,36.54,36.09
119160,1114.92,999.12,1000.62,1056.48,1050.46,1037.00,1051.92,1029.82,36.17,36.24,36.41,36.05,36.38,36.50,36.66,36.19
119280,1114.76,999.10,1000.64,1056.46,1050.28,1036.86,1052.10,1029.64,36.13,36.20,36.38,36.01,36.29,36.43,36.55,36.09
119400,1114.08,999.04,1000.56,1056.06,1050.20,1036.52,1051.56,1029.42,36.01,36.13,36.27,35.86,36.13,36.29,36.38,35.89
119520,1113.76,999.08,1000.42,1055.92,1050.16,1036.40,1051.60,1029.26,36.03,36.16,36.29,35.86,36.13,36.28,36.42,35.93
119640,1113.70,999.14,1000.24,1056.04,1050.16,1036.50,1051.64,1029.24,35.99,36.11,36.25,35.86,36.13,36.26,36.33,35.90
119760,1113.42,998.68,999.94,1055.64,1049.80,1036.18,1051.20,1028.74,35.96,36.08,36.20,35.79,36.02,36.21,36.31,35.82
119880,1113.82,998.66,1000.22,1055.78,1049.96,1036.06,1051.12,1029.10,35.98,36.08,36.22,35.83,36.11,36.27,36.34,35.88
120000,1113.00,998.36,999.76,1055.40,1049.58,1035.74,1050.66,1028.44,35.90,36.02,36.15,35.73,36.00,36.14,36.26,35.77
120120,1113.18,998.42,999.72,1055.28,1049.74,1035.86,1051.06,1028.56,35.93,36.04,36.18,35.81,36.11,36.22,36.32,35.86
120240,1113.20,998.54,999.74,1055.18,1049.62,1036.12,1050.98,1028.64,35.87,36.02,36.15,35.70,36.03,36.18,36.26,35.80
120360,1114.70,998.94,1000.34,1056.22,1050.16,1036.66,1051.58,1029.28,36.15,36.18,36.35,36.04,36.38,36.47,36.59,36.15
120480,1114.80,999.12,1000.28,1056.18,1050.24,1036.76,1051.74,1029.34,36.14,36.19,36.36,36.01,36.33,36.45,36.56,36.10
120600,1113.88,998.94,1000.16,1055.84,1049.90,1036.44,1051.42,1028.60,36.02,36.13,36.28,35.85,36.13,36.29,36.38,35.89
120720,1113.96,999.02,1000.24,1055.84,1049.94,1036.48,1051.70,1028.60,36.05,36.15,36.31,35.93,36.18,36.36,36.45,35.95
120840,1113.90,999.26,999.98,1055.50,1049.68,1036.10,1051.46,1028.60,35.97,36.11,36.23,35.80,36.07,36.22,36.31,35.84
120960,1113.54,999.00,999.86,1055.56,1049.62,1036.12,1051.20,1028.56,36.03,36.13,36.27,35.87,36.13,36.28,36.41,35.91
121080,1113.66,999.00,1000.06,1055.58,1049.64,1036.22,1051.18,1028.42,35.94,36.10,36.21,35.81,36.08,36.22,36.29,35.85
121200,1113.60,999.10,999.62,1055.58,1049.56,1036.16,1050.84,1028.34,35.97,36.10,36.23,35.84,36.10,36.26,36.32,35.86
121320,1114.92,999.28,1000.32,1055.98,1050.24,1036.88,1051.82,1028.96,36.07,36.16,36.31,35.98,36.26,36.38,36.47,36.07
121440,1114.56,999.36,1000.34,1055.98,1050.20,1037.02,1051.88,1028.96,36.17,36.22,36.38,36.00,36.32,36.49,36.60,36.13
121560,1114.28,999.52,1000.34,1055.96,1050.34,1036.92,1051.78,1029.12,36.11,36.19,36.35,35.98,36.26,36.42,36.51,36.04
121680,1114.10,999.62,1000.32,1055.68,1050.34,1036.74,1051.68,1028.92,36.06,36.16,36.31,35.93,36.20,36.36,36.45,35.95
121800,1113.28,999.18,999.98,1055.32,1049.82,1036.22,1051.28,1028.42,35.98,36.09,36.24,35.80,36.07,36.26,36.34,35.84
121920,1113.96,999.24,1000.10,1055.58,1050.26,1036.64,1051.82,1028.76,36.05,36.14,36.29,35.93,36.25,36.38,36.45,35.99
122040,1113.96,999.34,1000.22,1055.70,1050.14,1036.38,1051.60,1028.60,36.02,36.14,36.27,35.87,36.15,36.29,36.39,35.92
122160,1113.76,999.14,1000.10,1055.48,1050.06,1036.52,1051.44,1028.12,36.01,36.13,36.28,35.88,36.15,36.29,36.36,35.87
122280,1114.78,999.52,1000.46,1055.86,1050.86,1036.92,1052.04,1028.90,36.08,36.15,36.33,35.98,36.29,36.39,36.49,36.05
122400,1114.60,999.44,1000.54,1055.90,1050.52,1037.00,1052.20,1028.80,36.17,36.24,36.41,36.03,36.38,36.48,36.58,36.14
122520,1114.78,999.60,1000.50,1056.18,1050.50,1036.82,1052.06,1028.74,36.15,36.22,36.37,35.98,36.28,36.45,36.53,36.02
122640,1114.14,999.36,1000.40,1055.54,1050.18,1036.54,1051.92,1028.62,36.02,36.13,36.28,35.86,36.13,36.29,36.39,35.90
122760,1113.70,999.32,1000.08,1055.50,1049.92,1036.36,1051.80,1028.34,36.02,36.11,36.27,35.86,36.13,36.29,36.38,35.86
122880,1114.86,999.78,1000.26,1056.00,1050.50,1036.90,1052.48,1028.80,36.09,36.17,36.33,35.98,36.29,36.40,36.50,36.05
123000,1114.40,999.70,1000.50,1056.02,1050.48,1036.84,1052.42,1028.86,36.15,36.21,36.37,36.01,36.31,36.47,36.55,36.09
123120,1114.34,999.74,1000.46,1056.14,1050.38,1036.80,1052.24,1028.88,36.13,36.22,36.38,35.99,36.31,36.43,36.53,36.06
123240,1114.12,999.74,1000.40,1055.66,1050.26,1036.62,1051.98,1028.48,36.03,36.15,36.29,35.89,36.17,36.33,36.41,35.94
123360,1113.48,999.66,1000.12,1055.48,1050.02,1036.16,1051.74,1028.20,36.00,36.12,36.27,35.85,36.11,36.28,36.38,35.89
123480,1114.12,999.86,1000.22,1055.46,1050.30,1036.58,1051.76,1028.56,36.08,36.16,36.30,35.94,36.23,36.38,36.49,36.00
123600,1113.82,999.72,1000.08,1055.32,1050.12,1036.22,1051.86,1028.50,36.01,36.12,36.27,35.86,36.14,36.29,36.40,35.91
123720,1113.66,999.66,999.92,1055.30,1050.06,1036.20,1051.60,1028.24,36.02,36.15,36.28,35.85,36.15,36.29,36.41,35.90
123840,1113.98,999.68,999.92,1055.66,1050.08,1036.04,1051.60,1028.14,36.04,36.13,36.28,35.88,36.19,36.31,36.42,35.94
123960,1113.30,999.52,999.76,1055.16,1049.68,1035.72,1051.24,1027.84,35.94,36.08,36.22,35.75,36.02,36.20,36.30,35.79
124080,1113.46,999.46,999.74,1055.14,1049.66,1036.02,1051.46,1027.98,35.98,36.11,36.24,35.85,36.11,36.27,36.36,35.92
124200,1113.40,999.52,999.64,1055.06,1049.64,1035.94,1051.22,1027.88,35.92,36.05,36.19,35.80,36.01,36.23,36.31,35.85
124320,1113.70,999.56,999.98,1055.00,1049.82,1035.90,1051.32,1027.98,36.04,36.13,36.28,35.91,36.19,36.34,36.44,36.00
124440,1113.94,999.54,1000.02,1055.02,1049.78,1036.24,1051.22,1027.94,36.03,36.13,36.26,35.90,36.15,36.29,36.39,35.96
124560,1113.36,999.62,999.88,1054.86,1049.52,1035.64,1051.22,1027.68,35.97,36.08,36.24,35.82,36.07,36.25,36.34,35.86
124680,1113.46,999.48,999.74,1054.72,1049.52,1035.90,1051.26,1027.56,35.97,36.08,36.22,35.84,36.09,36.25,36.34,35.87
124800,1113.40,999.28,999.76,1054.52,1049.58,1035.82,1051.04,1027.42,35.91,36.03,36.18,35.78,36.05,36.16,36.29,35.77
124920,1114.52,1000.00,1000.28,1055.26,1050.20,1036.82,1051.48,1028.10,36.15,36.19,36.36,36.06,36.40,36.48,36.60,36.14
125040,1114.68,1000.28,1000.34,1055.48,1050.16,1036.86,1051.76,1028.24,36.15,36.21,36.37,36.03,36.34,36.46,36.58,36.10
125160,1113.74,999.96,999.96,1055.26,1049.64,1036.14,1051.50,1027.90,36.03,36.14,36.29,35.86,36.14,36.30,36.39,35.90
125280,1113.52,999.88,1000.10,1054.90,1049.64,1036.12,1051.50,1027.76,36.03,36.13,36.28,35.88,36.14,36.29,36.40,35.93
125400,1113.76,999.92,999.98,1055.06,1049.82,1036.18,1051.42,1027.72,36.02,36.13,36.26,35.87,36.13,36.32,36.41,35.92
125520,1112.94,999.50,999.74,1054.54,1049.44,1036.06,1051.10,1027.38,35.92,36.05,36.19,35.76,36.02,36.22,36.26,35.81
125640,1113.76,999.80,999.80,1054.84,1049.98,1036.08,1051.34,1027.68,35.98,36.09,36.22,35.88,36.16,36.30,36.38,35.94
125760,1113.06,999.80,999.72,1054.70,1049.68,1035.80,1051.12,1027.38,35.94,36.08,36.21,35.79,36.03,36.21,36.31,35.82
125880,1113.30,999.82,999.64,1054.84,1049.76,1036.04,1051.14,1027.44,36.00,36.10,36.23,35.87,36.14,36.27,36.37,35.91
126000,1113.16,999.92,999.44,1054.66,1049.54,1035.90,1051.16,1027.26,35.91,36.05,36.16,35.79,36.06,36.22,36.31,35.78
126120,1113.36,999.98,999.68,1054.84,1049.58,1035.98,1051.26,1027.44,36.02,36.12,36.26,35.88,36.23,36.32,36.42,35.95
126240,1113.90,1000.06,999.92,1054.88,1049.94,1036.00,1051.22,1027.54,35.99,36.08,36.24,35.88,36.14,36.31,36.41,35.91
126360,1113.24,999.72,999.72,1054.58,1049.58,1035.98,1051.08,1027.22,35.95,36.07,36.21,35.79,36.07,36.23,36.32,35.82
126480,1113.78,999.90,999.90,1054.94,1049.88,1036.50,1051.74,1027.70,36.03,36.09,36.26,35.92,36.25,36.39,36.49,36.01
126600,1113.58,999.96,999.88,1054.72,1049.82,1036.06,1051.40,1027.54,35.97,36.08,36.24,35.85,36.13,36.28,36.37,35.90
126720,1114.98,1000.56,1000.76,1055.58,1050.42,1037.06,1052.20,1027.94,36.24,36.27,36.43,36.13,36.50,36.58,36.70,36.24
126840,1114.70,1000.54,1000.54,1055.66,1050.44,1036.80,1052.16,1027.92,36.16,36.23,36.39,36.03,36.36,36.48,36.58,36.09
126960,1113.92,1000.34,1000.44,1055.12,1049.90,1036.42,1051.78,1027.58,36.10,36.19,36.35,35.93,36.22,36.38,36.46,35.96
127080,1114.22,1000.18,1000.28,1054.96,1049.80,1036.34,1051.74,1027.52,36.07,36.16,36.30,35.92,36.17,36.34,36.44,35.94
127200,1113.90,1000.12,1000.08,1055.04,1049.90,1036.32,1051.68,1027.48,36.00,36.12,36.26,35.85,36.05,36.27,36.31,35.82
127320,1114.50,1000.46,1000.40,1055.26,1050.72,1037.22,1052.40,1028.12,36.20,36.25,36.42,36.12,36.47,36.57,36.66,36.22
127440,1114.50,1000.54,1000.44,1055.30,1050.66,1036.80,1052.42,1028.10,36.16,36.22,36.40,36.03,36.37,36.49,36.60,36.12
127560,1113.36,1000.34,1000.16,1054.86,1050.14,1036.34,1051.68,1027.54,36.04,36.16,36.32,35.87,36.15,36.31,36.39,35.92
127680,1114.22,1000.48,1000.34,1055.26,1050.50,1036.80,1052.28,1027.78,36.12,36.19,36.34,36.00,36.29,36.42,36.56,36.08
127800,1113.68,1000.42,1000.26,1054.68,1050.26,1036.22,1051.90,1027.26,36.03,36.16,36.30,35.86,36.10,36.27,36.38,35.88
127920,1113.50,1000.42,1000.12,1054.92,1050.14,1036.24,1051.92,1027.16,36.07,36.15,36.30,35.91,36.19,36.35,36.42,35.93
128040,1113.70,1000.32,999.94,1054.54,1050.14,1036.04,1051.56,1027.14,35.98,36.09,36.23,35.83,36.09,36.25,36.33,35.84
128160,1113.32,1000.32,999.76,1054.40,1049.94,1035.96,1051.40,1027.00,36.00,36.09,36.24,35.82,36.13,36.29,36.38,35.86
128280,1113.98,1000.42,1000.04,1054.78,1050.20,1036.26,1051.88,1027.52,36.06,36.14,36.30,35.94,36.29,36.39,36.50,36.03
128400,1113.76,1000.30,999.92,1054.64,1049.94,1036.20,1051.30,1027.20,36.03,36.13,36.28,35.87,36.16,36.31,36.41,35.91
128520,1113.70,1000.26,999.92,1054.66,1049.96,1036.10,1051.50,1027.26,36.06,36.14,36.31,35.91,36.21,36.35,36.42,35.94
128640,1113.38,1000.22,999.68,1054.44,1049.92,1035.80,1051.50,1027.10,35.98,36.08,36.23,35.81,36.09,36.25,36.34,35.86
128760,1113.10,1000.26,999.68,1054.40,1049.72,1035.78,1051.32,1027.00,35.98,36.07,36.22,35.84,36.09,36.28,36.37,35.85
128880,1113.88,1000.64,1000.04,1054.34,1049.88,1036.26,1051.50,1027.26,36.03,36.11,36.28,35.91,36.24,36.37,36.46,35.99
129000,1113.22,1000.56,999.72,1054.14,1049.60,1035.78,1051.38,1027.12,35.98,36.10,36.23,35.82,36.12,36.28,36.37,35.87
129120,1113.36,1000.58,999.78,1054.38,1049.72,1036.14,1051.48,1027.08,36.02,36.11,36.26,35.88,36.17,36.31,36.42,35.95
129240,1113.60,1000.48,999.72,1054.46,1049.64,1035.90,1051.46,1027.10,36.02,36.11,36.26,35.90,36.16,36.30,36.42,35.92
129360,1112.92,1000.24,999.70,1054.42,1049.62,1035.58,1050.88,1026.96,35.97,36.07,36.24,35.82,36.09,36.25,36.36,35.86
129480,1113.80,1000.72,999.76,1054.32,1049.88,1036.14,1051.66,1027.22,36.07,36.16,36.29,35.94,36.26,36.38,36.47,36.03
129600,1113.42,1000.56,999.58,1054.32,1049.78,1035.86,1051.48,1027.06,36.02,36.12,36.27,35.87,36.16,36.32,36.41,35.93
129720,1113.32,1000.56,999.44,1054.10,1049.40,1035.94,1051.40,1026.92,36.03,36.12,36.26,35.88,36.12,36.32,36.42,35.93
129840,1114.14,1000.96,999.88,1054.44,1050.02,1036.34,1051.80,1027.48,36.08,36.16,36.31,35.95,36.27,36.39,36.49,36.03
129960,1113.94,1001.02,999.90,1054.64,1050.06,1036.46,1051.80,1027.42,36.14,36.21,36.35,35.99,36.33,36.42,36.54,36.04
130080,1113.88,1001.06,999.96,1054.54,1050.08,1036.38,1051.90,1027.52,36.12,36.20,36.34,35.97,36.26,36.40,36.53,36.06
130200,1113.54,1000.96,999.98,1054.28,1050.12,1036.20,1051.64,1027.22,36.03,36.13,36.27,35.88,36.16,36.32,36.41,35.92
130320,1113.10,1000.68,999.52,1054.06,1049.70,1036.16,1051.32,1026.80,35.99,36.11,36.25,35.84,36.11,36.27,36.38,35.87
130440,1113.22,1000.86,999.84,1054.20,1050.10,1036.16,1051.74,1026.94,36.05,36.13,36.29,35.92,36.23,36.37,36.46,36.01
130560,1113.22,1000.84,999.72,1054.20,1049.88,1036.12,1051.46,1026.94,35.99,36.10,36.26,35.85,36.16,36.31,36.40,35.91
130680,1112.96,1000.82,999.58,1054.08,1049.90,1036.10,1051.42,1027.00,36.00,36.11,36.25,35.86,36.15,36.34,36.42,35.91
130800,1113.66,1000.94,999.54,1054.16,1049.78,1036.16,1051.38,1027.08,36.03,36.12,36.25,35.87,36.17,36.32,36.41,35.94
130920,1112.68,1000.58,999.50,1054.08,1049.42,1035.60,1050.96,1026.46,35.91,36.04,36.18,35.75,36.00,36.19,36.28,35.79
131040,1112.98,1000.62,999.54,1054.12,1049.50,1035.64,1051.14,1026.54,35.97,36.05,36.21,35.83,36.08,36.24,36.33,35.86
131160,1113.24,1000.54,999.32,1054.08,1049.40,1035.76,1051.18,1026.58,35.95,36.05,36.19,35.84,36.11,36.24,36.35,35.87
131280,1112.94,1000.66,999.40,1053.84,1049.12,1035.54,1050.94,1026.42,35.96,36.06,36.20,35.81,36.08,36.25,36.34,35.84
131400,1113.28,1000.72,999.78,1053.88,1049.40,1035.60,1051.02,1026.52,36.01,36.10,36.24,35.87,36.15,36.31,36.41,35.95
131520,1113.08,1000.80,999.72,1053.78,1049.36,1035.44,1050.90,1026.34,35.94,36.08,36.21,35.82,36.09,36.20,36.29,35.81
131640,1114.24,1001.40,1000.02,1054.38,1049.84,1036.38,1051.58,1027.22,36.18,36.21,36.38,36.06,36.42,36.50,36.61,36.15
131760,1114.12,1001.24,1000.08,1054.50,1049.92,1036.66,1051.54,1027.06,36.12,36.19,36.36,35.99,36.32,36.43,36.53,36.07
131880,1113.20,1001.16,999.80,1054.16,1049.66,1036.00,1051.42,1026.88,36.04,36.14,36.29,35.87,36.16,36.31,36.42,35.91
132000,1113.20,1001.06,999.84,1054.14,1049.70,1036.08,1051.38,1026.78,36.05,36.14,36.28,35.92,36.19,36.36,36.44,35.98
132120,1113.08,1001.06,999.72,1054.04,1049.56,1036.14,1051.36,1026.36,35.97,36.10,36.24,35.84,36.08,36.27,36.32,35.83
132240,1113.12,1001.22,999.66,1054.34,1049.54,1036.04,1051.48,1026.78,36.03,36.13,36.29,35.88,36.17,36.32,36.42,35.94
132360,1113.64,1001.14,999.90,1054.30,1049.90,1035.98,1051.52,1026.80,36.03,36.14,36.28,35.91,36.22,36.36,36.44,35.96
132480,1112.84,1000.94,999.70,1053.62,1049.34,1035.36,1051.10,1026.34,35.97,36.09,36.22,35.78,36.05,36.22,36.32,35.82
132600,1112.98,1001.14,999.50,1053.54,1049.60,1035.40,1050.86,1026.34,35.99,36.10,36.24,35.83,36.13,36.26,36.36,35.88
132720,1112.92,1001.06,999.52,1053.64,1049.46,1035.46,1051.04,1026.40,35.93,36.05,36.19,35.78,36.08,36.20,36.28,35.85
132840,1113.22,1001.18,999.60,1054.10,1049.42,1035.70,1051.26,1026.34,36.03,36.13,36.28,35.89,36.17,36.32,36.42,35.93
132960,1113.60,1001.30,999.52,1054.00,1049.76,1035.86,1051.28,1026.60,36.03,36.12,36.27,35.90,36.19,36.33,36.42,35.97
133080,1112.54,1001.12,999.16,1053.74,1049.32,1035.42,1050.88,1025.98,35.94,36.06,36.19,35.77,36.04,36.21,36.32,35.82
133200,1113.02,1001.22,999.44,1053.80,1049.30,1035.56,1051.00,1026.18,35.99,36.09,36.23,35.84,36.12,36.28,36.39,35.90
133320,1112.82,1001.16,999.46,1053.86,1049.20,1035.46,1050.82,1026.20,35.94,36.08,36.21,35.81,36.02,36.19,36.28,35.80
133440,1113.94,1001.52,1000.08,1054.14,1050.04,1036.36,1051.54,1026.82,36.16,36.21,36.39,36.07,36.43,36.53,36.63,36.18
133560,1114.00,1001.72,999.98,1054.10,1050.04,1036.50,1051.70,1026.82,36.13,36.21,36.37,36.00,36.34,36.45,36.56,36.09
133680,1113.30,1001.46,999.80,1053.84,1049.78,1036.08,1051.36,1026.62,36.05,36.15,36.32,35.86,36.15,36.33,36.43,35.92
133800,1113.42,1001.50,999.62,1053.72,1049.72,1035.84,1051.30,1026.60,36.05,36.14,36.29,35.89,36.18,36.32,36.40,35.94
133920,1113.38,1001.38,999.62,1053.60,1049.70,1035.52,1051.26,1026.46,35.96,36.10,36.23,35.84,36.04,36.21,36.32,35.88
134040,1113.34,1001.44,999.58,1053.58,1049.80,1036.18,1051.34,1026.52,36.07,36.15,36.29,35.90,36.25,36.35,36.47,35.97
134160,1113.52,1001.42,999.78,1053.80,1049.80,1036.30,1051.52,1026.48,36.05,36.12,36.28,35.91,36.22,36.36,36.45,35.99
134280,1112.88,1001.20,999.34,1053.44,1049.44,1035.70,1051.14,1026.30,35.95,36.06,36.20,35.78,36.05,36.22,36.31,35.81
134400,1113.10,1001.26,999.28,1053.60,1049.24,1035.64,1051.28,1026.24,35.97,36.06,36.21,35.85,36.11,36.28,36.37,35.91
134520,1113.18,1001.54,999.24,1053.70,1049.24,1035.70,1051.32,1026.10,35.96,36.05,36.21,35.84,36.10,36.26,36.38,35.88
134640,1112.54,1001.40,999.18,1053.40,1049.22,1035.56,1051.08,1025.92,35.95,36.03,36.19,35.78,36.03,36.23,36.32,35.83
134760,1113.72,1001.62,999.52,1054.12,1049.72,1036.24,1051.60,1026.50,36.05,36.10,36.27,35.95,36.27,36.40,36.51,36.06
134880,1113.56,1001.60,999.52,1053.78,1049.58,1036.18,1051.48,1026.40,36.03,36.11,36.27,35.87,36.19,36.33,36.42,35.95
135000,1113.34,1001.62,999.38,1053.90,1049.30,1035.96,1051.48,1026.10,36.05,36.11,36.27,35.90,36.17,36.34,36.45,35.97
135120,1113.42,1001.50,999.48,1053.78,1049.46,1035.98,1051.46,1026.16,36.02,36.10,36.25,35.89,36.15,36.33,36.42,35.93
135240,1113.06,1001.62,999.42,1053.76,1049.46,1035.66,1051.34,1026.22,35.98,36.08,36.21,35.81,36.08,36.25,36.35,35.87
135360,1113.16,1001.60,999.30,1053.56,1049.48,1035.64,1051.24,1026.18,36.03,36.09,36.25,35.88,36.16,36.31,36.42,35.95
135480,1113.24,1001.76,999.52,1053.68,1049.48,1035.68,1051.60,1026.22,36.03,36.11,36.25,35.90,36.21,36.33,36.43,35.97
135600,1113.72,1001.80,999.48,1053.68,1049.96,1035.98,1051.62,1026.36,36.09,36.14,36.30,35.96,36.27,36.41,36.52,36.05
135720,1113.86,1001.94,999.70,1053.88,1049.90,1036.16,1051.76,1026.52,36.10,36.15,36.31,35.98,36.28,36.44,36.52,36.08
135840,1114.00,1002.02,999.72,1053.88,1049.92,1036.30,1051.98,1026.60,36.13,36.18,36.35,36.00,36.32,36.45,36.57,36.12
135960,1113.70,1002.04,999.72,1054.10,1050.14,1036.42,1052.06,1026.86,36.15,36.19,36.36,36.04,36.33,36.46,36.58,36.13
136080,1114.36,1002.52,1000.08,1054.26,1050.20,1036.56,1052.14,1026.68,36.20,36.24,36.42,36.08,36.41,36.54,36.65,36.18
136200,1114.60,1002.36,1000.18,1054.18,1050.44,1036.72,1052.58,1026.92,36.22,36.25,36.43,36.09,36.41,36.55,36.66,36.18
136320,1114.62,1002.74,1000.22,1054.46,1050.84,1037.20,1052.86,1027.06,36.24,36.27,36.46,36.11,36.48,36.59,36.70,36.22
136440,1114.80,1002.52,1000.24,1054.52,1050.86,1037.24,1052.78,1027.18,36.26,36.28,36.47,36.13,36.49,36.61,36.71,36.22
136560,1114.76,1002.62,1000.18,1054.46,1050.96,1037.16,1052.96,1027.38,36.27,36.30,36.48,36.11,36.43,36.58,36.68,36.19
136680,1114.84,1002.78,1000.44,1054.60,1051.02,1037.16,1053.12,1027.50,36.27,36.31,36.48,36.12,36.44,36.58,36.69,36.22
136800,1114.84,1002.80,1000.46,1054.54,1051.06,1037.04,1052.92,1027.52,36.24,36.30,36.46,36.10,36.40,36.54,36.65,36.17
136920,1114.66,1002.86,1000.38,1054.32,1051.02,1036.82,1052.82,1027.26,36.19,36.27,36.42,36.03,36.31,36.48,36.58,36.09
137040,1114.30,1002.62,1000.36,1054.26,1050.80,1036.50,1052.66,1027.08,36.18,36.26,36.41,36.02,36.32,36.47,36.57,36.08
137160,1113.96,1002.38,1000.10,1054.18,1050.64,1036.40,1052.72,1026.78,36.14,36.23,36.37,35.99,36.27,36.42,36.55,36.02
137280,1114.06,1002.38,1000.24,1054.06,1050.84,1036.56,1052.74,1026.78,36.14,36.22,36.38,35.98,36.29,36.45,36.57,36.07
137400,1113.98,1002.36,1000.12,1054.12,1050.74,1036.58,1052.42,1026.78,36.15,36.22,36.37,35.98,36.28,36.41,36.53,36.05
137520,1113.86,1002.56,1000.00,1053.90,1050.78,1036.26,1052.44,1026.74,36.09,36.19,36.34,35.92,36.22,36.38,36.46,35.99
137640,1113.44,1002.36,999.88,1053.72,1050.36,1036.26,1052.22,1026.62,36.09,36.18,36.32,35.91,36.24,36.39,36.47,35.99
137760,1113.36,1002.38,999.80,1053.66,1050.44,1036.40,1052.18,1026.42,36.09,36.20,36.32,35.92,36.24,36.39,36.50,35.98
137880,1113.64,1002.32,999.82,1053.84,1050.40,1036.24,1052.22,1026.58,36.10,36.19,36.33,35.94,36.26,36.39,36.51,36.00
138000,1113.72,1002.42,1000.08,1053.70,1050.50,1036.30,1052.14,1026.48,36.13,36.21,36.36,35.98,36.27,36.41,36.53,36.05
138120,1113.58,1002.44,1000.04,1053.80,1050.58,1036.10,1052.00,1026.30,36.08,36.17,36.31,35.90,36.19,36.36,36.45,35.98
138240,1113.66,1002.62,999.94,1053.74,1050.34,1036.20,1052.06,1026.30,36.12,36.21,36.35,35.98,36.24,36.39,36.50,36.01
138360,1113.56,1002.56,999.82,1053.76,1050.06,1036.12,1052.00,1026.30,36.12,36.21,36.35,35.94,36.24,36.40,36.48,35.99
138480,1113.68,1002.58,999.86,1053.86,1050.14,1036.42,1051.90,1026.34,36.14,36.20,36.35,35.97,36.26,36.42,36.51,36.06
138600,1113.48,1002.44,999.74,1053.74,1049.98,1036.18,1051.94,1026.14,36.09,36.18,36.32,35.95,36.22,36.36,36.46,36.01
138720,1113.74,1002.52,999.82,1053.78,1050.06,1036.30,1052.26,1026.22,36.11,36.20,36.35,35.96,36.27,36.40,36.50,36.03
138840,1113.42,1002.18,999.84,1053.56,1050.02,1036.24,1052.00,1026.20,36.07,36.17,36.32,35.94,36.21,36.38,36.48,36.00
138960,1113.62,1002.16,999.96,1053.76,1050.10,1036.26,1052.10,1026.22,36.11,36.20,36.34,35.96,36.27,36.41,36.50,36.03
139080,1113.48,1002.62,999.94,1053.74,1049.88,1036.22,1051.98,1026.08,36.14,36.24,36.37,35.98,36.25,36.43,36.54,36.03
139200,1113.58,1002.56,999.86,1053.58,1049.86,1036.22,1052.00,1026.08,36.11,36.23,36.34,35.94,36.25,36.38,36.51,36.00
139320,1113.48,1002.50,999.84,1053.56,1049.96,1036.36,1052.16,1026.14,36.10,36.20,36.34,35.96,36.26,36.43,36.51,36.02
139440,1113.72,1002.62,999.98,1053.56,1050.14,1036.40,1052.26,1026.20,36.10,36.21,36.33,35.96,36.25,36.39,36.53,36.09
139560,1114.08,1003.02,1000.20,1054.06,1050.10,1036.62,1052.36,1026.40,36.24,36.30,36.47,36.09,36.43,36.55,36.67,36.19
139680,1113.98,1002.96,1000.36,1053.96,1050.16,1036.64,1052.36,1026.40,36.22,36.30,36.46,36.09,36.36,36.50,36.62,36.16
139800,1114.00,1003.04,1000.32,1053.74,1050.32,1036.66,1052.52,1026.32,36.18,36.25,36.42,36.04,36.31,36.48,36.56,36.08
139920,1114.02,1003.02,1000.16,1053.76,1050.28,1036.74,1052.56,1026.34,36.17,36.24,36.40,36.04,36.32,36.45,36.58,36.10
140040,1113.92,1003.14,1000.24,1053.48,1050.02,1036.44,1052.48,1026.22,36.15,36.25,36.39,35.99,36.27,36.42,36.53,36.05
140160,1114.12,1002.88,1000.16,1053.36,1050.16,1036.42,1052.52,1026.30,36.17,36.27,36.40,36.00,36.29,36.44,36.56,36.08
140280,1113.90,1002.84,1000.10,1053.40,1050.20,1036.34,1052.24,1026.04,36.15,36.23,36.39,35.97,36.29,36.43,36.54,36.05
140400,1114.00,1002.72,1000.10,1053.64,1050.28,1036.26,1052.38,1025.96,36.16,36.23,36.38,36.01,36.31,36.45,36.56,36.07
140520,1113.56,1002.74,999.86,1053.44,1050.28,1036.16,1052.24,1026.04,36.12,36.21,36.35,35.94,36.27,36.40,36.53,36.04
140640,1113.54,1002.78,1000.10,1053.50,1050.16,1036.28,1052.30,1025.96,36.09,36.19,36.34,35.95,36.24,36.39,36.49,36.01
140760,1113.66,1002.64,1000.04,1053.54,1050.22,1036.10,1052.22,1025.88,36.12,36.20,36.35,35.97,36.25,36.42,36.52,36.03
140880,1113.76,1002.64,999.86,1053.32,1050.06,1036.32,1052.08,1025.90,36.10,36.18,36.33,35.94,36.23,36.38,36.48,36.01
141000,1113.52,1002.76,999.94,1053.34,1049.88,1036.26,1052.28,1026.00,36.12,36.22,36.35,35.96,36.23,36.40,36.50,36.01
141120,1113.68,1002.84,999.92,1053.24,1049.82,1036.32,1052.16,1025.98,36.11,36.22,36.36,35.98,36.24,36.39,36.52,36.03
141240,1113.74,1002.90,999.96,1053.40,1049.82,1036.38,1052.16,1025.68,36.15,36.22,36.38,35.97,36.27,36.44,36.53,36.07
141360,1113.90,1002.98,1000.12,1053.34,1050.12,1036.58,1052.28,1025.72,36.17,36.25,36.40,36.02,36.32,36.46,36.59,36.09
141480,1114.28,1002.98,1000.22,1053.60,1050.20,1036.58,1052.36,1026.16,36.20,36.27,36.42,36.04,36.36,36.49,36.60,36.12
141600,1114.30,1003.30,1000.22,1053.76,1050.30,1036.62,1052.52,1026.02,36.22,36.28,36.44,36.06,36.38,36.51,36.63,36.18
141720,1113.88,1003.20,1000.26,1053.88,1050.52,1036.68,1052.48,1025.80,36.20,36.27,36.43,36.03,36.37,36.48,36.59,36.11
141840,1113.76,1003.38,1000.16,1053.96,1050.58,1036.80,1052.66,1026.28,36.19,36.28,36.42,36.04,36.38,36.52,36.63,36.12
141960,1113.84,1003.22,1000.10,1053.76,1050.60,1036.44,1052.76,1026.10,36.19,36.28,36.42,36.05,36.35,36.49,36.60,36.12
142080,1113.90,1003.14,1000.10,1053.76,1050.36,1036.78,1052.66,1025.76,36.19,36.27,36.43,36.05,36.36,36.46,36.60,36.12
142200,1114.06,1003.14,1000.14,1053.78,1050.46,1036.58,1052.66,1025.86,36.21,36.27,36.42,36.07,36.33,36.50,36.61,36.11
142320,1113.94,1003.28,1000.22,1053.76,1050.66,1036.56,1052.78,1026.10,36.21,36.29,36.44,36.05,36.37,36.51,36.62,36.11
142440,1114.10,1003.32,1000.22,1053.72,1050.64,1036.84,1052.92,1026.10,36.23,36.30,36.44,36.06,36.41,36.53,36.64,36.16
142560,1113.92,1003.30,1000.16,1053.56,1050.68,1036.78,1052.92,1026.00,36.21,36.29,36.43,36.04,36.35,36.49,36.61,36.12
142680,1113.92,1003.34,1000.16,1053.90,1050.80,1036.80,1052.84,1026.06,36.22,36.29,36.46,36.07,36.41,36.52,36.63,36.16
142800,1114.00,1003.28,1000.26,1054.02,1050.86,1036.92,1052.78,1026.08,36.24,36.31,36.47,36.12,36.42,36.57,36.65,36.18
142920,1113.98,1003.52,1000.16,1053.84,1050.88,1036.80,1052.96,1026.14,36.25,36.31,36.46,36.09,36.40,36.54,36.65,36.19
143040,1114.24,1003.52,1000.14,1053.78,1050.88,1036.82,1053.00,1026.16,36.25,36.32,36.47,36.09,36.40,36.53,36.64,36.16
143160,1114.44,1003.50,1000.30,1053.98,1050.68,1036.84,1053.00,1025.94,36.25,36.32,36.46,36.08,36.39,36.54,36.64,36.14
143280,1114.10,1003.30,1000.28,1053.64,1050.76,1036.78,1052.84,1026.00,36.23,36.31,36.46,36.06,36.36,36.50,36.63,36.12
143400,1113.94,1003.70,1000.44,1053.80,1051.02,1036.92,1052.82,1026.02,36.22,36.29,36.46,36.06,36.39,36.53,36.61,36.16
143520,1114.00,1003.70,1000.26,1053.78,1050.82,1036.76,1052.64,1025.88,36.23,36.31,36.46,36.10,36.41,36.51,36.62,36.12
143640,1113.86,1003.76,1000.16,1053.76,1050.80,1036.82,1053.08,1026.10,36.21,36.29,36.45,36.07,36.40,36.53,36.64,36.15
143760,1114.08,1003.50,1000.18,1053.72,1050.84,1036.84,1052.90,1026.20,36.22,36.29,36.45,36.08,36.41,36.52,36.63,36.18
143880,1114.06,1003.58,1000.34,1053.78,1050.88,1036.86,1053.18,1026.24,36.24,36.32,36.47,36.11,36.41,36.54,36.67,36.17
144000,1113.54,1003.34,1000.30,1053.66,1050.38,1036.44,1052.76,1025.94,36.14,36.27,36.41,35.98,36.26,36.42,36.52,36.02
144120,1113.48,1003.30,999.82,1053.48,1050.24,1036.36,1052.62,1025.50,36.13,36.22,36.37,35.95,36.21,36.38,36.49,35.98
144240,1113.74,1003.10,999.72,1053.26,1050.18,1035.88,1052.38,1025.58,36.05,36.18,36.30,35.88,36.13,36.30,36.39,35.91
144360,1113.32,1003.02,999.64,1053.10,1049.96,1035.68,1052.08,1025.26,36.07,36.19,36.32,35.86,36.16,36.30,36.42,35.95
144480,1113.58,1003.08,999.84,1053.16,1049.90,1035.84,1052.04,1025.28,36.09,36.21,36.32,35.95,36.20,36.35,36.45,35.98
144600,1113.06,1003.00,999.60,1053.04,1049.66,1035.54,1051.84,1024.92,36.04,36.18,36.29,35.84,36.09,36.23,36.35,35.87
144720,1113.30,1003.16,999.70,1053.06,1049.70,1035.92,1051.86,1024.98,36.08,36.21,36.31,35.93,36.20,36.34,36.46,35.96
144840,1113.16,1003.00,999.58,1052.82,1049.60,1035.84,1051.72,1024.84,36.01,36.15,36.28,35.87,36.16,36.26,36.36,35.93
144960,1113.32,1003.02,999.86,1053.04,1049.56,1035.90,1052.26,1024.80,36.12,36.20,36.35,35.97,36.30,36.43,36.55,36.06
145080,1113.36,1003.04,999.68,1053.02,1049.56,1036.16,1052.18,1025.08,36.09,36.17,36.33,35.95,36.23,36.38,36.50,36.02
145200,1113.04,1003.00,999.38,1052.66,1049.00,1035.68,1051.46,1024.50,36.05,36.15,36.27,35.85,36.09,36.27,36.39,35.88
145320,1113.10,1002.82,999.28,1052.84,1049.26,1035.56,1051.58,1024.64,36.06,36.14,36.28,35.90,36.15,36.32,36.40,35.93
145440,1112.84,1002.72,999.16,1052.60,1049.22,1035.62,1051.28,1024.86,35.95,36.09,36.22,35.82,36.03,36.21,36.30,35.88
145560,1114.04,1003.24,999.68,1053.40,1049.90,1036.66,1052.10,1025.36,36.22,36.24,36.41,36.11,36.46,36.56,36.68,36.22
145680,1113.82,1003.16,999.88,1053.20,1049.76,1036.42,1052.10,1025.30,36.17,36.23,36.39,36.04,36.35,36.50,36.60,36.12
145800,1112.98,1002.74,999.44,1052.88,1049.48,1036.26,1051.74,1024.90,36.09,36.19,36.32,35.91,36.18,36.36,36.47,35.96
145920,1112.96,1002.74,999.54,1052.84,1049.34,1035.80,1051.54,1024.80,36.07,36.16,36.31,35.91,36.19,36.37,36.44,35.98
146040,1112.80,1002.74,999.42,1052.64,1049.30,1035.84,1051.66,1024.82,35.98,36.09,36.25,35.80,36.07,36.29,36.33,35.91
146160,1112.92,1002.76,999.34,1052.64,1049.38,1035.94,1051.76,1024.84,36.08,36.16,36.33,35.97,36.24,36.38,36.49,36.05
146280,1113.20,1002.74,999.66,1052.60,1049.54,1036.02,1051.92,1024.74,36.09,36.17,36.32,35.95,36.25,36.42,36.50,36.02
146400,1112.88,1002.76,999.26,1052.36,1049.26,1035.66,1051.38,1024.40,36.04,36.16,36.27,35.83,36.11,36.28,36.39,35.88
146520,1113.12,1002.80,999.34,1052.54,1049.34,1035.82,1051.60,1024.52,36.09,36.18,36.32,35.92,36.22,36.35,36.47,35.98
146640,1113.12,1002.80,999.06,1052.52,1049.16,1035.44,1051.56,1024.38,36.01,36.14,36.25,35.81,36.07,36.24,36.34,35.84
146760,1113.14,1002.60,999.16,1052.24,1049.34,1035.42,1051.56,1024.32,36.05,36.16,36.28,35.88,36.18,36.29,36.44,35.93
146880,1113.08,1002.62,999.20,1052.26,1049.14,1035.32,1051.50,1024.26,36.01,36.13,36.25,35.80,36.10,36.22,36.36,35.88
147000,1112.72,1002.60,998.86,1052.12,1048.58,1035.48,1051.12,1023.88,35.98,36.10,36.23,35.82,36.07,36.25,36.34,35.86
147120,1113.40,1002.62,999.02,1052.20,1049.18,1035.74,1051.40,1024.40,36.06,36.12,36.27,35.90,36.22,36.35,36.48,35.98
147240,1113.22,1002.64,999.14,1052.02,1049.12,1035.34,1051.26,1024.02,36.01,36.10,36.24,35.84,36.13,36.28,36.38,35.89
147360,1112.86,1002.78,999.24,1051.94,1048.92,1035.40,1051.24,1024.04,36.04,36.12,36.27,35.89,36.18,36.29,36.40,35.94
147480,1112.86,1002.74,998.92,1051.96,1048.96,1035.30,1051.28,1023.94,35.95,36.07,36.21,35.79,36.09,36.24,36.33,35.81
147600,1112.66,1002.66,998.80,1052.04,1048.78,1035.24,1051.20,1023.74,35.99,36.09,36.21,35.79,36.08,36.25,36.36,35.85
147720,1113.14,1002.68,999.02,1052.28,1048.94,1035.36,1051.18,1024.12,36.04,36.12,36.26,35.91,36.24,36.34,36.44,35.97
147840,1113.10,1002.48,998.92,1052.42,1048.84,1035.46,1051.24,1024.18,36.01,36.10,36.26,35.87,36.15,36.32,36.40,35.98
147960,1113.38,1002.88,999.40,1052.40,1049.32,1035.66,1051.44,1024.30,36.14,36.19,36.35,35.99,36.32,36.44,36.57,36.08
148080,1113.32,1002.96,999.24,1052.24,1049.30,1035.60,1051.66,1024.06,36.10,36.17,36.33,35.94,36.25,36.39,36.50,36.03
148200,1112.84,1002.74,998.72,1052.08,1048.70,1035.38,1051.12,1023.52,35.98,36.09,36.22,35.80,36.06,36.24,36.32,35.81
148320,1112.68,1002.46,998.74,1051.96,1048.80,1035.50,1051.00,1023.58,36.00,36.10,36.25,35.86,36.11,36.31,36.42,35.93
148440,1112.78,1002.52,998.68,1051.92,1048.96,1035.46,1051.16,1023.64,35.94,36.07,36.18,35.78,36.06,36.24,36.32,35.83
148560,1113.04,1002.76,998.74,1052.08,1049.00,1035.64,1051.46,1024.00,36.07,36.13,36.28,35.92,36.26,36.39,36.51,36.02
148680,1113.14,1002.86,998.74,1052.10,1048.96,1035.76,1051.48,1023.92,36.06,36.11,36.27,35.90,36.22,36.37,36.49,35.99
148800,1113.00,1002.84,998.60,1051.86,1049.00,1035.52,1051.22,1023.94,35.97,36.09,36.21,35.79,36.12,36.28,36.38,35.90
148920,1113.94,1003.14,999.34,1052.70,1049.68,1036.44,1052.14,1024.40,36.20,36.24,36.41,36.11,36.46,36.56,36.68,36.21
149040,1113.92,1003.26,999.26,1052.54,1049.48,1036.32,1051.98,1024.46,36.18,36.23,36.39,36.04,36.37,36.49,36.59,36.11
149160,1113.26,1002.98,999.00,1052.30,1049.14,1035.70,1051.48,1024.06,36.08,36.18,36.32,35.89,36.16,36.32,36.45,35.93
149280,1113.20,1002.82,998.92,1052.08,1049.28,1035.84,1051.48,1024.04,36.08,36.17,36.31,35.90,36.20,36.35,36.43,35.97
149400,1112.96,1002.68,998.78,1051.92,1048.86,1035.54,1051.54,1023.88,35.97,36.07,36.21,35.81,36.09,36.25,36.35,35.86
149520,1112.36,1002.58,998.50,1051.84,1048.76,1035.24,1051.22,1023.44,35.95,36.05,36.19,35.79,36.07,36.24,36.34,35.85
149640,1113.88,1002.96,999.20,1052.16,1049.54,1036.10,1051.96,1024.42,36.07,36.13,36.29,35.99,36.32,36.43,36.55,36.09
149760,1113.66,1002.98,999.28,1052.32,1049.58,1036.08,1052.12,1024.30,36.18,36.21,36.39,36.03,36.41,36.49,36.63,36.15
149880,1113.38,1002.96,999.20,1052.40,1049.52,1036.08,1051.86,1024.04,36.13,36.19,36.38,35.99,36.33,36.46,36.55,36.08
150000,1113.54,1002.88,999.12,1052.14,1049.20,1036.02,1051.78,1023.94,36.06,36.15,36.29,35.91,36.19,36.36,36.46,35.94
150120,1112.60,1002.64,998.76,1051.66,1048.62,1035.26,1051.28,1023.54,35.99,36.10,36.24,35.80,36.06,36.23,36.34,35.83
150240,1112.84,1002.68,998.68,1051.64,1049.02,1035.40,1051.42,1023.92,36.02,36.10,36.25,35.87,36.15,36.31,36.41,35.93
150360,1112.74,1002.60,998.72,1051.46,1048.70,1035.34,1051.32,1023.84,35.96,36.04,36.21,35.78,36.07,36.27,36.34,35.91
150480,1113.10,1002.86,998.58,1051.84,1049.00,1035.48,1051.36,1023.62,36.04,36.11,36.27,35.91,36.24,36.38,36.49,36.00
150600,1113.22,1002.78,998.62,1051.88,1049.20,1035.58,1051.70,1023.86,36.04,36.12,36.26,35.92,36.22,36.36,36.45,35.97
150720,1112.42,1002.70,998.60,1051.46,1048.66,1035.44,1051.06,1023.44,35.98,36.09,36.22,35.81,36.09,36.26,36.37,35.85
150840,1112.54,1002.66,998.66,1051.60,1048.82,1035.36,1051.28,1023.36,36.00,36.09,36.23,35.85,36.13,36.29,36.40,35.91
150960,1112.56,1002.54,998.54,1051.64,1048.50,1035.22,1051.20,1023.42,35.95,36.04,36.20,35.82,36.06,36.25,36.31,35.82
151080,1112.94,1002.66,998.64,1051.74,1048.88,1035.30,1051.32,1023.62,36.07,36.12,36.29,35.93,36.25,36.39,36.50,36.02
151200,1113.12,1002.72,998.66,1051.72,1049.06,1035.42,1051.40,1023.80,36.05,36.12,36.29,35.91,36.25,36.35,36.46,35.98
151320,1112.62,1002.68,998.72,1051.56,1048.88,1035.38,1051.26,1023.42,36.04,36.13,36.28,35.87,36.15,36.30,36.43,35.92
151440,1112.84,1002.96,998.86,1051.54,1049.06,1035.36,1051.40,1023.66,36.06,36.15,36.29,35.92,36.22,36.33,36.44,35.96
151560,1112.58,1002.82,998.72,1051.34,1048.62,1035.27,1051.02,1023.20,36.00,36.12,36.25,35.81,36.06,36.22,36.32,35.84
151680,1112.72,1002.74,998.76,1051.28,1048.82,1035.28,1051.40,1023.40,36.06,36.14,36.29,35.90,36.16,36.30,36.42,35.94
151800,1112.84,1003.02,998.86,1051.36,1048.82,1035.36,1051.24,1023.38,36.00,36.13,36.25,35.81,36.14,36.29,36.39,35.85
151920,1113.02,1003.18,998.92,1051.78,1048.84,1035.82,1051.30,1023.68,36.13,36.20,36.36,35.98,36.30,36.42,36.55,36.07
152040,1113.24,1003.04,998.64,1051.64,1048.84,1035.44,1051.28,1023.56,36.08,36.16,36.32,35.93,36.25,36.39,36.49,36.02
152160,1112.26,1002.60,998.36,1051.32,1048.54,1034.92,1050.98,1023.30,35.98,36.08,36.23,35.80,36.07,36.22,36.34,35.84
152280,1112.42,1002.50,998.34,1051.24,1048.68,1035.22,1051.04,1023.36,36.01,36.10,36.24,35.86,36.14,36.31,36.42,35.93
152400,1112.26,1002.54,998.28,1051.40,1048.48,1035.18,1050.76,1023.36,35.93,36.04,36.18,35.80,36.05,36.22,36.32,35.90
152520,1113.64,1003.10,999.04,1052.04,1049.30,1036.02,1051.92,1024.40,36.21,36.22,36.41,36.11,36.48,36.58,36.70,36.26
152640,1113.74,1003.30,999.18,1052.10,1049.32,1036.06,1051.78,1023.98,36.18,36.21,36.40,36.03,36.38,36.49,36.63,36.14
152760,1112.70,1003.04,998.76,1051.40,1048.56,1035.38,1051.24,1023.64,36.07,36.16,36.33,35.89,36.15,36.30,36.44,35.90
152880,1113.52,1003.34,999.10,1051.90,1049.20,1035.90,1051.68,1023.80,36.13,36.20,36.35,35.99,36.31,36.43,36.53,36.06
153000,1113.30,1003.32,999.00,1051.80,1049.18,1035.80,1051.40,1023.58,36.10,36.19,36.33,35.93,36.22,36.37,36.48,35.99
153120,1112.90,1003.06,998.96,1051.58,1048.94,1035.74,1051.34,1023.60,36.08,36.18,36.33,35.94,36.23,36.38,36.46,35.99
153240,1112.92,1003.02,998.80,1051.68,1049.00,1035.46,1051.32,1023.50,36.03,36.13,36.28,35.87,36.15,36.33,36.42,35.95
153360,1112.20,1002.68,998.52,1051.02,1048.50,1035.06,1051.06,1022.98,35.97,36.08,36.22,35.78,36.07,36.24,36.35,35.84
153480,1112.62,1002.68,998.52,1051.12,1048.72,1035.18,1051.20,1023.08,36.00,36.08,36.24,35.86,36.14,36.30,36.39,35.91
153600,1112.58,1002.66,998.42,1051.10,1048.74,1035.18,1051.14,1023.10,35.97,36.07,36.22,35.82,36.10,36.27,36.35,35.88
153720,1112.44,1002.68,998.46,1051.02,1048.52,1035.14,1051.04,1022.98,36.00,36.08,36.23,35.80,36.11,36.27,36.35,35.84
153840,1113.52,1002.96,998.70,1051.66,1049.16,1035.60,1051.66,1023.70,36.12,36.13,36.29,35.97,36.28,36.40,36.50,36.05
153960,1113.38,1003.12,998.90,1051.80,1049.16,1035.66,1051.72,1023.62,36.15,36.20,36.36,36.01,36.37,36.44,36.58,36.10
154080,1113.00,1003.12,998.88,1051.38,1049.02,1035.82,1051.70,1023.66,36.11,36.17,36.33,35.96,36.26,36.40,36.54,36.06
154200,1113.22,1003.32,998.88,1051.52,1049.12,1035.72,1051.82,1023.80,36.08,36.16,36.31,35.95,36.26,36.40,36.51,36.03
154320,1112.34,1002.82,998.44,1051.12,1048.64,1035.14,1051.14,1022.94,36.00,36.09,36.24,35.81,36.08,36.25,36.33,35.85
154440,1112.20,1002.84,998.42,1051.24,1048.54,1035.22,1051.24,1022.86,36.01,36.11,36.24,35.88,36.13,36.31,36.42,35.91
154560,1112.54,1002.88,998.28,1051.10,1048.56,1035.14,1051.02,1023.04,35.96,36.06,36.19,35.83,36.04,36.26,36.31,35.89
154680,1112.72,1002.90,998.46,1051.18,1048.74,1035.10,1051.20,1023.18,36.06,36.12,36.27,35.90,36.20,36.35,36.47,36.02
154800,1112.94,1002.94,998.48,1051.28,1048.88,1035.26,1051.22,1023.10,36.07,36.13,36.28,35.92,36.22,36.36,36.47,36.01
154920,1112.06,1002.90,998.42,1050.96,1048.58,1034.84,1050.90,1022.86,35.99,36.08,36.23,35.81,36.08,36.24,36.35,35.82
155040,1112.34,1002.98,998.42,1051.14,1048.56,1034.80,1051.26,1022.98,36.01,36.09,36.24,35.86,36.14,36.30,36.41,35.93
155160,1112.46,1002.84,998.24,1051.18,1048.58,1035.08,1051.20,1022.98,36.00,36.09,36.24,35.83,36.15,36.29,36.40,35.93
155280,1111.98,1002.94,998.20,1050.96,1048.40,1034.76,1051.16,1022.90,35.98,36.07,36.21,35.81,36.09,36.25,36.38,35.88
155400,1113.68,1003.24,998.70,1051.52,1049.14,1035.66,1051.84,1023.12,36.10,36.14,36.30,35.99,36.32,36.43,36.55,36.09
155520,1112.84,1003.16,998.52,1051.30,1049.10,1035.58,1051.74,1023.00,36.14,36.19,36.37,36.00,36.32,36.46,36.59,36.08
155640,1113.08,1003.14,998.54,1051.40,1049.10,1035.62,1051.92,1023.00,36.12,36.16,36.34,35.98,36.26,36.39,36.54,36.05
155760,1112.94,1003.12,998.42,1050.98,1049.04,1035.48,1051.72,1022.96,36.04,36.13,36.26,35.85,36.19,36.33,36.44,35.90
155880,1112.84,1003.14,998.62,1051.30,1048.88,1035.42,1051.66,1022.86,36.12,36.16,36.32,35.94,36.25,36.38,36.51,36.01
156000,1112.84,1003.10,998.60,1051.38,1049.00,1035.70,1051.60,1023.18,36.09,36.16,36.31,35.93,36.24,36.38,36.49,36.00
156120,1112.30,1002.98,998.28,1051.10,1048.34,1034.88,1051.20,1022.48,35.99,36.10,36.23,35.80,36.07,36.22,36.35,35.84
156240,1112.38,1003.14,998.44,1051.12,1048.56,1034.88,1051.46,1022.78,36.02,36.11,36.27,35.87,36.16,36.31,36.46,35.94
156360,1112.38,1003.10,998.50,1051.12,1048.58,1034.86,1051.24,1022.94,35.95,36.06,36.22,35.83,36.08,36.24,36.39,35.92
156480,1112.50,1002.96,998.52,1051.20,1048.84,1035.24,1051.28,1023.04,36.06,36.11,36.30,35.95,36.23,36.36,36.49,35.98
156600,1112.64,1003.02,998.52,1051.02,1048.90,1035.34,1051.40,1022.80,36.06,36.11,36.27,35.92,36.22,36.36,36.48,35.99
156720,1112.62,1002.92,998.22,1051.08,1048.80,1035.06,1051.32,1022.60,35.97,36.05,36.21,35.82,36.10,36.27,36.38,35.87
156840,1113.64,1003.78,998.80,1051.78,1049.66,1035.96,1052.10,1023.40,36.23,36.23,36.42,36.13,36.53,36.58,36.72,36.26
156960,1113.44,1003.38,998.92,1051.76,1049.26,1035.66,1051.88,1023.36,36.16,36.21,36.38,36.02,36.34,36.45,36.58,36.08
157080,1112.48,1003.40,998.54,1051.38,1048.88,1035.24,1051.60,1022.76,36.05,36.16,36.30,35.89,36.18,36.34,36.45,35.94
157200,1112.68,1003.22,998.38,1051.28,1048.76,1035.14,1051.54,1023.02,36.04,36.13,36.27,35.89,36.17,36.33,36.41,35.91
157320,1112.68,1003.10,998.46,1050.98,1048.74,1035.04,1051.44,1022.90,35.98,36.08,36.22,35.82,36.09,36.25,36.33,35.86
157440,1112.74,1003.10,998.56,1051.16,1048.84,1035.00,1051.80,1022.74,36.11,36.14,36.31,35.92,36.25,36.37,36.50,36.04
157560,1112.72,1003.02,998.42,1051.18,1048.94,1035.24,1051.90,1022.78,36.05,36.12,36.28,35.93,36.19,36.34,36.46,35.99
157680,1112.20,1003.04,998.32,1050.90,1048.48,1034.80,1051.48,1022.66,35.99,36.07,36.22,35.81,36.08,36.25,36.36,35.86
157800,1112.42,1003.06,998.20,1051.00,1048.68,1034.76,1051.44,1022.84,36.01,36.08,36.23,35.84,36.12,36.28,36.41,35.92
157920,1112.08,1002.92,998.06,1050.82,1048.70,1034.66,1051.50,1022.64,35.91,36.04,36.19,35.81,36.08,36.19,36.34,35.86
158040,1113.36,1003.36,998.66,1051.42,1049.24,1035.86,1051.76,1023.36,36.18,36.19,36.38,36.09,36.44,36.54,36.68,36.21
158160,1113.24,1003.48,998.80,1051.46,1049.24,1035.72,1051.78,1023.08,36.15,36.18,36.36,36.01,36.32,36.46,36.58,36.09
158280,1112.42,1003.24,998.56,1050.90,1048.96,1035.20,1051.34,1022.56,36.04,36.13,36.28,35.88,36.16,36.32,36.44,35.92
158400,1112.40,1003.24,998.54,1050.76,1049.00,1035.38,1051.38,1022.50,36.03,36.13,36.28,35.89,36.19,36.33,36.43,35.94
158520,1112.56,1003.14,998.36,1050.56,1048.70,1035.02,1051.24,1022.48,35.94,36.06,36.21,35.79,36.05,36.26,36.32,35.88
158640,1112.40,1003.16,998.30,1050.90,1048.76,1035.32,1051.30,1022.32,36.07,36.12,36.27,35.89,36.20,36.33,36.45,35.95
158760,1112.90,1003.32,998.32,1050.96,1048.92,1035.26,1051.46,1022.56,36.06,36.14,36.28,35.94,36.21,36.38,36.46,35.99
158880,1112.12,1003.00,998.30,1050.82,1048.40,1034.76,1051.32,1022.38,36.02,36.11,36.26,35.83,36.09,36.27,36.37,35.88
159000,1112.48,1003.18,998.28,1050.64,1048.52,1035.00,1051.30,1022.48,36.03,36.10,36.25,35.86,36.15,36.30,36.43,35.93
159120,1112.32,1003.14,998.20,1050.52,1048.38,1034.62,1051.16,1022.62,35.94,36.05,36.20,35.81,36.04,36.20,36.36,35.88
159240,1112.28,1003.20,998.48,1050.66,1048.68,1035.06,1051.30,1022.40,36.08,36.13,36.29,35.93,36.23,36.36,36.53,36.04
159360,1112.60,1003.34,998.30,1050.70,1048.66,1035.08,1051.48,1022.52,36.04,36.12,36.28,35.91,36.19,36.31,36.46,35.97
159480,1112.04,1003.22,998.16,1050.48,1048.20,1034.76,1051.06,1022.00,36.00,36.07,36.22,35.83,36.08,36.27,36.39,35.88
159600,1112.88,1003.62,998.48,1050.86,1048.76,1035.20,1051.38,1022.54,36.08,36.13,36.30,35.95,36.28,36.39,36.53,36.04
159720,1112.32,1003.46,998.42,1050.44,1048.62,1034.98,1051.34,1022.34,36.01,36.12,36.28,35.84,36.17,36.27,36.41,35.92
159840,1113.54,1003.96,998.92,1051.36,1049.36,1035.98,1052.24,1023.14,36.25,36.26,36.46,36.15,36.53,36.61,36.76,36.28
159960,1113.40,1003.92,998.96,1051.52,1049.30,1035.70,1051.96,1023.10,36.18,36.23,36.40,36.03,36.36,36.48,36.61,36.11
160080,1112.76,1003.68,998.64,1051.22,1049.00,1035.20,1051.76,1022.64,36.09,36.17,36.34,35.90,36.20,36.37,36.50,35.96
160200,1112.84,1003.76,998.54,1051.10,1049.06,1035.24,1051.84,1022.48,36.09,36.17,36.31,35.93,36.22,36.35,36.46,35.97
160320,1112.92,1003.60,998.44,1051.02,1048.94,1035.00,1051.50,1022.34,36.03,36.10,36.25,35.86,36.13,36.28,36.39,35.84
160440,1112.72,1003.36,998.72,1051.02,1049.06,1035.18,1051.50,1022.60,36.13,36.18,36.34,35.95,36.32,36.39,36.52,36.02
160560,1112.80,1003.64,998.70,1051.24,1048.96,1035.26,1051.60,1022.62,36.07,36.16,36.30,35.91,36.23,36.34,36.46,36.00
160680,1111.82,1003.40,998.20,1050.66,1048.66,1034.62,1051.04,1022.16,35.98,36.10,36.23,35.80,36.05,36.23,36.36,35.85
160800,1112.40,1003.40,998.10,1050.72,1048.66,1034.58,1051.08,1022.22,36.00,36.09,36.23,35.83,36.12,36.27,36.39,35.91
160920,1112.14,1003.24,998.14,1050.46,1048.72,1034.44,1051.18,1022.00,35.93,36.04,36.16,35.73,36.07,36.17,36.33,35.84
161040,1112.98,1003.58,998.78,1051.20,1049.18,1035.28,1051.58,1022.52,36.16,36.19,36.38,36.07,36.43,36.52,36.65,36.20
161160,1112.94,1003.64,998.66,1051.22,1049.28,1035.32,1051.64,1022.50,36.13,36.18,36.34,35.99,36.33,36.44,36.57,36.07
161280,1112.40,1003.50,998.70,1051.00,1048.62,1034.88,1051.48,1022.26,36.07,36.15,36.30,35.90,36.19,36.34,36.46,35.95
161400,1112.72,1003.44,998.72,1050.96,1048.80,1034.90,1051.48,1022.32,36.08,36.17,36.31,35.94,36.24,36.35,36.50,36.02
161520,1111.72,1003.30,998.20,1050.30,1048.38,1034.30,1050.84,1021.74,35.95,36.10,36.22,35.75,35.99,36.17,36.28,35.77
161640,1113.00,1003.62,998.68,1050.74,1048.92,1034.92,1051.68,1022.38,36.09,36.16,36.30,35.96,36.26,36.38,36.48,36.05
161760,1112.66,1003.54,998.68,1050.54,1048.84,1034.78,1051.48,1022.12,36.05,36.14,36.28,35.89,36.18,36.31,36.43,35.93
161880,1112.28,1003.44,998.52,1050.58,1048.64,1034.74,1051.20,1022.22,36.06,36.13,36.30,35.92,36.21,36.37,36.45,35.96
162000,1112.22,1003.36,998.50,1050.48,1048.66,1034.78,1051.44,1022.04,35.97,36.08,36.23,35.84,36.07,36.27,36.38,35.89
162120,1112.24,1003.62,998.54,1050.30,1048.54,1034.72,1051.44,1021.96,36.06,36.14,36.29,35.90,36.18,36.37,36.47,36.00
162240,1112.50,1003.58,998.58,1050.48,1048.64,1034.96,1051.42,1021.70,36.03,36.12,36.26,35.86,36.14,36.30,36.39,35.90
162360,1112.04,1003.44,998.46,1050.42,1048.46,1034.50,1051.08,1021.82,36.01,36.09,36.24,35.83,36.08,36.25,36.38,35.88
162480,1112.26,1003.68,998.40,1050.52,1048.44,1034.48,1051.24,1021.98,36.05,36.11,36.26,35.90,36.19,36.32,36.46,35.96
162600,1112.00,1003.46,998.36,1050.44,1048.32,1034.48,1051.14,1021.94,35.96,36.07,36.21,35.83,36.04,36.25,36.32,35.86
162720,1113.12,1004.22,998.88,1050.84,1048.98,1035.18,1051.86,1022.64,36.19,36.23,36.38,36.08,36.42,36.52,36.66,36.17
162840,1113.12,1004.32,998.80,1050.78,1048.98,1035.12,1051.82,1022.50,36.13,36.19,36.34,35.99,36.29,36.43,36.55,36.06
162960,1112.18,1004.04,998.64,1050.46,1048.48,1034.38,1051.22,1021.72,36.03,36.14,36.27,35.83,36.13,36.28,36.41,35.89
163080,1112.32,1003.74,998.64,1050.50,1048.66,1034.64,1051.32,1021.92,36.07,36.14,36.27,35.90,36.21,36.33,36.46,35.98
163200,1112.32,1003.56,998.56,1050.46,1048.54,1034.46,1051.38,1021.84,35.98,36.08,36.24,35.85,36.08,36.23,36.39,35.85
163320,1113.12,1004.32,998.92,1051.30,1049.00,1035.58,1051.90,1022.66,36.21,36.22,36.40,36.08,36.47,36.55,36.66,36.20
163440,1113.26,1004.24,999.00,1051.14,1049.00,1035.30,1051.92,1022.46,36.14,36.19,36.36,36.00,36.32,36.45,36.56,36.08
163560,1112.20,1003.70,998.86,1050.56,1048.78,1034.80,1051.34,1021.98,36.03,36.14,36.29,35.86,36.15,36.31,36.43,35.89
163680,1112.74,1003.68,998.92,1050.60,1048.96,1034.96,1051.44,1022.02,36.06,36.15,36.30,35.92,36.21,36.35,36.47,35.98
163800,1112.48,1003.78,998.80,1050.34,1049.02,1034.92,1051.42,1022.06,35.99,36.10,36.25,35.82,36.16,36.30,36.40,35.94
163920,1113.46,1004.06,998.86,1051.08,1049.40,1035.52,1052.02,1022.56,36.22,36.23,36.41,36.11,36.49,36.55,36.69,36.24
164040,1113.40,1004.06,999.02,1051.08,1049.40,1035.64,1052.06,1022.54,36.16,36.21,36.37,36.01,36.34,36.46,36.59,36.10
164160,1112.40,1003.72,998.54,1050.40,1048.98,1035.10,1051.50,1022.08,36.05,36.15,36.29,35.86,36.17,36.31,36.44,35.93
164280,1112.22,1003.76,998.56,1050.40,1048.72,1034.98,1051.72,1021.94,36.05,36.13,36.29,35.89,36.22,36.33,36.47,35.96
164400,1112.30,1003.82,998.48,1050.34,1048.64,1035.06,1051.54,1021.86,35.97,36.10,36.21,35.84,36.12,36.26,36.38,35.83
164520,1113.24,1004.38,998.96,1050.90,1049.24,1035.50,1052.12,1022.48,36.22,36.25,36.43,36.12,36.45,36.56,36.67,36.21
164640,1113.08,1004.16,999.12,1050.94,1049.16,1035.10,1051.72,1022.36,36.13,36.21,36.35,35.95,36.26,36.39,36.52,36.01
164760,1112.72,1004.24,999.10,1050.74,1048.68,1035.00,1051.68,1022.18,36.12,36.21,36.34,35.95,36.23,36.37,36.50,36.01
164880,1112.76,1004.08,998.98,1050.54,1048.88,1035.04,1051.88,1022.06,36.08,36.19,36.32,35.91,36.20,36.36,36.48,35.96
165000,1112.42,1003.92,998.58,1050.26,1048.50,1034.58,1051.48,1021.44,36.04,36.16,36.28,35.85,36.12,36.26,36.38,35.89
165120,1112.66,1003.70,998.64,1050.22,1048.64,1034.82,1051.62,1021.74,36.08,36.17,36.31,35.91,36.22,36.32,36.45,35.98
165240,1112.18,1003.88,998.46,1050.06,1048.24,1034.26,1051.06,1021.46,36.00,36.12,36.24,35.80,36.05,36.19,36.33,35.82
165360,1112.48,1003.86,998.66,1050.24,1048.38,1034.78,1051.38,1021.60,36.06,36.15,36.28,35.89,36.18,36.31,36.46,35.97
165480,1112.66,1003.78,998.48,1050.12,1048.50,1034.90,1051.24,1021.46,36.00,36.12,36.24,35.83,36.09,36.26,36.34,35.85
165600,1112.64,1003.88,998.70,1050.18,1048.52,1035.00,1051.36,1021.54,36.09,36.16,36.29,35.89,36.25,36.32,36.46,35.95
165720,1113.74,1004.52,999.20,1050.90,1049.34,1035.40,1051.86,1022.34,36.18,36.24,36.37,36.06,36.39,36.48,36.60,36.15
165840,1113.60,1004.54,999.18,1050.92,1049.28,1035.44,1051.94,1022.48,36.21,36.26,36.42,36.08,36.42,36.52,36.63,36.16
165960,1113.22,1004.36,999.22,1050.72,1049.18,1035.46,1052.04,1022.22,36.17,36.23,36.39,35.99,36.32,36.45,36.58,36.07
166080,1112.84,1004.36,998.90,1050.60,1049.00,1035.22,1051.74,1022.02,36.10,36.19,36.32,35.92,36.20,36.34,36.46,35.96
166200,1111.92,1003.90,998.88,1050.14,1048.46,1034.56,1051.14,1021.42,36.01,36.13,36.27,35.83,36.09,36.26,36.39,35.83
166320,1113.04,1004.16,998.82,1050.32,1048.82,1034.86,1051.72,1021.94,36.10,36.16,36.31,35.98,36.28,36.39,36.54,36.04
166440,1112.54,1004.08,998.66,1050.16,1048.80,1034.64,1051.50,1021.90,36.02,36.13,36.27,35.84,36.19,36.28,36.40,35.94
166560,1113.52,1004.36,999.18,1050.66,1049.14,1035.52,1052.46,1021.94,36.22,36.24,36.42,36.08,36.44,36.53,36.66,36.18
166680,1113.46,1004.36,999.06,1050.60,1049.16,1035.28,1052.20,1022.10,36.16,36.21,36.38,36.01,36.34,36.46,36.58,36.07
166800,1112.44,1004.28,998.78,1050.24,1048.92,1034.90,1051.78,1021.84,36.09,36.15,36.32,35.89,36.19,36.33,36.46,35.94
166920,1112.50,1004.24,998.84,1050.26,1048.92,1035.06,1052.04,1021.86,36.10,36.18,36.32,35.92,36.23,36.37,36.50,35.99
167040,1112.54,1004.16,998.76,1050.10,1048.80,1034.50,1051.50,1021.70,36.01,36.14,36.25,35.82,36.07,36.23,36.35,35.84
167160,1112.68,1004.32,998.84,1050.22,1048.66,1034.66,1051.54,1021.58,36.09,36.18,36.31,35.94,36.20,36.37,36.48,35.98
167280,1112.74,1004.20,998.76,1049.98,1048.66,1034.62,1051.44,1021.34,36.02,36.12,36.25,35.85,36.08,36.26,36.39,35.89
167400,1112.22,1004.16,998.66,1049.98,1048.42,1034.34,1051.40,1021.36,36.02,36.11,36.22,35.86,36.14,36.29,36.42,35.92
167520,1113.28,1004.34,999.06,1050.34,1049.04,1034.86,1051.76,1021.94,36.08,36.15,36.28,35.96,36.29,36.39,36.52,36.07
167640,1112.88,1004.42,999.00,1050.36,1049.02,1034.90,1051.62,1021.98,36.13,36.18,36.34,35.98,36.33,36.40,36.57,36.07
167760,1112.90,1004.22,998.96,1050.34,1048.94,1034.90,1051.70,1021.84,36.12,36.17,36.33,35.94,36.28,36.40,36.53,36.03
167880,1112.80,1004.48,998.98,1050.34,1048.70,1035.06,1051.58,1021.72,36.08,36.17,36.30,35.95,36.24,36.37,36.47,36.00
168000,1112.10,1004.12,998.76,1049.92,1048.34,1034.54,1051.24,1021.40,36.05,36.13,36.28,35.86,36.10,36.29,36.39,35.90
168120,1112.36,1004.12,998.72,1049.82,1048.58,1034.76,1051.34,1021.50,36.06,36.12,36.27,35.87,36.17,36.29,36.41,35.94
168240,1112.46,1003.94,998.68,1049.64,1048.46,1034.40,1051.34,1021.48,35.99,36.07,36.22,35.77,36.10,36.24,36.36,35.88
168360,1112.82,1004.14,999.02,1050.50,1048.92,1035.04,1051.88,1021.78,36.18,36.21,36.37,36.07,36.41,36.51,36.65,36.17
168480,1113.22,1004.22,999.38,1050.50,1048.98,1035.12,1051.84,1021.68,36.16,36.21,36.37,36.02,36.36,36.48,36.60,36.12
168600,1112.20,1004.06,999.04,1050.12,1048.62,1034.66,1051.36,1021.70,36.04,36.13,36.28,35.86,36.14,36.30,36.41,35.90
168720,1112.00,1003.80,998.88,1049.90,1048.64,1034.54,1051.48,1021.50,36.03,36.13,36.27,35.88,36.11,36.28,36.39,35.90
168840,1112.14,1003.76,998.64,1049.64,1048.60,1034.34,1051.30,1021.22,35.97,36.06,36.20,35.81,36.06,36.22,36.34,35.85
168960,1111.78,1003.78,998.38,1049.60,1048.12,1034.00,1051.12,1020.94,35.98,36.06,36.19,35.78,36.02,36.20,36.34,35.80
169080,1113.18,1004.00,999.00,1050.18,1048.84,1034.94,1051.68,1021.64,36.09,36.15,36.29,35.98,36.29,36.40,36.52,36.07
169200,1112.92,1004.16,999.10,1050.26,1048.80,1035.06,1051.88,1021.64,36.17,36.21,36.37,36.06,36.36,36.47,36.61,36.17
169320,1112.72,1004.22,999.20,1050.38,1048.92,1034.74,1052.00,1021.74,36.13,36.18,36.35,36.00,36.31,36.44,36.58,36.07
169440,1112.36,1004.14,999.02,1050.50,1048.90,1034.70,1051.58,1021.52,36.03,36.14,36.29,35.91,36.21,36.34,36.46,35.97
169560,1112.44,1004.32,999.18,1050.18,1048.82,1034.64,1051.64,1021.46,36.12,36.18,36.35,35.97,36.30,36.43,36.54,36.05
169680,1112.62,1004.40,999.10,1050.28,1048.88,1034.80,1051.68,1021.48,36.10,36.17,36.32,35.96,36.25,36.39,36.51,36.01
169800,1112.08,1004.20,998.70,1049.80,1048.44,1034.22,1051.22,1021.02,35.98,36.09,36.23,35.80,36.07,36.22,36.34,35.84
169920,1112.24,1004.08,998.88,1049.84,1048.28,1034.22,1051.32,1021.14,36.03,36.12,36.25,35.86,36.12,36.26,36.41,35.93
170040,1112.44,1003.96,998.86,1049.90,1048.16,1034.22,1051.42,1021.12,35.98,36.11,36.24,35.85,36.05,36.19,36.38,35.85
170160,1112.52,1004.16,999.04,1050.16,1048.64,1034.66,1051.58,1021.22,36.14,36.20,36.35,35.98,36.30,36.41,36.55,36.06
170280,1112.80,1004.28,998.90,1049.92,1048.70,1034.46,1051.60,1021.24,36.11,36.18,36.32,35.94,36.25,36.38,36.50,36.01
170400,1111.92,1004.06,998.86,1049.94,1048.42,1034.14,1051.20,1021.04,36.03,36.13,36.25,35.83,36.10,36.26,36.39,35.88
170520,1112.12,1004.00,998.88,1049.90,1048.44,1034.30,1051.18,1021.10,36.03,36.11,36.26,35.85,36.16,36.28,36.40,35.91
170640,1112.30,1003.82,998.64,1049.92,1047.96,1034.16,1051.00,1021.08,35.97,36.04,36.20,35.80,36.02,36.23,36.30,35.86
170760,1112.86,1004.20,999.02,1050.20,1048.98,1034.94,1051.84,1021.44,36.18,36.20,36.37,36.05,36.41,36.51,36.64,36.17
170880,1112.80,1004.30,999.26,1050.28,1048.84,1034.78,1051.66,1021.38,36.13,36.17,36.34,35.96,36.31,36.42,36.56,36.05
171000,1111.96,1004.28,999.06,1050.08,1048.42,1034.30,1051.40,1021.12,36.04,36.13,36.29,35.88,36.19,36.33,36.45,35.94
171120,1112.02,1004.24,998.94,1049.90,1048.56,1034.22,1051.48,1021.08,36.05,36.12,36.28,35.90,36.19,36.32,36.46,35.97
171240,1112.16,1004.00,998.82,1049.96,1048.60,1034.30,1051.56,1020.96,35.99,36.10,36.24,35.84,36.12,36.27,36.39,35.90
171360,1113.00,1004.20,999.22,1050.46,1048.96,1034.92,1052.00,1021.80,36.20,36.23,36.40,36.08,36.42,36.51,36.65,36.17
171480,1113.08,1004.32,999.22,1050.46,1048.76,1034.78,1051.88,1021.68,36.15,36.20,36.36,36.00,36.33,36.42,36.58,36.08
171600,1112.06,1004.18,999.02,1049.90,1048.74,1034.46,1051.16,1021.18,36.08,36.16,36.31,35.91,36.20,36.35,36.48,35.95
171720,1112.14,1004.14,998.88,1049.72,1048.72,1034.40,1051.38,1021.38,36.06,36.14,36.29,35.89,36.18,36.34,36.46,35.95
171840,1111.94,1003.82,998.92,1049.64,1048.40,1033.98,1051.30,1021.36,35.98,36.09,36.24,35.79,36.12,36.21,36.38,35.89
171960,1111.98,1004.12,999.08,1049.74,1048.24,1034.24,1051.42,1021.26,36.07,36.14,36.30,35.92,36.23,36.36,36.50,36.05
172080,1112.06,1004.16,999.20,1049.96,1048.62,1034.44,1051.62,1021.22,36.04,36.13,36.27,35.89,36.19,36.35,36.46,35.99
172200,1111.94,1004.10,999.04,1049.70,1048.38,1033.88,1051.18,1021.04,36.02,36.11,36.27,35.85,36.10,36.27,36.40,35.90
172320,1112.98,1004.30,999.28,1050.18,1048.98,1034.40,1051.96,1021.32,36.13,36.21,36.35,36.01,36.34,36.43,36.56,36.08
172440,1112.00,1004.10,999.20,1049.88,1048.46,1034.24,1051.32,1020.92,36.06,36.17,36.30,35.87,36.11,36.29,36.42,35.90
172560,1112.32,1004.26,999.12,1049.92,1048.60,1034.58,1051.66,1021.12,36.09,36.18,36.31,35.95,36.26,36.37,36.49,36.01
172680,1112.08,1004.24,999.06,1049.88,1048.48,1034.36,1051.50,1021.04,36.05,36.15,36.27,35.89,36.17,36.31,36.44,35.94
172800,1112.90,1004.26,999.34,1050.18,1049.08,1035.22,1052.10,1021.48,36.23,36.25,36.41,36.09,36.49,36.54,36.70,36.22
172920,1113.06,1004.64,999.36,1050.10,1049.00,1034.74,1051.82,1021.28,36.16,36.21,36.37,35.99,36.33,36.45,36.60,36.08
173040,1111.68,1004.10,999.06,1049.78,1048.46,1034.08,1051.28,1020.92,36.03,36.13,36.27,35.83,36.12,36.28,36.38,35.88
173160,1112.46,1004.38,999.14,1049.88,1048.72,1034.60,1051.70,1021.02,36.08,36.15,36.29,35.94,36.26,36.37,36.53,36.02
173280,1112.38,1004.18,999.06,1049.82,1048.68,1034.18,1051.70,1020.94,36.02,36.10,36.26,35.86,36.18,36.30,36.44,35.91
173400,1112.26,1004.08,998.86,1049.74,1048.68,1034.02,1051.82,1021.00,36.08,36.13,36.29,35.89,36.23,36.36,36.48,35.95
173520,1112.20,1004.08,998.72,1049.60,1048.32,1033.88,1051.44,1021.02,36.02,36.10,36.24,35.85,36.14,36.24,36.40,35.90
173640,1111.48,1003.82,998.54,1049.48,1048.18,1033.80,1050.96,1020.56,35.96,36.06,36.18,35.79,36.05,36.22,36.34,35.84
173760,1112.40,1004.12,999.08,1049.54,1048.54,1034.26,1051.52,1020.92,36.05,36.11,36.26,35.91,36.22,36.35,36.48,36.00
173880,1111.96,1004.26,999.04,1049.44,1048.08,1033.68,1051.32,1020.68,36.01,36.09,36.24,35.84,36.15,36.27,36.41,35.89
174000,1112.00,1004.16,999.12,1049.20,1047.82,1033.92,1051.40,1020.50,36.06,36.12,36.25,35.86,36.14,36.28,36.46,35.94
174120,1111.82,1004.06,999.12,1049.46,1047.98,1033.78,1051.20,1020.46,35.97,36.06,36.20,35.79,36.06,36.23,36.36,35.86
174240,1111.26,1003.70,998.66,1049.04,1047.74,1033.38,1050.70,1020.10,35.95,36.05,36.18,35.73,36.02,36.15,36.28,35.78
174360,1112.48,1004.14,998.90,1049.54,1048.12,1034.16,1051.22,1020.90,36.08,36.11,36.26,35.94,36.23,36.33,36.47,36.02
174480,1111.96,1004.14,999.08,1049.34,1048.26,1033.76,1051.06,1020.46,36.01,36.10,36.24,35.82,36.13,36.25,36.41,35.89
174600,1112.02,1003.90,998.90,1049.36,1048.16,1033.98,1051.24,1020.56,36.06,36.12,36.28,35.89,36.23,36.31,36.46,36.00
174720,1111.94,1004.02,998.92,1049.36,1048.00,1033.72,1051.28,1020.50,35.97,36.07,36.23,35.84,36.07,36.21,36.39,35.84
174840,1112.06,1003.88,999.00,1049.26,1048.10,1033.90,1051.12,1020.48,36.08,36.12,36.28,35.89,36.20,36.33,36.51,35.96
174960,1112.00,1004.00,998.90,1049.24,1048.30,1034.18,1051.40,1020.58,36.05,36.13,36.28,35.90,36.20,36.32,36.46,35.98
175080,1111.94,1004.00,999.12,1049.36,1048.18,1033.92,1051.10,1020.56,36.02,36.11,36.26,35.84,36.14,36.27,36.40,35.90
175200,1111.76,1003.96,999.30,1049.46,1048.22,1033.90,1051.18,1020.46,36.05,36.12,36.28,35.91,36.21,36.30,36.47,35.95
175320,1111.54,1003.98,998.78,1049.28,1048.02,1033.66,1050.92,1020.34,35.96,36.07,36.20,35.79,36.06,36.21,36.35,35.82
175440,1111.28,1003.94,998.68,1049.26,1047.74,1033.64,1050.74,1020.26,35.96,36.07,36.21,35.81,36.09,36.23,36.38,35.87
175560,1112.78,1004.02,999.10,1049.48,1048.48,1034.40,1051.38,1020.84,36.05,36.11,36.25,35.96,36.26,36.36,36.49,36.08
175680,1112.56,1004.22,999.08,1049.70,1048.42,1034.48,1051.38,1020.94,36.11,36.14,36.33,35.99,36.34,36.43,36.58,36.09
175800,1112.38,1004.24,999.06,1049.56,1048.38,1034.38,1051.42,1020.94,36.12,36.16,36.31,35.95,36.31,36.42,36.53,36.07
175920,1112.06,1004.22,998.94,1049.34,1048.28,1034.02,1051.40,1020.54,36.03,36.10,36.25,35.87,36.17,36.31,36.44,35.94
176040,1111.26,1003.84,998.62,1048.96,1047.70,1033.46,1051.00,1020.20,35.95,36.05,36.18,35.76,36.02,36.17,36.33,35.81
176160,1112.02,1004.20,999.08,1049.46,1048.36,1034.24,1051.62,1020.74,36.06,36.12,36.26,35.93,36.27,36.37,36.51,36.05
176280,1112.08,1003.98,999.06,1049.42,1048.28,1034.22,1051.60,1020.62,36.03,36.11,36.25,35.89,36.20,36.35,36.48,35.96
176400,1112.10,1003.96,999.26,1049.36,1048.32,1034.30,1051.44,1020.42,36.09,36.13,36.29,35.92,36.25,36.36,36.53,36.00
176520,1112.64,1004.34,999.42,1049.66,1048.80,1034.46,1051.78,1020.72,36.14,36.17,36.35,36.01,36.35,36.47,36.61,36.11
176640,1112.24,1004.44,999.34,1049.68,1048.54,1034.28,1051.58,1020.34,36.09,36.15,36.31,35.91,36.23,36.34,36.49,35.98
176760,1111.96,1004.26,999.46,1049.18,1048.34,1034.06,1051.54,1020.24,36.08,36.13,36.31,35.90,36.17,36.33,36.47,35.93
176880,1112.12,1004.18,999.32,1049.36,1048.20,1034.00,1051.36,1020.34,36.01,36.09,36.22,35.85,36.15,36.27,36.42,35.89
177000,1111.26,1003.78,999.08,1048.90,1047.96,1033.52,1051.06,1020.18,35.93,36.02,36.18,35.75,36.03,36.19,36.33,35.82
177120,1112.44,1004.28,999.28,1049.38,1048.48,1033.96,1051.40,1020.54,36.05,36.10,36.26,35.93,36.26,36.36,36.51,36.03
177240,1112.24,1004.04,999.16,1049.22,1048.32,1033.90,1051.36,1020.42,36.02,36.09,36.24,35.86,36.17,36.30,36.43,35.94
177360,1111.84,1003.94,999.02,1049.28,1048.18,1033.66,1051.36,1020.34,36.05,36.09,36.27,35.92,36.22,36.30,36.47,35.99
177480,1111.70,1003.82,999.14,1049.28,1048.00,1033.62,1051.32,1020.18,35.96,36.04,36.20,35.83,36.12,36.23,36.39,35.89
177600,1111.20,1003.70,998.82,1048.92,1047.88,1033.68,1050.94,1020.00,35.97,36.03,36.19,35.80,36.06,36.24,36.39,35.87
177720,1112.14,1003.92,999.00,1049.20,1048.22,1034.02,1051.54,1020.48,36.04,36.08,36.25,35.92,36.29,36.36,36.51,36.02
177840,1111.84,1003.90,999.08,1049.02,1047.94,1033.74,1051.08,1020.18,36.00,36.08,36.23,35.83,36.14,36.26,36.41,35.91
177960,1112.08,1004.02,999.26,1049.00,1048.10,1033.62,1051.20,1020.22,36.05,36.12,36.26,35.89,36.18,36.31,36.47,36.00
178080,1112.28,1004.00,999.16,1049.06,1048.26,1033.58,1051.20,1020.22,35.99,36.08,36.22,35.84,36.14,36.26,36.37,35.91
178200,1112.18,1003.98,999.24,1049.16,1048.16,1033.76,1051.22,1020.12,36.06,36.13,36.28,35.93,36.23,36.34,36.47,35.96
178320,1112.32,1004.14,999.18,1049.08,1048.18,1033.68,1051.44,1020.26,36.05,36.11,36.27,35.91,36.21,36.34,36.49,35.97
178440,1111.70,1004.10,999.10,1049.10,1048.10,1033.60,1051.12,1020.04,35.99,36.07,36.23,35.83,36.14,36.27,36.42,35.90
178560,1111.86,1004.08,999.10,1049.10,1048.12,1033.72,1051.18,1019.96,36.04,36.09,36.26,35.91,36.17,36.34,36.46,35.94
178680,1112.02,1004.22,999.02,1048.86,1047.94,1033.42,1051.10,1019.92,35.96,36.05,36.19,35.79,36.07,36.21,36.34,35.84
178800,1111.50,1004.10,999.06,1048.78,1047.86,1033.34,1051.08,1019.76,36.00,36.09,36.23,35.84,36.15,36.27,36.39,35.91
178920,1111.44,1003.92,998.94,1048.72,1047.68,1033.22,1051.00,1019.86,35.95,36.04,36.18,35.81,36.06,36.20,36.37,35.84
179040,1111.36,1003.92,998.82,1048.68,1047.76,1033.26,1050.76,1019.56,35.97,36.04,36.19,35.80,36.07,36.21,36.34,35.82
179160,1111.88,1004.00,998.92,1048.76,1047.78,1033.62,1051.08,1019.80,36.02,36.07,36.21,35.85,36.14,36.27,36.44,35.92
179280,1111.38,1003.82,998.76,1048.82,1047.58,1033.36,1050.90,1019.76,35.90,35.99,36.14,35.76,36.01,36.19,36.33,35.79
179400,1112.56,1004.28,999.38,1049.44,1048.40,1034.28,1051.82,1020.68,36.18,36.15,36.34,36.07,36.45,36.52,36.68,36.21
179520,1112.48,1004.28,999.18,1049.04,1048.28,1034.08,1051.32,1020.12,36.09,36.15,36.31,35.94,36.27,36.38,36.53,36.03
179640,1111.74,1004.30,999.08,1048.82,1048.10,1033.82,1051.02,1019.94,36.05,36.11,36.27,35.83,36.18,36.30,36.46,35.90
179760,1112.34,1004.34,999.26,1049.24,1048.26,1034.10,1051.50,1020.42,36.12,36.17,36.32,35.98,36.35,36.40,36.54,36.06
179880,1111.78,1004.44,999.32,1048.92,1048.20,1033.88,1051.38,1020.08,36.04,36.12,36.28,35.88,36.19,36.32,36.46,35.95
180000,1112.06,1004.32,999.18,1049.12,1048.26,1033.98,1051.38,1020.08,36.10,36.16,36.32,35.97,36.25,36.39,36.52,36.02
180120,1112.12,1003.96,999.28,1048.88,1048.28,1033.60,1051.30,1020.06,36.03,36.12,36.25,35.84,36.10,36.25,36.39,35.87
180240,1111.62,1004.26,998.98,1048.70,1048.32,1033.65,1051.14,1020.08,36.02,36.11,36.25,35.83,36.15,36.29,36.42,35.93
180360,1112.04,1004.12,999.18,1049.08,1048.28,1033.54,1051.20,1020.10,36.05,36.11,36.25,35.89,36.20,36.31,36.46,35.97
180480,1111.20,1003.88,998.98,1048.56,1047.92,1033.22,1050.82,1019.80,35.94,36.04,36.19,35.77,36.05,36.19,36.34,35.83
180600,1111.50,1003.80,999.04,1048.66,1047.98,1033.42,1051.14,1019.80,36.00,36.07,36.21,35.83,36.12,36.26,36.40,35.92
180720,1111.62,1003.80,998.84,1048.68,1047.80,1033.22,1051.00,1019.76,35.92,36.03,36.16,35.73,36.01,36.21,36.29,35.86
180840,1112.58,1004.08,999.32,1049.08,1048.34,1034.12,1051.64,1020.12,36.16,36.16,36.32,36.02,36.40,36.49,36.63,36.17
180960,1112.18,1004.22,999.34,1049.04,1048.32,1034.04,1051.66,1020.12,36.09,36.13,36.28,35.93,36.28,36.39,36.54,36.04
181080,1111.48,1004.04,999.30,1048.96,1048.02,1033.64,1051.34,1019.68,36.03,36.10,36.24,35.85,36.15,36.30,36.45,35.91
181200,1112.66,1004.14,999.64,1048.96,1048.54,1034.04,1051.66,1020.16,36.11,36.14,36.31,36.00,36.31,36.43,36.56,36.07
181320,1112.28,1004.22,999.66,1048.64,1048.66,1033.86,1051.58,1020.04,36.05,36.12,36.27,35.84,36.20,36.30,36.44,35.95
181440,1113.24,1004.54,1000.12,1049.76,1049.00,1034.56,1052.20,1020.70,36.27,36.28,36.45,36.16,36.53,36.59,36.75,36.26
181560,1112.72,1004.46,999.88,1049.46,1048.88,1034.50,1051.94,1020.56,36.17,36.23,36.39,36.02,36.35,36.46,36.60,36.09
181680,1112.00,1004.28,999.50,1049.20,1048.64,1034.10,1051.52,1020.12,36.08,36.13,36.31,35.89,36.21,36.35,36.50,35.93
181800,1112.08,1004.30,999.48,1049.50,1048.68,1034.10,1051.52,1020.20,36.07,36.13,36.28,35.93,36.21,36.34,36.50,35.99
181920,1111.78,1004.14,999.16,1049.22,1048.62,1033.68,1051.40,1020.18,35.99,36.11,36.23,35.86,36.14,36.27,36.36,35.90
182040,1112.80,1004.56,999.86,1049.52,1049.12,1034.56,1052.02,1020.62,36.22,36.23,36.40,36.09,36.45,36.53,36.68,36.18
182160,1112.64,1004.56,999.76,1049.48,1048.92,1034.48,1051.90,1020.56,36.14,36.20,36.36,36.00,36.32,36.41,36.57,36.07
182280,1111.58,1004.40,999.66,1049.02,1048.40,1033.64,1051.52,1019.88,36.06,36.14,36.29,35.87,36.13,36.29,36.42,35.89
182400,1111.88,1004.38,999.68,1048.96,1048.48,1033.82,1051.42,1020.06,36.07,36.13,36.29,35.92,36.18,36.30,36.48,35.94
182520,1111.64,1004.30,999.36,1048.80,1048.46,1033.72,1051.38,1019.96,35.97,36.08,36.22,35.79,36.13,36.26,36.37,35.90
182640,1111.68,1004.34,999.52,1049.02,1048.52,1033.84,1051.56,1019.98,36.10,36.16,36.31,35.94,36.26,36.37,36.52,36.02
182760,1111.98,1004.30,999.40,1049.02,1048.60,1033.92,1051.54,1019.98,36.07,36.13,36.28,35.91,36.23,36.35,36.47,35.98
182880,1111.48,1003.80,999.16,1048.50,1048.12,1033.60,1050.84,1019.66,36.00,36.07,36.21,35.81,36.09,36.23,36.38,35.85
183000,1111.70,1003.98,999.36,1048.66,1048.22,1033.72,1051.40,1019.76,36.03,36.09,36.25,35.89,36.16,36.29,36.44,35.94
183120,1111.56,1003.78,999.24,1048.62,1048.00,1033.52,1051.30,1019.68,35.96,36.05,36.20,35.78,36.05,36.22,36.38,35.82
183240,1112.84,1004.26,999.74,1049.16,1048.62,1034.14,1051.60,1020.28,36.18,36.20,36.37,36.08,36.42,36.48,36.65,36.16
183360,1112.76,1004.40,999.68,1049.30,1048.92,1034.16,1051.74,1020.20,36.16,36.19,36.36,36.01,36.37,36.45,36.61,36.11
183480,1111.76,1004.06,999.56,1048.64,1048.34,1033.38,1051.28,1019.68,36.05,36.13,36.27,35.85,36.13,36.27,36.40,35.89
183600,1111.68,1004.06,999.52,1048.74,1048.14,1033.50,1051.28,1019.64,36.04,36.13,36.28,35.86,36.19,36.29,36.46,35.95
183720,1112.06,1003.90,999.46,1048.80,1048.14,1033.44,1051.34,1019.70,35.97,36.06,36.19,35.86,36.12,36.21,36.35,35.85
183840,1111.88,1004.04,999.44,1048.86,1048.42,1033.70,1051.20,1019.84,36.07,36.13,36.29,35.93,36.24,36.36,36.51,36.00
183960,1112.12,1004.04,999.74,1048.94,1048.58,1033.72,1051.34,1020.20,36.07,36.13,36.29,35.92,36.23,36.33,36.50,35.99
184080,1112.12,1004.06,999.50,1048.70,1048.20,1033.48,1051.16,1019.96,36.02,36.10,36.24,35.83,36.13,36.25,36.37,35.90
184200,1113.26,1004.38,999.88,1049.20,1048.74,1034.28,1051.84,1020.46,36.26,36.24,36.44,36.13,36.48,36.56,36.70,36.24
184320,1113.08,1004.34,1000.12,1049.00,1048.78,1034.08,1051.92,1020.18,36.15,36.21,36.37,35.97,36.32,36.42,36.57,36.06
184440,1112.38,1004.02,999.96,1049.12,1048.58,1033.76,1051.56,1019.98,36.16,36.21,36.37,35.93,36.28,36.40,36.54,36.04
184560,1112.70,1004.14,999.94,1049.16,1048.68,1033.82,1051.64,1020.16,36.12,36.20,36.34,35.97,36.25,36.34,36.52,35.99
184680,1111.94,1004.00,999.66,1048.76,1048.12,1033.50,1051.18,1019.88,36.05,36.17,36.30,35.87,36.12,36.28,36.43,35.90
184800,1112.06,1004.02,999.96,1048.72,1048.36,1033.88,1051.34,1020.02,36.09,36.18,36.31,35.94,36.20,36.34,36.47,36.00
184920,1111.96,1004.08,999.84,1048.58,1048.16,1033.56,1051.46,1019.78,36.03,36.14,36.27,35.83,36.09,36.27,36.41,35.91
185040,1113.40,1004.46,1000.28,1049.30,1049.02,1034.28,1052.02,1020.22,36.28,36.29,36.45,36.17,36.52,36.59,36.73,36.26
185160,1112.94,1004.48,1000.26,1049.10,1048.76,1034.30,1052.06,1020.28,36.19,36.24,36.40,36.01,36.33,36.44,36.60,36.09
185280,1112.22,1004.44,999.82,1048.82,1048.48,1033.70,1051.78,1020.04,36.13,36.20,36.34,35.93,36.23,36.34,36.52,36.00
185400,1112.44,1004.24,999.92,1048.84,1048.70,1033.70,1051.70,1019.96,36.09,36.16,36.31,35.93,36.22,36.34,36.49,36.00
185520,1111.58,1004.16,999.68,1048.60,1047.96,1033.24,1051.16,1019.58,36.01,36.10,36.23,35.79,36.04,36.20,36.35,35.83
185640,1111.74,1003.92,999.50,1048.60,1048.14,1033.26,1051.50,1019.58,36.02,36.11,36.24,35.87,36.14,36.26,36.41,35.90
185760,1111.86,1003.72,999.64,1048.56,1048.06,1033.34,1051.18,1019.76,36.01,36.09,36.23,35.86,36.12,36.26,36.40,35.87
185880,1111.00,1003.58,999.42,1048.40,1047.72,1033.06,1050.82,1019.20,35.95,36.04,36.18,35.77,36.04,36.19,36.34,35.82
186000,1111.98,1003.66,999.56,1048.56,1048.16,1033.42,1051.06,1019.68,36.05,36.09,36.23,35.89,36.20,36.29,36.45,35.97
186120,1111.94,1003.72,999.72,1048.52,1048.18,1033.36,1050.94,1019.52,35.99,36.06,36.21,35.86,36.19,36.29,36.40,35.94
186240,1111.74,1003.80,999.94,1048.70,1048.16,1033.60,1051.30,1019.42,36.08,36.13,36.28,35.92,36.25,36.36,36.52,36.00
186360,1113.24,1003.98,1000.46,1049.38,1048.68,1034.22,1052.18,1020.26,36.18,36.19,36.36,36.05,36.41,36.49,36.63,36.15
186480,1112.90,1004.42,1000.44,1049.30,1048.74,1034.24,1052.04,1020.12,36.22,36.23,36.43,36.05,36.42,36.52,36.72,36.16
186600,1112.46,1004.52,1000.20,1049.18,1048.70,1034.08,1051.92,1020.02,36.15,36.19,36.38,36.00,36.33,36.45,36.60,36.09
186720,1112.20,1004.30,1000.20,1048.96,1048.62,1033.64,1051.84,1019.86,36.06,36.13,36.28,35.89,36.19,36.31,36.46,35.94
186840,1111.64,1003.94,999.70,1048.50,1048.20,1033.44,1051.50,1019.54,36.01,36.10,36.26,35.83,36.14,36.28,36.43,35.91
186960,1112.90,1004.36,1000.36,1049.24,1048.94,1034.02,1052.08,1019.94,36.12,36.18,36.32,36.01,36.33,36.43,36.57,36.14
187080,1112.64,1004.36,1000.32,1048.92,1048.68,1034.00,1052.08,1020.22,36.17,36.22,36.38,36.03,36.34,36.48,36.64,36.14
187200,1112.58,1004.42,1000.20,1048.98,1048.54,1034.00,1051.86,1019.78,36.14,36.21,36.34,35.95,36.26,36.40,36.55,36.04
187320,1112.38,1004.46,1000.22,1048.92,1048.58,1033.88,1051.84,1020.16,36.12,36.20,36.34,35.95,36.24,36.39,36.51,36.04
187440,1111.74,1004.08,999.90,1048.80,1048.16,1033.38,1051.34,1019.40,36.04,36.16,36.29,35.84,36.12,36.27,36.42,35.89
187560,1112.42,1004.34,1000.02,1048.90,1048.36,1033.42,1051.72,1019.66,36.09,36.17,36.31,35.96,36.23,36.34,36.49,36.04
187680,1111.74,1003.94,999.76,1048.48,1048.30,1033.10,1051.44,1019.40,36.03,36.14,36.26,35.82,36.08,36.24,36.39,35.87
187800,1111.78,1004.04,999.70,1048.46,1048.30,1033.34,1051.60,1019.20,36.07,36.16,36.28,35.90,36.17,36.33,36.45,35.96
187920,1111.88,1003.92,999.72,1048.54,1048.26,1033.40,1051.32,1019.18,36.00,36.12,36.22,35.80,36.12,36.24,36.39,35.89
188040,1111.66,1003.90,999.66,1048.66,1048.30,1033.14,1051.44,1019.42,36.10,36.19,36.32,35.94,36.31,36.36,36.53,36.01
188160,1111.92,1003.94,999.70,1048.70,1048.20,1033.16,1051.56,1019.44,36.05,36.14,36.28,35.92,36.22,36.33,36.47,35.95
188280,1111.42,1003.78,999.46,1048.52,1047.94,1032.94,1051.40,1019.08,36.00,36.11,36.23,35.84,36.12,36.23,36.42,35.90
188400,1112.20,1003.86,1000.04,1048.72,1048.36,1033.44,1051.64,1019.46,36.08,36.15,36.30,35.96,36.28,36.39,36.52,36.05
188520,1112.00,1003.96,999.98,1048.70,1048.14,1033.38,1051.34,1019.38,36.05,36.13,36.28,35.88,36.16,36.29,36.44,35.92
188640,1112.28,1004.00,999.94,1048.76,1048.24,1033.38,1051.44,1019.46,36.10,36.17,36.33,35.97,36.26,36.35,36.50,36.03
188760,1112.18,1004.00,999.92,1048.40,1047.98,1033.16,1051.20,1019.22,36.03,36.13,36.26,35.85,36.09,36.25,36.40,35.89
188880,1111.72,1003.72,999.78,1048.18,1047.98,1032.98,1051.04,1018.84,36.04,36.13,36.26,35.82,36.16,36.28,36.44,35.93
189000,1112.32,1003.84,999.76,1048.60,1048.38,1033.28,1051.22,1019.08,36.07,36.15,36.29,35.95,36.24,36.34,36.51,36.02
189120,1111.78,1003.72,999.82,1048.26,1048.06,1033.28,1050.96,1018.94,36.02,36.10,36.23,35.82,36.12,36.24,36.40,35.87
189240,1111.70,1003.68,999.92,1048.40,1047.96,1033.36,1051.10,1018.90,36.04,36.11,36.27,35.89,36.16,36.32,36.44,35.94
189360,1111.68,1003.64,999.90,1048.28,1047.94,1032.98,1051.14,1018.84,35.96,36.05,36.21,35.82,36.06,36.23,36.38,35.88
189480,1111.54,1003.72,999.68,1048.22,1047.94,1033.16,1051.12,1018.96,36.05,36.11,36.28,35.93,36.21,36.33,36.48,35.97
189600,1112.82,1004.02,999.90,1048.60,1048.56,1033.52,1051.66,1019.46,36.12,36.15,36.32,36.01,36.35,36.44,36.60,36.11
189720,1112.38,1003.94,1000.10,1048.56,1048.34,1033.60,1051.64,1019.18,36.15,36.18,36.36,36.00,36.36,36.46,36.62,36.08
189840,1112.10,1003.90,999.88,1048.52,1048.30,1033.58,1051.78,1019.50,36.11,36.17,36.35,35.94,36.31,36.42,36.58,36.06
189960,1112.14,1003.86,999.86,1048.50,1048.26,1033.24,1051.48,1018.92,36.04,36.12,36.26,35.87,36.15,36.29,36.43,35.92
190080,1111.80,1003.90,999.66,1048.12,1048.06,1032.96,1051.28,1019.06,36.06,36.13,36.28,35.86,36.14,36.25,36.45,35.94
190200,1112.12,1003.84,999.84,1048.22,1048.18,1033.12,1051.42,1018.96,36.02,36.12,36.25,35.88,36.15,36.27,36.43,35.95
190320,1111.38,1003.32,999.54,1048.00,1047.74,1032.78,1050.90,1018.52,35.98,36.08,36.21,35.76,36.07,36.19,36.35,35.83
190440,1111.68,1003.36,999.54,1047.98,1047.72,1032.98,1051.00,1018.58,36.00,36.06,36.21,35.83,36.16,36.26,36.42,35.91
190560,1111.46,1003.30,999.52,1047.88,1047.86,1032.78,1050.92,1018.46,35.96,36.03,36.18,35.79,36.08,36.20,36.36,35.86
190680,1111.12,1003.56,999.56,1048.08,1047.90,1032.62,1050.88,1018.64,36.00,36.06,36.23,35.86,36.17,36.24,36.40,35.95
190800,1111.64,1003.42,999.56,1047.68,1047.74,1032.44,1050.82,1018.76,35.96,36.06,36.18,35.77,36.11,36.16,36.31,35.89
190920,1111.80,1003.88,999.70,1048.30,1047.58,1032.90,1051.36,1018.88,36.13,36.19,36.34,35.96,36.27,36.36,36.53,36.09
191040,1111.88,1003.86,999.88,1048.24,1047.54,1033.02,1051.26,1018.66,36.06,36.16,36.29,35.87,36.12,36.26,36.42,35.92
191160,1111.96,1003.80,999.92,1048.12,1047.86,1032.94,1051.24,1018.60,36.11,36.21,36.33,35.94,36.19,36.34,36.47,36.01
191280,1112.14,1004.00,999.90,1048.04,1047.90,1032.96,1051.22,1018.62,36.06,36.17,36.30,35.87,36.15,36.26,36.43,35.93
191400,1112.16,1004.08,999.82,1048.28,1047.92,1032.90,1051.26,1018.40,36.13,36.21,36.35,35.93,36.24,36.35,36.51,36.01
191520,1112.30,1004.00,999.86,1048.18,1048.10,1032.78,1051.26,1018.64,36.10,36.20,36.32,35.93,36.17,36.29,36.47,35.95
191640,1112.10,1003.82,999.74,1048.02,1047.74,1032.74,1051.12,1018.50,36.12,36.21,36.33,35.93,36.20,36.31,36.48,35.98
191760,1113.12,1004.04,1000.20,1048.64,1048.62,1033.44,1051.66,1019.16,36.21,36.26,36.40,36.07,36.38,36.46,36.66,36.17
191880,1112.64,1004.08,1000.00,1048.64,1048.24,1033.26,1051.58,1018.90,36.24,36.29,36.43,36.06,36.35,36.46,36.60,36.14
192000,1112.80,1004.24,1000.04,1048.56,1048.24,1033.32,1051.62,1018.84,36.21,36.28,36.42,36.03,36.31,36.40,36.57,36.09
192120,1112.54,1004.10,1000.04,1048.36,1048.18,1032.94,1051.44,1018.54,36.12,36.22,36.35,35.91,36.16,36.28,36.46,35.94
192240,1112.14,1004.14,1000.04,1048.12,1048.26,1032.78,1051.36,1018.38,36.15,36.25,36.36,35.94,36.22,36.30,36.48,35.99
192360,1112.40,1004.12,1000.10,1048.08,1048.24,1032.94,1051.44,1018.46,36.12,36.22,36.35,35.91,36.21,36.28,36.43,35.96
192480,1112.02,1003.98,1000.10,1047.96,1047.82,1032.76,1051.18,1018.34,36.12,36.21,36.34,35.86,36.14,36.27,36.45,35.93
192600,1112.38,1003.96,1000.24,1048.52,1048.22,1032.74,1051.66,1018.48,36.14,36.23,36.36,35.96,36.22,36.36,36.49,36.00
192720,1112.02,1003.96,1000.08,1048.06,1048.14,1032.68,1051.44,1018.04,36.10,36.21,36.31,35.88,36.14,36.25,36.43,35.91
192840,1112.36,1003.94,1000.26,1048.26,1048.22,1032.96,1051.74,1018.32,36.16,36.25,36.37,35.98,36.28,36.39,36.55,36.06
192960,1112.04,1004.00,1000.22,1048.00,1047.94,1032.80,1051.40,1018.04,36.09,36.21,36.32,35.86,36.13,36.23,36.42,35.90
193080,1112.12,1004.02,1000.20,1048.24,1047.98,1032.90,1051.42,1017.88,36.17,36.24,36.37,35.98,36.25,36.36,36.54,36.03
193200,1111.98,1003.92,1000.26,1048.20,1048.04,1032.68,1051.30,1017.90,36.10,36.20,36.32,35.89,36.14,36.26,36.41,35.89
193320,1111.86,1003.78,1000.08,1048.26,1048.10,1032.54,1051.40,1017.80,36.13,36.22,36.35,35.94,36.21,36.29,36.50,35.94
193440,1111.88,1003.74,1000.06,1048.28,1047.86,1032.46,1051.32,1017.94,36.09,36.20,36.31,35.91,36.17,36.24,36.43,35.92
193560,1111.80,1003.68,1000.02,1048.20,1047.76,1032.52,1051.26,1017.90,36.12,36.20,36.33,35.91,36.15,36.25,36.45,35.94
193680,1112.28,1003.96,1000.10,1048.10,1048.12,1032.78,1051.30,1018.02,36.12,36.22,36.34,35.93,36.19,36.30,36.46,36.00
193800,1111.94,1003.74,999.98,1048.00,1047.68,1032.60,1051.28,1017.76,36.11,36.21,36.33,35.89,36.14,36.26,36.42,35.91
193920,1112.40,1003.96,1000.14,1048.12,1047.98,1032.80,1051.62,1018.02,36.15,36.22,36.35,35.96,36.26,36.34,36.52,36.03
194040,1111.70,1003.86,999.90,1047.98,1047.60,1032.50,1051.26,1017.60,36.06,36.17,36.29,35.86,36.09,36.24,36.39,35.87
194160,1112.26,1003.96,1000.04,1048.22,1047.74,1032.78,1051.42,1017.60,36.14,36.22,36.35,35.97,36.26,36.34,36.52,36.04
194280,1111.94,1003.92,1000.14,1048.04,1047.44,1032.40,1051.34,1017.40,36.08,36.18,36.30,35.86,36.11,36.23,36.41,35.90
194400,1111.80,1003.84,1000.32,1048.04,1047.60,1032.40,1051.18,1017.52,36.12,36.21,36.33,35.91,36.18,36.30,36.46,35.97
194520,1112.06,1003.76,1000.06,1048.04,1047.74,1032.42,1051.14,1017.62,36.06,36.18,36.29,35.89,36.14,36.22,36.43,35.88
194640,1111.78,1003.78,1000.10,1048.08,1047.80,1032.48,1051.16,1017.58,36.10,36.20,36.33,35.89,36.19,36.27,36.45,35.94
194760,1113.00,1004.16,1000.50,1048.72,1048.14,1033.12,1051.76,1018.06,36.21,36.26,36.41,36.05,36.36,36.43,36.63,36.14
194880,1112.64,1004.18,1000.48,1048.66,1048.08,1033.10,1051.76,1017.86,36.24,36.29,36.42,35.99,36.29,36.42,36.61,36.11
195000,1112.46,1003.94,1000.40,1048.48,1048.14,1032.94,1051.70,1017.92,36.19,36.26,36.39,35.99,36.25,36.38,36.54,36.04
195120,1112.26,1003.68,1000.14,1048.38,1047.94,1032.70,1051.42,1017.70,36.09,36.18,36.30,35.88,36.15,36.27,36.44,35.92
195240,1111.76,1003.78,1000.12,1048.16,1047.90,1032.74,1051.40,1017.48,36.09,36.15,36.31,35.88,36.13,36.30,36.46,35.93
195360,1112.08,1003.74,1000.12,1048.26,1048.04,1032.88,1051.28,1017.42,36.08,36.16,36.31,35.91,36.21,36.28,36.44,35.94
195480,1111.58,1003.50,999.86,1047.82,1047.56,1032.40,1050.94,1017.18,36.03,36.15,36.26,35.81,36.07,36.21,36.36,35.82
195600,1113.16,1003.92,1000.24,1048.44,1048.24,1033.14,1051.66,1017.84,36.17,36.22,36.35,36.03,36.33,36.39,36.56,36.09
195720,1112.94,1004.22,1000.42,1048.64,1048.24,1033.04,1051.78,1017.74,36.26,36.31,36.44,36.05,36.39,36.46,36.65,36.15
195840,1112.72,1004.42,1000.34,1048.82,1048.32,1032.90,1051.58,1017.64,36.24,36.31,36.44,36.06,36.33,36.42,36.61,36.09
195960,1112.64,1004.30,1000.40,1048.68,1048.30,1032.78,1051.68,1017.82,36.18,36.28,36.39,35.99,36.25,36.32,36.52,36.02
196080,1112.26,1003.98,1000.04,1048.28,1047.78,1032.48,1051.36,1017.36,36.15,36.25,36.37,35.93,36.18,36.28,36.50,35.96
196200,1113.34,1004.08,1000.46,1048.96,1048.66,1033.48,1052.18,1017.90,36.20,36.28,36.40,36.04,36.37,36.42,36.58,36.12
196320,1113.32,1004.40,1000.70,1049.08,1048.40,1033.50,1052.18,1017.78,36.32,36.36,36.51,36.10,36.42,36.52,36.73,36.18
196440,1112.86,1004.36,1000.62,1048.82,1048.50,1033.42,1051.94,1017.86,36.27,36.33,36.47,36.04,36.32,36.45,36.63,36.12
196560,1112.82,1004.14,1000.60,1048.74,1048.44,1033.08,1051.86,1017.48,36.17,36.26,36.39,35.96,36.24,36.34,36.52,36.02
196680,1111.76,1004.04,1000.46,1048.08,1048.12,1032.34,1051.40,1017.02,36.11,36.23,36.35,35.87,36.09,36.23,36.42,35.89
196800,1113.44,1004.18,1000.70,1048.80,1049.08,1033.28,1052.24,1017.78,36.20,36.27,36.42,36.10,36.36,36.41,36.63,36.10
196920,1112.88,1004.38,1000.76,1049.00,1048.58,1033.20,1052.12,1017.96,36.32,36.36,36.50,36.12,36.45,36.47,36.68,36.19
197040,1113.04,1004.34,1000.76,1048.88,1048.56,1033.28,1052.12,1018.02,36.25,36.33,36.46,36.05,36.34,36.45,36.62,36.12
197160,1112.04,1004.24,1000.58,1048.52,1048.32,1032.68,1051.54,1017.48,36.11,36.25,36.36,35.87,36.12,36.25,36.43,35.90
197280,1112.12,1004.08,1000.42,1048.42,1048.32,1032.98,1051.74,1017.50,36.17,36.26,36.38,35.96,36.23,36.34,36.51,36.01
197400,1112.10,1004.16,1000.32,1048.18,1048.26,1032.78,1051.56,1017.36,36.06,36.21,36.31,35.88,36.14,36.24,36.42,35.91
197520,1113.52,1004.44,1000.88,1049.16,1048.88,1033.82,1052.44,1018.14,36.35,36.38,36.52,36.22,36.62,36.61,36.82,36.37
197640,1113.04,1004.54,1000.92,1048.78,1048.56,1033.38,1051.92,1017.64,36.24,36.33,36.45,36.03,36.34,36.42,36.61,36.09
197760,1112.70,1004.24,1000.86,1048.94,1048.48,1033.00,1051.76,1017.56,36.23,36.32,36.44,36.00,36.29,36.38,36.58,36.02
197880,1112.66,1004.20,1000.66,1048.74,1048.72,1033.04,1051.96,1017.50,36.20,36.29,36.41,36.00,36.27,36.39,36.54,36.03
198000,1112.32,1004.10,1000.48,1048.22,1048.20,1032.62,1051.70,1017.06,36.12,36.25,36.35,35.88,36.13,36.25,36.44,35.92
198120,1112.32,1004.00,1000.46,1048.34,1048.20,1032.90,1051.70,1017.08,36.16,36.27,36.37,35.96,36.22,36.35,36.51,36.00
198240,1112.40,1003.92,1000.36,1048.04,1048.14,1032.56,1051.66,1017.04,36.10,36.23,36.33,35.88,36.14,36.27,36.45,35.90
198360,1112.10,1003.66,1000.30,1048.26,1048.18,1032.42,1051.62,1016.88,36.13,36.25,36.36,35.91,36.22,36.28,36.51,35.95
198480,1112.40,1004.14,1000.38,1048.22,1048.22,1032.64,1051.76,1017.06,36.14,36.22,36.34,35.94,36.21,36.32,36.48,36.01
198600,1112.34,1004.00,1000.28,1048.20,1047.96,1032.44,1051.34,1016.88,36.12,36.23,36.34,35.90,36.14,36.26,36.45,35.93
198720,1112.70,1003.94,1000.54,1048.36,1047.92,1032.60,1051.42,1016.80,36.16,36.25,36.36,35.96,36.21,36.32,36.50,36.00
198840,1112.62,1003.86,1000.36,1048.18,1048.04,1032.42,1051.24,1017.06,36.09,36.23,36.34,35.87,36.12,36.24,36.43,35.93
198960,1113.28,1004.38,1000.84,1048.88,1048.66,1033.32,1052.16,1017.48,36.33,36.35,36.49,36.17,36.54,36.57,36.76,36.29
199080,1113.26,1004.26,1000.94,1048.86,1048.78,1033.40,1052.02,1017.54,36.27,36.33,36.48,36.11,36.43,36.50,36.67,36.18
199200,1112.26,1004.26,1000.60,1048.22,1048.26,1032.80,1051.82,1017.08,36.16,36.27,36.40,35.95,36.22,36.35,36.52,35.99
199320,1113.20,1004.42,1000.62,1048.60,1048.86,1033.00,1051.88,1017.64,36.25,36.31,36.44,36.07,36.38,36.45,36.66,36.15
199440,1112.50,1004.34,1000.64,1048.38,1048.34,1032.88,1051.94,1017.12,36.16,36.27,36.39,35.95,36.21,36.33,36.51,35.99
199560,1112.46,1004.30,1000.70,1048.36,1048.38,1032.90,1051.92,1017.22,36.20,36.30,36.41,36.03,36.27,36.37,36.57,36.08
199680,1112.52,1004.34,1000.70,1048.36,1048.42,1032.62,1051.84,1017.10,36.14,36.26,36.36,35.95,36.21,36.32,36.49,35.99
199800,1112.34,1004.00,1000.52,1048.26,1048.16,1032.48,1051.74,1016.80,36.15,36.26,36.37,35.94,36.21,36.31,36.49,35.99
199920,1112.76,1003.88,1000.48,1048.22,1048.16,1032.60,1051.58,1016.72,36.16,36.25,36.38,35.96,36.22,36.34,36.50,36.00
200040,1111.70,1003.76,1000.30,1047.70,1047.72,1031.92,1051.10,1016.48,36.04,36.19,36.29,35.80,36.02,36.16,36.34,35.82
200160,1112.76,1003.96,1000.54,1048.12,1048.46,1032.70,1051.48,1017.10,36.18,36.26,36.38,36.00,36.31,36.38,36.57,36.08
200280,1112.58,1003.92,1000.58,1048.14,1048.22,1032.66,1051.48,1016.90,36.16,36.26,36.38,35.97,36.25,36.34,36.51,36.01
200400,1112.66,1004.08,1000.64,1048.20,1048.14,1032.86,1051.40,1016.86,36.19,36.28,36.40,35.99,36.28,36.38,36.57,36.05
200520,1112.72,1003.98,1000.64,1048.24,1048.24,1032.80,1051.46,1016.92,36.16,36.26,36.37,35.97,36.24,36.34,36.49,36.00
200640,1111.88,1003.94,1000.48,1047.80,1047.92,1032.26,1051.30,1016.54,36.13,36.23,36.33,35.88,36.14,36.24,36.45,35.92
200760,1113.30,1004.12,1000.78,1048.26,1048.66,1033.00,1051.98,1017.14,36.19,36.27,36.40,36.03,36.34,36.42,36.60,36.12
200880,1113.02,1004.38,1000.90,1048.26,1048.48,1032.84,1052.00,1016.94,36.25,36.32,36.44,36.06,36.37,36.43,36.63,36.13
201000,1113.12,1004.10,1000.82,1048.26,1048.62,1033.10,1051.82,1016.86,36.23,36.32,36.44,36.04,36.33,36.42,36.60,36.09
201120,1112.88,1004.02,1000.64,1048.24,1048.18,1032.62,1051.66,1017.00,36.17,36.27,36.38,35.94,36.20,36.31,36.50,35.98
201240,1112.40,1003.88,1000.50,1048.14,1048.20,1032.64,1051.62,1016.82,36.19,36.27,36.38,35.99,36.26,36.35,36.54,36.00
201360,1112.62,1003.98,1000.34,1048.02,1048.10,1032.30,1051.54,1016.44,36.10,36.21,36.31,35.87,36.12,36.23,36.41,35.88
201480,1112.48,1004.00,1000.32,1047.92,1048.02,1032.20,1051.46,1016.50,36.14,36.24,36.36,35.90,36.20,36.29,36.48,35.93
201600,1112.62,1004.00,1000.48,1047.96,1048.10,1032.24,1051.56,1016.62,36.13,36.24,36.35,35.94,36.21,36.29,36.46,35.98
201720,1112.16,1003.88,1000.42,1047.82,1047.74,1032.06,1051.16,1016.46,36.11,36.23,36.32,35.90,36.15,36.25,36.45,35.93
201840,1112.54,1003.82,1000.32,1048.12,1048.08,1032.30,1051.54,1016.64,36.16,36.24,36.36,35.98,36.26,36.33,36.51,36.02
201960,1112.10,1003.84,1000.14,1047.62,1047.82,1032.18,1051.48,1016.44,36.07,36.18,36.29,35.87,36.13,36.24,36.42,35.90
202080,1111.98,1003.62,1000.18,1047.52,1047.70,1032.12,1051.20,1016.36,36.10,36.20,36.30,35.89,36.16,36.25,36.44,35.94
202200,1112.14,1003.66,1000.14,1047.58,1047.74,1032.16,1051.12,1016.18,36.05,36.18,36.29,35.84,36.15,36.22,36.42,35.89
202320,1112.04,1003.50,1000.02,1047.54,1047.72,1032.12,1051.16,1016.02,36.11,36.20,36.31,35.89,36.16,36.26,36.41,35.94
202440,1112.48,1003.66,1000.34,1047.80,1047.88,1032.22,1051.50,1016.32,36.12,36.20,36.32,35.93,36.24,36.29,36.47,36.01
202560,1111.98,1003.36,1000.14,1047.50,1047.80,1032.06,1051.18,1016.34,36.10,36.21,36.32,35.88,36.16,36.26,36.43,35.93
202680,1112.28,1003.58,1000.24,1047.94,1047.80,1032.24,1051.52,1016.54,36.15,36.23,36.35,35.98,36.24,36.35,36.53,36.01
202800,1112.14,1003.58,1000.10,1047.56,1047.60,1032.26,1051.18,1016.28,36.05,36.17,36.28,35.84,36.11,36.22,36.39,35.88
202920,1113.50,1004.12,1000.76,1048.34,1048.64,1033.26,1051.96,1017.14,36.32,36.34,36.48,36.18,36.56,36.59,36.80,36.31
203040,1113.00,1004.02,1000.70,1048.34,1048.40,1032.94,1051.92,1016.92,36.23,36.30,36.44,36.03,36.35,36.43,36.62,36.11
203160,1112.58,1004.06,1000.64,1048.12,1048.08,1032.60,1051.72,1016.58,36.20,36.29,36.42,35.99,36.30,36.37,36.56,36.03
203280,1112.56,1004.06,1000.46,1048.16,1047.98,1032.54,1051.68,1016.62,36.17,36.27,36.39,35.98,36.24,36.36,36.53,36.02
203400,1112.04,1003.78,1000.18,1047.88,1047.72,1031.96,1051.46,1016.28,36.09,36.21,36.32,35.85,36.11,36.23,36.41,35.89
203520,1112.38,1003.74,1000.52,1047.98,1047.92,1032.16,1051.66,1016.20,36.16,36.25,36.36,35.96,36.23,36.33,36.51,36.01
203640,1112.38,1003.64,1000.42,1047.82,1047.84,1031.94,1051.60,1016.36,36.10,36.22,36.32,35.89,36.15,36.26,36.41,35.92
203760,1111.90,1003.62,1000.46,1047.86,1047.78,1032.00,1051.34,1016.40,36.15,36.25,36.37,35.94,36.20,36.31,36.53,35.98
203880,1112.58,1003.68,1000.40,1047.62,1047.78,1032.10,1051.58,1016.38,36.12,36.23,36.34,35.92,36.20,36.31,36.46,35.96
204000,1111.76,1003.60,1000.20,1047.48,1047.60,1031.82,1050.82,1016.08,36.10,36.21,36.32,35.87,36.13,36.22,36.43,35.88
204120,1113.10,1003.72,1000.52,1048.28,1048.36,1032.58,1051.68,1016.74,36.18,36.25,36.36,36.03,36.34,36.38,36.55,36.10
204240,1112.68,1003.78,1000.62,1048.26,1048.34,1032.68,1051.96,1016.74,36.24,36.31,36.44,36.06,36.40,36.46,36.64,36.12
204360,1112.70,1004.02,1000.60,1048.10,1048.26,1032.60,1051.88,1016.84,36.22,36.31,36.43,36.06,36.37,36.43,36.64,36.10
204480,1112.44,1003.96,1000.70,1047.80,1048.34,1032.54,1051.86,1016.72,36.15,36.27,36.37,35.97,36.22,36.33,36.50,36.00
204600,1112.32,1003.78,1000.56,1047.78,1047.74,1032.14,1051.48,1016.76,36.14,36.25,36.35,35.88,36.19,36.29,36.50,35.97
204720,1113.38,1004.10,1000.94,1048.24,1048.50,1032.84,1052.26,1017.16,36.23,36.29,36.41,36.05,36.38,36.44,36.60,36.14
204840,1113.00,1004.32,1000.98,1048.36,1048.38,1032.72,1052.00,1017.02,36.31,36.36,36.49,36.13,36.38,36.51,36.66,36.14
204960,1113.18,1004.04,1001.02,1048.20,1048.40,1032.62,1051.98,1017.08,36.25,36.33,36.45,36.05,36.33,36.42,36.61,36.08
205080,1112.44,1004.08,1000.76,1047.98,1048.34,1032.38,1051.94,1016.80,36.13,36.25,36.36,35.92,36.18,36.30,36.47,35.95
205200,1112.30,1003.98,1000.58,1047.82,1048.18,1032.32,1051.68,1016.60,36.15,36.25,36.36,35.93,36.19,36.30,36.47,35.97
205320,1112.52,1004.06,1000.66,1047.76,1048.24,1032.02,1051.54,1016.62,36.13,36.25,36.36,35.93,36.20,36.30,36.49,36.00
205440,1111.94,1003.88,1000.52,1047.54,1048.18,1031.88,1051.50,1016.60,36.12,36.24,36.35,35.90,36.16,36.27,36.45,35.93
205560,1112.64,1004.04,1000.70,1047.96,1048.24,1032.14,1051.68,1016.56,36.19,36.26,36.38,35.99,36.28,36.34,36.53,36.03
205680,1112.14,1004.00,1000.62,1047.78,1047.92,1031.90,1051.34,1016.38,36.11,36.23,36.33,35.89,36.13,36.25,36.43,35.91
205800,1112.08,1004.14,1000.56,1047.72,1048.14,1032.08,1051.30,1016.44,36.17,36.26,36.38,35.95,36.25,36.37,36.51,36.00
205920,1112.30,1003.98,1000.66,1047.64,1047.96,1031.88,1051.26,1016.34,36.06,36.21,36.31,35.82,36.13,36.24,36.38,35.84
206040,1113.18,1004.40,1001.18,1048.34,1048.52,1032.76,1052.06,1017.08,36.33,36.35,36.49,36.15,36.50,36.55,36.74,36.25
206160,1113.00,1004.22,1001.06,1048.28,1048.34,1032.50,1051.96,1017.00,36.23,36.32,36.45,36.02,36.33,36.40,36.60,36.08
206280,1112.48,1004.20,1000.76,1047.90,1048.14,1032.22,1051.82,1016.68,36.22,36.31,36.42,35.99,36.27,36.37,36.55,36.04
206400,1112.80,1004.18,1000.80,1048.00,1048.22,1032.16,1051.96,1016.80,36.20,36.31,36.41,36.01,36.29,36.38,36.58,36.06
206520,1111.82,1003.98,1000.56,1047.58,1047.60,1031.86,1051.24,1016.26,36.07,36.23,36.32,35.83,36.04,36.21,36.35,35.82
206640,1112.38,1003.96,1000.80,1047.76,1048.02,1031.86,1051.40,1016.58,36.14,36.24,36.35,35.96,36.20,36.31,36.50,35.99
206760,1112.00,1003.78,1000.76,1047.52,1047.90,1031.86,1051.10,1016.26,36.07,36.19,36.29,35.83,36.08,36.21,36.35,35.87
206880,1113.60,1004.22,1001.32,1048.24,1048.92,1032.90,1052.08,1017.32,36.34,36.35,36.50,36.20,36.56,36.60,36.80,36.33
207000,1113.08,1004.18,1001.38,1048.08,1048.44,1032.50,1051.94,1017.18,36.26,36.33,36.47,36.07,36.37,36.46,36.64,36.13
207120,1112.34,1004.16,1001.10,1047.94,1048.18,1032.30,1051.78,1016.72,36.22,36.31,36.43,35.97,36.28,36.37,36.53,36.03
207240,1112.70,1004.14,1001.12,1048.10,1048.22,1032.38,1051.82,1016.78,36.20,36.30,36.41,36.00,36.25,36.36,36.55,36.03
207360,1112.36,1003.96,1001.06,1047.62,1047.80,1032.08,1051.54,1016.50,36.10,36.24,36.34,35.87,36.11,36.24,36.39,35.87
207480,1113.34,1004.22,1001.38,1048.38,1048.56,1032.76,1052.22,1017.34,36.33,36.37,36.51,36.18,36.52,36.54,36.75,36.29
207600,1112.70,1004.28,1001.34,1048.14,1048.42,1032.32,1052.08,1017.10,36.22,36.32,36.44,36.00,36.29,36.37,36.56,36.04
207720,1112.62,1004.44,1001.20,1048.02,1048.30,1032.48,1051.96,1016.90,36.22,36.33,36.45,36.02,36.31,36.40,36.58,36.07
207840,1112.38,1004.08,1001.08,1047.80,1048.28,1032.22,1051.72,1016.92,36.14,36.26,36.36,35.93,36.18,36.29,36.46,35.95
207960,1112.18,1004.04,1001.12,1047.60,1048.04,1032.02,1051.58,1016.44,36.15,36.25,36.37,35.93,36.18,36.29,36.46,35.93
208080,1112.42,1004.18,1001.10,1047.72,1048.06,1032.08,1051.44,1016.64,36.16,36.27,36.37,35.95,36.22,36.32,36.50,35.99
208200,1112.16,1004.02,1000.84,1047.54,1047.92,1031.84,1051.40,1016.48,36.10,36.24,36.33,35.88,36.12,36.22,36.40,35.89
208320,1112.26,1004.06,1000.94,1047.68,1047.96,1031.92,1051.36,1016.64,36.18,36.27,36.38,35.97,36.24,36.33,36.52,36.03
208440,1112.16,1003.76,1000.92,1047.58,1047.86,1031.76,1051.32,1016.62,36.11,36.22,36.33,35.90,36.16,36.26,36.42,35.94
208560,1112.16,1003.92,1000.78,1047.50,1047.80,1031.82,1051.42,1016.36,36.16,36.25,36.36,35.93,36.20,36.30,36.53,35.97
208680,1112.10,1003.96,1000.88,1047.68,1048.28,1031.74,1051.46,1016.48,36.12,36.23,36.34,35.91,36.20,36.28,36.45,35.96
208800,1111.70,1004.04,1000.70,1047.34,1047.64,1031.64,1050.96,1016.24,36.09,36.20,36.30,35.85,36.09,36.19,36.41,35.89
208920,1112.74,1004.26,1001.00,1047.80,1048.28,1032.52,1051.60,1016.78,36.20,36.27,36.39,36.04,36.35,36.41,36.60,36.13
209040,1112.22,1004.06,1000.98,1047.52,1047.80,1031.80,1051.18,1016.14,36.13,36.25,36.36,35.91,36.19,36.28,36.47,35.95
209160,1112.44,1004.12,1001.06,1047.76,1047.98,1032.02,1051.50,1016.36,36.21,36.29,36.40,36.01,36.30,36.38,36.58,36.07
209280,1111.92,1004.04,1000.84,1047.58,1047.92,1031.80,1051.44,1016.42,36.10,36.24,36.34,35.89,36.15,36.26,36.43,35.87
209400,1113.54,1004.76,1001.20,1048.24,1048.62,1032.80,1052.24,1017.42,36.35,36.39,36.53,36.21,36.57,36.60,36.79,36.33
209520,1112.82,1004.66,1001.30,1048.04,1048.22,1032.56,1051.90,1017.06,36.25,36.34,36.46,36.04,36.32,36.41,36.60,36.08
209640,1112.58,1004.50,1001.12,1047.78,1048.18,1032.36,1051.64,1016.96,36.22,36.32,36.42,35.96,36.29,36.39,36.57,36.06
209760,1112.56,1004.34,1001.28,1047.80,1048.24,1032.22,1051.68,1016.90,36.20,36.29,36.42,35.99,36.28,36.39,36.56,36.08
209880,1112.10,1004.10,1001.22,1047.54,1047.90,1031.82,1051.50,1016.74,36.15,36.27,36.37,35.91,36.16,36.28,36.46,35.93
210000,1112.14,1004.22,1001.10,1047.68,1048.12,1032.00,1051.74,1016.70,36.18,36.28,36.39,35.97,36.25,36.34,36.53,36.03
210120,1112.16,1004.16,1001.08,1047.78,1048.08,1031.92,1051.74,1016.62,36.11,36.23,36.34,35.88,36.15,36.26,36.44,35.93
210240,1112.18,1004.12,1000.92,1047.68,1048.06,1031.74,1051.56,1016.52,36.16,36.26,36.38,35.96,36.24,36.34,36.54,36.03
210360,1112.36,1004.18,1001.04,1047.76,1047.92,1031.86,1051.66,1016.62,36.13,36.25,36.35,35.94,36.20,36.27,36.50,36.01
210480,1112.06,1004.22,1000.70,1047.50,1047.82,1031.70,1051.38,1016.56,36.14,36.24,36.35,35.91,36.18,36.28,36.48,35.95
210600,1112.38,1004.22,1000.88,1047.66,1048.12,1032.04,1051.56,1016.70,36.17,36.26,36.36,35.96,36.24,36.33,36.54,36.01
210720,1111.84,1004.02,1000.94,1047.36,1047.66,1031.66,1051.46,1016.46,36.10,36.22,36.31,35.87,36.12,36.23,36.42,35.90
210840,1112.24,1003.98,1000.90,1047.44,1047.84,1031.78,1051.48,1016.52,36.14,36.24,36.34,35.93,36.22,36.31,36.50,36.00
210960,1112.32,1004.00,1001.02,1047.64,1047.82,1031.88,1051.60,1016.60,36.13,36.24,36.34,35.94,36.19,36.29,36.49,35.98
211080,1112.02,1003.94,1000.84,1047.52,1047.64,1031.68,1051.50,1016.44,36.15,36.24,36.34,35.93,36.21,36.32,36.51,35.94
211200,1112.16,1004.06,1000.88,1047.60,1047.96,1031.78,1051.58,1016.90,36.15,36.25,36.36,35.96,36.25,36.32,36.52,36.00
211320,1111.86,1003.86,1000.84,1047.24,1047.46,1031.82,1051.32,1016.34,36.08,36.21,36.32,35.86,36.10,36.24,36.43,35.91
211440,1112.04,1004.00,1000.88,1047.28,1047.60,1031.96,1051.48,1016.50,36.15,36.25,36.35,35.95,36.24,36.34,36.51,36.01
211560,1112.18,1004.06,1000.82,1047.22,1047.56,1031.84,1051.32,1016.48,36.10,36.21,36.31,35.87,36.13,36.29,36.42,35.90
211680,1113.16,1004.50,1001.64,1048.14,1048.38,1032.60,1052.38,1017.28,36.35,36.37,36.51,36.19,36.55,36.58,36.80,36.30
211800,1113.02,1004.40,1001.72,1048.08,1048.32,1032.34,1051.96,1017.04,36.25,36.33,36.45,36.04,36.35,36.44,36.62,36.11
211920,1112.58,1004.16,1001.20,1047.96,1047.96,1032.06,1051.66,1016.84,36.20,36.29,36.41,35.97,36.26,36.34,36.54,36.02
212040,1113.34,1004.74,1001.70,1048.44,1048.78,1032.62,1052.30,1017.52,36.27,36.34,36.48,36.09,36.41,36.45,36.64,36.16
212160,1112.80,1004.82,1001.50,1048.16,1048.70,1032.58,1052.26,1017.28,36.32,36.39,36.50,36.10,36.43,36.49,36.70,36.17
212280,1112.94,1004.68,1001.48,1048.34,1048.48,1032.40,1052.16,1017.24,36.28,36.37,36.47,36.07,36.37,36.45,36.62,36.12
212400,1112.88,1004.52,1001.38,1047.90,1048.38,1032.20,1052.00,1017.32,36.19,36.30,36.41,35.95,36.22,36.33,36.52,35.97
212520,1112.14,1004.54,1001.32,1047.72,1048.04,1032.02,1051.64,1017.10,36.21,36.30,36.41,35.95,36.26,36.35,36.51,36.02
212640,1112.54,1004.54,1001.32,1047.80,1048.28,1032.00,1051.84,1017.24,36.18,36.30,36.39,35.97,36.23,36.33,36.53,36.04
212760,1111.44,1004.28,1000.90,1047.36,1047.60,1031.70,1051.32,1016.66,36.06,36.18,36.31,35.82,36.06,36.20,36.37,35.83
212880,1113.06,1004.42,1001.38,1047.94,1048.58,1032.12,1052.06,1017.54,36.20,36.27,36.41,36.03,36.34,36.41,36.61,36.11
213000,1112.26,1004.58,1001.20,1047.50,1048.04,1031.90,1051.54,1016.74,36.14,36.25,36.37,35.91,36.19,36.29,36.49,35.96
213120,1112.40,1004.42,1001.20,1047.68,1048.34,1032.18,1051.86,1016.92,36.21,36.29,36.40,36.00,36.31,36.37,36.57,36.07
213240,1112.50,1004.30,1001.08,1047.50,1048.30,1031.80,1051.58,1016.92,36.13,36.24,36.35,35.91,36.17,36.27,36.46,35.94
213360,1112.24,1004.42,1001.14,1047.58,1048.00,1031.82,1051.72,1016.78,36.17,36.26,36.35,35.94,36.19,36.31,36.51,35.98
213480,1112.28,1004.38,1001.28,1047.54,1048.00,1031.52,1051.66,1016.82,36.07,36.22,36.32,35.90,36.17,36.19,36.37,35.86
213600,1111.96,1004.34,1001.28,1047.78,1047.76,1031.98,1051.62,1016.74,36.17,36.29,36.38,35.99,36.28,36.36,36.56,36.04
213720,1112.48,1004.34,1001.34,1047.70,1047.90,1031.94,1051.62,1017.12,36.15,36.24,36.35,35.98,36.25,36.35,36.53,35.99
213840,1112.22,1004.28,1001.26,1047.44,1047.68,1031.66,1051.50,1016.78,36.15,36.23,36.36,35.93,36.20,36.30,36.49,35.92
213960,1112.64,1004.40,1001.30,1047.72,1048.04,1031.80,1051.84,1016.94,36.17,36.26,36.38,35.98,36.26,36.38,36.53,36.03
214080,1111.92,1004.26,1001.04,1047.22,1047.68,1031.32,1051.12,1016.54,36.05,36.20,36.30,35.82,36.07,36.19,36.39,35.85
214200,1112.24,1004.26,1001.14,1047.46,1047.70,1031.50,1051.36,1016.98,36.13,36.23,36.33,35.93,36.20,36.31,36.47,35.99
214320,1111.92,1004.00,1001.12,1047.28,1047.52,1031.38,1051.10,1016.56,36.08,36.20,36.29,35.84,36.09,36.20,36.39,35.85
214440,1111.76,1004.06,1001.14,1047.40,1047.72,1031.48,1051.42,1016.64,36.13,36.22,36.34,35.92,36.20,36.31,36.49,35.97
214560,1111.74,1004.06,1001.06,1047.30,1047.62,1031.64,1051.30,1016.58,36.04,36.15,36.28,35.85,36.12,36.25,36.43,35.92
214680,1111.72,1004.18,1001.00,1047.14,1047.34,1031.22,1050.96,1016.44,36.05,36.16,36.29,35.82,36.11,36.24,36.43,35.90
214800,1113.08,1004.64,1001.76,1047.84,1048.16,1032.16,1051.88,1017.50,36.19,36.27,36.39,36.04,36.36,36.44,36.65,36.13
214920,1112.82,1004.52,1001.50,1047.92,1048.18,1032.12,1051.88,1017.20,36.24,36.30,36.44,36.02,36.41,36.42,36.68,36.16
215040,1112.64,1004.52,1001.34,1047.98,1047.96,1032.14,1051.88,1017.28,36.21,36.28,36.42,36.03,36.34,36.42,36.60,36.09
215160,1112.50,1004.48,1001.36,1047.64,1047.94,1032.04,1051.74,1017.24,36.15,36.25,36.36,35.92,36.18,36.29,36.48,35.94
215280,1112.24,1004.44,1001.38,1047.70,1047.72,1031.62,1051.56,1017.20,36.18,36.27,36.38,35.99,36.26,36.36,36.53,36.04
215400,1112.48,1004.42,1001.36,1047.70,1047.94,1031.72,1051.68,1017.32,36.15,36.26,36.38,35.97,36.25,36.31,36.50,35.98
215520,1111.78,1004.16,1001.20,1047.34,1047.62,1031.46,1051.48,1016.76,36.13,36.23,36.35,35.90,36.17,36.27,36.46,35.93
215640,1113.30,1004.66,1001.50,1047.78,1048.20,1032.20,1051.84,1017.70,36.22,36.27,36.40,36.03,36.36,36.42,36.61,36.15
215760,1112.72,1004.74,1001.56,1048.06,1047.98,1032.06,1051.92,1017.52,36.25,36.32,36.46,36.02,36.34,36.43,36.62,36.14
215880,1112.92,1004.80,1001.54,1048.04,1048.12,1032.02,1052.10,1017.44,36.25,36.32,36.45,36.05,36.34,36.43,36.63,36.10
216000,1112.70,1004.82,1001.38,1047.66,1048.00,1031.80,1051.66,1017.34,36.18,36.28,36.39,35.95,36.21,36.31,36.50,35.97
216120,1112.64,1004.66,1001.40,1047.82,1047.94,1031.78,1051.68,1017.46,36.23,36.30,36.41,36.03,36.25,36.35,36.56,36.08
216240,1112.68,1004.74,1001.46,1047.50,1047.72,1031.76,1051.62,1017.38,36.14,36.24,36.34,35.94,36.13,36.28,36.44,35.97
216360,1112.52,1004.78,1001.54,1047.48,1048.10,1031.92,1051.60,1017.36,36.22,36.31,36.41,35.98,36.28,36.41,36.57,36.09
216480,1112.56,1004.74,1001.50,1047.52,1048.26,1031.95,1051.88,1017.32,36.16,36.28,36.38,35.95,36.27,36.33,36.52,35.98
216600,1112.04,1004.54,1001.26,1047.48,1047.68,1031.54,1051.70,1017.12,36.15,36.27,36.36,35.90,36.19,36.30,36.50,35.97
216720,1112.36,1004.70,1001.40,1047.60,1047.94,1031.64,1051.76,1017.46,36.19,36.28,36.40,35.99,36.30,36.36,36.54,36.04
216840,1111.52,1004.52,1001.46,1047.32,1047.52,1031.04,1051.58,1016.82,36.09,36.23,36.33,35.84,36.06,36.20,36.39,35.83
216960,1112.20,1004.38,1001.44,1047.48,1047.70,1031.56,1051.60,1017.12,36.16,36.24,36.35,35.96,36.20,36.30,36.50,35.97
217080,1111.78,1004.16,1001.28,1047.12,1047.26,1031.16,1051.30,1017.04,36.09,36.21,36.31,35.85,36.10,36.21,36.39,35.87
217200,1111.90,1004.58,1001.14,1047.18,1047.48,1031.36,1051.38,1017.12,36.15,36.24,36.36,35.95,36.21,36.31,36.50,36.00
217320,1111.80,1004.62,1001.18,1047.12,1047.56,1031.34,1051.42,1017.08,36.09,36.22,36.32,35.87,36.11,36.25,36.44,35.93
217440,1111.62,1004.58,1001.30,1047.20,1047.40,1031.24,1051.36,1017.14,36.12,36.23,36.34,35.89,36.19,36.26,36.49,35.98
217560,1111.94,1004.60,1001.18,1047.36,1047.48,1031.34,1051.54,1017.32,36.11,36.22,36.32,35.92,36.20,36.26,36.47,35.95
217680,1111.86,1004.50,1001.18,1047.20,1047.18,1031.32,1051.30,1016.92,36.13,36.24,36.33,35.87,36.17,36.27,36.48,35.94
217800,1112.16,1004.62,1001.42,1047.30,1047.80,1031.42,1051.58,1017.16,36.15,36.24,36.35,35.96,36.21,36.30,36.50,35.99
217920,1111.34,1004.50,1000.96,1047.06,1047.22,1030.82,1051.26,1016.58,36.04,36.17,36.26,35.77,36.02,36.14,36.34,35.79
218040,1112.72,1004.60,1001.48,1047.52,1047.80,1031.74,1051.76,1017.50,36.19,36.25,36.37,36.02,36.36,36.39,36.58,36.15
218160,1112.28,1004.58,1001.60,1047.20,1047.68,1031.58,1051.62,1017.34,36.17,36.27,36.39,35.98,36.27,36.35,36.54,36.03
218280,1112.24,1004.60,1001.54,1047.36,1047.66,1031.72,1051.68,1017.14,36.21,36.29,36.40,36.03,36.28,36.39,36.58,36.09
218400,1112.24,1004.64,1001.48,1047.24,1047.60,1031.60,1051.68,1017.16,36.14,36.23,36.35,35.90,36.17,36.29,36.48,35.96
218520,1111.98,1004.56,1001.36,1047.26,1047.50,1031.36,1051.48,1017.28,36.16,36.25,36.34,35.89,36.22,36.30,36.50,35.99
218640,1113.08,1004.70,1001.66,1047.56,1048.06,1031.86,1051.94,1017.64,36.20,36.27,36.38,36.00,36.32,36.39,36.57,36.07
218760,1112.50,1005.02,1001.70,1047.38,1047.98,1032.10,1051.84,1017.78,36.28,36.32,36.45,36.03,36.42,36.41,36.62,36.15
218880,1112.92,1005.10,1001.80,1047.62,1047.98,1031.98,1051.82,1017.62,36.23,36.32,36.45,36.02,36.32,36.42,36.60,36.07
219000,1112.06,1004.98,1001.68,1047.26,1047.76,1031.38,1051.60,1017.46,36.16,36.27,36.38,35.92,36.17,36.29,36.48,35.94
219120,1112.40,1004.84,1001.58,1047.38,1047.76,1031.62,1051.72,1017.38,36.21,36.29,36.39,36.01,36.24,36.37,36.56,35.99
219240,1112.22,1004.74,1001.46,1047.22,1047.74,1031.44,1051.52,1017.24,36.10,36.25,36.33,35.90,36.07,36.25,36.37,35.85
219360,1112.10,1004.84,1001.78,1047.22,1047.88,1031.48,1051.88,1017.56,36.22,36.30,36.42,36.00,36.30,36.37,36.58,36.06
219480,1112.26,1004.82,1001.68,1047.04,1047.90,1031.38,1051.72,1017.42,36.15,36.26,36.35,35.90,36.18,36.28,36.50,35.96
219600,1111.92,1004.82,1001.48,1047.08,1047.76,1031.32,1051.76,1017.36,36.15,36.26,36.35,35.89,36.19,36.29,36.49,35.96
219720,1112.42,1004.84,1001.76,1047.20,1047.82,1031.30,1051.68,1017.50,36.16,36.26,36.38,35.97,36.26,36.31,36.50,35.99
219840,1111.68,1004.80,1001.38,1046.88,1047.42,1031.06,1051.42,1016.96,36.07,36.22,36.31,35.82,36.09,36.21,36.40,35.85
219960,1112.50,1004.98,1001.82,1047.32,1047.70,1031.80,1051.86,1017.72,36.20,36.27,36.38,36.01,36.31,36.38,36.57,36.08
220080,1112.08,1004.96,1001.60,1047.16,1047.74,1031.22,1051.76,1017.32,36.11,36.24,36.33,35.88,36.16,36.26,36.46,35.92
220200,1112.18,1004.94,1001.64,1047.08,1047.84,1031.56,1051.68,1017.36,36.17,36.27,36.38,35.97,36.25,36.33,36.54,36.01
220320,1112.16,1004.92,1001.36,1047.08,1047.80,1031.62,1051.56,1017.48,36.11,36.23,36.33,35.87,36.15,36.25,36.44,35.92
220440,1111.98,1004.94,1001.52,1047.30,1047.66,1031.60,1051.50,1017.34,36.17,36.26,36.36,35.93,36.24,36.33,36.49,36.01
220560,1112.12,1004.96,1001.50,1047.22,1047.72,1031.56,1051.48,1017.48,36.13,36.24,36.33,35.95,36.18,36.28,36.46,35.95
220680,1111.68,1004.78,1001.34,1047.22,1047.48,1031.30,1051.26,1017.38,36.13,36.22,36.32,35.91,36.16,36.25,36.47,35.94
220800,1112.08,1004.72,1001.70,1047.10,1047.86,1031.54,1051.40,1017.66,36.15,36.24,36.36,35.96,36.25,36.34,36.51,35.99
220920,1111.76,1004.64,1001.42,1046.94,1047.46,1031.08,1051.34,1017.20,36.11,36.21,36.32,35.87,36.09,36.23,36.40,35.87
221040,1112.06,1004.82,1001.66,1047.12,1047.74,1031.42,1051.32,1017.40,36.16,36.25,36.35,35.96,36.23,36.30,36.50,36.00
221160,1111.84,1004.80,1001.46,1047.00,1047.80,1031.52,1051.40,1017.46,36.09,36.20,36.30,35.89,36.19,36.28,36.42,35.89
221280,1111.92,1004.98,1001.74,1047.32,1047.84,1031.72,1051.54,1017.66,36.22,36.30,36.42,36.02,36.33,36.41,36.61,36.09
221400,1111.82,1004.70,1001.70,1047.32,1047.88,1031.62,1051.60,1017.48,36.15,36.25,36.36,35.95,36.22,36.31,36.49,35.95
221520,1111.36,1004.60,1001.38,1047.16,1047.38,1030.98,1051.32,1017.32,36.13,36.22,36.35,35.85,36.16,36.26,36.46,35.89
221640,1112.94,1005.08,1002.12,1047.68,1048.10,1031.72,1051.88,1018.16,36.20,36.26,36.39,36.01,36.31,36.38,36.56,36.08
221760,1112.92,1005.06,1002.20,1047.70,1048.26,1032.02,1052.02,1018.00,36.30,36.36,36.49,36.12,36.49,36.50,36.72,36.18
221880,1112.40,1005.20,1002.08,1047.68,1047.98,1031.88,1052.04,1018.08,36.25,36.33,36.46,36.06,36.34,36.46,36.63,36.13
222000,1112.18,1005.00,1001.98,1047.50,1047.80,1031.76,1051.92,1018.12,36.17,36.27,36.38,35.96,36.23,36.33,36.52,35.99
222120,1111.64,1004.78,1001.20,1046.98,1047.48,1031.14,1051.46,1017.80,36.09,36.21,36.32,35.85,36.10,36.22,36.41,35.86
222240,1111.84,1004.86,1001.62,1047.32,1047.56,1031.46,1051.72,1017.84,36.14,36.24,36.34,35.94,36.21,36.30,36.49,36.00
222360,1112.02,1004.80,1001.86,1047.18,1047.64,1031.36,1051.62,1017.94,36.10,36.22,36.33,35.90,36.13,36.23,36.47,35.96
222480,1113.48,1005.42,1002.24,1048.14,1048.90,1032.80,1052.64,1018.60,36.39,36.40,36.57,36.26,36.65,36.66,36.89,36.39
222600,1112.48,1005.28,1002.16,1047.72,1048.56,1032.24,1052.34,1018.40,36.27,36.33,36.47,36.07,36.39,36.48,36.68,36.12
222720,1112.04,1005.18,1001.80,1047.42,1047.96,1031.86,1051.98,1017.92,36.18,36.26,36.40,35.93,36.23,36.32,36.53,35.97
222840,1112.22,1005.18,1001.68,1047.44,1048.08,1031.90,1051.90,1017.94,36.18,36.27,36.39,35.97,36.25,36.35,36.55,36.01
222960,1112.02,1004.94,1001.56,1047.38,1047.74,1031.40,1051.62,1017.96,36.11,36.23,36.34,35.88,36.13,36.25,36.43,35.90
223080,1112.22,1004.92,1001.94,1047.54,1047.82,1031.54,1051.68,1018.14,36.19,36.27,36.38,36.01,36.25,36.36,36.53,36.05
223200,1111.96,1004.86,1001.86,1047.38,1047.70,1031.28,1051.62,1018.02,36.08,36.22,36.32,35.90,36.08,36.20,36.38,35.92
223320,1112.12,1004.90,1001.94,1047.48,1047.82,1031.78,1051.78,1017.96,36.22,36.30,36.41,36.01,36.31,36.39,36.60,36.07
223440,1112.30,1004.96,1001.88,1047.52,1047.94,1031.42,1051.62,1018.22,36.15,36.25,36.36,35.95,36.21,36.31,36.49,35.94
223560,1111.96,1004.94,1001.82,1047.42,1047.58,1031.34,1051.66,1017.84,36.15,36.27,36.36,35.94,36.21,36.30,36.47,35.93
223680,1112.34,1005.08,1001.86,1047.46,1047.82,1031.44,1051.70,1018.12,36.18,36.26,36.39,35.99,36.23,36.31,36.52,35.99
223800,1111.60,1004.74,1001.60,1046.98,1047.36,1031.06,1051.36,1017.84,36.09,36.23,36.31,35.84,36.07,36.21,36.40,35.85
223920,1112.48,1005.08,1002.14,1047.30,1047.70,1031.64,1051.90,1018.30,36.21,36.27,36.38,36.01,36.32,36.37,36.60,36.07
224040,1111.70,1004.98,1002.00,1047.12,1047.44,1031.36,1051.34,1018.10,36.11,36.23,36.33,35.87,36.16,36.25,36.46,35.92
224160,1111.84,1004.94,1001.90,1047.22,1047.72,1031.26,1051.60,1018.08,36.17,36.27,36.37,35.96,36.25,36.33,36.56,36.01
224280,1111.98,1004.96,1001.74,1047.18,1047.62,1031.26,1051.46,1018.12,36.11,36.23,36.32,35.89,36.15,36.25,36.44,35.91
224400,1111.82,1004.74,1001.86,1047.24,1047.50,1031.06,1051.38,1018.08,36.15,36.24,36.35,35.94,36.24,36.29,36.50,36.01
224520,1112.16,1004.72,1001.80,1047.28,1047.70,1031.24,1051.48,1018.18,36.14,36.22,36.35,35.96,36.21,36.28,36.46,35.99
224640,1111.46,1004.72,1001.62,1046.94,1047.10,1030.82,1051.34,1017.72,36.11,36.20,36.32,35.88,36.14,36.24,36.45,35.91
224760,1113.44,1004.96,1002.06,1047.70,1048.16,1031.82,1052.12,1018.50,36.21,36.27,36.40,36.04,36.39,36.41,36.60,36.12
224880,1112.72,1005.12,1002.20,1047.70,1048.04,1032.00,1052.16,1018.40,36.31,36.37,36.47,36.11,36.42,36.51,36.73,36.11
225000,1112.82,1005.12,1002.16,1047.40,1047.82,1031.92,1051.94,1018.40,36.22,36.30,36.41,35.99,36.31,36.39,36.57,36.02
225120,1112.14,1005.08,1002.06,1047.48,1047.68,1031.16,1051.72,1017.98,36.15,36.26,36.37,35.91,36.18,36.26,36.47,35.94
225240,1112.50,1005.10,1002.24,1047.32,1047.72,1031.74,1051.90,1018.44,36.21,36.30,36.41,36.01,36.32,36.37,36.57,36.08
225360,1111.92,1005.00,1002.02,1047.22,1047.56,1031.26,1051.66,1018.30,36.14,36.24,36.35,35.91,36.15,36.27,36.45,35.94
225480,1111.78,1004.92,1001.98,1047.20,1047.62,1031.50,1051.76,1018.16,36.15,36.23,36.34,35.95,36.22,36.31,36.51,35.92
225600,1111.84,1004.88,1001.90,1047.16,1047.64,1031.20,1051.80,1018.12,36.08,36.18,36.31,35.86,36.16,36.24,36.44,35.84
225720,1111.82,1005.06,1002.00,1047.14,1047.58,1031.32,1051.68,1018.20,36.19,36.28,36.40,35.98,36.32,36.36,36.60,36.02
225840,1112.34,1005.12,1001.94,1047.36,1047.64,1031.28,1051.82,1018.40,36.16,36.26,36.36,35.95,36.23,36.31,36.49,35.98
225960,1111.88,1005.08,1001.76,1047.12,1047.56,1030.96,1051.36,1018.00,36.14,36.26,36.37,35.93,36.19,36.25,36.48,35.92
226080,1112.22,1005.10,1002.00,1047.30,1047.82,1031.22,1051.82,1018.52,36.17,36.26,36.37,35.99,36.25,36.33,36.53,36.03
226200,1111.76,1005.16,1001.98,1046.82,1047.38,1030.84,1051.60,1018.32,36.12,36.23,36.33,35.89,36.15,36.25,36.44,35.90
226320,1111.76,1005.18,1002.10,1047.18,1047.32,1030.98,1051.56,1018.42,36.16,36.26,36.37,35.95,36.21,36.30,36.51,35.97
226440,1111.94,1005.14,1002.02,1047.04,1047.42,1030.92,1051.66,1018.32,36.10,36.21,36.31,35.89,36.13,36.23,36.43,35.90
226560,1111.46,1005.02,1001.86,1046.92,1047.48,1031.00,1051.66,1018.28,36.15,36.26,36.36,35.94,36.25,36.29,36.53,35.97
226680,1112.04,1005.02,1001.74,1046.86,1047.46,1031.02,1051.50,1018.40,36.13,36.24,36.33,35.91,36.16,36.29,36.45,35.95
226800,1111.54,1004.90,1002.14,1046.82,1047.24,1030.84,1051.36,1018.30,36.12,36.24,36.32,35.86,36.15,36.25,36.45,35.92
226920,1112.00,1004.94,1002.00,1047.06,1047.30,1030.78,1051.58,1018.38,36.14,36.24,36.34,35.94,36.20,36.31,36.49,35.97
227040,1111.60,1005.00,1001.94,1046.92,1046.94,1030.56,1051.14,1018.12,36.07,36.20,36.29,35.84,36.09,36.19,36.39,35.86
227160,1111.78,1005.04,1002.14,1046.98,1047.22,1031.06,1051.42,1018.36,36.16,36.23,36.35,35.97,36.24,36.33,36.51,36.00
227280,1111.52,1004.92,1001.62,1046.82,1047.10,1030.64,1051.40,1018.28,36.07,36.18,36.28,35.84,36.11,36.21,36.41,35.88
227400,1111.82,1005.20,1002.06,1047.04,1047.22,1030.92,1051.32,1018.42,36.15,36.23,36.34,35.98,36.25,36.31,36.53,36.01
227520,1111.94,1005.14,1002.04,1046.90,1047.00,1030.90,1051.16,1018.30,36.10,36.21,36.30,35.88,36.12,36.24,36.45,35.93
227640,1111.60,1005.08,1002.00,1046.92,1047.22,1030.94,1051.20,1018.34,36.15,36.25,36.35,35.93,36.22,36.30,36.51,35.98
227760,1111.92,1005.06,1001.86,1046.98,1047.46,1031.00,1051.34,1018.54,36.12,36.23,36.33,35.90,36.17,36.27,36.49,35.94
227880,1111.38,1004.94,1001.72,1046.86,1047.16,1030.66,1051.18,1018.54,36.12,36.22,36.32,35.88,36.14,36.24,36.44,35.92
228000,1111.94,1005.12,1001.78,1046.94,1047.24,1031.20,1051.30,1018.58,36.13,36.23,36.33,35.94,36.21,36.29,36.48,35.97
228120,1111.42,1004.92,1001.86,1046.84,1046.88,1030.78,1051.04,1018.38,36.09,36.20,36.29,35.85,36.10,36.21,36.42,35.86
228240,1111.88,1005.04,1001.80,1046.90,1047.38,1030.92,1051.26,1018.76,36.15,36.23,36.34,35.96,36.24,36.32,36.53,36.01
228360,1111.40,1005.12,1001.78,1046.76,1046.98,1030.74,1051.26,1018.24,36.10,36.20,36.31,35.86,36.11,36.22,36.42,35.89
228480,1111.62,1005.06,1001.84,1047.12,1047.02,1030.82,1051.34,1018.50,36.15,36.24,36.35,35.96,36.21,36.29,36.52,35.97
228600,1111.64,1005.04,1001.80,1046.92,1047.02,1030.82,1051.24,1018.66,36.09,36.20,36.30,35.88,36.11,36.20,36.42,35.89
228720,1111.44,1004.96,1002.06,1046.98,1047.14,1030.92,1051.34,1018.48,36.13,36.23,36.33,35.95,36.18,36.31,36.48,35.99
228840,1111.68,1004.96,1001.86,1046.96,1047.28,1030.82,1051.60,1018.48,36.10,36.20,36.32,35.90,36.18,36.27,36.46,35.94
228960,1111.32,1004.84,1001.80,1046.70,1047.04,1030.82,1051.14,1018.36,36.12,36.21,36.33,35.91,36.17,36.26,36.46,35.94
229080,1111.90,1005.06,1001.92,1047.04,1047.40,1030.98,1051.62,1018.62,36.12,36.20,36.33,35.91,36.19,36.31,36.49,35.96
229200,1111.16,1005.22,1001.96,1046.80,1046.86,1030.60,1051.22,1018.36,36.09,36.20,36.31,35.86,36.13,36.23,36.44,35.89
229320,1111.84,1005.22,1002.06,1047.08,1047.38,1030.98,1051.60,1018.50,36.14,36.22,36.34,35.95,36.22,36.30,36.51,36.00
229440,1111.44,1005.06,1001.94,1046.88,1046.98,1030.40,1051.12,1018.22,36.09,36.19,36.30,35.84,36.09,36.21,36.41,35.85
229560,1111.76,1005.04,1002.02,1046.96,1047.22,1030.88,1051.40,1018.62,36.15,36.24,36.34,35.96,36.27,36.31,36.52,36.01
229680,1111.66,1005.20,1001.86,1046.70,1047.26,1030.74,1051.40,1018.44,36.09,36.20,36.29,35.87,36.13,36.22,36.42,35.89
229800,1113.48,1005.84,1002.88,1047.84,1048.34,1031.94,1052.72,1019.74,36.41,36.39,36.54,36.30,36.66,36.65,36.89,36.39
229920,1112.50,1005.50,1002.26,1047.60,1047.90,1031.46,1052.02,1019.20,36.22,36.32,36.43,36.00,36.30,36.39,36.60,36.03
230040,1112.18,1005.66,1002.52,1047.36,1047.92,1031.32,1051.96,1019.08,36.25,36.33,36.45,36.05,36.32,36.45,36.63,36.07
230160,1112.32,1005.44,1002.26,1047.38,1047.94,1031.28,1051.74,1019.04,36.15,36.26,36.37,35.94,36.15,36.31,36.45,35.90
230280,1112.10,1005.36,1002.28,1047.36,1048.08,1031.10,1051.96,1019.32,36.20,36.29,36.42,36.04,36.37,36.39,36.60,36.06
230400,1112.18,1005.52,1002.24,1047.32,1048.00,1031.22,1052.22,1019.40,36.19,36.27,36.40,36.00,36.30,36.38,36.58,36.07
230520,1111.60,1005.40,1002.10,1047.06,1047.60,1030.74,1051.58,1019.06,36.10,36.22,36.32,35.86,36.13,36.22,36.42,35.87
230640,1111.80,1005.52,1002.28,1047.18,1047.82,1030.92,1051.96,1019.10,36.18,36.28,36.38,35.98,36.27,36.34,36.55,36.03
230760,1111.58,1005.42,1002.22,1047.02,1047.86,1030.78,1051.78,1018.70,36.07,36.21,36.29,35.87,36.15,36.23,36.44,35.85
230880,1113.00,1005.68,1002.70,1047.60,1048.34,1031.60,1052.36,1019.70,36.31,36.36,36.49,36.17,36.54,36.54,36.75,36.26
231000,1112.50,1005.68,1002.64,1047.42,1048.34,1031.54,1052.26,1019.52,36.24,36.32,36.44,36.04,36.34,36.41,36.62,36.08
231120,1111.88,1005.68,1002.72,1047.04,1047.84,1031.10,1051.66,1019.46,36.17,36.29,36.41,35.92,36.21,36.31,36.53,35.96
231240,1112.18,1005.54,1002.70,1047.24,1047.96,1031.18,1052.18,1019.72,36.21,36.30,36.42,36.03,36.29,36.39,36.58,36.07
231360,1111.22,1005.30,1002.16,1046.74,1047.48,1030.72,1051.86,1018.70,36.10,36.21,36.31,35.83,36.09,36.19,36.39,35.84
231480,1111.80,1005.34,1002.28,1046.96,1047.58,1031.04,1051.88,1019.18,36.14,36.24,36.36,35.96,36.21,36.29,36.51,35.97
231600,1111.40,1005.18,1002.02,1046.90,1047.52,1030.64,1051.82,1018.82,36.09,36.21,36.30,35.86,36.10,36.21,36.41,35.85
231720,1111.52,1005.12,1002.10,1046.88,1047.46,1030.80,1051.88,1019.10,36.15,36.25,36.36,35.97,36.22,36.30,36.50,35.97
231840,1111.60,1005.08,1002.02,1046.76,1047.46,1030.62,1051.68,1019.06,36.10,36.20,36.30,35.88,36.12,36.24,36.44,35.88
231960,1111.62,1005.10,1002.00,1046.62,1047.18,1030.68,1051.76,1019.00,36.13,36.23,36.32,35.92,36.20,36.28,36.50,35.95
232080,1112.78,1005.64,1002.14,1047.38,1048.18,1031.52,1052.32,1019.74,36.22,36.30,36.41,36.06,36.38,36.43,36.62,36.12
232200,1112.30,1005.68,1002.48,1047.42,1048.06,1031.60,1052.30,1019.56,36.27,36.32,36.47,36.05,36.44,36.47,36.69,36.14
232320,1112.32,1005.80,1002.42,1047.48,1048.16,1031.44,1052.28,1019.58,36.24,36.31,36.43,36.03,36.36,36.42,36.63,36.06
232440,1111.98,1005.56,1002.32,1047.26,1047.72,1031.08,1052.04,1019.50,36.16,36.26,36.37,35.92,36.20,36.29,36.48,35.94
232560,1111.60,1005.58,1002.20,1047.00,1047.88,1030.86,1051.84,1019.52,36.17,36.27,36.38,35.93,36.22,36.29,36.51,35.95
232680,1111.96,1005.44,1002.30,1047.12,1047.94,1030.86,1051.90,1019.62,36.14,36.26,36.36,35.92,36.20,36.29,36.48,35.98
232800,1111.24,1005.22,1002.16,1046.56,1047.42,1030.40,1051.64,1018.86,36.10,36.22,36.31,35.85,36.10,36.20,36.42,35.82
232920,1112.84,1005.58,1002.44,1047.28,1048.34,1031.40,1052.42,1019.82,36.22,36.28,36.39,36.05,36.35,36.40,36.59,36.10
233040,1112.18,1005.70,1002.54,1047.30,1048.12,1031.12,1052.48,1019.68,36.29,36.35,36.47,36.10,36.42,36.44,36.65,36.15
233160,1112.38,1005.88,1002.68,1047.48,1048.24,1031.26,1052.34,1019.80,36.27,36.35,36.48,36.06,36.37,36.44,36.64,36.11
233280,1112.24,1005.60,1002.38,1047.28,1047.98,1031.02,1052.36,1019.72,36.20,36.30,36.41,35.96,36.22,36.32,36.51,35.97
233400,1112.20,1005.72,1002.40,1047.00,1047.70,1030.92,1052.26,1019.66,36.22,36.30,36.43,36.00,36.27,36.33,36.54,35.98
233520,1112.08,1005.74,1002.42,1047.00,1047.64,1030.92,1052.00,1019.72,36.17,36.27,36.37,35.96,36.24,36.33,36.49,36.00
233640,1111.90,1005.40,1002.42,1047.02,1047.46,1030.64,1052.00,1019.64,36.17,36.27,36.37,35.93,36.20,36.28,36.49,35.95
233760,1111.98,1005.74,1002.64,1047.04,1047.74,1031.04,1051.94,1019.68,36.20,36.29,36.39,36.01,36.25,36.34,36.56,36.01
233880,1111.64,1005.40,1002.38,1046.82,1047.64,1030.42,1051.84,1019.34,36.13,36.24,36.34,35.89,36.14,36.23,36.44,35.89
234000,1112.12,1005.48,1002.44,1047.14,1047.86,1030.98,1052.02,1019.50,36.20,36.28,36.40,35.99,36.31,36.36,36.56,36.06
234120,1111.86,1005.26,1002.36,1046.86,1047.68,1030.76,1051.72,1019.22,36.10,36.23,36.33,35.87,36.15,36.23,36.43,35.84
234240,1113.06,1006.04,1003.02,1047.54,1048.14,1031.62,1052.78,1020.42,36.35,36.38,36.51,36.20,36.57,36.58,36.83,36.31
234360,1112.44,1005.86,1002.80,1047.56,1047.88,1031.26,1052.42,1019.94,36.24,36.32,36.45,36.02,36.34,36.41,36.63,36.07
234480,1111.56,1005.54,1002.40,1047.16,1047.64,1030.94,1052.10,1019.78,36.16,36.24,36.39,35.95,36.23,36.34,36.52,35.97
234600,1111.76,1005.50,1002.46,1047.36,1047.56,1030.74,1052.00,1019.70,36.14,36.24,36.35,35.95,36.21,36.33,36.52,35.98
234720,1111.52,1005.36,1002.32,1047.26,1047.48,1030.42,1051.90,1019.64,36.08,36.22,36.31,35.89,36.11,36.22,36.46,35.86
234840,1112.72,1005.94,1002.74,1047.92,1048.24,1031.52,1052.48,1020.32,36.32,36.36,36.52,36.18,36.55,36.55,36.79,36.25
234960,1112.62,1005.86,1002.68,1047.88,1048.16,1031.36,1052.40,1020.18,36.26,36.34,36.46,36.05,36.33,36.41,36.62,36.08
235080,1112.08,1005.76,1002.72,1047.48,1048.06,1031.14,1052.08,1019.88,36.23,36.32,36.44,35.99,36.29,36.38,36.59,35.97
235200,1112.02,1005.82,1002.78,1047.40,1048.34,1031.04,1052.48,1020.10,36.22,36.31,36.43,36.02,36.30,36.39,36.57,36.03
235320,1111.72,1005.56,1002.44,1047.12,1047.96,1030.54,1052.24,1019.90,36.16,36.27,36.37,35.91,36.17,36.26,36.47,35.92
235440,1111.68,1005.72,1002.40,1047.14,1047.84,1030.68,1052.16,1019.88,36.18,36.29,36.39,35.98,36.23,36.32,36.56,35.98
235560,1111.84,1005.56,1002.46,1047.16,1047.72,1030.46,1052.06,1019.78,36.13,36.25,36.35,35.91,36.16,36.24,36.45,35.87
235680,1111.62,1005.44,1002.56,1046.88,1047.82,1030.60,1051.70,1019.70,36.16,36.26,36.36,35.92,36.20,36.26,36.50,35.96
235800,1111.92,1005.56,1002.70,1046.90,1047.80,1030.76,1051.80,1019.70,36.14,36.25,36.36,35.96,36.22,36.27,36.47,35.95
235920,1111.42,1005.18,1002.40,1046.84,1047.28,1030.36,1051.56,1019.48,36.11,36.24,36.34,35.87,36.13,36.23,36.44,35.89
236040,1111.74,1005.22,1002.68,1047.02,1047.50,1030.50,1051.96,1019.72,36.16,36.26,36.37,35.96,36.24,36.31,36.51,35.99
236160,1111.44,1005.20,1002.54,1046.76,1047.36,1030.36,1051.66,1019.44,36.06,36.19,36.29,35.82,36.10,36.19,36.39,35.84
236280,1112.82,1005.68,1003.12,1047.72,1048.50,1031.42,1052.84,1020.54,36.33,36.36,36.50,36.20,36.58,36.60,36.79,36.31
236400,1112.40,1005.64,1002.98,1047.34,1048.18,1031.10,1052.22,1020.24,36.25,36.31,36.45,36.07,36.38,36.45,36.66,36.11
236520,1111.86,1005.38,1002.66,1047.20,1047.92,1030.94,1051.88,1019.84,36.20,36.28,36.42,35.99,36.28,36.36,36.54,35.96
236640,1112.08,1005.68,1002.66,1047.24,1047.94,1030.84,1052.14,1019.96,36.19,36.29,36.40,35.99,36.27,36.35,36.56,36.00
236760,1111.48,1005.32,1002.58,1046.84,1047.46,1030.56,1051.98,1019.70,36.12,36.24,36.35,35.86,36.13,36.24,36.44,35.86
236880,1111.74,1005.48,1002.60,1047.02,1047.76,1030.66,1051.88,1019.84,36.19,36.27,36.39,35.97,36.25,36.33,36.55,36.00
237000,1111.50,1005.34,1002.20,1046.92,1047.74,1030.74,1051.78,1019.76,36.10,36.23,36.33,35.89,36.15,36.24,36.43,35.88
237120,1111.48,1005.32,1002.48,1047.08,1047.50,1030.50,1051.42,1019.62,36.15,36.26,36.35,35.95,36.24,36.28,36.50,35.93
237240,1111.54,1005.64,1002.70,1046.84,1047.58,1030.58,1051.52,1019.78,36.12,36.23,36.34,35.92,36.17,36.29,36.47,35.90
237360,1111.40,1005.34,1002.68,1046.66,1047.40,1030.30,1051.40,1019.70,36.13,36.23,36.33,35.89,36.16,36.25,36.44,35.89
237480,1112.66,1005.70,1002.78,1047.32,1047.84,1030.96,1052.12,1020.16,36.24,36.31,36.44,36.08,36.39,36.42,36.62,36.10
237600,1111.56,1005.48,1002.66,1047.08,1047.48,1030.52,1051.76,1019.94,36.17,36.27,36.38,35.93,36.21,36.27,36.50,35.94
237720,1111.74,1005.70,1002.94,1047.04,1047.58,1030.70,1051.98,1020.12,36.21,36.29,36.41,35.99,36.28,36.37,36.57,36.00
237840,1111.52,1005.68,1002.62,1046.94,1047.30,1030.52,1051.56,1019.96,36.12,36.24,36.33,35.88,36.15,36.24,36.44,35.88
237960,1111.58,1005.82,1002.42,1047.04,1047.48,1030.72,1051.72,1020.14,36.19,36.27,36.38,35.98,36.26,36.35,36.57,36.03
238080,1111.48,1005.68,1002.22,1046.64,1047.30,1030.30,1051.50,1020.06,36.08,36.20,36.30,35.84,36.13,36.25,36.40,35.90
238200,1111.48,1005.80,1002.64,1046.76,1047.56,1030.40,1051.80,1020.30,36.20,36.28,36.39,35.98,36.31,36.37,36.59,36.02
238320,1111.66,1005.68,1002.42,1046.90,1047.48,1030.64,1051.90,1020.30,36.11,36.21,36.33,35.89,36.21,36.29,36.50,35.94
238440,1111.18,1005.66,1002.30,1046.62,1047.30,1030.18,1051.60,1019.90,36.09,36.20,36.31,35.86,36.13,36.22,36.44,35.86
238560,1112.26,1006.02,1002.84,1047.26,1047.86,1031.08,1052.10,1020.30,36.20,36.27,36.39,36.05,36.38,36.40,36.62,36.10
238680,1111.34,1005.90,1002.66,1046.96,1047.40,1030.44,1051.88,1020.04,36.15,36.26,36.37,35.92,36.21,36.29,36.50,35.93
238800,1111.66,1005.92,1002.94,1046.92,1047.56,1030.64,1052.12,1020.34,36.19,36.28,36.39,35.98,36.29,36.33,36.56,35.99
238920,1111.22,1005.70,1002.52,1046.62,1047.50,1030.40,1051.86,1019.94,36.06,36.20,36.29,35.84,36.13,36.20,36.42,35.85
239040,1112.72,1006.26,1003.14,1047.76,1048.10,1031.44,1052.58,1020.78,36.33,36.36,36.50,36.19,36.59,36.56,36.78,36.27
239160,1112.78,1006.26,1003.08,1047.46,1048.10,1031.24,1052.42,1020.58,36.28,36.35,36.48,36.10,36.42,36.47,36.69,36.13
239280,1111.74,1005.98,1002.78,1047.32,1047.72,1030.56,1052.00,1020.04,36.20,36.28,36.41,35.95,36.23,36.33,36.55,35.95
239400,1112.04,1005.94,1002.78,1047.20,1047.78,1030.66,1052.06,1020.32,36.21,36.30,36.41,36.00,36.28,36.36,36.57,35.99
239520,1111.96,1005.82,1002.76,1047.12,1047.70,1030.46,1051.86,1020.28,36.10,36.23,36.33,35.88,36.14,36.18,36.43,35.86
239640,1112.88,1006.32,1003.28,1047.86,1048.38,1031.50,1052.82,1021.00,36.38,36.38,36.53,36.22,36.57,36.58,36.81,36.30
239760,1112.42,1006.32,1003.24,1047.18,1048.06,1031.04,1052.46,1020.70,36.25,36.34,36.46,36.03,36.35,36.40,36.63,36.04
239880,1111.86,1006.16,1003.02,1047.16,1048.02,1030.74,1052.24,1020.60,36.23,36.33,36.45,35.98,36.30,36.38,36.57,36.02
240000,1112.16,1006.12,1003.18,1047.24,1048.18,1030.72,1052.30,1020.50,36.21,36.31,36.43,36.00,36.30,36.36,36.59,36.01
240120,1111.22,1005.90,1002.76,1046.94,1047.54,1030.08,1051.54,1020.04,36.13,36.23,36.34,35.84,36.11,36.20,36.42,35.82
240240,1112.42,1006.26,1002.94,1047.70,1048.12,1030.84,1052.48,1020.80,36.23,36.31,36.42,36.06,36.36,36.41,36.63,36.10
240360,1111.82,1006.22,1002.90,1047.22,1047.68,1030.48,1051.96,1020.30,36.20,36.30,36.41,35.95,36.22,36.29,36.52,35.91
240480,1112.24,1006.16,1002.86,1047.42,1047.82,1030.72,1052.02,1020.52,36.23,36.31,36.42,36.01,36.29,36.36,36.58,36.03
240600,1111.70,1006.14,1002.70,1047.10,1047.42,1030.40,1051.80,1020.32,36.15,36.27,36.37,35.92,36.17,36.24,36.47,35.89
240720,1111.70,1006.24,1002.88,1047.12,1047.48,1030.60,1051.62,1020.42,36.20,36.29,36.40,35.97,36.25,36.33,36.55,35.97
240840,1111.82,1006.04,1002.80,1047.18,1047.50,1030.66,1051.68,1020.50,36.14,36.26,36.35,35.94,36.18,36.29,36.47,35.92
240960,1111.10,1005.86,1002.72,1046.66,1047.18,1030.04,1051.44,1019.86,36.10,36.22,36.33,35.85,36.11,36.20,36.42,35.82
241080,1112.52,1006.12,1002.96,1047.38,1047.94,1030.88,1052.08,1020.94,36.19,36.27,36.39,36.02,36.32,36.39,36.55,36.03
241200,1112.64,1006.12,1003.18,1047.64,1048.00,1031.02,1052.10,1020.82,36.31,36.36,36.51,36.10,36.49,36.48,36.72,36.19
241320,1112.18,1006.36,1003.28,1047.30,1048.02,1030.84,1052.22,1020.80,36.27,36.33,36.47,36.06,36.34,36.43,36.62,36.08
241440,1112.04,1006.36,1002.96,1047.22,1047.84,1030.58,1052.06,1020.80,36.18,36.28,36.40,35.96,36.23,36.31,36.52,35.94
241560,1111.40,1006.04,1002.94,1046.78,1047.28,1030.38,1051.96,1020.40,36.13,36.26,36.36,35.90,36.17,36.26,36.47,35.88
241680,1112.82,1006.30,1003.38,1047.26,1048.02,1030.96,1052.34,1020.94,36.19,36.28,36.40,36.01,36.33,36.37,36.58,36.03
241800,1112.50,1006.52,1003.40,1047.44,1048.06,1031.16,1052.38,1020.80,36.30,36.36,36.49,36.09,36.41,36.43,36.66,36.15
241920,1112.64,1006.52,1003.48,1047.50,1048.08,1031.10,1052.38,1020.86,36.28,36.36,36.48,36.06,36.36,36.44,36.64,36.06
242040,1111.46,1006.28,1003.08,1046.92,1047.54,1030.50,1051.96,1020.64,36.15,36.29,36.38,35.87,36.14,36.24,36.46,35.86
242160,1111.86,1006.26,1003.02,1047.36,1047.58,1030.62,1052.22,1020.62,36.21,36.30,36.40,35.98,36.30,36.34,36.55,35.99
242280,1111.52,1006.30,1003.18,1047.26,1047.44,1030.56,1052.06,1020.44,36.11,36.25,36.35,35.89,36.15,36.22,36.44,35.86
242400,1112.94,1006.68,1003.66,1047.66,1048.30,1031.38,1052.58,1021.12,36.34,36.39,36.53,36.17,36.52,36.55,36.76,36.22
242520,1112.22,1006.62,1003.22,1047.18,1047.68,1031.10,1052.48,1020.94,36.22,36.33,36.44,35.99,36.29,36.36,36.57,35.98
242640,1112.14,1006.46,1003.24,1047.14,1047.74,1030.60,1052.34,1020.92,36.24,36.33,36.45,36.02,36.27,36.37,36.59,36.02
242760,1112.16,1006.40,1003.20,1047.24,1047.96,1030.74,1052.32,1020.86,36.21,36.30,36.41,35.98,36.24,36.35,36.53,35.96
242880,1111.40,1006.30,1002.94,1047.00,1047.76,1030.26,1052.08,1020.62,36.15,36.28,36.38,35.92,36.18,36.28,36.50,35.89
243000,1112.94,1006.72,1003.54,1047.60,1048.34,1031.18,1052.84,1021.58,36.26,36.34,36.47,36.08,36.38,36.42,36.63,36.09
243120,1112.48,1006.74,1003.42,1047.62,1048.12,1031.20,1052.56,1021.20,36.29,36.35,36.51,36.08,36.44,36.49,36.71,36.12
243240,1112.28,1006.70,1003.50,1047.56,1048.00,1030.92,1052.68,1021.28,36.26,36.36,36.47,36.04,36.38,36.44,36.63,36.07
243360,1112.08,1006.72,1003.24,1047.44,1047.94,1030.74,1052.38,1021.12,36.18,36.30,36.40,35.95,36.21,36.30,36.51,35.92
243480,1111.64,1006.52,1003.10,1047.34,1047.64,1030.40,1052.10,1020.76,36.18,36.31,36.39,35.96,36.22,36.31,36.52,35.90
243600,1111.72,1006.36,1002.98,1047.40,1047.62,1030.36,1052.12,1020.90,36.17,36.28,36.38,35.97,36.20,36.28,36.52,35.92
243720,1111.14,1006.28,1002.94,1046.92,1047.40,1030.18,1051.58,1020.66,36.11,36.23,36.32,35.87,36.11,36.21,36.40,35.82
243840,1111.26,1006.42,1003.04,1046.88,1047.72,1030.18,1051.76,1021.02,36.17,36.27,36.37,35.96,36.22,36.29,36.52,35.95
243960,1111.06,1006.10,1002.98,1046.90,1047.24,1030.18,1051.72,1020.72,36.08,36.22,36.31,35.85,36.11,36.20,36.41,35.83
244080,1111.36,1006.18,1002.84,1046.90,1047.54,1030.32,1051.76,1020.82,36.18,36.26,36.37,35.98,36.29,36.32,36.55,35.98
244200,1111.34,1006.22,1002.88,1046.78,1047.48,1030.34,1051.78,1020.68,36.11,36.23,36.33,35.90,36.18,36.25,36.47,35.89
244320,1111.04,1006.24,1002.86,1046.66,1047.28,1030.18,1051.56,1020.64,36.13,36.22,36.33,35.84,36.12,36.23,36.47,35.88
244440,1112.80,1006.46,1003.28,1047.54,1047.96,1030.96,1052.32,1021.32,36.22,36.28,36.40,36.07,36.41,36.42,36.65,36.11
244560,1112.26,1006.52,1003.42,1047.50,1047.80,1030.82,1052.08,1021.20,36.28,36.35,36.46,36.07,36.44,36.44,36.71,36.13
244680,1112.08,1006.56,1003.32,1047.52,1047.80,1030.92,1052.14,1021.14,36.24,36.30,36.44,36.04,36.35,36.41,36.62,36.02
244800,1111.66,1006.30,1003.12,1047.16,1047.72,1030.52,1052.18,1020.90,36.15,36.26,36.36,35.92,36.19,36.28,36.48,35.90
244920,1111.58,1006.32,1003.22,1047.04,1047.40,1030.50,1052.02,1020.88,36.18,36.27,36.37,35.97,36.26,36.33,36.52,35.97
245040,1111.38,1006.28,1002.98,1046.84,1047.42,1030.42,1051.94,1020.88,36.11,36.23,36.32,35.85,36.18,36.26,36.45,35.84
245160,1111.24,1006.26,1003.18,1047.06,1047.58,1030.56,1051.88,1020.78,36.21,36.30,36.41,35.98,36.28,36.34,36.60,35.98
245280,1111.62,1006.22,1003.42,1047.12,1047.50,1030.46,1051.98,1021.04,36.16,36.26,36.38,35.94,36.22,36.32,36.49,35.96
245400,1111.38,1006.16,1003.14,1047.10,1047.14,1030.26,1051.92,1020.72,36.15,36.25,36.36,35.90,36.20,36.27,36.49,35.90
245520,1111.78,1006.24,1003.32,1047.04,1047.36,1030.44,1051.88,1021.04,36.18,36.27,36.37,35.99,36.25,36.32,36.54,35.96
245640,1111.12,1006.18,1002.90,1046.96,1046.96,1029.88,1051.46,1020.68,36.12,36.23,36.33,35.87,36.11,36.20,36.42,35.84
245760,1111.08,1006.20,1003.08,1046.90,1047.08,1029.88,1051.46,1020.60,36.14,36.25,36.35,35.93,36.19,36.25,36.46,35.90
245880,1111.18,1006.00,1003.20,1046.74,1046.84,1029.96,1051.24,1020.58,36.07,36.21,36.30,35.85,36.10,36.19,36.38,35.82
246000,1110.96,1006.02,1003.22,1046.68,1046.70,1029.92,1051.26,1020.46,36.13,36.24,36.34,35.92,36.17,36.25,36.46,35.88
246120,1111.34,1006.06,1003.04,1046.84,1046.94,1029.84,1051.36,1020.70,36.10,36.21,36.32,35.91,36.15,36.21,36.42,35.86
246240,1111.06,1005.96,1002.88,1046.76,1046.82,1029.82,1051.18,1020.56,36.13,36.21,36.33,35.90,36.17,36.22,36.47,35.90
246360,1111.52,1006.36,1002.98,1046.84,1046.80,1030.44,1051.36,1020.68,36.14,36.22,36.34,35.93,36.20,36.30,36.48,35.91
246480,1111.04,1006.14,1003.00,1046.68,1046.62,1029.92,1051.20,1020.40,36.08,36.20,36.30,35.84,36.10,36.18,36.40,35.81
246600,1111.36,1006.14,1003.00,1046.74,1046.90,1030.00,1051.38,1020.74,36.15,36.25,36.34,35.94,36.25,36.29,36.52,35.96
246720,1111.00,1005.78,1002.86,1046.62,1046.68,1029.78,1051.34,1020.52,36.07,36.19,36.28,35.83,36.08,36.17,36.38,35.80
246840,1111.34,1006.00,1003.24,1046.72,1046.80,1030.20,1051.56,1020.80,36.15,36.23,36.35,35.95,36.24,36.30,36.51,35.94
246960,1111.32,1006.16,1003.26,1046.60,1046.94,1029.86,1051.34,1020.80,36.10,36.22,36.33,35.87,36.13,36.21,36.42,35.92
247080,1112.44,1006.52,1003.58,1047.42,1047.78,1031.10,1052.12,1021.60,36.35,36.37,36.52,36.22,36.60,36.60,36.80,36.27
247200,1112.32,1006.44,1003.36,1047.32,1047.48,1030.82,1051.88,1021.42,36.26,36.32,36.46,36.05,36.38,36.43,36.64,36.06
247320,1111.52,1006.48,1003.24,1047.16,1047.02,1030.30,1051.76,1020.90,36.17,36.27,36.40,35.95,36.22,36.31,36.53,35.90
247440,1111.68,1006.46,1003.34,1047.32,1047.38,1030.38,1051.78,1021.22,36.18,36.28,36.41,35.99,36.30,36.33,36.55,35.97
247560,1111.10,1006.20,1003.08,1046.80,1046.96,1030.04,1051.74,1020.84,36.11,36.23,36.34,35.87,36.14,36.24,36.44,35.84
247680,1111.66,1006.08,1003.20,1046.92,1047.08,1030.24,1051.84,1021.08,36.16,36.24,36.36,35.96,36.24,36.32,36.54,35.97
247800,1111.08,1006.18,1003.16,1046.80,1047.06,1030.10,1051.50,1021.14,36.09,36.19,36.30,35.87,36.15,36.23,36.43,35.84
247920,1110.88,1006.12,1003.06,1046.78,1046.78,1029.78,1051.58,1020.94,36.08,36.18,36.31,35.90,36.16,36.26,36.42,35.85
248040,1111.04,1006.08,1003.08,1046.62,1046.74,1029.86,1051.38,1020.88,36.02,36.14,36.25,35.83,36.07,36.16,36.39,35.82
248160,1110.74,1005.92,1002.94,1046.52,1046.54,1029.58,1051.22,1020.76,36.01,36.12,36.24,35.82,36.09,36.19,36.40,35.81
248280,1112.36,1006.16,1003.14,1047.22,1047.58,1030.46,1052.00,1021.82,36.16,36.19,36.33,36.00,36.37,36.38,36.56,36.05
248400,1112.06,1006.54,1003.38,1047.22,1047.62,1030.40,1052.02,1021.52,36.26,36.27,36.42,36.06,36.45,36.46,36.71,36.15
248520,1111.90,1006.38,1003.36,1047.26,1047.46,1030.46,1051.96,1021.62,36.20,36.25,36.39,36.00,36.36,36.42,36.60,36.05
248640,1111.48,1006.12,1003.22,1046.86,1047.24,1030.12,1051.72,1021.34,36.08,36.18,36.30,35.87,36.13,36.25,36.44,35.84
248760,1111.10,1005.86,1003.24,1046.80,1047.36,1030.00,1051.54,1021.12,36.12,36.18,36.32,35.90,36.21,36.28,36.47,35.89
248880,1111.04,1005.86,1003.14,1046.88,1047.04,1029.86,1051.54,1021.10,36.06,36.16,36.27,35.85,36.11,36.23,36.42,35.84
249000,1110.82,1005.84,1002.96,1046.40,1047.00,1029.70,1051.34,1020.82,36.06,36.14,36.27,35.85,36.09,36.21,36.43,35.79
249120,1112.30,1006.34,1003.38,1046.96,1047.74,1030.82,1052.00,1021.54,36.16,36.20,36.34,36.00,36.39,36.38,36.57,36.06
249240,1111.60,1006.34,1003.36,1047.06,1047.70,1030.60,1051.96,1021.62,36.22,36.25,36.41,36.02,36.38,36.45,36.65,36.05
249360,1111.46,1006.32,1003.34,1047.12,1047.52,1030.36,1052.02,1021.60,36.15,36.22,36.36,35.98,36.32,36.39,36.59,35.99
249480,1111.46,1006.16,1003.18,1046.98,1047.58,1030.40,1052.02,1021.46,36.10,36.18,36.31,35.92,36.22,36.31,36.50,35.92
249600,1110.82,1006.20,1003.02,1046.78,1047.14,1029.80,1051.46,1021.04,36.08,36.15,36.28,35.85,36.10,36.25,36.44,35.84
249720,1112.18,1006.36,1003.54,1047.06,1047.84,1030.62,1052.36,1021.82,36.14,36.19,36.33,36.01,36.35,36.40,36.57,36.04
249840,1111.68,1006.28,1003.64,1047.16,1047.68,1030.60,1052.02,1021.64,36.19,36.24,36.38,36.00,36.36,36.42,36.63,36.04
249960,1111.78,1006.18,1003.46,1047.10,1047.82,1030.62,1051.96,1021.46,36.17,36.22,36.37,35.99,36.33,36.40,36.57,35.98
250080,1111.34,1006.20,1003.22,1046.68,1047.44,1030.02,1052.08,1021.34,36.07,36.16,36.28,35.84,36.13,36.23,36.43,35.82
250200,1111.54,1006.12,1003.24,1046.58,1047.24,1029.96,1052.02,1021.38,36.12,36.19,36.31,35.89,36.20,36.29,36.49,35.90
250320,1111.08,1005.98,1003.04,1046.46,1047.28,1029.86,1051.84,1021.24,36.02,36.13,36.23,35.79,36.11,36.18,36.39,35.81
250440,1110.98,1006.14,1003.10,1046.44,1047.24,1029.58,1051.76,1021.20,36.07,36.13,36.26,35.84,36.19,36.24,36.44,35.85
250560,1110.96,1006.02,1002.94,1046.52,1047.22,1029.64,1051.58,1021.20,36.01,36.12,36.23,35.82,36.12,36.19,36.41,35.79
250680,1110.64,1006.02,1002.96,1046.20,1046.98,1029.60,1051.56,1020.98,36.04,36.13,36.23,35.82,36.13,36.22,36.42,35.82
250800,1112.20,1006.16,1003.26,1046.98,1047.64,1030.42,1052.18,1021.64,36.14,36.18,36.32,36.00,36.37,36.38,36.58,36.04
250920,1111.64,1006.28,1003.30,1046.96,1047.50,1030.28,1052.14,1021.46,36.23,36.25,36.39,36.03,36.43,36.40,36.69,36.03
251040,1111.70,1006.46,1003.26,1047.04,1047.68,1030.26,1052.10,1021.60,36.19,36.23,36.36,35.98,36.32,36.39,36.59,35.99
251160,1110.88,1006.14,1003.20,1046.72,1047.26,1029.82,1051.68,1021.36,36.10,36.19,36.31,35.85,36.17,36.24,36.46,35.85
251280,1111.42,1006.54,1003.12,1046.88,1047.42,1030.16,1052.02,1021.60,36.14,36.21,36.34,35.97,36.29,36.35,36.54,35.96
251400,1111.00,1006.06,1003.24,1046.56,1047.22,1029.92,1051.78,1021.42,36.04,36.15,36.25,35.82,36.11,36.20,36.40,35.80
251520,1111.82,1006.44,1003.42,1047.20,1047.90,1030.44,1052.32,1022.12,36.22,36.26,36.39,36.08,36.46,36.49,36.69,36.12
251640,1111.62,1006.34,1003.44,1047.04,1047.70,1030.26,1052.44,1021.86,36.14,36.20,36.34,35.90,36.28,36.32,36.53,35.94
251760,1111.42,1006.40,1003.46,1046.98,1047.66,1030.36,1052.24,1022.04,36.20,36.26,36.42,36.00,36.34,36.43,36.61,36.07
251880,1111.68,1006.30,1003.50,1046.92,1047.70,1030.26,1052.04,1021.76,36.12,36.20,36.31,35.92,36.23,36.30,36.50,35.91
252000,1110.84,1006.14,1003.22,1046.68,1047.14,1029.68,1051.54,1021.36,36.06,36.17,36.29,35.85,36.15,36.23,36.45,35.84
252120,1111.04,1006.24,1003.24,1046.48,1047.22,1029.94,1051.72,1021.34,36.08,36.15,36.27,35.88,36.20,36.25,36.49,35.87
252240,1110.54,1005.98,1002.98,1046.22,1046.70,1029.60,1051.54,1021.20,35.99,36.10,36.21,35.76,36.04,36.14,36.34,35.74
252360,1110.76,1006.16,1003.12,1046.42,1047.14,1029.86,1051.72,1021.58,36.06,36.14,36.26,35.89,36.20,36.26,36.47,35.89
252480,1110.80,1006.14,1003.24,1046.36,1046.92,1029.76,1051.70,1021.48,36.03,36.12,36.25,35.85,36.15,36.23,36.44,35.85
252600,1110.56,1006.08,1003.30,1046.26,1046.74,1029.74,1051.62,1021.44,36.06,36.14,36.28,35.86,36.15,36.28,36.47,35.90
